S40 E52,Round of 16,Bonus,42,"What is the midpoint, in fraction form, between negative four and positive seven on the number line?",3/2,Geometry,Mathematics,Maryville High School (Aaron's team) vs Halls High School,,Maryville High School (Aaron's team),Incorrect,,,,Missed,0,None given,1,,the team said 13/2,
S40 E52,Round of 16,Tossup,43,What famous painting by Gustav Klimt is a symbol of eternal love?,The Kiss,Art,Fine Arts,Maryville High School (Aaron's team) vs Halls High School,John,Maryville High School (Aaron's team),Incorrect,,,,Missed,0,None given,1,,"John said ""The Creation of Venus""; no Halls steal answer captured",
S40 E52,Round of 16,Tossup,44,What was the first and last name of the person after whom America was named?,Amerigo Vespucci,U.S. History,Social Studies,Maryville High School (Aaron's team) vs Halls High School,Benjamin,Halls High School,Correct,,,,Correct,10,Halls High School,1,,,
S40 E52,Round of 16,Bonus,44,Part 1: Who was the command module pilot for the historic Apollo 11 mission in July 1969? | Part 2: Which Apollo 11 astronaut was the first man to set foot on the moon?,Part 1: Michael Collins | Part 2: Neil Armstrong,U.S. History,Social Studies,Maryville High School (Aaron's team) vs Halls High School,,Halls High School,Correct,,,,Correct,20,Halls High School,2,,,
S40 E52,Round of 16,Tossup,45,In what year was the first Harry Potter novel published?,1997,Literature,Language Arts,Maryville High School (Aaron's team) vs Halls High School,John,Maryville High School (Aaron's team),Incorrect,Joe Nicholas,Halls High School,Correct,Correct,10,Halls High School,1,,John said 1991,
S40 E52,Round of 16,Bonus,45,"Part 1: In ""A Visit from Saint Nicholas,"" Saint Nick's cheeks were like what? | Part 2: His mouth was compared to what?",Part 1: Roses | Part 2: A bow,Literature,Language Arts,Maryville High School (Aaron's team) vs Halls High School,,Halls High School,Partial,,,,Partial,10,Halls High School,2,,"the team said ""a cookie"" for Part 2",
S40 E52,Round of 16,Tossup,46,Which moon is the largest in our solar system and orbits the largest planet?,Ganymede,Astronomy,Science & Technology,Maryville High School (Aaron's team) vs Halls High School,John,Maryville High School (Aaron's team),Incorrect,Benjamin,Halls High School,Correct,Correct,10,Halls High School,1,,John buzzed early and said Titan,
S40 E52,Round of 16,Bonus,46,With what missions is NASA promising to land the first woman and first person of color on the moon using innovative technologies to explore more of the lunar surface than ever before?,Artemis,Astronomy,Science & Technology,Maryville High School (Aaron's team) vs Halls High School,,Halls High School,Correct,,,,Correct,20,Halls High School,1,,,
S40 E52,Round of 16,Tossup,47,Who was the famous nonviolent leader of India and the subject of a 1982 film?,Mahatma Gandhi,World History,Social Studies,Maryville High School (Aaron's team) vs Halls High School,Joe Nicholas,Halls High School,Correct,,,,Correct,10,Halls High School,1,,the captions give the answer partly garbled around the host's film remark,
S40 E52,Round of 16,Bonus,47,"Part 1: In 2022, who became the first wartime leader since Churchill to address the U.S. Congress? | Part 2: What gift, signed by frontline soldiers, did he present to Congress?",Part 1: Volodymyr Zelenskyy | Part 2: A Ukrainian battle flag,World History,Social Studies,Maryville High School (Aaron's team) vs Halls High School,,Halls High School,Partial,,,,Partial,10,Halls High School,2,,"the team's Part 2 answer was ""an American flag that was a Ukraine battle flag,"" which the host did not credit",
S40 E52,Round of 16,Tossup,48,"Which Rolling Stones song begins ""I was born in a cross-fire hurricane""?","""Jumpin' Jack Flash""",Music,Fine Arts,Maryville High School (Aaron's team) vs Halls High School,Joe Nicholas,Halls High School,Incorrect,Thomas,Maryville High School (Aaron's team),Incorrect,Missed,0,None given,1,,"Joe Nicholas said ""thunder"" and Thomas said ""lightning""",
S40 E52,Round of 16,Tossup,49,Vasco Nunez de Balboa discovered which body of water?,The Pacific Ocean,Geography,Social Studies,Maryville High School (Aaron's team) vs Halls High School,Joe Nicholas,Halls High School,Correct,,,,Correct,10,Halls High School,1,,,
S40 E52,Round of 16,Bonus,49,"The Robert Frost Stone House Museum, where he wrote ""Stopping by Woods on a Snowy Evening,"" is located in the town of Shaftsbury in what New England state?",Vermont,Geography,Social Studies,Maryville High School (Aaron's team) vs Halls High School,,Halls High School,Incorrect,,,,Missed,0,None given,1,,the team said Connecticut,
S40 E52,Round of 16,Tossup,50,"What is the English translation of the French word ""bonbons""?",Candy (sweets),Foreign Language,Foreign Language,Maryville High School (Aaron's team) vs Halls High School,Aaron,Maryville High School (Aaron's team),Correct,,,,Correct,10,Maryville High School (Aaron's team),1,,"the host accepted ""sweets""",
S40 E52,Round of 16,Bonus,50,"What is the English translation of the French question ""Quand a lieu la fete?""",When is the party?,Foreign Language,Foreign Language,Maryville High School (Aaron's team) vs Halls High School,,Maryville High School (Aaron's team),Incorrect,,,,Missed,0,None given,1,,"the team said ""what time is it""; the game ended after this bonus",
S40 E53,Round of 16,Tossup,1,"What is a platform projecting from the wall of a building, supported by columns or console brackets and enclosed with a balustrade?",A balcony,Architecture,Fine Arts,Maryville High School (Mohammed's team) vs Knoxville Catholic High School,Nate,Knoxville Catholic High School,Correct,,,,Correct,10,Knoxville Catholic High School,1,,,
S40 E53,Round of 16,Bonus,1,"What palace and fortress complex located in Granada, Andalusia, Spain is one of the most famous monuments of Islamic architecture and one of the best preserved palaces in the historic Islamic world?",The Alhambra,Architecture,Fine Arts,Maryville High School (Mohammed's team) vs Knoxville Catholic High School,,Knoxville Catholic High School,Correct,,,,Correct,20,Knoxville Catholic High School,1,,,
S40 E53,Round of 16,Tossup,2,Nebraska has a one house only legislature. What is it called?,Unicameral,Government,Social Studies,Maryville High School (Mohammed's team) vs Knoxville Catholic High School,Patrick,Maryville High School (Mohammed's team),Correct,,,,Correct,10,Maryville High School (Mohammed's team),1,,,
S40 E53,Round of 16,Bonus,2,Part 1: How old must someone be to serve in the United States Senate? | Part 2: How old must someone be to serve as a Supreme Court justice?,Part 1: 30 | Part 2: There is no age requirement,Government,Social Studies,Maryville High School (Mohammed's team) vs Knoxville Catholic High School,,Maryville High School (Mohammed's team),Correct,,,,Correct,20,Maryville High School (Mohammed's team),2,,"the team first said 31 and then 30 for Part 1, and the host accepted 30",
S40 E53,Round of 16,Tossup,3,What war is the setting for The Book Thief?,World War II,Literature,Language Arts,Maryville High School (Mohammed's team) vs Knoxville Catholic High School,Costin,Maryville High School (Mohammed's team),Correct,,,,Correct,10,Maryville High School (Mohammed's team),1,,,
S40 E53,Round of 16,Bonus,3,"Part 1: What series of books includes the characters Fleur, Tonks and Peeves? | Part 2: Who wrote the Ramona Quimby series of children's books?",Part 1: Harry Potter | Part 2: Beverly Cleary,Literature,Language Arts,Maryville High School (Mohammed's team) vs Knoxville Catholic High School,,Maryville High School (Mohammed's team),Incorrect,,,,Missed,0,None given,2,,the team said To Kill a Mockingbird for Part 1 and J.K. Rowling for Part 2,
S40 E53,Round of 16,Tossup,4,The catalytic Haber-Bosch process converts nitrogen and hydrogen into what agriculturally important chemical?,Ammonia,Chemistry,Science & Technology,Maryville High School (Mohammed's team) vs Knoxville Catholic High School,Patrick,Maryville High School (Mohammed's team),Correct,,,,Correct,10,Maryville High School (Mohammed's team),1,,,
S40 E53,Round of 16,Bonus,4,Which element has the symbol Sg and atomic number 106?,Seaborgium,Chemistry,Science & Technology,Maryville High School (Mohammed's team) vs Knoxville Catholic High School,Costin,Maryville High School (Mohammed's team),Correct,,,,Correct,20,Maryville High School (Mohammed's team),1,,Patrick deferred to Costin,
S40 E53,Round of 16,Tossup,5,Solve for a in the equation 40 = 5 - 2a.,a = -17.5,Algebra,Mathematics,Maryville High School (Mohammed's team) vs Knoxville Catholic High School,Patrick,Maryville High School (Mohammed's team),Incorrect,,Knoxville Catholic High School,Incorrect,Missed,0,None given,1,,Patrick's answer is garbled in the captions; Catholic looked at each other on the steal and the host reminded them not to,
S40 E53,Round of 16,Tossup,6,What racket sport is played by hitting a shuttlecock across a net?,Badminton,Sports,General & Visual,Maryville High School (Mohammed's team) vs Knoxville Catholic High School,Costin,Maryville High School (Mohammed's team),Correct,,,,Correct,10,Maryville High School (Mohammed's team),1,,"the captions spell the answer ""Badmitten""",
S40 E53,Round of 16,Bonus,6,"What men's basketball team was the last to have an undefeated season and win the NCAA national championship, with a 32-0 record?",The 1976 Indiana Hoosiers,Sports,General & Visual,Maryville High School (Mohammed's team) vs Knoxville Catholic High School,,Maryville High School (Mohammed's team),Incorrect,,,,Missed,0,None given,1,,the team guessed Duke,
S40 E53,Round of 16,Tossup,7,Who was the Aztec leader who grew the empire to its greatest size and was killed during the initial stages of the Spanish conquest?,Montezuma,History,Social Studies,Maryville High School (Mohammed's team) vs Knoxville Catholic High School,Alex,Maryville High School (Mohammed's team),Correct,,,,Correct,10,Maryville High School (Mohammed's team),1,,,
S40 E53,Round of 16,Bonus,7,"The Luxor Temple shown here was built in approximately 1400 BC in what ancient Egyptian city, the capital of Upper Egypt during the New Kingdom?",Thebes,Visual,General & Visual,Maryville High School (Mohammed's team) vs Knoxville Catholic High School,,Maryville High School (Mohammed's team),Incorrect,,,,Missed,0,None given,1,,the team said Memphis,
S40 E53,Round of 16,Tossup,8,What six letter word beginning with J characterizes someone with good humored cheerfulness and conviviality?,Jovial,Vocabulary,Language Arts,Maryville High School (Mohammed's team) vs Knoxville Catholic High School,Costin,Maryville High School (Mohammed's team),Correct,,,,Correct,10,Maryville High School (Mohammed's team),1,,,
S40 E53,Round of 16,Bonus,8,Part 1: What 11 letter word beginning with A means the act of gaining a skill or gaining possession of something? | Part 2: Spell that word.,Part 1: Acquisition | Part 2: A-C-Q-U-I-S-I-T-I-O-N,Vocabulary,Language Arts,Maryville High School (Mohammed's team) vs Knoxville Catholic High School,,Maryville High School (Mohammed's team),Incorrect,,,,Missed,0,None given,2,,"the team said ""acquire/acquiring"" for Part 1; Costin misspelled it A-C-Q-U-A-S-I-T-I-O-N",
S40 E53,Round of 16,Tossup,9,"Blackboard chalk and many brands of chewable antacid contain calcium carbonate, which is mined from what rock?",Limestone,Geology,Science & Technology,Maryville High School (Mohammed's team) vs Knoxville Catholic High School,Costin,Maryville High School (Mohammed's team),Correct,,,,Correct,10,Maryville High School (Mohammed's team),1,,Costin buzzed early,
S40 E53,Round of 16,Bonus,9,"The exterior of the East and West Buildings of the National Gallery of Art in Washington, D.C. is clad in what distinctive material, known by three words that identify our state, its color and the common term for the crystalline limestone in our area?",Tennessee pink marble,Geology,Science & Technology,Maryville High School (Mohammed's team) vs Knoxville Catholic High School,,Maryville High School (Mohammed's team),Correct,,,,Correct,20,Maryville High School (Mohammed's team),1,,,
S40 E53,Round of 16,Tossup,10,What is the term for a person who studies birds?,An ornithologist,Biology,Science & Technology,Maryville High School (Mohammed's team) vs Knoxville Catholic High School,Mohammed,Maryville High School (Mohammed's team),Correct,,,,Correct,10,Maryville High School (Mohammed's team),1,,,
S40 E53,Round of 16,Bonus,10,"In 2023, the remains of the Russian leader of the Wagner mercenary fighters, killed in a plane crash, were identified through what kind of testing?",DNA testing,Biology,Science & Technology,Maryville High School (Mohammed's team) vs Knoxville Catholic High School,,Maryville High School (Mohammed's team),Correct,,,,Correct,20,Maryville High School (Mohammed's team),1,,,
S40 E53,Round of 16,Tossup,11,"Who was the Italian composer of some of the world's most frequently performed operas about women (La Boheme, Tosca, Madama Butterfly, Turandot)?",Giacomo Puccini,Music,Fine Arts,Maryville High School (Mohammed's team) vs Knoxville Catholic High School,James,Knoxville Catholic High School,Incorrect,Mohammed,Maryville High School (Mohammed's team),Incorrect,Missed,0,None given,1,,James said Vivaldi and Mohammed said Verdi,
S40 E53,Round of 16,Tossup,12,In which state does the Rio Grande River begin?,Colorado,Geography,Social Studies,Maryville High School (Mohammed's team) vs Knoxville Catholic High School,Nate,Knoxville Catholic High School,Incorrect,Costin,Maryville High School (Mohammed's team),Correct,Correct,10,Maryville High School (Mohammed's team),1,,Nate said Texas,
S40 E53,Round of 16,Bonus,12,Name four of the five U.S. states that border the Gulf of Mexico.,"Any four of: Texas, Louisiana, Mississippi, Alabama, Florida",Geography,Social Studies,Maryville High School (Mohammed's team) vs Knoxville Catholic High School,,Maryville High School (Mohammed's team),Correct,,,,Correct,20,Maryville High School (Mohammed's team),1,,"the team named Florida, Louisiana, Texas and Alabama",
S40 E53,Round of 16,Tossup,13,What is the Spanish word for January?,Enero,Foreign Language,Foreign Language,Maryville High School (Mohammed's team) vs Knoxville Catholic High School,Mohammed,Maryville High School (Mohammed's team),Correct,,,,Correct,10,Maryville High School (Mohammed's team),1,,"the captions render the answer as ""An error""",
S40 E53,Round of 16,Bonus,13,"What is the English translation of the Spanish phrase ""el partido de futbol""?",The football (soccer) game,Foreign Language,Foreign Language,Maryville High School (Mohammed's team) vs Knoxville Catholic High School,,Maryville High School (Mohammed's team),Correct,,,,Correct,20,Maryville High School (Mohammed's team),1,,,
S40 E53,Round of 16,Tossup,14,Where is the frontalis muscle on the human body?,The forehead,Health,Science & Technology,Maryville High School (Mohammed's team) vs Knoxville Catholic High School,Costin,Maryville High School (Mohammed's team),Correct,,,,Correct,10,Maryville High School (Mohammed's team),1,,,
S40 E53,Round of 16,Bonus,14,"Part 1: Which lobe of the brain controls thought, problem solving, intellect and abstract thinking? | Part 2: Which lobe of the brain controls vision?",Part 1: The frontal lobe | Part 2: The occipital lobe,Health,Science & Technology,Maryville High School (Mohammed's team) vs Knoxville Catholic High School,,Maryville High School (Mohammed's team),Correct,,,,Correct,20,Maryville High School (Mohammed's team),2,,Mohammed deferred to Costin for Part 1,
S40 E53,Round of 16,Tossup,15,How many diagonals are in a convex octagon?,20,Geometry,Mathematics,Maryville High School (Mohammed's team) vs Knoxville Catholic High School,Nate,Knoxville Catholic High School,Incorrect,Mohammed,Maryville High School (Mohammed's team),Incorrect,Missed,0,None given,1,,Nate said 6 and Mohammed said 9,
S40 E53,Round of 16,Tossup,16,What is a printmaking process in which lines are cut into a metal plate made of copper or zinc in order to hold the ink?,Engraving,Art,Fine Arts,Maryville High School (Mohammed's team) vs Knoxville Catholic High School,Costin,Maryville High School (Mohammed's team),Incorrect,James,Knoxville Catholic High School,Correct,Correct,10,Knoxville Catholic High School,1,,"Costin said ""inkwell""",
S40 E53,Round of 16,Bonus,16,"Which famous Dutch painting shown here, created by Vilhelm Hammershoi, depicts an interior scene with a solitary, contemplative woman seen from behind?",Interior with a Woman at a Piano,Visual,General & Visual,Maryville High School (Mohammed's team) vs Knoxville Catholic High School,,Knoxville Catholic High School,Incorrect,,,,Missed,0,None given,1,,"the team said ""Woman at Piano,"" which the host said was only part of the title",
S40 E53,Round of 16,Tossup,17,Thomas Jonathan Jackson was given what nickname at the First Battle of Bull Run?,Stonewall,U.S. History,Social Studies,Maryville High School (Mohammed's team) vs Knoxville Catholic High School,Mohammed,Maryville High School (Mohammed's team),Correct,,,,Correct,10,Maryville High School (Mohammed's team),1,,,
S40 E53,Round of 16,Bonus,17,"Part 1: In 1901, the youngest U.S. president was sworn in when his predecessor died from an anarchist's bullet. Who was he? | Part 2: Who was his assassinated predecessor?",Part 1: Theodore Roosevelt | Part 2: William McKinley,U.S. History,Social Studies,Maryville High School (Mohammed's team) vs Knoxville Catholic High School,,Maryville High School (Mohammed's team),Correct,,,,Correct,20,Maryville High School (Mohammed's team),2,,,
S40 E53,Round of 16,Tossup,18,"What five letter word beginning with G is a synonym for ""emaciated""?",Gaunt,English,Language Arts,Maryville High School (Mohammed's team) vs Knoxville Catholic High School,Costin,Maryville High School (Mohammed's team),Correct,,,,Correct,10,Maryville High School (Mohammed's team),1,,,
S40 E53,Round of 16,Bonus,18,"Part 1: What is the past simple of the verb ""freeze""? | Part 2: What is the past participle of the verb ""freeze""?",Part 1: Froze | Part 2: Frozen,English,Language Arts,Maryville High School (Mohammed's team) vs Knoxville Catholic High School,,Maryville High School (Mohammed's team),Correct,,,,Correct,20,Maryville High School (Mohammed's team),2,,,
S40 E53,Round of 16,Tossup,19,What is conchology?,The study of shells,Science,Science & Technology,Maryville High School (Mohammed's team) vs Knoxville Catholic High School,Mohammed,Maryville High School (Mohammed's team),Correct,,,,Correct,10,Maryville High School (Mohammed's team),1,,"the captions render the question as ""What is oncology?"" but the answer given and accepted was ""the study of shells""",
S40 E53,Round of 16,Bonus,19,"What is the mnemonic acronym that represents the six most important chemical elements whose covalent combinations make up most of the biological molecules on Earth, and what letters does it spell?",CHNOPS,Science,Science & Technology,Maryville High School (Mohammed's team) vs Knoxville Catholic High School,,Maryville High School (Mohammed's team),Correct,,,,Correct,20,Maryville High School (Mohammed's team),1,,"the team said ""chomps"" and spelled it C-H-N-O-P-S",
S40 E53,Round of 16,Tossup,20,What is the currency of Brazil?,The real,Economics,Social Studies,Maryville High School (Mohammed's team) vs Knoxville Catholic High School,Costin,Maryville High School (Mohammed's team),Correct,,,,Correct,10,Maryville High School (Mohammed's team),1,,,
S40 E53,Round of 16,Bonus,20,"In 2023, some senators proposed raising the federal minimum wage to $11 per hour. From what current hourly wage?",$7.25,Economics,Social Studies,Maryville High School (Mohammed's team) vs Knoxville Catholic High School,,Maryville High School (Mohammed's team),Correct,,,,Correct,20,Maryville High School (Mohammed's team),1,Yes,"the team went through several numbers before settling on $7.25 and the host's verdict is not in the captions (""is it ...""); scored as correct, which fits the halftime picture (captions lines 5451-5456)","Yes, and an economics bonus. / Now, in 2023, some senators proposed raising the federal minimum wage to $11 per hour. / From what, current hourly wage if it wasn't for 725 678, 25 7777 25 725 yeah. / Per hour. / Is it a toss up now in religion? / According to the teachings of which church Adam and Eve lived in."
S40 E53,Round of 16,Tossup,21,"According to the teachings of which church did Adam and Eve live in Adam-ondi-Ahman, a site in Daviess County, Missouri, after being driven from Eden?",The Church of Jesus Christ of Latter-day Saints,Religion,Religion & Mythology,Maryville High School (Mohammed's team) vs Knoxville Catholic High School,James,Knoxville Catholic High School,Correct,,,,Correct,10,Knoxville Catholic High School,1,,,
S40 E53,Round of 16,Bonus,21,Hagiography is the writing and critical study of the lives of people known as what?,Saints,Religion,Religion & Mythology,Maryville High School (Mohammed's team) vs Knoxville Catholic High School,,Knoxville Catholic High School,Incorrect,,,,Missed,0,None given,1,,the team said monks,
S40 E53,Round of 16,Tossup,22,Which congressional officer is third in the presidential line of succession?,The president pro tempore of the Senate,Government,Social Studies,Maryville High School (Mohammed's team) vs Knoxville Catholic High School,Costin,Maryville High School (Mohammed's team),Incorrect,James,Knoxville Catholic High School,Correct,Correct,10,Knoxville Catholic High School,1,,Costin buzzed early and said the Speaker of the House,
S40 E53,Round of 16,Bonus,22,Name four of the states that allowed women to vote before 1900.,"Any four of: Wyoming, Utah, Colorado, Idaho",Government,Social Studies,Maryville High School (Mohammed's team) vs Knoxville Catholic High School,,Knoxville Catholic High School,Partial,,,,Partial,10,Knoxville Catholic High School,1,,"the team named Wyoming, Idaho and the Dakotas; Wyoming and Idaho counted for 10 points",
S40 E53,Round of 16,Tossup,23,Who is the main antagonist in Treasure Island?,Long John Silver,Literature,Language Arts,Maryville High School (Mohammed's team) vs Knoxville Catholic High School,Costin,Maryville High School (Mohammed's team),Incorrect,,,,Missed,0,None given,1,,Costin's answer is garbled in the captions; nobody answered the steal and the first half ended,
S40 E53,Round of 16,Tossup,24,"What isotope of hydrogen, with one proton and one neutron, appears in heavy water?",Deuterium,Chemistry,Science & Technology,Maryville High School (Mohammed's team) vs Knoxville Catholic High School,Mohammed,Maryville High School (Mohammed's team),Incorrect,Nate,Knoxville Catholic High School,Incorrect,Missed,0,None given,1,,"Mohammed said ""protium"" and Nate said ""H-2""",
S40 E53,Round of 16,Tossup,25,Name two of the x-intercepts of the graph y = x cubed - 9x.,"Any two of: 0, 3, -3",Pre-Calculus,Mathematics,Maryville High School (Mohammed's team) vs Knoxville Catholic High School,Patrick,Maryville High School (Mohammed's team),Incorrect,James,Knoxville Catholic High School,Correct,Correct,10,Knoxville Catholic High School,1,,Patrick said nine and zero,
S40 E53,Round of 16,Bonus,25,"A right triangle has sides of 9, 12 and 15 meters. What is the cosine ratio, as a fraction, for the smallest angle?",12/15 (4/5),Pre-Calculus,Mathematics,Maryville High School (Mohammed's team) vs Knoxville Catholic High School,,Knoxville Catholic High School,Correct,,,,Correct,20,Knoxville Catholic High School,1,,,
S40 E53,Round of 16,Tossup,26,A blue liquid called Barbicide is normally found in what type of establishment?,A barbershop (or hair salon),Miscellaneous,General & Visual,Maryville High School (Mohammed's team) vs Knoxville Catholic High School,Nate,Knoxville Catholic High School,Correct,,,,Correct,10,Knoxville Catholic High School,1,,,
S40 E53,Round of 16,Bonus,26,"Part 1: Who was the legendary gambler who died holding aces and eights, which became known as the dead man's hand? | Part 2: In what Old West town was he shot and killed?","Part 1: Wild Bill Hickok | Part 2: Deadwood, South Dakota",Miscellaneous,General & Visual,Maryville High School (Mohammed's team) vs Knoxville Catholic High School,,Knoxville Catholic High School,Incorrect,,,,Missed,0,None given,2,,the team said Kenny Rogers for Part 1 and Tombstone for Part 2,
S40 E53,Round of 16,Tossup,27,How many states border Missouri?,Eight,Geography,Social Studies,Maryville High School (Mohammed's team) vs Knoxville Catholic High School,James,Knoxville Catholic High School,Incorrect,Costin,Maryville High School (Mohammed's team),Incorrect,Missed,0,None given,1,,James said nine and Costin said seven,
S40 E53,Round of 16,Tossup,28,"Espresso is made by forcing very hot water through finely ground coffee. Spell ""espresso.""",E-S-P-R-E-S-S-O,Spelling,Language Arts,Maryville High School (Mohammed's team) vs Knoxville Catholic High School,Nate,Knoxville Catholic High School,Correct,,,,Correct,10,Knoxville Catholic High School,1,,,
S40 E53,Round of 16,Bonus,28,"A cappuccino is a classic espresso drink. Spell ""cappuccino.""",C-A-P-P-U-C-C-I-N-O,Spelling,Language Arts,Maryville High School (Mohammed's team) vs Knoxville Catholic High School,,Knoxville Catholic High School,Correct,,,,Correct,20,Knoxville Catholic High School,1,,,
S40 E53,Round of 16,Tossup,29,What is the freezing point of water on the Fahrenheit scale?,32 degrees,Science,Science & Technology,Maryville High School (Mohammed's team) vs Knoxville Catholic High School,Costin,Maryville High School (Mohammed's team),Correct,,,,Correct,10,Maryville High School (Mohammed's team),1,,,
S40 E53,Round of 16,Bonus,29,What principle states that it is impossible to simultaneously know a particle's exact position and momentum with absolute certainty?,The Heisenberg uncertainty principle,Visual,General & Visual,Maryville High School (Mohammed's team) vs Knoxville Catholic High School,,Maryville High School (Mohammed's team),Correct,,,,Correct,20,Maryville High School (Mohammed's team),1,,,
S40 E53,Round of 16,Tossup,30,"Vesak is the day when Southeast Asian countries commemorate the birth, enlightenment and death of which figure?",The Buddha,Religion,Religion & Mythology,Maryville High School (Mohammed's team) vs Knoxville Catholic High School,Mohammed,Maryville High School (Mohammed's team),Correct,,,,Correct,10,Maryville High School (Mohammed's team),1,,,
S40 E53,Round of 16,Bonus,30,"In 2023, France banned pupils in state run schools from wearing abayas, loose fitting full length robes worn by some women of what religion?",Islam,Religion,Religion & Mythology,Maryville High School (Mohammed's team) vs Knoxville Catholic High School,,Maryville High School (Mohammed's team),Correct,,,,Correct,20,Maryville High School (Mohammed's team),1,,"the team said ""Muslim,"" which the host accepted as Islam",
S40 E53,Round of 16,Tossup,31,The name of which Swedish pop supergroup is an acronym of the first letters of their names?,ABBA,Music,Fine Arts,Maryville High School (Mohammed's team) vs Knoxville Catholic High School,Mohammed,Maryville High School (Mohammed's team),Correct,,,,Correct,10,Maryville High School (Mohammed's team),1,,,
S40 E53,Round of 16,Bonus,31,"In 1979, ABBA donated 50% of the royalties from their hit song ""Chiquitita"" to what agency of the United Nations in recognition of the International Year of the Child?",UNICEF,Music,Fine Arts,Maryville High School (Mohammed's team) vs Knoxville Catholic High School,,Maryville High School (Mohammed's team),Correct,,,,Correct,20,Maryville High School (Mohammed's team),1,,,
S40 E53,Round of 16,Tossup,32,Who was the English Quaker leader who oversaw the founding of Pennsylvania?,William Penn,U.S. History,Social Studies,Maryville High School (Mohammed's team) vs Knoxville Catholic High School,James,Knoxville Catholic High School,Correct,,,,Correct,10,Knoxville Catholic High School,1,,,
S40 E53,Round of 16,Bonus,32,"Part 1: In 1902, who became the first woman pictured on a U.S. postage stamp? | Part 2: What was the cost of that stamp?",Part 1: Martha Washington | Part 2: 8 cents,U.S. History,Social Studies,Maryville High School (Mohammed's team) vs Knoxville Catholic High School,,Knoxville Catholic High School,Incorrect,,,,Missed,0,None given,2,,the team said Susan B. Anthony and 2 cents,
S40 E53,Round of 16,Tossup,33,Which mythological Greek god was a messenger who wore winged sandals?,Hermes,Mythology,Religion & Mythology,Maryville High School (Mohammed's team) vs Knoxville Catholic High School,Costin,Maryville High School (Mohammed's team),Correct,,,,Correct,10,Maryville High School (Mohammed's team),1,,,
S40 E53,Round of 16,Bonus,33,What tire company's logo includes the winged foot of Hermes or Mercury in the middle of the company's name?,Goodyear,Mythology,Religion & Mythology,Maryville High School (Mohammed's team) vs Knoxville Catholic High School,,Maryville High School (Mohammed's team),Correct,,,,Correct,20,Maryville High School (Mohammed's team),1,,,
S40 E53,Round of 16,Tossup,34,The planet Mars was named after the mythological Roman god of what?,War,Astronomy,Science & Technology,Maryville High School (Mohammed's team) vs Knoxville Catholic High School,Patrick,Maryville High School (Mohammed's team),Correct,,,,Correct,10,Maryville High School (Mohammed's team),1,,,
S40 E53,Round of 16,Bonus,34,Which planets in our solar system are called the gas giants because they are mostly composed of hydrogen and helium?,"Jupiter and Saturn (any two of Jupiter, Saturn, Uranus, Neptune)",Astronomy,Science & Technology,Maryville High School (Mohammed's team) vs Knoxville Catholic High School,,Maryville High School (Mohammed's team),Correct,,,,Correct,20,Maryville High School (Mohammed's team),1,,the team listed several planets and the host took the first two as correct,
S40 E53,Round of 16,Tossup,35,Evaluate x squared plus 3xy if x = -4 and y = -3.,52,Math,Mathematics,Maryville High School (Mohammed's team) vs Knoxville Catholic High School,Costin,Maryville High School (Mohammed's team),Incorrect,Nate,Knoxville Catholic High School,Incorrect,Missed,0,None given,1,,Costin said -20 and Nate said 48,
S40 E53,Round of 16,Tossup,36,What actor is the voice of Lightning McQueen in the animated feature Cars?,Owen Wilson,Art,Fine Arts,Maryville High School (Mohammed's team) vs Knoxville Catholic High School,Mohammed,Maryville High School (Mohammed's team),Correct,,,,Correct,10,Maryville High School (Mohammed's team),1,,,
S40 E53,Round of 16,Bonus,36,Name two of the five Marx Brothers.,"Any two of: Chico, Harpo, Groucho, Gummo, Zeppo",Art,Fine Arts,Maryville High School (Mohammed's team) vs Knoxville Catholic High School,,Maryville High School (Mohammed's team),Incorrect,,,,Missed,0,None given,1,,"the team said ""John Marx"" and variants (a mention of Gummo was not accepted)",
S40 E53,Round of 16,Tossup,37,What is Kazakhstan's biggest export?,Gold,Economics,Social Studies,Maryville High School (Mohammed's team) vs Knoxville Catholic High School,James,Knoxville Catholic High School,Incorrect,Mohammed,Maryville High School (Mohammed's team),Incorrect,Missed,0,None given,1,,James said oil and Mohammed said wool,
S40 E53,Round of 16,Tossup,38,"What is the Spanish word for ""book""?",Libro,Foreign Language,Foreign Language,Maryville High School (Mohammed's team) vs Knoxville Catholic High School,Mohammed,Maryville High School (Mohammed's team),Correct,,,,Correct,10,Maryville High School (Mohammed's team),1,,,
S40 E53,Round of 16,Bonus,38,"What is the national language of Tanzania, Kenya, Uganda and the Democratic Republic of the Congo?",Swahili,Foreign Language,Foreign Language,Maryville High School (Mohammed's team) vs Knoxville Catholic High School,,Maryville High School (Mohammed's team),Correct,,,,Correct,20,Maryville High School (Mohammed's team),1,,,
S40 E53,Round of 16,Tossup,39,What is the location of the innominate bone in humans?,The pelvis,Health,Science & Technology,Maryville High School (Mohammed's team) vs Knoxville Catholic High School,Costin,Maryville High School (Mohammed's team),Incorrect,Thomas,Knoxville Catholic High School,Incorrect,Missed,0,None given,1,,"Costin said ""the nose""; Thomas's steal answer is not captured",
S40 E53,Round of 16,Tossup,40,"The ports of Kanazawa, Akita and Vladivostok are all on what body of water?",The Sea of Japan,Geography,Social Studies,Maryville High School (Mohammed's team) vs Knoxville Catholic High School,Patrick,Maryville High School (Mohammed's team),Incorrect,James,Knoxville Catholic High School,Incorrect,Missed,0,None given,1,,Patrick buzzed early and his answer is not captured; James said the Bering Strait,
S40 E53,Round of 16,Tossup,41,What popular playground game has players toss a small object called a lagger into numbered triangles or rectangles outlined on the ground and then jump through the spaces to retrieve it?,Hopscotch,Games,General & Visual,Maryville High School (Mohammed's team) vs Knoxville Catholic High School,Costin,Maryville High School (Mohammed's team),Incorrect,Thomas,Knoxville Catholic High School,Correct,Correct,10,Knoxville Catholic High School,1,,"Costin buzzed early and said ""Frisbee golf""",
S40 E53,Round of 16,Bonus,41,Part 1: What dice game made by Milton Bradley has the objective of scoring points by rolling five dice up to three times per turn to make certain combinations? | Part 2: What is the highest Yahtzee score attainable under standard rules?,"Part 1: Yahtzee | Part 2: 1,575 points",Games,General & Visual,Maryville High School (Mohammed's team) vs Knoxville Catholic High School,,Knoxville Catholic High School,Partial,,,,Partial,10,Knoxville Catholic High School,2,,the team's Part 2 answer is not captured,
S40 E53,Round of 16,Tossup,42,"Point B is between points A and C. If AB = 14 and AC = 33, what is the length of BC?",19,Geometry,Mathematics,Maryville High School (Mohammed's team) vs Knoxville Catholic High School,Patrick,Maryville High School (Mohammed's team),Correct,,,,Correct,10,Maryville High School (Mohammed's team),1,,,
S40 E53,Round of 16,Bonus,42,"Two chords intersect inside a circle. One chord is divided into four and six units. Name two possible integer combinations that the second chord could be divided into, other than four and six.","Any two of: 3 and 8, 2 and 12, 1 and 24",Visual,General & Visual,Maryville High School (Mohammed's team) vs Knoxville Catholic High School,,Maryville High School (Mohammed's team),Correct,,,,Correct,20,Maryville High School (Mohammed's team),1,,,
S40 E53,Round of 16,Tossup,43,"What state was organized between 1784 and 1788, with a constitution and governor, but was never allowed to become a state?",The State of Franklin,U.S. History,Social Studies,Maryville High School (Mohammed's team) vs Knoxville Catholic High School,Costin,Maryville High School (Mohammed's team),Correct,,,,Correct,10,Maryville High School (Mohammed's team),1,,,
S40 E53,Round of 16,Bonus,43,Which two presidents received their law degrees from Harvard?,Barack Obama and Rutherford B. Hayes,U.S. History,Social Studies,Maryville High School (Mohammed's team) vs Knoxville Catholic High School,,Maryville High School (Mohammed's team),Partial,,,,Partial,10,Maryville High School (Mohammed's team),1,,the team said Obama and Theodore Roosevelt; Obama counted for 10 points,
S40 E53,Round of 16,Tossup,44,In what fictional work is Newspeak the official language?,1984,Literature,Language Arts,Maryville High School (Mohammed's team) vs Knoxville Catholic High School,Mohammed,Maryville High School (Mohammed's team),Correct,,,,Correct,10,Maryville High School (Mohammed's team),1,,,
S40 E53,Round of 16,Bonus,44,Part 1: An unattractive child who grows up to become a successful and very handsome person is reminiscent of what Danish fairy tale? | Part 2: What Danish author wrote it?,Part 1: The Ugly Duckling | Part 2: Hans Christian Andersen,Literature,Language Arts,Maryville High School (Mohammed's team) vs Knoxville Catholic High School,,Maryville High School (Mohammed's team),Correct,,,,Correct,20,Maryville High School (Mohammed's team),2,,,
S40 E53,Round of 16,Tossup,45,In which layer of the atmosphere is the ozone layer?,The stratosphere,Science,Science & Technology,Maryville High School (Mohammed's team) vs Knoxville Catholic High School,Costin,Maryville High School (Mohammed's team),Correct,,,,Correct,10,Maryville High School (Mohammed's team),1,,,
S40 E53,Round of 16,Bonus,45,What is the representation of the maximum quantity of water held in the soil against the force of gravity?,Field capacity,Science,Science & Technology,Maryville High School (Mohammed's team) vs Knoxville Catholic High School,,Maryville High School (Mohammed's team),Incorrect,,,,Missed,0,None given,1,,"the team said ""soil retention""",
S40 E53,Round of 16,Tossup,46,What eight letter word beginning with L refers to the text of an opera or vocal work?,Libretto,Music,Fine Arts,Maryville High School (Mohammed's team) vs Knoxville Catholic High School,James,Knoxville Catholic High School,Correct,,,,Correct,10,Knoxville Catholic High School,1,,,
S40 E53,Round of 16,Bonus,46,"What is the major key, for an instrument like a piano, when the key signature has five sharps?",B major,Music,Fine Arts,Maryville High School (Mohammed's team) vs Knoxville Catholic High School,Thomas,Knoxville Catholic High School,Correct,,,,Correct,20,Knoxville Catholic High School,1,,James deferred to Thomas,
S40 E53,Round of 16,Tossup,47,Who was president of the U.S. when Apollo 11 landed on the moon?,Richard Nixon,History,Social Studies,Maryville High School (Mohammed's team) vs Knoxville Catholic High School,James,Knoxville Catholic High School,Correct,,,,Correct,10,Knoxville Catholic High School,1,,,
S40 E53,Round of 16,Bonus,47,A felt cocked hat auctioned in 2021 once belonged to what man who died at age 51 in exile on the island of Saint Helena?,Napoleon Bonaparte,History,Social Studies,Maryville High School (Mohammed's team) vs Knoxville Catholic High School,,Knoxville Catholic High School,Correct,,,,Correct,20,Knoxville Catholic High School,1,,,
S40 E53,Round of 16,Tossup,48,"What eight letter word beginning with R is a synonym for ""germane""?",Relevant,Vocabulary,Language Arts,Maryville High School (Mohammed's team) vs Knoxville Catholic High School,Mohammed,Maryville High School (Mohammed's team),Incorrect,James,Knoxville Catholic High School,Correct,Correct,10,Knoxville Catholic High School,1,,"Mohammed said ""rudimentary""",
S40 E53,Round of 16,Bonus,48,"Part 1: What is a hemmed square of thin fabric that can be carried in a pocket or handbag for personal hygiene purposes, such as wiping one's face or hands? | Part 2: Spell that word.",Part 1: Handkerchief | Part 2: H-A-N-D-K-E-R-C-H-I-E-F (not asked),Vocabulary,Language Arts,Maryville High School (Mohammed's team) vs Knoxville Catholic High School,,Knoxville Catholic High School,Partial,,,,Partial,10,Knoxville Catholic High School,2,,the game ended before the spelling could be asked,
S40 E54,Round of 16,Tossup,1,"Express the number 30,000 in scientific notation.",3 x 10^4,Science,Science & Technology,Science Hill High School (Owen's team) vs Roane County High School,Lucas,Roane County High School,Correct,,,,Correct,10,Roane County High School,1,,,
S40 E54,Round of 16,Bonus,1,"Part 1: At Mount Kilauea, when sulfur dioxide gas dissolves in groundwater, it can be re-emitted as hydrogen sulfide gas, producing a rotten egg scent. What is the formula for sulfur dioxide? | Part 2: What is the formula for hydrogen sulfide?",Part 1: SO2 | Part 2: H2S,Science,Science & Technology,Science Hill High School (Owen's team) vs Roane County High School,,Roane County High School,Partial,,,,Partial,10,Roane County High School,2,,"the team said ""H2S2"" for Part 2",
S40 E54,Round of 16,Tossup,2,"If 6x = -18, find the value of 2x + 4.",-2,Algebra,Mathematics,Science Hill High School (Owen's team) vs Roane County High School,Lucas,Roane County High School,Incorrect,Shiven,Science Hill High School (Owen's team),Correct,Correct,10,Science Hill High School (Owen's team),1,,Lucas buzzed early and said -6; the host finished reading the question for the steal,
S40 E54,Round of 16,Bonus,2,"What is the x-intercept of the line with the equation 3x - 5y = -21, in coordinate form?","(-7, 0)",Algebra,Mathematics,Science Hill High School (Owen's team) vs Roane County High School,,Science Hill High School (Owen's team),Correct,,,,Correct,20,Science Hill High School (Owen's team),1,,,
S40 E54,Round of 16,Tossup,3,Who was the first woman inducted into the Rock and Roll Hall of Fame?,Aretha Franklin,Music,Fine Arts,Science Hill High School (Owen's team) vs Roane County High School,,,No Buzz,,,,Missed,0,None given,1,,nobody buzzed; the host gave the answer,
S40 E54,Round of 16,Tossup,4,"In September 2023, vandals cut down one of the most photographed trees in the UK, the Sycamore Gap tree, which stood alongside what barrier built to defend Britannia in the second century AD?",Hadrian's Wall,Geography,Social Studies,Science Hill High School (Owen's team) vs Roane County High School,Owen,Science Hill High School (Owen's team),Incorrect,,,,Missed,0,None given,1,,"Owen said ""Hayden's Wall""; no Roane County steal answer captured",
S40 E54,Round of 16,Tossup,5,What is the Spanish word for the number nine?,Nueve,Foreign Language,Foreign Language,Science Hill High School (Owen's team) vs Roane County High School,Shiven,Science Hill High School (Owen's team),Correct,,,,Correct,10,Science Hill High School (Owen's team),1,,,
S40 E54,Round of 16,Bonus,5,"Although it is entirely in one country, a common misconception about Hadrian's Wall, depicted here, is that it divides which two UK countries?",Scotland and England,Visual,General & Visual,Science Hill High School (Owen's team) vs Roane County High School,,Science Hill High School (Owen's team),Correct,,,,Correct,20,Science Hill High School (Owen's team),1,,,
S40 E54,Round of 16,Tossup,6,A honeybee getting nectar or pollen from a flower is an example of which type of association?,Mutualism,Biology,Science & Technology,Science Hill High School (Owen's team) vs Roane County High School,Owen,Science Hill High School (Owen's team),Incorrect,Lucas,Roane County High School,Incorrect,Missed,0,None given,1,,"Owen buzzed early and said ""pollinator""; Lucas said symbiotic",
S40 E54,Round of 16,Tossup,7,"Which of the Gospels tells the lineage of Jesus Christ, beginning with Abraham and naming 41 generations?",Matthew,Religion,Religion & Mythology,Science Hill High School (Owen's team) vs Roane County High School,Amanda,Science Hill High School (Owen's team),Correct,,,,Correct,10,Science Hill High School (Owen's team),1,,,
S40 E54,Round of 16,Bonus,7,"2 million Muslim pilgrims made the annual Hajj pilgrimage in 2023. After making their way out of Mecca, they traveled to what mount, where Muhammad delivered his final sermon?",Mount Arafat,Religion,Religion & Mythology,Science Hill High School (Owen's team) vs Roane County High School,,Science Hill High School (Owen's team),Incorrect,,,,Missed,0,None given,1,,the team said Mount Sinai,
S40 E54,Round of 16,Tossup,8,"Which Canadian-born hockey player, nicknamed ""the Great One,"" played on four Stanley Cup winning teams?",Wayne Gretzky,Sports,General & Visual,Science Hill High School (Owen's team) vs Roane County High School,Maddox,Roane County High School,Correct,,,,Correct,10,Roane County High School,1,,,
S40 E54,Round of 16,Bonus,8,"What is the name of the infraction called when a player shoots the puck over the red line and the opposing team's goal line, in that order, and the puck remains untouched without scoring a goal?",Icing,Sports,General & Visual,Science Hill High School (Owen's team) vs Roane County High School,,Roane County High School,Correct,,,,Correct,20,Roane County High School,1,,,
S40 E54,Round of 16,Tossup,9,"In 1957, with 300 U.S. Army troops standing guard, nine African-American children were escorted to Central High School in what Arkansas city?",Little Rock,U.S. History,Social Studies,Science Hill High School (Owen's team) vs Roane County High School,Shiven,Science Hill High School (Owen's team),Correct,,,,Correct,10,Science Hill High School (Owen's team),1,,,
S40 E54,Round of 16,Bonus,9,Part 1: Who was the youngest man to take the oath of office as president of the United States? | Part 2: Who was the oldest man to take the oath of office as president?,Part 1: Theodore Roosevelt | Part 2: Joe Biden,U.S. History,Social Studies,Science Hill High School (Owen's team) vs Roane County High School,,Science Hill High School (Owen's team),Partial,,,,Partial,10,Science Hill High School (Owen's team),2,,the team said JFK for Part 1,
S40 E54,Round of 16,Tossup,10,Taylor Swift owns a cat named after what title character of a 2008 film based on a 1922 F. Scott Fitzgerald story?,Benjamin Button,Literature,Language Arts,Science Hill High School (Owen's team) vs Roane County High School,Amanda,Science Hill High School (Owen's team),Correct,,,,Correct,10,Science Hill High School (Owen's team),1,,"the captions render the buzzer as ""Samantha""",
S40 E54,Round of 16,Bonus,10,Part 1: What 1956 play by William Gibson is based upon the teacher who changed Helen Keller's life? | Part 2: Who was the teacher?,Part 1: The Miracle Worker | Part 2: Annie Sullivan,Literature,Language Arts,Science Hill High School (Owen's team) vs Roane County High School,,Science Hill High School (Owen's team),Correct,,,,Correct,20,Science Hill High School (Owen's team),2,,Owen deferred to Arushi for Part 2,
S40 E54,Round of 16,Tossup,11,Which precious gem is the birthstone for April?,Diamond,Geology,Science & Technology,Science Hill High School (Owen's team) vs Roane County High School,Arushi,Science Hill High School (Owen's team),Incorrect,Lucas,Roane County High School,Incorrect,Missed,0,None given,1,,Arushi said emerald and Lucas said jade,
S40 E54,Round of 16,Tossup,12,"In the first quadrant of the unit circle, if the cosine of an angle is one half, what is the measure of the angle?",60 degrees,Pre-Calculus,Mathematics,Science Hill High School (Owen's team) vs Roane County High School,Lucas,Roane County High School,Correct,,,,Correct,10,Roane County High School,1,,,
S40 E54,Round of 16,Bonus,12,"In degrees or radians, what acute angle has a secant of 2?",60 degrees (pi/3),Pre-Calculus,Mathematics,Science Hill High School (Owen's team) vs Roane County High School,,Roane County High School,Correct,,,,Correct,20,Roane County High School,1,,the host said the same answer was chosen on purpose,
S40 E54,Round of 16,Tossup,13,"What does the musical term ""lento"" mean?",Slow,Music,Fine Arts,Science Hill High School (Owen's team) vs Roane County High School,Nathan,Roane County High School,Correct,,,,Correct,10,Roane County High School,1,,,
S40 E54,Round of 16,Bonus,13,Which musical note is indicated on the treble clef shown here?,C-sharp,Visual,General & Visual,Science Hill High School (Owen's team) vs Roane County High School,,Roane County High School,Correct,,,,Correct,20,Roane County High School,1,,,
S40 E54,Round of 16,Tossup,14,What is the currency of Saudi Arabia?,The riyal,Economics,Social Studies,Science Hill High School (Owen's team) vs Roane County High School,Owen,Science Hill High School (Owen's team),Incorrect,Nathan,Roane County High School,Incorrect,Missed,0,None given,1,,Owen said ruble and Nathan said dinar,
S40 E54,Round of 16,Tossup,15,"What six letter word beginning with V is a synonym of ""possible""?",Viable,Vocabulary,Language Arts,Science Hill High School (Owen's team) vs Roane County High School,Owen,Science Hill High School (Owen's team),Correct,,,,Correct,10,Science Hill High School (Owen's team),1,,"the captions render the answer as ""Bible""",
S40 E54,Round of 16,Bonus,15,Name the two word phrase beginning with Q that describes a style of Victorian home and architecture.,Queen Anne,Vocabulary,Language Arts,Science Hill High School (Owen's team) vs Roane County High School,,Science Hill High School (Owen's team),Incorrect,,,,Missed,0,None given,1,,"the team said ""Quaint Gothic""",
S40 E54,Round of 16,Tossup,16,Medic Regional Blood Center allows donors as young as what age if they meet the health requirements?,16,Health,Science & Technology,Science Hill High School (Owen's team) vs Roane County High School,Maddox,Roane County High School,Correct,,,,Correct,10,Roane County High School,1,,,
S40 E54,Round of 16,Bonus,16,Part 1: What word means the process for the sorting and allocation of first aid treatment to victims on the basis of urgency? | Part 2: What is the identification of the nature of an illness or other problem by examination of the symptoms?,Part 1: Triage | Part 2: Diagnosis,Health,Science & Technology,Science Hill High School (Owen's team) vs Roane County High School,,Roane County High School,Correct,,,,Correct,20,Roane County High School,2,,,
S40 E54,Round of 16,Tossup,17,"In Tennessee, crash helmets are required for motorized bike riders of what age?",All ages,Government,Social Studies,Science Hill High School (Owen's team) vs Roane County High School,Lucas,Roane County High School,Correct,,,,Correct,10,Roane County High School,1,,,
S40 E54,Round of 16,Bonus,17,"After securing pay raises for UPS workers in 2023, what labor union for truck drivers called off what would have been one of the largest strikes in U.S. history?",The Teamsters (International Brotherhood of Teamsters),Government,Social Studies,Science Hill High School (Owen's team) vs Roane County High School,,Roane County High School,Incorrect,,,,Missed,0,None given,1,,"the team said ""the Union of Motor Vehicles""",
S40 E54,Round of 16,Tossup,18,"In Arsenic and Old Lace, the victims of the Brewster sisters are buried by a character who believes himself to be which American president?",Theodore Roosevelt,Art,Fine Arts,Science Hill High School (Owen's team) vs Roane County High School,Owen,Science Hill High School (Owen's team),Correct,,,,Correct,10,Science Hill High School (Owen's team),1,,,
S40 E54,Round of 16,Bonus,18,"Part 1: Two front row balcony ticket stubs auctioned for $262,500 in 2023 were from a tragically historic performance of what play by Tom Taylor on April 14, 1865? | Part 2: What theater staged the production on that date?",Part 1: Our American Cousin | Part 2: Ford's Theatre,Art,Fine Arts,Science Hill High School (Owen's team) vs Roane County High School,,Science Hill High School (Owen's team),Correct,,,,Correct,20,Science Hill High School (Owen's team),2,,,
S40 E54,Round of 16,Tossup,19,What is the name of the African country formerly known as Rhodesia?,Zimbabwe,Geography,Social Studies,Science Hill High School (Owen's team) vs Roane County High School,Owen,Science Hill High School (Owen's team),Incorrect,Nathan,Roane County High School,Incorrect,Missed,0,None given,1,,Owen said Sudan and Nathan said Rwanda,
S40 E54,Round of 16,Tossup,20,"A meteorologist studies the weather. Spell ""meteorologist.""",M-E-T-E-O-R-O-L-O-G-I-S-T,Spelling,Language Arts,Science Hill High School (Owen's team) vs Roane County High School,Ethan,Roane County High School,Correct,,,,Correct,10,Roane County High School,1,,,
S40 E54,Round of 16,Bonus,20,"To express or feel sympathy or pity, or to sympathize, is to commiserate. Spell ""commiserate.""",C-O-M-M-I-S-E-R-A-T-E,Spelling,Language Arts,Science Hill High School (Owen's team) vs Roane County High School,,Roane County High School,Incorrect,,,,Missed,0,None given,1,,"Nathan deferred to Ethan, who spelled it with one M",
S40 E54,Round of 16,Tossup,21,What long theorized subatomic particle was finally discovered in 2012?,The Higgs boson,Chemistry,Science & Technology,Science Hill High School (Owen's team) vs Roane County High School,Lucas,Roane County High School,Correct,,,,Correct,10,Roane County High School,1,,"the host said ""2020"" and then corrected it to 2012",
S40 E54,Round of 16,Bonus,21,Astatine and tennessine are two of the elements in the halogen group. Name the remaining four.,"Fluorine, chlorine, bromine and iodine",Chemistry,Science & Technology,Science Hill High School (Owen's team) vs Roane County High School,,Roane County High School,Partial,,,,Partial,10,Roane County High School,1,,"the team said helium (wrong), chlorine and bromine; two counted for 10 points",
S40 E54,Round of 16,Tossup,22,What is the first derivative of 3x squared + 10?,6x,Math,Mathematics,Science Hill High School (Owen's team) vs Roane County High School,Owen,Science Hill High School (Owen's team),Correct,,,,Correct,10,Science Hill High School (Owen's team),1,,"the captions' answer is garbled (""6x + 10 ... 10x is right""); the host accepted Owen's answer",
S40 E54,Round of 16,Bonus,22,What is the product of the cube root of 125 and the fourth root of 81?,15,Math,Mathematics,Science Hill High School (Owen's team) vs Roane County High School,,Science Hill High School (Owen's team),Correct,,,,Correct,20,Science Hill High School (Owen's team),1,,the first half ended after this bonus,
S40 E54,Round of 16,Tossup,23,What is the name of the stadium where the Tennessee Titans play their home games?,Nissan Stadium,Sports,General & Visual,Science Hill High School (Owen's team) vs Roane County High School,Lucas,Roane County High School,Correct,,,,Correct,10,Roane County High School,1,,,
S40 E54,Round of 16,Bonus,23,Part 1: With which NFL team did Tom Brady end his football career? | Part 2: For which team did he play from 2001 to 2019?,Part 1: The Tampa Bay Buccaneers | Part 2: The New England Patriots,Sports,General & Visual,Science Hill High School (Owen's team) vs Roane County High School,,Roane County High School,Correct,,,,Correct,20,Roane County High School,2,,the team first said Patriots for Part 1 and then corrected to Buccaneers,
S40 E54,Round of 16,Tossup,24,Which Nordic island country has topped the Global Peace Index each year since 2008?,Iceland,History,Social Studies,Science Hill High School (Owen's team) vs Roane County High School,Amanda,Science Hill High School (Owen's team),Correct,,,,Correct,10,Science Hill High School (Owen's team),1,,,
S40 E54,Round of 16,Bonus,24,"Part 1: In the late 1920s and early 1930s, Constantinople began to be known by what name? | Part 2: The area that is now New York City was known by what name from 1626 to 1664?",Part 1: Istanbul | Part 2: New Amsterdam,History,Social Studies,Science Hill High School (Owen's team) vs Roane County High School,,Science Hill High School (Owen's team),Correct,,,,Correct,20,Science Hill High School (Owen's team),2,,,
S40 E54,Round of 16,Tossup,25,Which ancient Greek historian is referred to as the father of history?,Herodotus,Literature,Language Arts,Science Hill High School (Owen's team) vs Roane County High School,Arushi,Science Hill High School (Owen's team),Correct,,,,Correct,10,Science Hill High School (Owen's team),1,,,
S40 E54,Round of 16,Bonus,25,"Which Greek comic playwright wrote The Clouds, The Wasps and The Frogs?",Aristophanes,Literature,Language Arts,Science Hill High School (Owen's team) vs Roane County High School,,Science Hill High School (Owen's team),Correct,,,,Correct,20,Science Hill High School (Owen's team),1,,,
S40 E54,Round of 16,Tossup,26,"In a photo editing application, what tool is used to trim the outside edges of a digital image?",Crop,Technology,Science & Technology,Science Hill High School (Owen's team) vs Roane County High School,Owen,Science Hill High School (Owen's team),Correct,,,,Correct,10,Science Hill High School (Owen's team),1,,Owen buzzed early,
S40 E54,Round of 16,Bonus,26,"What software, originally called ""Sky Peer to Peer,"" is known for VoIP based video telephony and video conferencing?",Skype,Technology,Science & Technology,Science Hill High School (Owen's team) vs Roane County High School,,Science Hill High School (Owen's team),Correct,,,,Correct,20,Science Hill High School (Owen's team),1,,,
S40 E54,Round of 16,Tossup,27,"What is the term for an enclosure or basin on a canal or river, with gates at each end, within which the water level may be varied to raise or lower boats?",A lock,Geology,Science & Technology,Science Hill High School (Owen's team) vs Roane County High School,Lucas,Roane County High School,Incorrect,Owen,Science Hill High School (Owen's team),Correct,Correct,10,Science Hill High School (Owen's team),1,,"Lucas buzzed early and said ""a dam""",
S40 E54,Round of 16,Bonus,27,"In the next decade, NASA aims to mine resources on the moon, including which chemical element with atomic number 26?",Iron,Geology,Science & Technology,Science Hill High School (Owen's team) vs Roane County High School,,Science Hill High School (Owen's team),Correct,,,,Correct,20,Science Hill High School (Owen's team),1,,,
S40 E54,Round of 16,Tossup,28,"What kitschy series of paintings by Cassius Marcellus Coolidge, commissioned to advertise cigars, depicted canines surrounding a gaming table?",Dogs Playing Poker,Art,Fine Arts,Science Hill High School (Owen's team) vs Roane County High School,Nathan,Roane County High School,Correct,,,,Correct,10,Roane County High School,1,,,
S40 E54,Round of 16,Bonus,28,"Part 1: What is the title of this famous painting by a Dutch artist, said to express sadness and extreme loneliness but also what is healthy and fortifying about the countryside? | Part 2: Although painted in his final weeks, a persistent myth erroneously claims that painting was which artist's final work?",Part 1: Wheatfield with Crows | Part 2: Vincent van Gogh,Visual,General & Visual,Science Hill High School (Owen's team) vs Roane County High School,,Roane County High School,Incorrect,,,,Missed,0,None given,2,,"the team said ""countryside"" for Part 1 and Monet for Part 2",
S40 E54,Round of 16,Tossup,29,What is the term length for the U.S. House of Representatives?,Two years,Government,Social Studies,Science Hill High School (Owen's team) vs Roane County High School,Lucas,Roane County High School,Correct,,,,Correct,10,Roane County High School,1,,,
S40 E54,Round of 16,Bonus,29,The ESA was enacted in the 1970s as landmark legislation to save declining species from extinction. What did the initials ESA stand for?,The Endangered Species Act,Government,Social Studies,Science Hill High School (Owen's team) vs Roane County High School,,Roane County High School,Correct,,,,Correct,20,Roane County High School,1,,"the team first said ""environmental justice"" and then corrected to the Endangered Species Act; the host accepted it",
S40 E54,Round of 16,Tossup,30,"What five letter word beginning with C is a synonym for ""influence""?",Clout,English,Language Arts,Science Hill High School (Owen's team) vs Roane County High School,Lucas,Roane County High School,Incorrect,Amanda,Science Hill High School (Owen's team),Correct,Correct,10,Science Hill High School (Owen's team),1,,"Lucas said ""cost""",
S40 E54,Round of 16,Bonus,30,"What is the subject in the following sentence: ""The old abandoned church caught on fire.""?",Church,English,Language Arts,Science Hill High School (Owen's team) vs Roane County High School,,Science Hill High School (Owen's team),Correct,,,,Correct,20,Science Hill High School (Owen's team),1,,"the team said ""the old church"" and then ""church""",
S40 E54,Round of 16,Tossup,31,What is the name for a group of porcupines?,A prickle,Biology,Science & Technology,Science Hill High School (Owen's team) vs Roane County High School,Amanda,Science Hill High School (Owen's team),Correct,,,,Correct,10,Science Hill High School (Owen's team),1,,,
S40 E54,Round of 16,Bonus,31,How do plants transport water against gravity?,Capillary action,Biology,Science & Technology,Science Hill High School (Owen's team) vs Roane County High School,,Science Hill High School (Owen's team),Correct,,,,Correct,20,Science Hill High School (Owen's team),1,,,
S40 E54,Round of 16,Tossup,32,An isosceles right triangle has what three angle measures?,"45, 45 and 90 degrees",Geometry,Mathematics,Science Hill High School (Owen's team) vs Roane County High School,Lucas,Roane County High School,Correct,,,,Correct,10,Roane County High School,1,,,
S40 E54,Round of 16,Bonus,32,"A line has a slope of two thirds and passes through the point (3, 5). What is its equation in slope-intercept form?",y = (2/3)x + 3,Geometry,Mathematics,Science Hill High School (Owen's team) vs Roane County High School,Lucas,Roane County High School,Correct,,,,Correct,20,Roane County High School,1,,Nathan deferred to Lucas,
S40 E54,Round of 16,Tossup,33,Who is the lead singer of the band Aerosmith?,Steven Tyler,Music,Fine Arts,Science Hill High School (Owen's team) vs Roane County High School,,,No Buzz,,,,Missed,0,None given,1,,nobody buzzed; the host gave the answer,
S40 E54,Round of 16,Tossup,34,The Statue of Christ the Redeemer stands on Corcovado mountain overlooking what city?,Rio de Janeiro,Geography,Social Studies,Science Hill High School (Owen's team) vs Roane County High School,Owen,Science Hill High School (Owen's team),Correct,,,,Correct,10,Science Hill High School (Owen's team),1,,,
S40 E54,Round of 16,Bonus,34,"The Bosporus Strait, shown here, is a naturally formed waterway that connects the Black Sea to the Sea of Marmara and serves as the border between which two continents?",Asia and Europe,Visual,General & Visual,Science Hill High School (Owen's team) vs Roane County High School,,Science Hill High School (Owen's team),Correct,,,,Correct,20,Science Hill High School (Owen's team),1,,,
S40 E54,Round of 16,Tossup,35,"What is the English translation of the Spanish word ""oso""?",Bear,Foreign Language,Foreign Language,Science Hill High School (Owen's team) vs Roane County High School,Owen,Science Hill High School (Owen's team),Correct,,,,Correct,10,Science Hill High School (Owen's team),1,,,
S40 E54,Round of 16,Bonus,35,"What is the Spanish translation of ""Where is the beach?""","""Donde esta la playa?""",Foreign Language,Foreign Language,Science Hill High School (Owen's team) vs Roane County High School,Amanda,Science Hill High School (Owen's team),Correct,,,,Correct,20,Science Hill High School (Owen's team),1,,Owen deferred to Amanda,
S40 E54,Round of 16,Tossup,36,What is the freezing point of water on the Kelvin scale?,273 kelvins,Science,Science & Technology,Science Hill High School (Owen's team) vs Roane County High School,Lucas,Roane County High School,Incorrect,Owen,Science Hill High School (Owen's team),Correct,Correct,10,Science Hill High School (Owen's team),1,,Lucas said 216,
S40 E54,Round of 16,Bonus,36,Part 1: Which German scientist took the first X-ray of a human being? | Part 2: Who was the person he X-rayed?,Part 1: Wilhelm Rontgen | Part 2: His wife,Science,Science & Technology,Science Hill High School (Owen's team) vs Roane County High School,,Science Hill High School (Owen's team),Correct,,,,Correct,20,Science Hill High School (Owen's team),2,,Owen deferred to Arushi,
S40 E54,Round of 16,Tossup,37,"What American mobile payment service, founded in 2009 and owned by PayPal since 2013, is it?",Venmo,Economics,Social Studies,Science Hill High School (Owen's team) vs Roane County High School,Owen,Science Hill High School (Owen's team),Correct,,,,Correct,10,Science Hill High School (Owen's team),1,,,
S40 E54,Round of 16,Bonus,37,Part 1: Which union that went on strike in the summer of 2023 uses the abbreviation WGA? | Part 2: Which union that went on strike in the summer of 2023 uses the abbreviation UAW?,Part 1: The Writers Guild of America | Part 2: The United Auto Workers,Economics,Social Studies,Science Hill High School (Owen's team) vs Roane County High School,,Science Hill High School (Owen's team),Correct,,,,Correct,20,Science Hill High School (Owen's team),2,,,
S40 E54,Round of 16,Tossup,38,"In the Book of Exodus, while Moses was on Mount Sinai to receive the Ten Commandments, Aaron made what type of idol?",A golden calf,Religion,Religion & Mythology,Science Hill High School (Owen's team) vs Roane County High School,Owen,Science Hill High School (Owen's team),Correct,,,,Correct,10,Science Hill High School (Owen's team),1,,"a player blurted an answer (""the Two Commandments"") before being recognized and the host asked to finish the question; it was not counted",
S40 E54,Round of 16,Bonus,38,Part 1: Who sent Uriah the Hittite to the battlefront to be killed so that his wife Bathsheba would be free to remarry? | Part 2: Who was David and Bathsheba's son who would go on to become a wise king of Israel?,Part 1: King David | Part 2: Solomon,Religion,Religion & Mythology,Science Hill High School (Owen's team) vs Roane County High School,,Science Hill High School (Owen's team),Correct,,,,Correct,20,Science Hill High School (Owen's team),2,,,
S40 E54,Round of 16,Tossup,39,Who was the first African-American to be pictured on a postage stamp?,Booker T. Washington,U.S. History,Social Studies,Science Hill High School (Owen's team) vs Roane County High School,Owen,Science Hill High School (Owen's team),Incorrect,Maddox,Roane County High School,Correct,Correct,10,Roane County High School,1,,Owen said Harriet Tubman,
S40 E54,Round of 16,Bonus,39,"Who was president of the U.S. on February 12, 1809, the day both Abraham Lincoln and Charles Darwin were born?",Thomas Jefferson,U.S. History,Social Studies,Science Hill High School (Owen's team) vs Roane County High School,,Roane County High School,Incorrect,,,,Missed,0,None given,1,,the team said Jackson,
S40 E54,Round of 16,Tossup,40,Who was the author of Don Quixote?,Miguel de Cervantes,Literature,Language Arts,Science Hill High School (Owen's team) vs Roane County High School,Arushi,Science Hill High School (Owen's team),Correct,,,,Correct,10,Science Hill High School (Owen's team),1,,,
S40 E54,Round of 16,Bonus,40,"What is the pen name of Theodor Geisel, the author of Oh, the Places You'll Go?",Dr. Seuss,Literature,Language Arts,Science Hill High School (Owen's team) vs Roane County High School,,Science Hill High School (Owen's team),Correct,,,,Correct,20,Science Hill High School (Owen's team),1,,,
S40 E54,Round of 16,Tossup,41,What is the large dome shaped muscle that contracts rhythmically and continually?,The diaphragm,Health,Science & Technology,Science Hill High School (Owen's team) vs Roane County High School,Owen,Science Hill High School (Owen's team),Correct,,,,Correct,10,Science Hill High School (Owen's team),1,,,
S40 E54,Round of 16,Bonus,41,"How many bones are in the human hand, including the wrist?","27 (the host's key reads 54, presumably both hands)",Health,Science & Technology,Science Hill High School (Owen's team) vs Roane County High School,,Science Hill High School (Owen's team),Incorrect,,,,Missed,0,None given,1,,"the team said 26; the host's answer (""54"") is unclear",
S40 E54,Round of 16,Tossup,42,What video game character that debuted in 1980 enjoys eating power pellets?,Pac-Man,Games,General & Visual,Science Hill High School (Owen's team) vs Roane County High School,Owen,Science Hill High School (Owen's team),Correct,,,,Correct,10,Science Hill High School (Owen's team),1,,,
S40 E54,Round of 16,Bonus,42,What series of video games features the Belmont clan's struggle against Dracula and spawned an animated TV adaptation on Netflix?,Castlevania,Games,General & Visual,Science Hill High School (Owen's team) vs Roane County High School,,Science Hill High School (Owen's team),Incorrect,,,,Missed,0,None given,1,,"Owen deferred to Shiven, who said ""Buffy the Vampire Slayer""",
S40 E54,Round of 16,Tossup,43,"Angel Falls, the tallest waterfall in the world, is located in what South American country?",Venezuela,Geography,Social Studies,Science Hill High School (Owen's team) vs Roane County High School,Amanda,Science Hill High School (Owen's team),Incorrect,Lucas,Roane County High School,Incorrect,Missed,0,None given,1,,Amanda said Argentina and Lucas said Zimbabwe,
S40 E54,Round of 16,Tossup,44,"What six letter word beginning with E is a synonym for ""abscond""?",Escape,Vocabulary,Language Arts,Science Hill High School (Owen's team) vs Roane County High School,Owen,Science Hill High School (Owen's team),Incorrect,,,,Missed,0,None given,1,,"Owen said ""exodus""; no Roane County steal answer captured",
S40 E54,Round of 16,Tossup,45,"What organic chemical, with the formula HCHO, is commonly used to preserve biological specimens in glass jars?",Formaldehyde,Chemistry,Science & Technology,Science Hill High School (Owen's team) vs Roane County High School,Owen,Science Hill High School (Owen's team),Correct,,,,Correct,10,Science Hill High School (Owen's team),1,,,
S40 E54,Round of 16,Bonus,45,What is the oxidation state of phosphorus in phosphoric acid?,+5,Chemistry,Science & Technology,Science Hill High School (Owen's team) vs Roane County High School,,Science Hill High School (Owen's team),Correct,,,,Correct,20,Science Hill High School (Owen's team),1,,,
S40 E54,Round of 16,Tossup,46,What is the location of a plantar arch?,The foot,Biology,Science & Technology,Science Hill High School (Owen's team) vs Roane County High School,Lucas,Roane County High School,Correct,,,,Correct,10,Roane County High School,1,,,
S40 E54,Round of 16,Bonus,46,Afghanistan's wheat crop suffered an infestation in 2023 of what economically damaging plant pest that was also a biblical plague in Egypt?,Locusts,Biology,Science & Technology,Science Hill High School (Owen's team) vs Roane County High School,,Roane County High School,Correct,,,,Correct,20,Roane County High School,1,,,
S40 E54,Round of 16,Tossup,47,"Which Israeli-born actress and model, Miss Israel in 2004, played Wonder Woman?",Gal Gadot,Miscellaneous,General & Visual,Science Hill High School (Owen's team) vs Roane County High School,Amanda,Science Hill High School (Owen's team),Correct,,,,Correct,10,Science Hill High School (Owen's team),1,,the game ended before the bonus could be read,
S40 E55,Round of 16,Tossup,1,"Whose first documented composition, a minuet and trio in G major, was composed when he was just five years old?",Wolfgang Amadeus Mozart,Music,Fine Arts,J. Frank White Academy (Shashi's team) vs L&N STEM Academy (Jared's team),Shashi,J. Frank White Academy (Shashi's team),Correct,,,,Correct,10,J. Frank White Academy (Shashi's team),1,,,
S40 E55,Round of 16,Bonus,1,Part 1: What is the musical term beginning with T that instructs all singers in a choral piece to sing? | Part 2: What is the musical term beginning with T that tells the musician not to play in a movement or section of a larger work?,Part 1: Tutti | Part 2: Tacet,Music,Fine Arts,J. Frank White Academy (Shashi's team) vs L&N STEM Academy (Jared's team),,J. Frank White Academy (Shashi's team),Incorrect,,,,Missed,0,None given,2,,the team's answers are garbled in the captions,
S40 E55,Round of 16,Tossup,2,Any sparkling wine labeled champagne must come from what country?,France,Economics,Social Studies,J. Frank White Academy (Shashi's team) vs L&N STEM Academy (Jared's team),Jared,L&N STEM Academy (Jared's team),Correct,,,,Correct,10,L&N STEM Academy (Jared's team),1,,,
S40 E55,Round of 16,Bonus,2,Part 1: What is depicted on the back of a $100 bill? | Part 2: In what city is that building located?,Part 1: Independence Hall | Part 2: Philadelphia,Economics,Social Studies,J. Frank White Academy (Shashi's team) vs L&N STEM Academy (Jared's team),,L&N STEM Academy (Jared's team),Partial,,,,Partial,10,L&N STEM Academy (Jared's team),2,,"the team said ""the Capitol"" for Part 1",
S40 E55,Round of 16,Tossup,3,"In Les Miserables, what is the name of the inspector who pursues Jean Valjean?",Javert,Literature,Language Arts,J. Frank White Academy (Shashi's team) vs L&N STEM Academy (Jared's team),Shashi,J. Frank White Academy (Shashi's team),Correct,,,,Correct,10,J. Frank White Academy (Shashi's team),1,,,
S40 E55,Round of 16,Bonus,3,Part 1: Which Hemingway book features the running of the bulls? | Part 2: Which city is famous for the running of the bulls?,Part 1: The Sun Also Rises | Part 2: Pamplona,Literature,Language Arts,J. Frank White Academy (Shashi's team) vs L&N STEM Academy (Jared's team),,J. Frank White Academy (Shashi's team),Correct,,,,Correct,20,J. Frank White Academy (Shashi's team),2,,,
S40 E55,Round of 16,Tossup,4,"In addition to igneous and sedimentary, what is the other type of rock?",Metamorphic,Geology,Science & Technology,J. Frank White Academy (Shashi's team) vs L&N STEM Academy (Jared's team),,J. Frank White Academy (Shashi's team),Correct,,,,Correct,10,J. Frank White Academy (Shashi's team),1,,buzzer not named (the bonus was J. Frank White's),
S40 E55,Round of 16,Bonus,4,"During the winter of 1807 and 1808, mountain man John Colter became the first known person of European descent to enter the region that later became Yellowstone National Park and to see the mountain range shown here, which is now in what national park ten miles south of Yellowstone?",Grand Teton National Park,Visual,General & Visual,J. Frank White Academy (Shashi's team) vs L&N STEM Academy (Jared's team),,J. Frank White Academy (Shashi's team),Incorrect,,,,Missed,0,None given,1,,the team said Yosemite,
S40 E55,Round of 16,Tossup,5,What is the absolute value of the complex expression 12 + 5i?,13,Pre-Calculus,Mathematics,J. Frank White Academy (Shashi's team) vs L&N STEM Academy (Jared's team),Jared,L&N STEM Academy (Jared's team),Correct,,,,Correct,10,L&N STEM Academy (Jared's team),1,,,
S40 E55,Round of 16,Bonus,5,What is the product of the cosecant of angle alpha times the tangent of angle alpha?,Secant alpha (one over cosine alpha),Pre-Calculus,Mathematics,J. Frank White Academy (Shashi's team) vs L&N STEM Academy (Jared's team),,L&N STEM Academy (Jared's team),Correct,,,,Correct,20,L&N STEM Academy (Jared's team),1,,,
S40 E55,Round of 16,Tossup,6,Which gospel writer is thought to also be the author of the Acts of the Apostles?,Luke,Religion,Religion & Mythology,J. Frank White Academy (Shashi's team) vs L&N STEM Academy (Jared's team),Jared,L&N STEM Academy (Jared's team),Correct,,,,Correct,10,L&N STEM Academy (Jared's team),1,,,
S40 E55,Round of 16,Bonus,6,"In the Old Testament, what eldest son of King Saul was a close friend of David?",Jonathan,Religion,Religion & Mythology,J. Frank White Academy (Shashi's team) vs L&N STEM Academy (Jared's team),,L&N STEM Academy (Jared's team),Incorrect,,,,Missed,0,None given,1,,"the team said ""John""",
S40 E55,Round of 16,Tossup,7,Which state has a longer coastline than the other 49 combined?,Alaska,Geography,Social Studies,J. Frank White Academy (Shashi's team) vs L&N STEM Academy (Jared's team),Shashi,J. Frank White Academy (Shashi's team),Correct,,,,Correct,10,J. Frank White Academy (Shashi's team),1,,,
S40 E55,Round of 16,Bonus,7,Part 1: In which state is Fort Bliss located? | Part 2: In which state is Fort Drum located?,Part 1: Texas | Part 2: New York,Geography,Social Studies,J. Frank White Academy (Shashi's team) vs L&N STEM Academy (Jared's team),,J. Frank White Academy (Shashi's team),Incorrect,,,,Missed,0,None given,2,,the team said Colorado and Florida,
S40 E55,Round of 16,Tossup,8,"What five letter word beginning with G is a synonym of ""speculate""?",Guess,Vocabulary,Language Arts,J. Frank White Academy (Shashi's team) vs L&N STEM Academy (Jared's team),Jared,L&N STEM Academy (Jared's team),Correct,,,,Correct,10,L&N STEM Academy (Jared's team),1,,the host first asked Jared to give the answer rather than ask a question,
S40 E55,Round of 16,Bonus,8,"Part 1: What commonly used Latin phrase translates to ""through my own fault""? | Part 2: What commonly used French phrase translates to ""have a good trip""?",Part 1: Mea culpa | Part 2: Bon voyage,Vocabulary,Language Arts,J. Frank White Academy (Shashi's team) vs L&N STEM Academy (Jared's team),,L&N STEM Academy (Jared's team),Correct,,,,Correct,20,L&N STEM Academy (Jared's team),2,,,
S40 E55,Round of 16,Tossup,9,Methanethiol is added to what normally odorless mixture of methane and ethane to provide its characteristic pungent smell?,Natural gas,Chemistry,Science & Technology,J. Frank White Academy (Shashi's team) vs L&N STEM Academy (Jared's team),Jared,L&N STEM Academy (Jared's team),Correct,,,,Correct,10,L&N STEM Academy (Jared's team),1,,,
S40 E55,Round of 16,Bonus,9,"If uranium-238 releases one alpha particle via radioactive decay, what is the atomic mass of the remaining product?",234,Chemistry,Science & Technology,J. Frank White Academy (Shashi's team) vs L&N STEM Academy (Jared's team),,L&N STEM Academy (Jared's team),Correct,,,,Correct,20,L&N STEM Academy (Jared's team),1,,,
S40 E55,Round of 16,Tossup,10,What is the series of involuntary muscle contractions that moves food along the digestive tract?,Peristalsis,Health,Science & Technology,J. Frank White Academy (Shashi's team) vs L&N STEM Academy (Jared's team),Shashi,J. Frank White Academy (Shashi's team),Correct,,,,Correct,10,J. Frank White Academy (Shashi's team),1,,,
S40 E55,Round of 16,Bonus,10,"In 2023, travelers were warned of the health risks from wildfire smoke and thousands of people were evacuated from the Greek island of Corfu, located in which sea, actually a bay of the Mediterranean Sea?",The Ionian Sea,Health,Science & Technology,J. Frank White Academy (Shashi's team) vs L&N STEM Academy (Jared's team),,J. Frank White Academy (Shashi's team),Incorrect,,,,Missed,0,None given,1,,the team said the Aegean Sea,
S40 E55,Round of 16,Tossup,11,"What Netflix series set in the 1980s follows the adventures of characters like Dustin, Steve and Eleven?",Stranger Things,Art,Fine Arts,J. Frank White Academy (Shashi's team) vs L&N STEM Academy (Jared's team),Troy,J. Frank White Academy (Shashi's team),Correct,,,,Correct,10,J. Frank White Academy (Shashi's team),1,,,
S40 E55,Round of 16,Bonus,11,"Part 1: Character actor Stanley Tucci is married to the sister of which actress, who has played Mary Poppins and appeared in A Quiet Place and The Devil Wears Prada? | Part 2: A Quiet Place was directed by and also starred which actor, Emily Blunt's husband?",Part 1: Emily Blunt | Part 2: John Krasinski,Art,Fine Arts,J. Frank White Academy (Shashi's team) vs L&N STEM Academy (Jared's team),,J. Frank White Academy (Shashi's team),Correct,,,,Correct,20,J. Frank White Academy (Shashi's team),2,,,
S40 E55,Round of 16,Tossup,12,The Treaty of Paris of 1898 ended what war?,The Spanish-American War,History,Social Studies,J. Frank White Academy (Shashi's team) vs L&N STEM Academy (Jared's team),Shashi,J. Frank White Academy (Shashi's team),Correct,,,,Correct,10,J. Frank White Academy (Shashi's team),1,,the captions give the year as 1890,
S40 E55,Round of 16,Bonus,12,What communist leader shown here seized power in 1959 and claimed to have survived over 600 assassination attempts during his 49 year rule of Cuba?,Fidel Castro,Visual,General & Visual,J. Frank White Academy (Shashi's team) vs L&N STEM Academy (Jared's team),,J. Frank White Academy (Shashi's team),Correct,,,,Correct,20,J. Frank White Academy (Shashi's team),1,,,
S40 E55,Round of 16,Tossup,13,What is the Spanish word for salad?,Ensalada,Foreign Language,Foreign Language,J. Frank White Academy (Shashi's team) vs L&N STEM Academy (Jared's team),Jared,L&N STEM Academy (Jared's team),Correct,,,,Correct,10,L&N STEM Academy (Jared's team),1,,"the captions render the answer as ""Sonata""",
S40 E55,Round of 16,Bonus,13,"What is the English translation of the Spanish question ""Donde esta la clase de ingles?""",Where is English class?,Foreign Language,Foreign Language,J. Frank White Academy (Shashi's team) vs L&N STEM Academy (Jared's team),,L&N STEM Academy (Jared's team),Correct,,,,Correct,20,L&N STEM Academy (Jared's team),1,,,
S40 E55,Round of 16,Tossup,14,"Aboard which spacecraft was the first living creature, a dog named Laika, sent into space?",Sputnik 2,Astronomy,Science & Technology,J. Frank White Academy (Shashi's team) vs L&N STEM Academy (Jared's team),Shashi,J. Frank White Academy (Shashi's team),Incorrect,,,,Missed,0,None given,1,,Shashi buzzed early and said Columbia; no L&N steal answer captured,
S40 E55,Round of 16,Tossup,15,Two vertical angles have measures of 4x - 5 and 2x + 8. What is the measure of either angle?,21 degrees,Geometry,Mathematics,J. Frank White Academy (Shashi's team) vs L&N STEM Academy (Jared's team),Jared,L&N STEM Academy (Jared's team),Incorrect,,J. Frank White Academy (Shashi's team),Incorrect,Missed,0,None given,1,,Jared answered 6.5 (the value of x); J. Frank White looked at each other's papers on the steal and the host would not take it,
S40 E55,Round of 16,Tossup,16,What arcade game features Jumpman climbing platforms to rescue Pauline from a giant ape?,Donkey Kong,Games,General & Visual,J. Frank White Academy (Shashi's team) vs L&N STEM Academy (Jared's team),Shashi,J. Frank White Academy (Shashi's team),Incorrect,Jared,L&N STEM Academy (Jared's team),Correct,Correct,10,L&N STEM Academy (Jared's team),1,,Shashi said Pac-Man,
S40 E55,Round of 16,Bonus,16,Sonic the Hedgehog was released in 1991 for a 16 bit Sega console known by what name in North America?,The Genesis,Games,General & Visual,J. Frank White Academy (Shashi's team) vs L&N STEM Academy (Jared's team),,L&N STEM Academy (Jared's team),Correct,,,,Correct,20,L&N STEM Academy (Jared's team),1,,,
S40 E55,Round of 16,Tossup,17,What kind of bill packages together several measures or diverse subjects into a single bill?,An omnibus bill,Government,Social Studies,J. Frank White Academy (Shashi's team) vs L&N STEM Academy (Jared's team),Shashi,J. Frank White Academy (Shashi's team),Correct,,,,Correct,10,J. Frank White Academy (Shashi's team),1,,,
S40 E55,Round of 16,Bonus,17,"The ICC is an intergovernmental organization with jurisdiction to prosecute individuals for war crimes. What do the letters ICC stand for, and where is the ICC located?","International Criminal Court; The Hague, Netherlands",Government,Social Studies,J. Frank White Academy (Shashi's team) vs L&N STEM Academy (Jared's team),,J. Frank White Academy (Shashi's team),Partial,,,,Partial,10,J. Frank White Academy (Shashi's team),1,,"the team said Brussels, Belgium after deferring to Troy for the name",
S40 E55,Round of 16,Tossup,18,What 11 letter word beginning with E means having knowledge or skill in a particular field gained over a period of time?,Experienced,English,Language Arts,J. Frank White Academy (Shashi's team) vs L&N STEM Academy (Jared's team),Jordan,L&N STEM Academy (Jared's team),Incorrect,Van,J. Frank White Academy (Shashi's team),Incorrect,Missed,0,None given,1,,"Jordan buzzed early and said ""enlightenment""; Van's steal answer is not captured but the host said he needed ""experienced""",
S40 E55,Round of 16,Tossup,19,"Even though they are not reptiles, what amphibians are sometimes called ""spring lizards"" in the southern Appalachians?",Salamanders,Biology,Science & Technology,J. Frank White Academy (Shashi's team) vs L&N STEM Academy (Jared's team),Shashi,J. Frank White Academy (Shashi's team),Incorrect,Jared,L&N STEM Academy (Jared's team),Correct,Correct,10,L&N STEM Academy (Jared's team),1,,"Shashi buzzed early and said ""frogs""",
S40 E55,Round of 16,Bonus,19,"Part 1: What is the common name of the Ambystoma mexicanum, a salamander named after the Aztec god of fire and lightning that is a popular exotic pet? | Part 2: Spell that name.",Part 1: Axolotl | Part 2: A-X-O-L-O-T-L,Biology,Science & Technology,J. Frank White Academy (Shashi's team) vs L&N STEM Academy (Jared's team),,L&N STEM Academy (Jared's team),Incorrect,,,,Missed,0,None given,2,,"the team said ""Quetzal salamander"" and misspelled axolotl A-X-O-T-O-T-A-L",
S40 E55,Round of 16,Tossup,20,Whose 37 year reign was characterized by Russia's transformation?,Ivan the Terrible,History,Social Studies,J. Frank White Academy (Shashi's team) vs L&N STEM Academy (Jared's team),Shashi,J. Frank White Academy (Shashi's team),Correct,,,,Correct,10,J. Frank White Academy (Shashi's team),1,,,
S40 E55,Round of 16,Bonus,20,"In 2022, Ukraine accused Russian soldiers of looting Ukrainian museums and stealing thousands of artifacts, including a crown of gold and precious stones that belonged to what fifth century king who ruled the Hunnic empire?",Attila the Hun,History,Social Studies,J. Frank White Academy (Shashi's team) vs L&N STEM Academy (Jared's team),,J. Frank White Academy (Shashi's team),Correct,,,,Correct,20,J. Frank White Academy (Shashi's team),1,,,
S40 E55,Round of 16,Tossup,21,"What classic rock song begins ""Tommy used to work on the docks, union's been on strike, he's down on his luck""?","""Livin' on a Prayer""",Music,Fine Arts,J. Frank White Academy (Shashi's team) vs L&N STEM Academy (Jared's team),Jared,L&N STEM Academy (Jared's team),Incorrect,Van,J. Frank White Academy (Shashi's team),Correct,Correct,10,J. Frank White Academy (Shashi's team),1,,"Jared started with ""halfway there"" and the host said he had to take the first answer",
S40 E55,Round of 16,Bonus,21,"In the 1957 Merrie Melodies cartoon ""What's Opera, Doc?"", known for the song ""Kill the Wabbit,"" which two characters parody Wagner's operas?",Bugs Bunny and Elmer Fudd,Music,Fine Arts,J. Frank White Academy (Shashi's team) vs L&N STEM Academy (Jared's team),,J. Frank White Academy (Shashi's team),Partial,,,,Partial,10,J. Frank White Academy (Shashi's team),1,,"the team gave Bugs Bunny (credited) and mispronounced ""Elmer Fudd"" as ""Elmer Fudge""",
S40 E55,Round of 16,Tossup,22,Khartoum is the capital of what country?,Sudan,Geography,Social Studies,J. Frank White Academy (Shashi's team) vs L&N STEM Academy (Jared's team),Shashi,J. Frank White Academy (Shashi's team),Incorrect,Jared,L&N STEM Academy (Jared's team),Correct,Correct,10,L&N STEM Academy (Jared's team),1,,Shashi said Ethiopia,
S40 E55,Round of 16,Bonus,22,Name two of the three deserts on the African continent.,"Any two of: Sahara, Namib, Kalahari",Geography,Social Studies,J. Frank White Academy (Shashi's team) vs L&N STEM Academy (Jared's team),,L&N STEM Academy (Jared's team),Correct,,,,Correct,20,L&N STEM Academy (Jared's team),1,,"the team named Namib, Sahara and Kalahari",
S40 E55,Round of 16,Tossup,23,What children's book by E.B. White is about one small mouse on a very big adventure?,Stuart Little,Literature,Language Arts,J. Frank White Academy (Shashi's team) vs L&N STEM Academy (Jared's team),Shashi,J. Frank White Academy (Shashi's team),Incorrect,Cameron,L&N STEM Academy (Jared's team),Correct,Correct,10,L&N STEM Academy (Jared's team),1,,Shashi buzzed early and his answer is cut off; the first half ended after this tossup,
S40 E55,Round of 16,Tossup,24,"In the phrase ""Super Mario RPG,"" what do the letters RPG represent?",Role playing game,Technology,Science & Technology,J. Frank White Academy (Shashi's team) vs L&N STEM Academy (Jared's team),Jared,L&N STEM Academy (Jared's team),Correct,,,,Correct,10,L&N STEM Academy (Jared's team),1,,,
S40 E55,Round of 16,Bonus,24,"What eight letter word beginning with S means to install software, such as an app onto an iPhone, obtained from a third party source rather than an official retailer?",Sideload,Technology,Science & Technology,J. Frank White Academy (Shashi's team) vs L&N STEM Academy (Jared's team),,L&N STEM Academy (Jared's team),Incorrect,,,,Missed,0,None given,1,,"the team said ""soft load""",
S40 E55,Round of 16,Tossup,25,What are the complex roots of the equation x squared = -64?,8i and -8i,Algebra,Mathematics,J. Frank White Academy (Shashi's team) vs L&N STEM Academy (Jared's team),Jared,L&N STEM Academy (Jared's team),Correct,,,,Correct,10,L&N STEM Academy (Jared's team),1,,,
S40 E55,Round of 16,Bonus,25,Simplify the square root of 243.,9 square root 3,Algebra,Mathematics,J. Frank White Academy (Shashi's team) vs L&N STEM Academy (Jared's team),,L&N STEM Academy (Jared's team),Correct,,,,Correct,20,L&N STEM Academy (Jared's team),1,,,
S40 E55,Round of 16,Tossup,26,"What type of art that became popular in the 1920s and 1930s is characterized by geometric shapes, smooth lines and streamlined forms?",Art Deco,Art,Fine Arts,J. Frank White Academy (Shashi's team) vs L&N STEM Academy (Jared's team),Shashi,J. Frank White Academy (Shashi's team),Correct,,,,Correct,10,J. Frank White Academy (Shashi's team),1,,,
S40 E55,Round of 16,Bonus,26,What French artist with a large following on social media teaches oil painting for beginners using a 19th century Italian art method in a YouTube video with 3.5 million views?,Florent Farges,Art,Fine Arts,J. Frank White Academy (Shashi's team) vs L&N STEM Academy (Jared's team),,J. Frank White Academy (Shashi's team),Incorrect,,,,Missed,0,None given,1,,"the team's answer is garbled in the captions (""Barbara"")",
S40 E55,Round of 16,Tossup,27,"What Knoxville-based rapidly growing women's fashion brand, with more than 120 boutiques across the U.S. selling boho chic clothing and accessories, is moving its headquarters from Maryville to the former Discovery campus in West Knoxville?",Altar'd State,Economics,Social Studies,J. Frank White Academy (Shashi's team) vs L&N STEM Academy (Jared's team),Van,J. Frank White Academy (Shashi's team),Incorrect,Cameron,L&N STEM Academy (Jared's team),Incorrect,Missed,0,None given,1,,Van said Lululemon and Cameron said Belk,
S40 E55,Round of 16,Tossup,28,"Cadaverous means gaunt and pale like a corpse. Spell ""cadaverous.""",C-A-D-A-V-E-R-O-U-S,Spelling,Language Arts,J. Frank White Academy (Shashi's team) vs L&N STEM Academy (Jared's team),Shashi,J. Frank White Academy (Shashi's team),Correct,,,,Correct,10,J. Frank White Academy (Shashi's team),1,,,
S40 E55,Round of 16,Bonus,28,"To revive someone from unconsciousness or apparent death is to resuscitate. Spell ""resuscitate.""",R-E-S-U-S-C-I-T-A-T-E,Spelling,Language Arts,J. Frank White Academy (Shashi's team) vs L&N STEM Academy (Jared's team),,J. Frank White Academy (Shashi's team),Correct,,,,Correct,20,J. Frank White Academy (Shashi's team),1,,,
S40 E55,Round of 16,Tossup,29,What is the common name for H2CO3?,Carbonic acid,Chemistry,Science & Technology,J. Frank White Academy (Shashi's team) vs L&N STEM Academy (Jared's team),Jared,L&N STEM Academy (Jared's team),Incorrect,Shashi,J. Frank White Academy (Shashi's team),Incorrect,Missed,0,None given,1,,"Jared's answer is garbled in the captions (""stall"") and Shashi said Epsom salt",
S40 E55,Round of 16,Tossup,30,"Chinook, coho, chum, sockeye and pink are five species of what ray finned fish found in North American waters?",Salmon,Biology,Science & Technology,J. Frank White Academy (Shashi's team) vs L&N STEM Academy (Jared's team),Shashi,J. Frank White Academy (Shashi's team),Incorrect,Jared,L&N STEM Academy (Jared's team),Incorrect,Missed,0,None given,1,,Shashi said stingray and Jared said dolphin,
S40 E55,Round of 16,Tossup,31,"When keeping score in baseball, what letter represents a strikeout?",K,Sports,General & Visual,J. Frank White Academy (Shashi's team) vs L&N STEM Academy (Jared's team),Shashi,J. Frank White Academy (Shashi's team),Correct,,,,Correct,10,J. Frank White Academy (Shashi's team),1,,,
S40 E55,Round of 16,Bonus,31,"Which Major League Baseball team has a name that refers to evading trolleys in the streets of Brooklyn, New York, in the early 20th century?",The Dodgers,Sports,General & Visual,J. Frank White Academy (Shashi's team) vs L&N STEM Academy (Jared's team),,J. Frank White Academy (Shashi's team),Correct,,,,Correct,20,J. Frank White Academy (Shashi's team),1,,,
S40 E55,Round of 16,Tossup,32,"With the slogan ""I Am a Man,"" what labor action became Dr. Martin Luther King Jr.'s final cause in 1968?",The Memphis sanitation strike,History,Social Studies,J. Frank White Academy (Shashi's team) vs L&N STEM Academy (Jared's team),Shashi,J. Frank White Academy (Shashi's team),Incorrect,Jared,L&N STEM Academy (Jared's team),Incorrect,Missed,0,None given,1,,"Shashi said ""the Civil Unions Act"" and Jared said ""equal opportunity employment""",
S40 E55,Round of 16,Tossup,33,"What toy that caught on as a fad in the 1950s and is still sold today consists of a plastic ring that is twirled around the waist, limbs or neck?",The hula hoop,Miscellaneous,General & Visual,J. Frank White Academy (Shashi's team) vs L&N STEM Academy (Jared's team),Jared,L&N STEM Academy (Jared's team),Incorrect,Shashi,J. Frank White Academy (Shashi's team),Correct,Correct,10,J. Frank White Academy (Shashi's team),1,,"Jared buzzed early and said ""Slinky""",
S40 E55,Round of 16,Bonus,33,"Part 1: What is the name of the element with the chemical symbol No and atomic number 102? | Part 2: The element is named in honor of Alfred Nobel, whose most famous invention is what?",Part 1: Nobelium | Part 2: Dynamite,Visual,General & Visual,J. Frank White Academy (Shashi's team) vs L&N STEM Academy (Jared's team),,J. Frank White Academy (Shashi's team),Correct,,,,Correct,20,J. Frank White Academy (Shashi's team),2,,,
S40 E55,Round of 16,Tossup,34,What is the German word for the color black?,Schwarz,Foreign Language,Foreign Language,J. Frank White Academy (Shashi's team) vs L&N STEM Academy (Jared's team),Shashi,J. Frank White Academy (Shashi's team),Incorrect,,,,Missed,0,None given,1,,Shashi's answer is garbled in the captions; no L&N steal answer captured,
S40 E55,Round of 16,Tossup,35,A figure skater who tucks in his or her arms during a spin will begin turning faster due to the conservation of what form of momentum?,Angular momentum,Physics,Science & Technology,J. Frank White Academy (Shashi's team) vs L&N STEM Academy (Jared's team),Shashi,J. Frank White Academy (Shashi's team),Incorrect,Jared,L&N STEM Academy (Jared's team),Unclear,Unclear,0,None given,1,Yes,"Shashi buzzed early and said ""inertia""; Jared answered ""angular momentum"" and the host said ""rotational momentum is ... in that case"" and moved on without reading a bonus, so the steal ruling is unclear (captions lines 4397-4405)","Toss up in physics. / A figure skater who tucks in his or her- Shashi? / Inertia? / no tucks in his or her arms during a spin will begin turning faster. / due to the conservation of what form of momentum? / Jared? / Angular momentum. / Rotational momentum is In that case, toss up now for all players in geography. / In which state is Hot Springs National Park, Colorado."
S40 E55,Round of 16,Tossup,36,In which state is Hot Springs National Park?,Arkansas,Geography,Social Studies,J. Frank White Academy (Shashi's team) vs L&N STEM Academy (Jared's team),,J. Frank White Academy (Shashi's team),Incorrect,Jared,L&N STEM Academy (Jared's team),Incorrect,Missed,0,None given,1,,J. Frank White's buzzer is not named (the answer was Colorado); Jared said Wyoming,
S40 E55,Round of 16,Tossup,37,What six letter word beginning with Z means a fervent and even militant proponent of something?,Zealot,Vocabulary,Language Arts,J. Frank White Academy (Shashi's team) vs L&N STEM Academy (Jared's team),Jordan,L&N STEM Academy (Jared's team),Correct,,,,Correct,10,L&N STEM Academy (Jared's team),1,,,
S40 E55,Round of 16,Bonus,37,"What nine letter word beginning with P means recurring again and again, or a type of plant lasting for three seasons or more?",Perennial,Vocabulary,Language Arts,J. Frank White Academy (Shashi's team) vs L&N STEM Academy (Jared's team),,L&N STEM Academy (Jared's team),Correct,,,,Correct,20,L&N STEM Academy (Jared's team),1,,,
S40 E55,Round of 16,Tossup,38,"As a fraction, what is two and one half squared?",25/4,Math,Mathematics,J. Frank White Academy (Shashi's team) vs L&N STEM Academy (Jared's team),Shashi,J. Frank White Academy (Shashi's team),Correct,,,,Correct,10,J. Frank White Academy (Shashi's team),1,,,
S40 E55,Round of 16,Bonus,38,The ratio of the measures of the three angles in a triangle is 4:5:6. Find the measures of the smallest and largest angles.,48 degrees and 72 degrees,Visual,General & Visual,J. Frank White Academy (Shashi's team) vs L&N STEM Academy (Jared's team),,J. Frank White Academy (Shashi's team),Correct,,,,Correct,20,J. Frank White Academy (Shashi's team),1,,,
S40 E55,Round of 16,Tossup,39,"What is the term for a material containing hydrocarbons, such as coal, oil or natural gas, that is formed naturally?",A fossil fuel,Science,Science & Technology,J. Frank White Academy (Shashi's team) vs L&N STEM Academy (Jared's team),Shashi,J. Frank White Academy (Shashi's team),Incorrect,Jordan,L&N STEM Academy (Jared's team),Correct,Correct,10,L&N STEM Academy (Jared's team),1,,"Shashi buzzed early and said ""fluorocarbon""",
S40 E55,Round of 16,Bonus,39,"What is the term for the region, occurring at convergent boundaries of tectonic plates, where one plate moves under another and is forced to sink into the earth's mantle?",A subduction zone,Science,Science & Technology,J. Frank White Academy (Shashi's team) vs L&N STEM Academy (Jared's team),,L&N STEM Academy (Jared's team),Incorrect,,,,Missed,0,None given,1,,"the team said ""subversion zone""",
S40 E55,Round of 16,Tossup,40,What is a universal pardon for people who have broken the law?,Amnesty,Government,Social Studies,J. Frank White Academy (Shashi's team) vs L&N STEM Academy (Jared's team),Shashi,J. Frank White Academy (Shashi's team),Correct,,,,Correct,10,J. Frank White Academy (Shashi's team),1,,,
S40 E55,Round of 16,Bonus,40,NATO suggested that the leaks in the Nord Stream pipelines under the Baltic Sea in 2022 were caused by sabotage. The pipelines run between which two countries?,Russia and Germany,Government,Social Studies,J. Frank White Academy (Shashi's team) vs L&N STEM Academy (Jared's team),,J. Frank White Academy (Shashi's team),Correct,,,,Correct,20,J. Frank White Academy (Shashi's team),1,,the team first said Norway,
S40 E55,Round of 16,Tossup,41,"The song ""Once Upon a Dream,"" covered by Lana Del Rey, is from which Disney movie?",Sleeping Beauty,Music,Fine Arts,J. Frank White Academy (Shashi's team) vs L&N STEM Academy (Jared's team),Jared,L&N STEM Academy (Jared's team),Correct,,,,Correct,10,L&N STEM Academy (Jared's team),1,,,
S40 E55,Round of 16,Bonus,41,What now retired opera singer who lives in Knoxville is known for providing the voice of Princess Aurora in Disney's 1959 animated film Sleeping Beauty?,Mary Costa,Music,Fine Arts,J. Frank White Academy (Shashi's team) vs L&N STEM Academy (Jared's team),,L&N STEM Academy (Jared's team),Incorrect,,,,Missed,0,None given,1,,"the team answered with their coach's name, Glenn Arnold",
S40 E55,Round of 16,Tossup,42,"Which president ordered rigorous enforcement of the Fugitive Slave Act of 1850 and, as a former president, ran and lost as a candidate of the Know Nothing Party in 1856?",Millard Fillmore,History,Social Studies,J. Frank White Academy (Shashi's team) vs L&N STEM Academy (Jared's team),Shashi,J. Frank White Academy (Shashi's team),Correct,,,,Correct,10,J. Frank White Academy (Shashi's team),1,,,
S40 E55,Round of 16,Bonus,42,The Republican Party was founded in 1854 by anti-slavery activists who opposed the spread of slavery into the Western territories. They were mainly Free Soilers and former members of what political party?,The Whigs,History,Social Studies,J. Frank White Academy (Shashi's team) vs L&N STEM Academy (Jared's team),,J. Frank White Academy (Shashi's team),Correct,,,,Correct,20,J. Frank White Academy (Shashi's team),1,,,
S40 E55,Round of 16,Tossup,43,Who wrote the novel The Grapes of Wrath?,John Steinbeck,Literature,Language Arts,J. Frank White Academy (Shashi's team) vs L&N STEM Academy (Jared's team),Shashi,J. Frank White Academy (Shashi's team),Correct,,,,Correct,10,J. Frank White Academy (Shashi's team),1,,,
S40 E55,Round of 16,Bonus,43,Part 1: Name the author who created the literary character Ichabod Crane. | Part 2: Name the author who created the literary character Silas Marner.,Part 1: Washington Irving | Part 2: George Eliot,Literature,Language Arts,J. Frank White Academy (Shashi's team) vs L&N STEM Academy (Jared's team),,J. Frank White Academy (Shashi's team),Partial,,,,Partial,10,J. Frank White Academy (Shashi's team),2,,the team said T.S. Eliot for Part 2,
S40 E55,Round of 16,Tossup,44,What 13 letter word beginning with SC is the scientific term that explains what causes stars to twinkle?,Scintillation,Astronomy,Science & Technology,J. Frank White Academy (Shashi's team) vs L&N STEM Academy (Jared's team),Shashi,J. Frank White Academy (Shashi's team),Correct,,,,Correct,10,J. Frank White Academy (Shashi's team),1,,,
S40 E55,Round of 16,Bonus,44,The fundamental law of stellar physics holds that a star's brightness is proportional to which two characteristics of the star?,Temperature and size,Astronomy,Science & Technology,J. Frank White Academy (Shashi's team) vs L&N STEM Academy (Jared's team),,J. Frank White Academy (Shashi's team),Correct,,,,Correct,20,J. Frank White Academy (Shashi's team),1,,,
S40 E55,Round of 16,Tossup,45,The perimeter of a square is 52. What is its area?,169,Geometry,Mathematics,J. Frank White Academy (Shashi's team) vs L&N STEM Academy (Jared's team),Shashi,J. Frank White Academy (Shashi's team),Correct,,,,Correct,10,J. Frank White Academy (Shashi's team),1,,,
S40 E55,Round of 16,Bonus,45,"Part 1: What is the term for statements that must be proven? | Part 2: Spell ""theorem.""",Part 1: Theorems | Part 2: T-H-E-O-R-E-M,Geometry,Mathematics,J. Frank White Academy (Shashi's team) vs L&N STEM Academy (Jared's team),,J. Frank White Academy (Shashi's team),Partial,,,,Partial,10,J. Frank White Academy (Shashi's team),2,,"the team said ""proofs"" for Part 1; the host gave points for the spelling of ""theorems""",
S40 E55,Round of 16,Tossup,46,Which country's 2022 Winter Olympic team won the most gold medals?,Norway,Sports,General & Visual,J. Frank White Academy (Shashi's team) vs L&N STEM Academy (Jared's team),Shashi,J. Frank White Academy (Shashi's team),Correct,,,,Correct,10,J. Frank White Academy (Shashi's team),1,,,
S40 E55,Round of 16,Bonus,46,What sport that originated in the Basque region of Spain involves bouncing a ball off a walled in space by accelerating it to high speeds with a handheld wicker scoop called a cesta?,Jai alai,Sports,General & Visual,J. Frank White Academy (Shashi's team) vs L&N STEM Academy (Jared's team),,J. Frank White Academy (Shashi's team),Correct,,,,Correct,20,J. Frank White Academy (Shashi's team),1,,"the host noted the pronunciation ""high lie""",
S40 E55,Round of 16,Tossup,47,In what European capital city is the Trevi Fountain?,Rome,Geography,Social Studies,J. Frank White Academy (Shashi's team) vs L&N STEM Academy (Jared's team),Shashi,J. Frank White Academy (Shashi's team),Correct,,,,Correct,10,J. Frank White Academy (Shashi's team),1,,,
S40 E55,Round of 16,Bonus,47,Name four of the nine countries that enclose the Baltic Sea.,"Any four of: Finland, Estonia, Latvia, Lithuania, Poland, Germany, Denmark, Sweden, Russia",Geography,Social Studies,J. Frank White Academy (Shashi's team) vs L&N STEM Academy (Jared's team),,J. Frank White Academy (Shashi's team),Correct,,,,Correct,20,J. Frank White Academy (Shashi's team),1,,"the team named Latvia, Estonia, Lithuania and Finland after deferring to Troy",
S40 E55,Round of 16,Tossup,48,"What is the English translation of the French phrase ""Quelle est cette ville""?",What city is this?,Foreign Language,Foreign Language,J. Frank White Academy (Shashi's team) vs L&N STEM Academy (Jared's team),Shashi,J. Frank White Academy (Shashi's team),Incorrect,,,,Missed,0,None given,1,,"Shashi gave a joke answer (""Robert Frost"") to run out the clock; the host said so and the game ended",
S40 E56,Round of 8,Tossup,1,"To avoid the bends, divers breathe pressurized air made up mostly of what gas?",Nitrogen,Health,Science & Technology,Farragut High School vs Dobyns-Bennett High School (Sachin's team),Sachin,Dobyns-Bennett High School (Sachin's team),Incorrect,Tom,Farragut High School,Incorrect,Missed,0,None given,1,,"Sachin buzzed early and said ""SCUBA""; Tom said hydrogen",
S40 E56,Round of 8,Tossup,2,By what name was the disciple Paul of Tarsus known prior to his conversion to Christianity and missionary life?,Saul,Religion,Religion & Mythology,Farragut High School vs Dobyns-Bennett High School (Sachin's team),Leo,Farragut High School,Incorrect,,,,Missed,0,None given,1,,Leo said Andrew; no Dobyns-Bennett steal answer captured,
S40 E56,Round of 8,Tossup,3,Which NFL team is the only team ever to finish the regular season with a perfect undefeated record and win the Super Bowl?,The 1972 Miami Dolphins,Sports,General & Visual,Farragut High School vs Dobyns-Bennett High School (Sachin's team),Sachin,Dobyns-Bennett High School (Sachin's team),Incorrect,Tom,Farragut High School,Incorrect,Missed,0,None given,1,,Sachin said the Patriots and Tom said the Steelers,
S40 E56,Round of 8,Tossup,4,What 11 letter word beginning with Q is a name sometimes given to the element mercury?,Quicksilver,Vocabulary,Language Arts,Farragut High School vs Dobyns-Bennett High School (Sachin's team),Tom,Farragut High School,Correct,,,,Correct,10,Farragut High School,1,,,
S40 E56,Round of 8,Bonus,4,"What does the root word ""nether,"" as in the Netherlands, mean?",Below,Vocabulary,Language Arts,Farragut High School vs Dobyns-Bennett High School (Sachin's team),,Farragut High School,Incorrect,,,,Missed,0,None given,1,,"the team guessed ""above""",
S40 E56,Round of 8,Tossup,5,What is the most active port in Alabama?,Mobile,Geography,Social Studies,Farragut High School vs Dobyns-Bennett High School (Sachin's team),Roshan,Farragut High School,Correct,,,,Correct,10,Farragut High School,1,,,
S40 E56,Round of 8,Bonus,5,Name four of the five states along the Mississippi River's western shore.,"Any four of: Minnesota, Iowa, Missouri, Arkansas, Louisiana",Geography,Social Studies,Farragut High School vs Dobyns-Bennett High School (Sachin's team),,Farragut High School,Partial,,,,Partial,15,Farragut High School,1,,"Leo deferred to Roshan, who named Louisiana, Arkansas, Missouri and Nebraska; three counted for 15 points",
S40 E56,Round of 8,Tossup,6,What is the name for the visible surfaces of the sun and stars?,The photosphere,Astronomy,Science & Technology,Farragut High School vs Dobyns-Bennett High School (Sachin's team),Roshan,Farragut High School,Correct,,,,Correct,10,Farragut High School,1,,,
S40 E56,Round of 8,Bonus,6,"The James Webb Space Telescope is an international collaboration between NASA, the ESA and the CSA. What do ESA and CSA stand for?",European Space Agency and Canadian Space Agency,Astronomy,Science & Technology,Farragut High School vs Dobyns-Bennett High School (Sachin's team),,Farragut High School,Partial,,,,Partial,10,Farragut High School,1,,"the team said ""European Space Agency"" (correct) and ""Chinese Space Agency""",
S40 E56,Round of 8,Tossup,7,How much change is left over after paying an expense of $14.68 with a $20 bill?,$5.32,Math,Mathematics,Farragut High School vs Dobyns-Bennett High School (Sachin's team),Michael,Dobyns-Bennett High School (Sachin's team),Correct,,,,Correct,10,Dobyns-Bennett High School (Sachin's team),1,,,
S40 E56,Round of 8,Bonus,7,"If a person can earn $45 in 12 minutes, how much money can be earned in half an hour?",$112.50,Visual,General & Visual,Farragut High School vs Dobyns-Bennett High School (Sachin's team),Claire,Dobyns-Bennett High School (Sachin's team),Correct,,,,Correct,20,Dobyns-Bennett High School (Sachin's team),1,,Sachin deferred to Claire,
S40 E56,Round of 8,Tossup,8,"Which monument alongside the Tidal Basin in Washington, D.C., honoring a founding father, has a design partially inspired by the honoree's own design for the Rotunda at the University of Virginia?",The Jefferson Memorial,Architecture,Fine Arts,Farragut High School vs Dobyns-Bennett High School (Sachin's team),Sachin,Dobyns-Bennett High School (Sachin's team),Incorrect,,Farragut High School,Incorrect,Missed,0,None given,1,,"Sachin buzzed early and said ""Space Needle""; Farragut's steal buzzer is not named (the answer was ""Washington Monument"")",
S40 E56,Round of 8,Tossup,9,"What is the Spanish phrase for ""see you later""?",Hasta luego,Foreign Language,Foreign Language,Farragut High School vs Dobyns-Bennett High School (Sachin's team),Michael,Dobyns-Bennett High School (Sachin's team),Correct,,,,Correct,10,Dobyns-Bennett High School (Sachin's team),1,,,
S40 E56,Round of 8,Bonus,9,"What is the Spanish word for ""grandfather""?",Abuela,Foreign Language,Foreign Language,Farragut High School vs Dobyns-Bennett High School (Sachin's team),,Dobyns-Bennett High School (Sachin's team),Correct,,,,Correct,20,Dobyns-Bennett High School (Sachin's team),1,Yes,"the captions have the host reading ""grandfather"", but the team answered ""abuela"" and the host ruled it correct for 20 points; the card probably said ""grandmother"" and was misread, or the wrong-gender answer was accepted (captions lines 3577-3582)","And a foreign language bonus. / What is the Spanish word for grandfather? / Abuela. / Yes, is right. / 20 points toss up now in economics. / In what type of bank account does the investor agree to keep money in an account for a specified- Sachin?"
S40 E56,Round of 8,Tossup,10,"In what type of bank account does the investor agree to keep money in an account for a specified length of time without taking a withdrawal, or pay a penalty?",A certificate of deposit (CD),Economics,Social Studies,Farragut High School vs Dobyns-Bennett High School (Sachin's team),Sachin,Dobyns-Bennett High School (Sachin's team),Incorrect,Leo,Farragut High School,Correct,Correct,10,Farragut High School,1,,"Sachin buzzed early and said ""mutual fund""",
S40 E56,Round of 8,Bonus,10,Part 1: What type of metal is the traditional gift for a 25th wedding anniversary? | Part 2: What type of metal is the traditional gift for a 50th wedding anniversary?,Part 1: Silver | Part 2: Gold,Economics,Social Studies,Farragut High School vs Dobyns-Bennett High School (Sachin's team),,Farragut High School,Partial,,,,Partial,10,Farragut High School,2,,"the team said ""gold, platinum"" for Part 2 and the host said it is gold",
S40 E56,Round of 8,Tossup,11,"Brown Turkey, Chicago Hardy and Sylvester are varieties of what fruit?",The fig,Biology,Science & Technology,Farragut High School vs Dobyns-Bennett High School (Sachin's team),Sachin,Dobyns-Bennett High School (Sachin's team),Correct,,,,Correct,10,Dobyns-Bennett High School (Sachin's team),1,,,
S40 E56,Round of 8,Bonus,11,Name the only two types of eagles that breed in the United States.,The golden eagle and the bald eagle,Biology,Science & Technology,Farragut High School vs Dobyns-Bennett High School (Sachin's team),,Dobyns-Bennett High School (Sachin's team),Correct,,,,Correct,20,Dobyns-Bennett High School (Sachin's team),1,,,
S40 E56,Round of 8,Tossup,12,In which year did Abraham Lincoln officially issue the Emancipation Proclamation?,1863,U.S. History,Social Studies,Farragut High School vs Dobyns-Bennett High School (Sachin's team),Michael,Dobyns-Bennett High School (Sachin's team),Correct,,,,Correct,10,Dobyns-Bennett High School (Sachin's team),1,,,
S40 E56,Round of 8,Bonus,12,"In 2023, Sirhan Sirhan was again denied parole at his 17th parole hearing since his conviction for killing which senator and presidential candidate in 1968?",Robert F. Kennedy,U.S. History,Social Studies,Farragut High School vs Dobyns-Bennett High School (Sachin's team),,Dobyns-Bennett High School (Sachin's team),Incorrect,,,,Missed,0,None given,1,,the team said Lyndon Johnson,
S40 E56,Round of 8,Tossup,13,"Whose Symphony No. 6 in F major, Opus 68, is also known as the Pastoral Symphony?",Ludwig van Beethoven,Music,Fine Arts,Farragut High School vs Dobyns-Bennett High School (Sachin's team),Alex,Farragut High School,Incorrect,Michael,Dobyns-Bennett High School (Sachin's team),Incorrect,Missed,0,None given,1,,Alex said Tchaikovsky and Michael said Mozart,
S40 E56,Round of 8,Tossup,14,What was the Roman equivalent of the mythological Greek goddess Aphrodite?,Venus,Mythology,Religion & Mythology,Farragut High School vs Dobyns-Bennett High School (Sachin's team),Sachin,Dobyns-Bennett High School (Sachin's team),Correct,,,,Correct,10,Dobyns-Bennett High School (Sachin's team),1,,,
S40 E56,Round of 8,Bonus,14,"What was the name of one of the Seven Wonders of the Ancient World, a statue of the mythological Greek sun god Helios, depicted here, whose remains people continued to visit for 800 years after its collapse in an earthquake?",The Colossus of Rhodes,Visual,General & Visual,Farragut High School vs Dobyns-Bennett High School (Sachin's team),,Dobyns-Bennett High School (Sachin's team),Correct,,,,Correct,20,Dobyns-Bennett High School (Sachin's team),1,,,
S40 E56,Round of 8,Tossup,15,"What is the term for ancient Egyptian writings, made up of symbols?",Hieroglyphics,History,Social Studies,Farragut High School vs Dobyns-Bennett High School (Sachin's team),Sachin,Dobyns-Bennett High School (Sachin's team),Correct,,,,Correct,10,Dobyns-Bennett High School (Sachin's team),1,,,
S40 E56,Round of 8,Bonus,15,"Name the two beaches where U.S. troops were assigned to land at Normandy on June 6, 1944.",Omaha Beach and Utah Beach,History,Social Studies,Farragut High School vs Dobyns-Bennett High School (Sachin's team),,Dobyns-Bennett High School (Sachin's team),Partial,,,,Partial,10,Dobyns-Bennett High School (Sachin's team),1,,"the team said Omaha and ""Bravo""",
S40 E56,Round of 8,Tossup,16,"Within two degrees, what is the angle of tilt of the Earth's axis?",About 23.4 degrees,Geology,Science & Technology,Farragut High School vs Dobyns-Bennett High School (Sachin's team),Roshan,Farragut High School,Correct,,,,Correct,10,Farragut High School,1,,Roshan said 23.5 and the host accepted it,
S40 E56,Round of 8,Bonus,16,"A volcano that had been dormant for 6,000 years erupted in 2021 and again in 2022 near what city, the capital of Iceland?",Reykjavik,Geology,Science & Technology,Farragut High School vs Dobyns-Bennett High School (Sachin's team),,Farragut High School,Correct,,,,Correct,20,Farragut High School,1,,,
S40 E56,Round of 8,Tossup,17,What is the simplified form of the product of four square root of five times two square root of five?,40,Algebra,Mathematics,Farragut High School vs Dobyns-Bennett High School (Sachin's team),Alex,Farragut High School,Incorrect,Adam,Dobyns-Bennett High School (Sachin's team),Correct,Correct,10,Dobyns-Bennett High School (Sachin's team),1,,Alex said 30,
S40 E56,Round of 8,Bonus,17,Give the two solutions for the variable x in the equation x squared + 63 = 16x.,x = 7 and x = 9,Algebra,Mathematics,Farragut High School vs Dobyns-Bennett High School (Sachin's team),,Dobyns-Bennett High School (Sachin's team),Correct,,,,Correct,20,Dobyns-Bennett High School (Sachin's team),1,,,
S40 E56,Round of 8,Tossup,18,Which state has six times more airplane pilots per capita than anywhere else in the United States?,Alaska,Miscellaneous,General & Visual,Farragut High School vs Dobyns-Bennett High School (Sachin's team),Claire,Dobyns-Bennett High School (Sachin's team),Incorrect,Roshan,Farragut High School,Incorrect,Missed,0,None given,1,,Claire said Colorado and Roshan said Illinois (out of time),
S40 E56,Round of 8,Tossup,19,"An entomologist studies insects. Spell ""entomologist.""",E-N-T-O-M-O-L-O-G-I-S-T,Vocabulary,Language Arts,Farragut High School vs Dobyns-Bennett High School (Sachin's team),Roshan,Farragut High School,Incorrect,Claire,Dobyns-Bennett High School (Sachin's team),Incorrect,Missed,0,None given,1,,Roshan had no answer; Claire spelled it E-N-T-Y-M-O-L-O-G-I-S-T,
S40 E56,Round of 8,Tossup,20,What is the term for a legal procedure in which a person's earnings are required by court order to be withheld by an employer for the payment of a debt such as child support?,Garnishment,Government,Social Studies,Farragut High School vs Dobyns-Bennett High School (Sachin's team),Michael,Dobyns-Bennett High School (Sachin's team),Incorrect,,Farragut High School,Incorrect,Missed,0,None given,1,,"Michael buzzed early and said ""affidavit""; Farragut looked at each other on the steal and was disqualified",
S40 E56,Round of 8,Tossup,21,"What is the SI unit for all energy, including heat?",The joule,Science,Science & Technology,Farragut High School vs Dobyns-Bennett High School (Sachin's team),Roshan,Farragut High School,Correct,,,,Correct,10,Farragut High School,1,,"the captions render the answer as ""Jules""",
S40 E56,Round of 8,Bonus,21,Part 1: What is the SI unit of measurement for temperature? | Part 2: What is the SI unit of amount of substance?,Part 1: The kelvin | Part 2: The mole,Science,Science & Technology,Farragut High School vs Dobyns-Bennett High School (Sachin's team),,Farragut High School,Correct,,,,Correct,20,Farragut High School,2,,,
S40 E56,Round of 8,Tossup,22,"In 1911, which British physicist proposed a nuclear model of the atom that says the central part of the atom carries a positive charge?",Ernest Rutherford,Chemistry,Science & Technology,Farragut High School vs Dobyns-Bennett High School (Sachin's team),Roshan,Farragut High School,Incorrect,Michael,Dobyns-Bennett High School (Sachin's team),Correct,Correct,10,Dobyns-Bennett High School (Sachin's team),1,,Roshan said Niels Bohr,
S40 E56,Round of 8,Bonus,22,"By 2022, a growing demand for electric vehicle batteries spurred more than 17,000 prospecting claims in Nevada, the location of the only major mine in the U.S. for which chemical element, with atomic number three and symbol Li?",Lithium,Chemistry,Science & Technology,Farragut High School vs Dobyns-Bennett High School (Sachin's team),,Dobyns-Bennett High School (Sachin's team),Correct,,,,Correct,20,Dobyns-Bennett High School (Sachin's team),1,,,
S40 E56,Round of 8,Tossup,23,What volcanic mountain is sacred to followers of Shinto?,Mount Fuji,Religion,Religion & Mythology,Farragut High School vs Dobyns-Bennett High School (Sachin's team),Alex,Farragut High School,Incorrect,Sachin,Dobyns-Bennett High School (Sachin's team),Incorrect,Missed,0,None given,1,,"Alex said Mount Sinai and Sachin said ""Fiji""",
S40 E56,Round of 8,Tossup,24,What epic poem ends with Hector's funeral?,The Iliad,Literature,Language Arts,Farragut High School vs Dobyns-Bennett High School (Sachin's team),Sachin,Dobyns-Bennett High School (Sachin's team),Correct,,,,Correct,10,Dobyns-Bennett High School (Sachin's team),1,,,
S40 E56,Round of 8,Bonus,24,"When speaking to a climate conference in Glasgow, Barack Obama quoted Shakespeare and referred to him as the Bard, which disappointed Scots because Shakespeare is the Bard of England. Who is considered the Bard of Scotland?",Robert Burns,Literature,Language Arts,Farragut High School vs Dobyns-Bennett High School (Sachin's team),,Dobyns-Bennett High School (Sachin's team),Incorrect,,,,Missed,0,None given,1,,"the team said ""Joseph Smith""",
S40 E56,Round of 8,Tossup,25,"Both Adamses, both Roosevelts and John F. Kennedy received their bachelor's degrees from what college?",Harvard,U.S. History,Social Studies,Farragut High School vs Dobyns-Bennett High School (Sachin's team),Sachin,Dobyns-Bennett High School (Sachin's team),Correct,,,,Correct,10,Dobyns-Bennett High School (Sachin's team),1,,,
S40 E56,Round of 8,Bonus,25,Name two of the five living former vice presidents of the U.S.,"Any two of: Dan Quayle, Al Gore, Dick Cheney, Joe Biden, Mike Pence",U.S. History,Social Studies,Farragut High School vs Dobyns-Bennett High School (Sachin's team),,Dobyns-Bennett High School (Sachin's team),Correct,,,,Correct,20,Dobyns-Bennett High School (Sachin's team),1,,"the team named Pence, Gore and Biden",
S40 E56,Round of 8,Tossup,26,Name the group of peptide hormones produced in the pituitary gland and central nervous system that act on the opiate receptors of the brain.,Endorphins,Health,Science & Technology,Farragut High School vs Dobyns-Bennett High School (Sachin's team),Sachin,Dobyns-Bennett High School (Sachin's team),Incorrect,Roshan,Farragut High School,Correct,Correct,10,Farragut High School,1,,"Sachin buzzed early and said ""antibodies""; the half ended before the bonus",
S40 E56,Round of 8,Tossup,27,Find the limit of 4x over 2x as x approaches three.,2,Pre-Calculus,Mathematics,Farragut High School vs Dobyns-Bennett High School (Sachin's team),Claire,Dobyns-Bennett High School (Sachin's team),Correct,,,,Correct,10,Dobyns-Bennett High School (Sachin's team),1,,,
S40 E56,Round of 8,Bonus,27,"What numerical method of determining the definite integral of a function involves finding the average of the left and right Riemann sums, resulting in a trapezoid shape for each strip?",The trapezoidal rule,Pre-Calculus,Mathematics,Farragut High School vs Dobyns-Bennett High School (Sachin's team),,Dobyns-Bennett High School (Sachin's team),Correct,,,,Correct,20,Dobyns-Bennett High School (Sachin's team),1,,,
S40 E56,Round of 8,Tossup,28,"A famous sculpture in New York City, located in Rockefeller Center across the street from Saint Patrick's Cathedral, depicts what mythological Greek titan holding the universe on his shoulders?",Atlas,Art,Fine Arts,Farragut High School vs Dobyns-Bennett High School (Sachin's team),Claire,Dobyns-Bennett High School (Sachin's team),Correct,,,,Correct,10,Dobyns-Bennett High School (Sachin's team),1,,,
S40 E56,Round of 8,Bonus,28,"Part 1: Which French sculptor designed the statue originally known as ""Liberty Enlightening the World,"" seen here? | Part 2: Who wrote ""The New Colossus,"" the sonnet on a plaque inside the pedestal that begins ""Give me your tired, your poor""?",Part 1: Frederic Auguste Bartholdi | Part 2: Emma Lazarus,Visual,General & Visual,Farragut High School vs Dobyns-Bennett High School (Sachin's team),,Dobyns-Bennett High School (Sachin's team),Incorrect,,,,Missed,0,None given,2,,the team guessed a garbled name for Part 1 and Plato/Robert Frost for Part 2,
S40 E56,Round of 8,Tossup,29,"What eight letter word beginning with A is a synonym for ""proponent""?",Advocate,English,Language Arts,Farragut High School vs Dobyns-Bennett High School (Sachin's team),Tom,Farragut High School,Incorrect,,,,Missed,0,None given,1,,"Tom said ""assistant""; no Dobyns-Bennett steal answer captured",
S40 E56,Round of 8,Tossup,30,55% of the population of Indonesia lives on which island?,Java,Geography,Social Studies,Farragut High School vs Dobyns-Bennett High School (Sachin's team),Sachin,Dobyns-Bennett High School (Sachin's team),Correct,,,,Correct,10,Dobyns-Bennett High School (Sachin's team),1,,,
S40 E56,Round of 8,Bonus,30,Part 1: What South American country has Asuncion as its capital? | Part 2: What South American country has Quito as its capital?,Part 1: Paraguay | Part 2: Ecuador,Geography,Social Studies,Farragut High School vs Dobyns-Bennett High School (Sachin's team),,Dobyns-Bennett High School (Sachin's team),Correct,,,,Correct,20,Dobyns-Bennett High School (Sachin's team),2,,,
S40 E56,Round of 8,Tossup,31,The keyboard shortcut Control+R is commonly used in web browsers to do what?,Refresh the page,Technology,Science & Technology,Farragut High School vs Dobyns-Bennett High School (Sachin's team),Alex,Farragut High School,Correct,,,,Correct,10,Farragut High School,1,,,
S40 E56,Round of 8,Bonus,31,"In home technology, what do the letters in the abbreviation HVAC represent?","Heating, ventilation and air conditioning",Technology,Science & Technology,Farragut High School vs Dobyns-Bennett High School (Sachin's team),,Farragut High School,Partial,,,,Partial,15,Farragut High School,1,,"the team gave ""ventilation and air conditioning"" and left out heating; the host gave 15 points",
S40 E56,Round of 8,Tossup,32,"Louis Henry Sullivan used the credo ""form follows function,"" and he has been called the father of what type of buildings?",Skyscrapers,Architecture,Fine Arts,Farragut High School vs Dobyns-Bennett High School (Sachin's team),Roshan,Farragut High School,Incorrect,Michael,Dobyns-Bennett High School (Sachin's team),Correct,Correct,10,Dobyns-Bennett High School (Sachin's team),1,,"Roshan's answer (""buildings known for their height"") was not accepted",
S40 E56,Round of 8,Bonus,32,"In 2023, Greece began limiting the number of visitors per day at which Athens landmark, the most complete ancient Greek monumental complex?",The Acropolis,Architecture,Fine Arts,Farragut High School vs Dobyns-Bennett High School (Sachin's team),,Dobyns-Bennett High School (Sachin's team),Correct,,,,Correct,20,Dobyns-Bennett High School (Sachin's team),1,,,
S40 E56,Round of 8,Tossup,33,"What is a musical work in which a solo instrument like a piano or violin is featured, alternately contrasting and blending with an orchestra?",A concerto,Music,Fine Arts,Farragut High School vs Dobyns-Bennett High School (Sachin's team),Tom,Farragut High School,Correct,,,,Correct,10,Farragut High School,1,,,
S40 E56,Round of 8,Bonus,33,What is the interval in the key of C major between D and G?,A perfect fourth,Music,Fine Arts,Farragut High School vs Dobyns-Bennett High School (Sachin's team),,Farragut High School,Correct,,,,Correct,20,Farragut High School,1,,"the team debated ""fourth"" and ""perfect fourth"" and the host accepted it",
S40 E56,Round of 8,Tossup,34,"Spell the word ""reconnaissance,"" which means a military observation of a region.",R-E-C-O-N-N-A-I-S-S-A-N-C-E,Spelling,Language Arts,Farragut High School vs Dobyns-Bennett High School (Sachin's team),Sachin,Dobyns-Bennett High School (Sachin's team),Correct,,,,Correct,10,Dobyns-Bennett High School (Sachin's team),1,,,
S40 E56,Round of 8,Bonus,34,"Part 1: Spell ""Taurus,"" as in the constellation and the zodiac sign. | Part 2: Spell ""torus,"" as in a donut shaped object.",Part 1: T-A-U-R-U-S | Part 2: T-O-R-U-S,Spelling,Language Arts,Farragut High School vs Dobyns-Bennett High School (Sachin's team),,Dobyns-Bennett High School (Sachin's team),Unclear,,,,Unclear,,Dobyns-Bennett High School (Sachin's team),2,Yes,"the team's first spelling of Taurus was garbled in the captions and the host said he did not know if the judges would give it since the first answer must be taken; Part 2 was misspelled ""T-O-R-I-S""; the ruling is not stated",
S40 E56,Round of 8,Tossup,35,"What word beginning with the letter K means an illegal payment to someone for approving a purchase, contract or job security?",Kickback,Economics,Social Studies,Farragut High School vs Dobyns-Bennett High School (Sachin's team),Sachin,Dobyns-Bennett High School (Sachin's team),Incorrect,Roshan,Farragut High School,Correct,Correct,10,Farragut High School,1,,"Sachin said ""kickout""",
S40 E56,Round of 8,Bonus,35,"Part 1: Who was the first woman to be featured as a solo subject on U.S. federal currency, on the $1 silver certificate in 1886? | Part 2: The baptism of what Native American woman, featured in a painting by John Gadsby Chapman, was reproduced on the back of a $20 First Charter Period National Bank Note?",Part 1: Martha Washington | Part 2: Pocahontas,Economics,Social Studies,Farragut High School vs Dobyns-Bennett High School (Sachin's team),,Farragut High School,Incorrect,,,,Missed,0,None given,2,,the team said Harriet Tubman and Sacagawea,
S40 E56,Round of 8,Tossup,36,What is the symbol for bismuth?,Bi,Chemistry,Science & Technology,Farragut High School vs Dobyns-Bennett High School (Sachin's team),Roshan,Farragut High School,Correct,,,,Correct,10,Farragut High School,1,,,
S40 E56,Round of 8,Bonus,36,Which element's electron configuration is argon 3d6 4s2?,Iron,Chemistry,Science & Technology,Farragut High School vs Dobyns-Bennett High School (Sachin's team),,Farragut High School,Incorrect,,,,Missed,0,None given,1,,the team said nickel,
S40 E56,Round of 8,Tossup,37,The measure of a base angle of an isosceles triangle is 32 degrees. Give the measure of its vertex angle.,116 degrees,Geometry,Mathematics,Farragut High School vs Dobyns-Bennett High School (Sachin's team),Alex,Farragut High School,Correct,,,,Correct,10,Farragut High School,1,,,
S40 E56,Round of 8,Bonus,37,"What is the midpoint, in fraction form, between three quarters and one half on the number line?",5/8,Geometry,Mathematics,Farragut High School vs Dobyns-Bennett High School (Sachin's team),,Farragut High School,Correct,,,,Correct,20,Farragut High School,1,,,
S40 E56,Round of 8,Tossup,38,"What term applied to art comes from the French military term meaning ""advance guard""?",Avant-garde,Art,Fine Arts,Farragut High School vs Dobyns-Bennett High School (Sachin's team),Tom,Farragut High School,Correct,,,,Correct,10,Farragut High School,1,,"the captions render the answer as ""Avantgard""",
S40 E56,Round of 8,Bonus,38,Which French post-impressionist painted the self-portrait with halo and snake shown here?,Paul Gauguin,Visual,General & Visual,Farragut High School vs Dobyns-Bennett High School (Sachin's team),,Farragut High School,Incorrect,,,,Missed,0,None given,1,,the team said Monet,
S40 E56,Round of 8,Tossup,39,Fish is to fin as bird is to what?,Wing,Vocabulary,Language Arts,Farragut High School vs Dobyns-Bennett High School (Sachin's team),Roshan,Farragut High School,Correct,,,,Correct,10,Farragut High School,1,,,
S40 E56,Round of 8,Bonus,39,Part 1: What eight letter word beginning with D means hardworking and persevering? | Part 2: Spell that word.,Part 1: Diligent | Part 2: D-I-L-I-G-E-N-T,Vocabulary,Language Arts,Farragut High School vs Dobyns-Bennett High School (Sachin's team),,Farragut High School,Correct,,,,Correct,20,Farragut High School,2,,Roshan deferred to Tom for the spelling,
S40 E56,Round of 8,Tossup,40,"In 1835, for the first and only time in U.S. history, the national debt was paid off by which president, who thought debt could destroy the liberty of our country?",Andrew Jackson,U.S. History,Social Studies,Farragut High School vs Dobyns-Bennett High School (Sachin's team),Roshan,Farragut High School,Correct,,,,Correct,10,Farragut High School,1,,,
S40 E56,Round of 8,Bonus,40,Which four vice presidents became president because of the assassination of their predecessors?,"Andrew Johnson, Lyndon Johnson, Theodore Roosevelt and Chester Arthur",U.S. History,Social Studies,Farragut High School vs Dobyns-Bennett High School (Sachin's team),Roshan,Farragut High School,Correct,,,,Correct,20,Farragut High School,1,,Leo deferred to Roshan,
S40 E56,Round of 8,Tossup,41,What term describes the emission of light by a living organism?,Bioluminescence,Biology,Science & Technology,Farragut High School vs Dobyns-Bennett High School (Sachin's team),Alex,Farragut High School,Correct,,,,Correct,10,Farragut High School,1,,,
S40 E56,Round of 8,Bonus,41,Part 1: What type of skeleton do earthworms and jellyfish have? | Part 2: What type of skeleton do lobsters and crabs have?,Part 1: A hydrostatic skeleton | Part 2: An exoskeleton,Biology,Science & Technology,Farragut High School vs Dobyns-Bennett High School (Sachin's team),,Farragut High School,Correct,,,,Correct,20,Farragut High School,2,,,
S40 E56,Round of 8,Tossup,42,"Which U.S. president granted a full, free and absolute pardon to Richard Nixon?",Gerald Ford,Government,Social Studies,Farragut High School vs Dobyns-Bennett High School (Sachin's team),Claire,Dobyns-Bennett High School (Sachin's team),Correct,,,,Correct,10,Dobyns-Bennett High School (Sachin's team),1,,,
S40 E56,Round of 8,Bonus,42,"Serbia was among the few countries that did not require entry visas for Cubans, but in 2023 it revoked the open travel arrangement used for decades by Cubans seeking asylum in Europe. Serbia was part of what former communist-run federation of six republics?",Yugoslavia,Government,Social Studies,Farragut High School vs Dobyns-Bennett High School (Sachin's team),,Dobyns-Bennett High School (Sachin's team),Correct,,,,Correct,20,Dobyns-Bennett High School (Sachin's team),1,,,
S40 E56,Round of 8,Tossup,43,What famous Norwegian painting inspired Halloween masks and a series of horror movies?,The Scream,Art,Fine Arts,Farragut High School vs Dobyns-Bennett High School (Sachin's team),Sachin,Dobyns-Bennett High School (Sachin's team),Correct,,,,Correct,10,Dobyns-Bennett High School (Sachin's team),1,,,
S40 E56,Round of 8,Bonus,43,"The over-commercialization of a seven city tour of Egyptian artifacts, including the gold burial mask of a well-known 18th dynasty pharaoh, was parodied in what 1978 Steve Martin song?","""King Tut""",Art,Fine Arts,Farragut High School vs Dobyns-Bennett High School (Sachin's team),,Dobyns-Bennett High School (Sachin's team),Correct,,,,Correct,20,Dobyns-Bennett High School (Sachin's team),1,,,
S40 E56,Round of 8,Tossup,44,"What is the English translation of the French phrase ""Ou est le musee?""",Where is the museum?,Foreign Language,Foreign Language,Farragut High School vs Dobyns-Bennett High School (Sachin's team),Leo,Farragut High School,Correct,,,,Correct,10,Farragut High School,1,,,
S40 E56,Round of 8,Bonus,44,"Part 1: What is the word for ""juice"" in Latin? | Part 2: What is the word for ""juice"" in German?",Part 1: Succus | Part 2: Saft,Foreign Language,Foreign Language,Farragut High School vs Dobyns-Bennett High School (Sachin's team),,Farragut High School,Incorrect,,,,Missed,0,None given,2,,"the team answered ""juice"" for both parts",
S40 E56,Round of 8,Tossup,45,Which explorer is credited as the first European to reach Hawaii?,James Cook,History,Social Studies,Farragut High School vs Dobyns-Bennett High School (Sachin's team),,Farragut High School,Incorrect,Sachin,Dobyns-Bennett High School (Sachin's team),Correct,Correct,10,Dobyns-Bennett High School (Sachin's team),1,,"a Farragut player blurted ""Marco Polo"" and the host noted he had not been called on",
S40 E56,Round of 8,Bonus,45,Who was the Russian holy man killed in 1916 by Russian nobles eager to end his influence over the royal family?,Rasputin,World History,Social Studies,Farragut High School vs Dobyns-Bennett High School (Sachin's team),,Dobyns-Bennett High School (Sachin's team),Correct,,,,Correct,20,Dobyns-Bennett High School (Sachin's team),1,,,
S40 E56,Round of 8,Tossup,46,What mental illness that causes unusual shifts in mood and ability to function was formerly called manic depression?,Bipolar disorder,Health,Science & Technology,Farragut High School vs Dobyns-Bennett High School (Sachin's team),Roshan,Farragut High School,Correct,,,,Correct,10,Farragut High School,1,,,
S40 E56,Round of 8,Bonus,46,Part 1: What insect is responsible for transmitting yellow fever? | Part 2: What insect is responsible for transmitting Lyme disease?,Part 1: The mosquito | Part 2: The tick,Health,Science & Technology,Farragut High School vs Dobyns-Bennett High School (Sachin's team),,Farragut High School,Correct,,,,Correct,20,Farragut High School,2,,,
S40 E56,Round of 8,Tossup,47,What conic section graph is represented by 9x squared + 9y squared = 81?,A circle,Algebra,Mathematics,Farragut High School vs Dobyns-Bennett High School (Sachin's team),Michael,Dobyns-Bennett High School (Sachin's team),Correct,,,,Correct,10,Dobyns-Bennett High School (Sachin's team),1,,,
S40 E56,Round of 8,Bonus,47,What is the value of four raised to the one half power added to the value of 27 raised to the one third power?,5,Algebra,Mathematics,Farragut High School vs Dobyns-Bennett High School (Sachin's team),,Dobyns-Bennett High School (Sachin's team),Correct,,,,Correct,20,Dobyns-Bennett High School (Sachin's team),1,,,
S40 E56,Round of 8,Tossup,48,Who composed the comic opera The Marriage of Figaro?,Wolfgang Amadeus Mozart,Music,Fine Arts,Farragut High School vs Dobyns-Bennett High School (Sachin's team),Claire,Dobyns-Bennett High School (Sachin's team),Correct,,,,Correct,10,Dobyns-Bennett High School (Sachin's team),1,,"Claire said ""Mozart"" and it was accepted",
S40 E56,Round of 8,Bonus,48,What is the style of accompanied solo that imitates the rhythm and tones of speech?,Recitative,Music,Fine Arts,Farragut High School vs Dobyns-Bennett High School (Sachin's team),,Dobyns-Bennett High School (Sachin's team),Incorrect,,,,Missed,0,None given,1,,"the team said ""soliloquy""",
S40 E56,Round of 8,Tossup,49,What was the name of Dr. Seuss's egg hatching elephant?,Horton,Literature,Language Arts,Farragut High School vs Dobyns-Bennett High School (Sachin's team),Michael,Dobyns-Bennett High School (Sachin's team),Correct,,,,Correct,10,Dobyns-Bennett High School (Sachin's team),1,,the game ended before the bonus could be read,
S40 E57,Round of 8,Tossup,1,"What is the English translation of the Spanish phrase ""Hasta mañana""?",See you tomorrow,Foreign Language,Foreign Language,Hardin Valley Academy (David's team) vs Webb School of Knoxville (Penny's team),Zach,Hardin Valley Academy (David's team),Correct,,,,Correct,10,Hardin Valley Academy (David's team),1,,,
S40 E57,Round of 8,Bonus,1,"Translate ""requiescat in pace"" from Latin to English.",Rest in peace,Foreign Language,Foreign Language,Hardin Valley Academy (David's team) vs Webb School of Knoxville (Penny's team),,Hardin Valley Academy (David's team),Incorrect,,,,Missed,0,None given,1,,"the captions render the phrase as ""requiescot empache""; the team guessed ""recipes""",
S40 E57,Round of 8,Tossup,2,Which element's electron configuration is helium 2s2 2p4?,Oxygen,Chemistry,Science & Technology,Hardin Valley Academy (David's team) vs Webb School of Knoxville (Penny's team),Zach,Hardin Valley Academy (David's team),Correct,,,,Correct,10,Hardin Valley Academy (David's team),1,,"Zach buzzed before the end of the question; the host said ""2p4 is where I was going""",
S40 E57,Round of 8,Bonus,2,What type of chemical bond is formed when electrons are completely transferred from one element to another?,Ionic bond,Chemistry,Science & Technology,Hardin Valley Academy (David's team) vs Webb School of Knoxville (Penny's team),,Hardin Valley Academy (David's team),Correct,,,,Correct,20,Hardin Valley Academy (David's team),1,,"the host said ""electrovalent"" would also be taken",
S40 E57,Round of 8,Tossup,3,"The bite from what insect causes human African trypanosomiasis, commonly called sleeping sickness?",The tsetse fly,Health,Science & Technology,Hardin Valley Academy (David's team) vs Webb School of Knoxville (Penny's team),James,Webb School of Knoxville (Penny's team),Incorrect,Zach,Hardin Valley Academy (David's team),Incorrect,Missed,0,None given,1,,James said mosquito and Zach said the kissing bug,
S40 E57,Round of 8,Tossup,4,"Which musical includes the songs ""Heaven on Their Minds"" and ""I Don't Know How to Love Him""?",Jesus Christ Superstar,Music,Fine Arts,Hardin Valley Academy (David's team) vs Webb School of Knoxville (Penny's team),Zach,Hardin Valley Academy (David's team),Correct,,,,Correct,10,Hardin Valley Academy (David's team),1,,,
S40 E57,Round of 8,Bonus,4,Peter Tchaikovsky was the composer of three well-known ballets. Name two.,"Any two of: Swan Lake, The Nutcracker, Sleeping Beauty",Music,Fine Arts,Hardin Valley Academy (David's team) vs Webb School of Knoxville (Penny's team),,Hardin Valley Academy (David's team),Correct,,,,Correct,20,Hardin Valley Academy (David's team),1,,the team named all three,
S40 E57,Round of 8,Tossup,5,Bhutan is part of what ancient network of trade routes connecting the East and West?,The Silk Road,Geography,Social Studies,Hardin Valley Academy (David's team) vs Webb School of Knoxville (Penny's team),Zach,Hardin Valley Academy (David's team),Correct,,,,Correct,10,Hardin Valley Academy (David's team),1,,Zach buzzed before the end of the question,
S40 E57,Round of 8,Bonus,5,The delta shown here covers over 150 miles of Mediterranean coastline and is the mouth of what river that flows south to north?,The Nile River,Visual,General & Visual,Hardin Valley Academy (David's team) vs Webb School of Knoxville (Penny's team),,Hardin Valley Academy (David's team),Correct,,,,Correct,20,Hardin Valley Academy (David's team),1,,,
S40 E57,Round of 8,Tossup,6,"In the novel Fahrenheit 451, how many times can the phoenix be reborn from the ashes?",Infinitely many,Literature,Language Arts,Hardin Valley Academy (David's team) vs Webb School of Knoxville (Penny's team),Zach,Hardin Valley Academy (David's team),Correct,,,,Correct,10,Hardin Valley Academy (David's team),1,,,
S40 E57,Round of 8,Bonus,6,"Part 1: What book begins with, ""Mr. and Mrs. Dursley, of number four, Privet Drive, were proud to say that they were perfectly normal, thank you very much""? | Part 2: What is the title of the British version?",Part 1: Harry Potter and the Sorcerer's Stone | Part 2: Harry Potter and the Philosopher's Stone,Literature,Language Arts,Hardin Valley Academy (David's team) vs Webb School of Knoxville (Penny's team),,Hardin Valley Academy (David's team),Correct,,,,Correct,20,Hardin Valley Academy (David's team),2,,,
S40 E57,Round of 8,Tossup,7,Which precious gem is named after the color of seawater and is the blue green member of the beryl family?,Aquamarine,Geology,Science & Technology,Hardin Valley Academy (David's team) vs Webb School of Knoxville (Penny's team),Zach,Hardin Valley Academy (David's team),Incorrect,James,Webb School of Knoxville (Penny's team),Correct,Correct,10,Webb School of Knoxville (Penny's team),1,,"Zach buzzed early and said sapphire; the captions render ""beryl"" as ""Barrel""",
S40 E57,Round of 8,Bonus,7,Part 1: During which geologic period did the first fish appear? | Part 2: During which geologic period did modern humans develop?,Part 1: The Cambrian period | Part 2: The Quaternary period,Geology,Science & Technology,Hardin Valley Academy (David's team) vs Webb School of Knoxville (Penny's team),,Webb School of Knoxville (Penny's team),Incorrect,,,,Missed,0,None given,2,,"Part 1's answer is garbled in the captions and the host gave ""Cambrian"" as the correction; Part 2 was ""Paleolithic""; no points were awarded",
S40 E57,Round of 8,Tossup,8,The area of a triangle is 70 square inches. Give the length of the altitude to a ten inch base in this triangle.,14 inches,Geometry,Mathematics,Hardin Valley Academy (David's team) vs Webb School of Knoxville (Penny's team),Sam,Webb School of Knoxville (Penny's team),Correct,,,,Correct,10,Webb School of Knoxville (Penny's team),1,,,
S40 E57,Round of 8,Bonus,8,"A line segment has a midpoint located at (4, 2) and an endpoint at (-4, 5). Name both the x and y coordinates of the other endpoint.","(12, -1)",Geometry,Mathematics,Hardin Valley Academy (David's team) vs Webb School of Knoxville (Penny's team),,Webb School of Knoxville (Penny's team),Correct,,,,Correct,20,Webb School of Knoxville (Penny's team),1,,"the team (Penny deferred to Sam) said ""positive 12, negative one""; the host first ruled no points because he had misread the question, but Webb successfully challenged during halftime and 20 points were added",
S40 E57,Round of 8,Tossup,9,In what city is the Air Force Academy located?,"Colorado Springs, Colorado",Miscellaneous,General & Visual,Hardin Valley Academy (David's team) vs Webb School of Knoxville (Penny's team),Penny,Webb School of Knoxville (Penny's team),Correct,,,,Correct,10,Webb School of Knoxville (Penny's team),1,,,
S40 E57,Round of 8,Bonus,9,In what city and state is Brown University located?,"Providence, Rhode Island",Miscellaneous,General & Visual,Hardin Valley Academy (David's team) vs Webb School of Knoxville (Penny's team),,Webb School of Knoxville (Penny's team),Correct,,,,Correct,20,Webb School of Knoxville (Penny's team),1,,,
S40 E57,Round of 8,Tossup,10,"Which U.S. president coined the name ""United Nations""?",Franklin D. Roosevelt,U.S. History,Social Studies,Hardin Valley Academy (David's team) vs Webb School of Knoxville (Penny's team),Zach,Hardin Valley Academy (David's team),Correct,,,,Correct,10,Hardin Valley Academy (David's team),1,,"Zach answered ""FDR""",
S40 E57,Round of 8,Bonus,10,Part 1: In which state was the Battle of Little Bighorn fought? | Part 2: What did the Lakota and other Plains Indians call that battle?,Part 1: Montana | Part 2: The Battle of the Greasy Grass,U.S. History,Social Studies,Hardin Valley Academy (David's team) vs Webb School of Knoxville (Penny's team),,Hardin Valley Academy (David's team),Partial,,,,Partial,10,Hardin Valley Academy (David's team),2,,"Part 1 was Montana; for Part 2 David deferred to Brock, who said ""the Battle of Tears""",
S40 E57,Round of 8,Tossup,11,"What is the science that deals with the study, design and application of machines to perform repetitive or dangerous tasks?",Robotics,Science,Science & Technology,Hardin Valley Academy (David's team) vs Webb School of Knoxville (Penny's team),Zach,Hardin Valley Academy (David's team),Correct,,,,Correct,10,Hardin Valley Academy (David's team),1,,Zach buzzed before the end of the question,
S40 E57,Round of 8,Bonus,11,What scientific principle explains why objects in a fluid experience a buoyant force equal to the weight of the displaced fluid?,Archimedes' principle,Visual,General & Visual,Hardin Valley Academy (David's team) vs Webb School of Knoxville (Penny's team),,Hardin Valley Academy (David's team),Incorrect,,,,Missed,0,None given,1,,"the team said ""buoyancy"" after rejecting Bernoulli's principle",
S40 E57,Round of 8,Tossup,12,"What is the common color name for ""or,"" the heraldry color of generosity?",Gold,Art,Fine Arts,Hardin Valley Academy (David's team) vs Webb School of Knoxville (Penny's team),Zach,Hardin Valley Academy (David's team),Correct,,,,Correct,10,Hardin Valley Academy (David's team),1,,"Zach buzzed after ""or"" and the host finished reading the question",
S40 E57,Round of 8,Bonus,12,"In 2023, scientists discovered that the material used by African metalsmiths to sculpt thousands of artworks between the 16th and 19th centuries was, before being melted down by the artists in Benin, made into rings and bracelets used as currency during the slave trade and made from what metal alloy, traditionally consisting of copper and tin, that had been mined in Germany?",Bronze,Art,Fine Arts,Hardin Valley Academy (David's team) vs Webb School of Knoxville (Penny's team),,Hardin Valley Academy (David's team),Correct,,,,Correct,20,Hardin Valley Academy (David's team),1,,,
S40 E57,Round of 8,Tossup,13,Which horse race is the first in the Triple Crown?,The Kentucky Derby,Sports,General & Visual,Hardin Valley Academy (David's team) vs Webb School of Knoxville (Penny's team),Jackson,Webb School of Knoxville (Penny's team),Correct,,,,Correct,10,Webb School of Knoxville (Penny's team),1,,,
S40 E57,Round of 8,Bonus,13,Part 1: In what sport did Shaun White win three Olympic gold medals? | Part 2: In what sport did Katie Ledecky win seven Olympic gold medals and 21 world championships?,Part 1: Snowboarding | Part 2: Swimming,Sports,General & Visual,Hardin Valley Academy (David's team) vs Webb School of Knoxville (Penny's team),,Webb School of Knoxville (Penny's team),Correct,,,,Correct,20,Webb School of Knoxville (Penny's team),2,,,
S40 E57,Round of 8,Tossup,14,What is Taiwan's biggest export?,Electronics,Economics,Social Studies,Hardin Valley Academy (David's team) vs Webb School of Knoxville (Penny's team),Zach,Hardin Valley Academy (David's team),Incorrect,Jackson,Webb School of Knoxville (Penny's team),Incorrect,Missed,0,None given,1,,Zach said gold and Jackson said fish,
S40 E57,Round of 8,Tossup,15,"What six letter word beginning with T-H is a synonym for ""exhilarate""?",Thrill,English,Language Arts,Hardin Valley Academy (David's team) vs Webb School of Knoxville (Penny's team),Zach,Hardin Valley Academy (David's team),Incorrect,James,Webb School of Knoxville (Penny's team),Correct,Correct,10,Webb School of Knoxville (Penny's team),1,,"Zach said ""thrilling"" (seven letters); James's ""thrill"" was accepted",
S40 E57,Round of 8,Bonus,15,"Part 1: What is the past simple for the verb ""bite""? | Part 2: What is the past participle for the verb ""bite""?",Part 1: Bit | Part 2: Bitten,English,Language Arts,Hardin Valley Academy (David's team) vs Webb School of Knoxville (Penny's team),,Webb School of Knoxville (Penny's team),Correct,,,,Correct,20,Webb School of Knoxville (Penny's team),2,,,
S40 E57,Round of 8,Tossup,16,What is the name for a group of platypuses?,A paddle,Biology,Science & Technology,Hardin Valley Academy (David's team) vs Webb School of Knoxville (Penny's team),Jackson,Webb School of Knoxville (Penny's team),Incorrect,Zach,Hardin Valley Academy (David's team),Incorrect,Missed,0,None given,1,,"Jackson said troop and Zach said ""a splash""",
S40 E57,Round of 8,Tossup,17,What is the value of the secant function of 60 degrees?,2,Pre-Calculus,Mathematics,Hardin Valley Academy (David's team) vs Webb School of Knoxville (Penny's team),Sam,Webb School of Knoxville (Penny's team),Correct,,,,Correct,10,Webb School of Knoxville (Penny's team),1,,,
S40 E57,Round of 8,Bonus,17,In which two quadrants would you find the solutions to the equation tangent x equals negative three?,Quadrants II and IV,Pre-Calculus,Mathematics,Hardin Valley Academy (David's team) vs Webb School of Knoxville (Penny's team),,Webb School of Knoxville (Penny's team),Correct,,,,Correct,20,Webb School of Knoxville (Penny's team),1,,"the team talked it over (""three, four"" and then ""two and four"") before answering ""two and four""",
S40 E57,Round of 8,Tossup,18,"In the Book of Genesis, who received instructions from the Lord to build a ship that would save him and his family?",Noah,Religion,Religion & Mythology,Hardin Valley Academy (David's team) vs Webb School of Knoxville (Penny's team),Zach,Hardin Valley Academy (David's team),Correct,,,,Correct,10,Hardin Valley Academy (David's team),1,,Zach buzzed before the end of the question,
S40 E57,Round of 8,Bonus,18,"In the Bible, who is the wife of Jacob and the mother of his two youngest sons, Joseph and Benjamin?",Rachel,Religion,Religion & Mythology,Hardin Valley Academy (David's team) vs Webb School of Knoxville (Penny's team),,Hardin Valley Academy (David's team),Correct,,,,Correct,20,Hardin Valley Academy (David's team),1,,,
S40 E57,Round of 8,Tossup,19,Shenandoah National Park is in what state?,Virginia,Geography,Social Studies,Hardin Valley Academy (David's team) vs Webb School of Knoxville (Penny's team),Penny,Webb School of Knoxville (Penny's team),Incorrect,Zach,Hardin Valley Academy (David's team),Correct,Correct,10,Hardin Valley Academy (David's team),1,,Penny said West Virginia,
S40 E57,Round of 8,Bonus,19,Part 1: In what state is Grand Teton National Park? | Part 2: In which state is Yosemite National Park?,Part 1: Wyoming | Part 2: California,Geography,Social Studies,Hardin Valley Academy (David's team) vs Webb School of Knoxville (Penny's team),,Hardin Valley Academy (David's team),Correct,,,,Correct,20,Hardin Valley Academy (David's team),2,,,
S40 E57,Round of 8,Tossup,20,Which long-eared character in ... [cut off by the buzzer],Rabbit,Literature,Language Arts,Hardin Valley Academy (David's team) vs Webb School of Knoxville (Penny's team),Zach,Hardin Valley Academy (David's team),Correct,,,,Correct,10,Hardin Valley Academy (David's team),1,,"Zach buzzed in early; the captions keep only ""which long eared character in"" and, after his answer, ""the house at Pooh Corner and so on"", so the full question is not captured",
S40 E57,Round of 8,Bonus,20,"Part 1: What novel published in 1908 and set in late 19th century Prince Edward Island, Canada, is a sentimental but charming coming of age story about a spirited and unconventional orphaned girl who finds a home with elderly siblings? | Part 2: What Netflix series that ran for three seasons was a reimagining of Anne of Green Gables?",Part 1: Anne of Green Gables | Part 2: Anne with an E,Literature,Language Arts,Hardin Valley Academy (David's team) vs Webb School of Knoxville (Penny's team),Zainab,Hardin Valley Academy (David's team),Correct,,,,Correct,20,Hardin Valley Academy (David's team),2,,"David deferred to Zainab; the captions render Part 2 as ""Anthony""",
S40 E57,Round of 8,Tossup,21,"Which zodiac constellation, one of the prominent features of the summer skies in the Northern Hemisphere, has a name that is Latin for ""archer""?",Sagittarius,Astronomy,Science & Technology,Hardin Valley Academy (David's team) vs Webb School of Knoxville (Penny's team),James,Webb School of Knoxville (Penny's team),Incorrect,Zach,Hardin Valley Academy (David's team),Incorrect,Missed,0,None given,1,,James said Orion and Zach said Aries,
S40 E57,Round of 8,Tossup,22,What is the Spanish word for the number seven?,Siete,Foreign Language,Foreign Language,Hardin Valley Academy (David's team) vs Webb School of Knoxville (Penny's team),Zach,Hardin Valley Academy (David's team),Correct,,,,Correct,10,Hardin Valley Academy (David's team),1,,Zach buzzed before the number was read and the host then said it was seven,
S40 E57,Round of 8,Bonus,22,"What is the Spanish translation of ""more coffee, please""?","Más café, por favor",Foreign Language,Foreign Language,Hardin Valley Academy (David's team) vs Webb School of Knoxville (Penny's team),Brock,Hardin Valley Academy (David's team),Correct,,,,Correct,20,Hardin Valley Academy (David's team),1,,"David deferred to Brock; the captions render the answer as ""Mustafi, por favor""",
S40 E57,Round of 8,Tossup,23,Which actor provides the voice for Woody in the Toy Story films?,Tom Hanks,Art,Fine Arts,Hardin Valley Academy (David's team) vs Webb School of Knoxville (Penny's team),Jackson,Webb School of Knoxville (Penny's team),Correct,,,,Correct,10,Webb School of Knoxville (Penny's team),1,,,
S40 E57,Round of 8,Bonus,23,"Which two actors won the Academy Award for best actor in consecutive years, one in 1937 and 1938, the other in 1993 and 1994?",Spencer Tracy and Tom Hanks,Art,Fine Arts,Hardin Valley Academy (David's team) vs Webb School of Knoxville (Penny's team),,Webb School of Knoxville (Penny's team),Incorrect,,,,Missed,0,None given,1,,the team said Charlie Chaplin and Tom Cruise,
S40 E57,Round of 8,Tossup,24,What branch can deny the U.S. president the use of executive privilege?,The judicial branch,Government,Social Studies,Hardin Valley Academy (David's team) vs Webb School of Knoxville (Penny's team),,Hardin Valley Academy (David's team),Incorrect,Jackson,Webb School of Knoxville (Penny's team),Correct,Correct,10,Webb School of Knoxville (Penny's team),1,,"a Hardin Valley player (not named in the captions) buzzed early and said ""legislative""",
S40 E57,Round of 8,Bonus,24,"Who considered a career as a concert pianist before becoming a professor of political science at Stanford, then national security adviser in 2001 and Secretary of State in 2005?",Condoleezza Rice,Government,Social Studies,Hardin Valley Academy (David's team) vs Webb School of Knoxville (Penny's team),,Webb School of Knoxville (Penny's team),Incorrect,,,,Missed,0,None given,1,,"the team said ""Oppenheimer""; the half ended after this bonus",
S40 E57,Round of 8,Tossup,25,"Genealogy is an account ... [cut off by the buzzer]. Spell ""genealogy.""",G-E-N-E-A-L-O-G-Y,Spelling,Language Arts,Hardin Valley Academy (David's team) vs Webb School of Knoxville (Penny's team),Zach,Hardin Valley Academy (David's team),Correct,,,,Correct,10,Hardin Valley Academy (David's team),1,,Zach buzzed before the end of the question,
S40 E57,Round of 8,Bonus,25,"The practice of claiming to have moral standards or beliefs to which one's own behavior does not conform is ""hypocrisy."" Spell ""hypocrisy.""",H-Y-P-O-C-R-I-S-Y,Spelling,Language Arts,Hardin Valley Academy (David's team) vs Webb School of Knoxville (Penny's team),Zach,Hardin Valley Academy (David's team),Correct,,,,Correct,20,Hardin Valley Academy (David's team),1,,David deferred to Zach,
S40 E57,Round of 8,Tossup,26,What is the term for the act of aquatic animals laying eggs?,Spawning,Science,Science & Technology,Hardin Valley Academy (David's team) vs Webb School of Knoxville (Penny's team),Zach,Hardin Valley Academy (David's team),Correct,,,,Correct,10,Hardin Valley Academy (David's team),1,,,
S40 E57,Round of 8,Bonus,26,"What law states that under equal conditions of temperature and pressure, equal volumes of all gases contain equal numbers of molecules?",Avogadro's law,Science,Science & Technology,Hardin Valley Academy (David's team) vs Webb School of Knoxville (Penny's team),,Hardin Valley Academy (David's team),Correct,,,,Correct,20,Hardin Valley Academy (David's team),1,,,
S40 E57,Round of 8,Tossup,27,What is 12.5% of 96?,12,Math,Mathematics,Hardin Valley Academy (David's team) vs Webb School of Knoxville (Penny's team),Zach,Hardin Valley Academy (David's team),Correct,,,,Correct,10,Hardin Valley Academy (David's team),1,,,
S40 E57,Round of 8,Bonus,27,Two numbers add up to 91. One number is three more than twice the other number. Give both numbers.,29 and 61,Visual,General & Visual,Hardin Valley Academy (David's team) vs Webb School of Knoxville (Penny's team),,Hardin Valley Academy (David's team),Partial,,,,Partial,10,Hardin Valley Academy (David's team),1,Yes,"the host read the sum as 91 but said 61 goes with 29 for a sum of 90, so the card or the reading looks inconsistent; the team answered ""29 and 53"" (as captioned) and the host gave half credit (10 points) because 29 was right (captions lines 3142-3150)","Two numbers add up to 91. / Number is three more than twice the other number give both numbers 20 divide by three. / Answer. / 29 and 53. / 29 is right. / So I'll give you half credit. / You get ten points for that. / But 61 would be the number that adds up to 90. / Toss up now in games, what is the device included with some board games that looks like a miniature Zach?"
S40 E57,Round of 8,Tossup,28,What is the device included with some board games that looks like a miniature hourglass and keeps the player from taking too long on their turn?,A timer,Games,General & Visual,Hardin Valley Academy (David's team) vs Webb School of Knoxville (Penny's team),Zach,Hardin Valley Academy (David's team),Incorrect,Penny,Webb School of Knoxville (Penny's team),Correct,Correct,10,Webb School of Knoxville (Penny's team),1,,"Zach buzzed early and said ""dice""",
S40 E57,Round of 8,Bonus,28,"In the 1972 World Chess Championship in Reykjavik, Iceland, known as the Match of the Century and which inspired movies and a musical, defending champion Boris Spassky of the Soviet Union was defeated by what American grandmaster?",Bobby Fischer,Games,General & Visual,Hardin Valley Academy (David's team) vs Webb School of Knoxville (Penny's team),Sam,Webb School of Knoxville (Penny's team),Correct,,,,Correct,20,Webb School of Knoxville (Penny's team),1,,Penny deferred to Sam,
S40 E57,Round of 8,Tossup,29,The capital of ancient Rome's Britannia is the current day location of the capital of which country?,England,History,Social Studies,Hardin Valley Academy (David's team) vs Webb School of Knoxville (Penny's team),,Hardin Valley Academy (David's team),Correct,,,,Correct,10,Hardin Valley Academy (David's team),1,,the captions do not name the buzzer; Hardin Valley took the bonus,
S40 E57,Round of 8,Bonus,29,Part 1: What was the fortified region that overlooked ancient Athens? | Part 2: What was the most famous of the temples there?,Part 1: The Acropolis | Part 2: The Parthenon,History,Social Studies,Hardin Valley Academy (David's team) vs Webb School of Knoxville (Penny's team),Zach,Hardin Valley Academy (David's team),Correct,,,,Correct,20,Hardin Valley Academy (David's team),2,,David deferred to Zach for both parts; the captions garble the wording of Part 2,
S40 E57,Round of 8,Tossup,30,"In the Shakespeare play ""Julius Caesar,"" who tells Julius Caesar to beware the Ides of March?",The soothsayer,Literature,Language Arts,Hardin Valley Academy (David's team) vs Webb School of Knoxville (Penny's team),Zach,Hardin Valley Academy (David's team),Correct,,,,Correct,10,Hardin Valley Academy (David's team),1,,,
S40 E57,Round of 8,Bonus,30,"Part 1: In ""Hamlet,"" which two characters escort Hamlet on the voyage to England? | Part 2: What was the name of a dead court jester whose skull is exhumed in Act Five, Scene One?",Part 1: Rosencrantz and Guildenstern | Part 2: Yorick,Literature,Language Arts,Hardin Valley Academy (David's team) vs Webb School of Knoxville (Penny's team),,Hardin Valley Academy (David's team),Partial,,,,Partial,10,Hardin Valley Academy (David's team),2,,"Zach answered Part 1; for Part 2 the team said ""Horatio""",
S40 E57,Round of 8,Tossup,31,An ion with a charge of negative one that contains ten electrons has what atomic number?,9,Chemistry,Science & Technology,Hardin Valley Academy (David's team) vs Webb School of Knoxville (Penny's team),Zach,Hardin Valley Academy (David's team),Correct,,,,Correct,10,Hardin Valley Academy (David's team),1,,Zach buzzed before the end of the question,
S40 E57,Round of 8,Bonus,31,Name four of the seven diatomic molecules.,"Any four of: hydrogen, oxygen, nitrogen, fluorine, chlorine, bromine, iodine",Chemistry,Science & Technology,Hardin Valley Academy (David's team) vs Webb School of Knoxville (Penny's team),,Hardin Valley Academy (David's team),Correct,,,,Correct,20,Hardin Valley Academy (David's team),1,,"the team named hydrogen, oxygen, nitrogen and fluorine",
S40 E57,Round of 8,Tossup,32,What do the letters in NASA stand for?,National Aeronautics and Space Administration,Government,Social Studies,Hardin Valley Academy (David's team) vs Webb School of Knoxville (Penny's team),Zach,Hardin Valley Academy (David's team),Correct,,,,Correct,10,Hardin Valley Academy (David's team),1,,,
S40 E57,Round of 8,Bonus,32,"In 2023, school libraries were converted into what they're calling hubs of differentiated learning in what Texas city that was named for a man who taught in a one room schoolhouse in Maryville, Tennessee, in the early 1800s?",Houston,Government,Social Studies,Hardin Valley Academy (David's team) vs Webb School of Knoxville (Penny's team),,Hardin Valley Academy (David's team),Incorrect,,,,Missed,0,None given,1,Yes,"the captions are muddled (""Austin ... Houston""); the host named Sam Houston and no points were announced, so this is scored as missed (captions lines 3201-3206)","Is right for ten government as your bonus, in 2023 school libraries were converted into what they're calling hubs of differentiated learning in what Texas City that was named for a man who taught in a one room schoolhouse in Maryville, Tennessee in the early 1800s. / I Austin. / My only guess not though, is that Austin Houston. / Sam Houston. / Toss up now in music. / What artists songs include You Belong With Me and Zac Taylor Swift Anti-Hero Music Bonus."
S40 E57,Round of 8,Tossup,33,"What artist's songs include ""You Belong with Me"" and ""Anti-Hero""?",Taylor Swift,Music,Fine Arts,Hardin Valley Academy (David's team) vs Webb School of Knoxville (Penny's team),Zach,Hardin Valley Academy (David's team),Correct,,,,Correct,10,Hardin Valley Academy (David's team),1,,Zach buzzed before the end of the question,
S40 E57,Round of 8,Bonus,33,"What is the term for one of the most basic patterns in drumming and percussion, consisting of two single strokes followed by a double stroke, for example right, left, right, right?",A paradiddle,Music,Fine Arts,Hardin Valley Academy (David's team) vs Webb School of Knoxville (Penny's team),,Hardin Valley Academy (David's team),Incorrect,,,,Missed,0,None given,1,,"the team guessed ""a jingle or strum""",
S40 E57,Round of 8,Tossup,34,What is the administrative capital of the Netherlands?,The Hague,Geography,Social Studies,Hardin Valley Academy (David's team) vs Webb School of Knoxville (Penny's team),Zach,Hardin Valley Academy (David's team),Incorrect,Sam,Webb School of Knoxville (Penny's team),Correct,Correct,10,Webb School of Knoxville (Penny's team),1,,Zach said Amsterdam,
S40 E57,Round of 8,Bonus,34,"In 1993, the ""Velvet Divorce"" split Czechoslovakia into which two independent states?",The Czech Republic and Slovakia,Geography,Social Studies,Hardin Valley Academy (David's team) vs Webb School of Knoxville (Penny's team),,Webb School of Knoxville (Penny's team),Correct,,,,Correct,20,Webb School of Knoxville (Penny's team),1,,,
S40 E57,Round of 8,Tossup,35,"In 2022, the British Museum celebrated 200 years since the deciphering of Egyptian hieroglyphs using which black granite slab?",The Rosetta Stone,Foreign Language,Foreign Language,Hardin Valley Academy (David's team) vs Webb School of Knoxville (Penny's team),Penny,Webb School of Knoxville (Penny's team),Correct,,,,Correct,10,Webb School of Knoxville (Penny's team),1,,Penny buzzed before the end of the question,
S40 E57,Round of 8,Bonus,35,"Speaking of the Rosetta Stone, shown here, it played a pivotal role in deciphering ancient Egyptian hieroglyphs because the same text is inscribed in hieroglyphs, Egyptian demotic and what other language?",Greek,Visual,General & Visual,Hardin Valley Academy (David's team) vs Webb School of Knoxville (Penny's team),,Webb School of Knoxville (Penny's team),Correct,,,,Correct,20,Webb School of Knoxville (Penny's team),1,,,
S40 E57,Round of 8,Tossup,36,What artery brings blood from the celiac artery to the liver?,The hepatic artery,Health,Science & Technology,Hardin Valley Academy (David's team) vs Webb School of Knoxville (Penny's team),Zach,Hardin Valley Academy (David's team),Correct,,,,Correct,10,Hardin Valley Academy (David's team),1,,,
S40 E57,Round of 8,Bonus,36,Part 1: Which human gland secretes cortisol? | Part 2: Which human gland secretes melatonin?,Part 1: The adrenal gland | Part 2: The pineal gland,Health,Science & Technology,Hardin Valley Academy (David's team) vs Webb School of Knoxville (Penny's team),Ryan,Hardin Valley Academy (David's team),Correct,,,,Correct,20,Hardin Valley Academy (David's team),2,,David deferred to Ryan,
S40 E57,Round of 8,Tossup,37,"What is the vertex of the equation y equals the absolute value of the quantity x plus six, minus five?","(-6, -5)",Algebra,Mathematics,Hardin Valley Academy (David's team) vs Webb School of Knoxville (Penny's team),Zainab,Hardin Valley Academy (David's team),Correct,,,,Correct,10,Hardin Valley Academy (David's team),1,,,
S40 E57,Round of 8,Bonus,37,Solve for x in the equation 3x - 14 = -2x + 6.,x = 4,Algebra,Mathematics,Hardin Valley Academy (David's team) vs Webb School of Knoxville (Penny's team),,Hardin Valley Academy (David's team),Correct,,,,Correct,20,Hardin Valley Academy (David's team),1,,,
S40 E57,Round of 8,Tossup,38,How many points are given to a football team that sacks the opposing team's quarterback in the end zone?,Two (a safety),Sports,General & Visual,Hardin Valley Academy (David's team) vs Webb School of Knoxville (Penny's team),Zach,Hardin Valley Academy (David's team),Correct,,,,Correct,10,Hardin Valley Academy (David's team),1,,"Zach buzzed before the end of the question; the host then added ""in the end zone""",
S40 E57,Round of 8,Bonus,38,Part 1: What is the frequency of the Kentucky Derby? | Part 2: What is the frequency of the Ryder Cup?,Part 1: Annual (once a year) | Part 2: Biennial (once every two years),Sports,General & Visual,Hardin Valley Academy (David's team) vs Webb School of Knoxville (Penny's team),Zach,Hardin Valley Academy (David's team),Correct,,,,Correct,20,Hardin Valley Academy (David's team),2,,David deferred to Zach for Part 2,
S40 E57,Round of 8,Tossup,39,What is the official currency in Lebanon?,The Lebanese pound,Economics,Social Studies,Hardin Valley Academy (David's team) vs Webb School of Knoxville (Penny's team),Zach,Hardin Valley Academy (David's team),Incorrect,Henry,Webb School of Knoxville (Penny's team),Incorrect,Missed,0,None given,1,,Zach said peso and Henry said the U.S. dollar,
S40 E57,Round of 8,Tossup,40,What nine letter word beginning with F means courage in pain or adversity?,Fortitude,Vocabulary,Language Arts,Hardin Valley Academy (David's team) vs Webb School of Knoxville (Penny's team),Zach,Hardin Valley Academy (David's team),Correct,,,,Correct,10,Hardin Valley Academy (David's team),1,,,
S40 E57,Round of 8,Bonus,40,"Part 1: What is a nine letter word imported from French that begins with C-H and means a female singer, especially one performing in a nightclub? | Part 2: Spell that word.",Part 1: Chanteuse | Part 2: C-H-A-N-T-E-U-S-E,Vocabulary,Language Arts,Hardin Valley Academy (David's team) vs Webb School of Knoxville (Penny's team),Zach,Hardin Valley Academy (David's team),Correct,,,,Correct,20,Hardin Valley Academy (David's team),2,,David deferred to Zach,
S40 E57,Round of 8,Tossup,41,Who published the first study of magnetism in 1600?,William Gilbert,Physics,Science & Technology,Hardin Valley Academy (David's team) vs Webb School of Knoxville (Penny's team),Zach,Hardin Valley Academy (David's team),Incorrect,Penny,Webb School of Knoxville (Penny's team),Incorrect,Missed,0,None given,1,,Zach said Newton and Penny said Galileo,
S40 E57,Round of 8,Tossup,42,"In 1904, which English physicist proposed the plum pudding model of the atom?",J. J. Thomson,Chemistry,Science & Technology,Hardin Valley Academy (David's team) vs Webb School of Knoxville (Penny's team),Zach,Hardin Valley Academy (David's team),Correct,,,,Correct,10,Hardin Valley Academy (David's team),1,,"Zach buzzed early and said ""Thomson""",
S40 E57,Round of 8,Bonus,42,"Nearby water treatment facilities were shut down when a rail bridge collapsed in 2023, plunging a train into the Yellowstone River that was carrying asphalt and ... which chemical element with the atomic number 16?",Sulfur,Chemistry,Science & Technology,Hardin Valley Academy (David's team) vs Webb School of Knoxville (Penny's team),,Hardin Valley Academy (David's team),Correct,,,,Correct,20,Hardin Valley Academy (David's team),1,,the captions lose a few words in the middle of the question,
S40 E57,Round of 8,Tossup,43,Chicago's Millennium Park is the location of Cloud ... [cut off by the buzzer],The Bean (Cloud Gate),Art,Fine Arts,Hardin Valley Academy (David's team) vs Webb School of Knoxville (Penny's team),David,Hardin Valley Academy (David's team),Correct,,,,Correct,10,Hardin Valley Academy (David's team),1,,"David buzzed early; the host then described ""a large mirrored sculpture called the Bean""",
S40 E57,Round of 8,Bonus,43,"Part 1: The Apotheosis of Washington, a fresco depicting George Washington rising to the heavens in glory, is located in what building? | Part 2: Where specifically in that building is it located?",Part 1: The U.S. Capitol | Part 2: The Rotunda,Art,Fine Arts,Hardin Valley Academy (David's team) vs Webb School of Knoxville (Penny's team),,Hardin Valley Academy (David's team),Partial,,,,Partial,10,Hardin Valley Academy (David's team),2,Yes,"the bonus structure is unclear: the team first said the National Archives Building, then the host asked where in the Capitol it is, accepted ""Rotunda"" and gave 10 points (captions lines 3303-3316)","And an art bonus for you. / the apotheosis of Washington. / A fresco depicting George Washington rising to the heavens in glory is located in what? / Building? / National Archives. / Perhaps something the museum. / The National Archives Building. / It's in the US capital, but you can get points if you tell me specifically where in the Capitol Rotunda is the apotheosis of Washington? / Rotunda. / Rotunda? / Yeah, we'll take that. / It's technically in the eye of the rotunda when you look straight up. / So you yeah. / To get a ten on the bonus toss up in history who uttered the famous words to the British when asked to surrender?"
S40 E57,Round of 8,Tossup,44,"Who uttered the famous words ""I have not yet begun to fight"" to the British when asked to surrender?",John Paul Jones,History,Social Studies,Hardin Valley Academy (David's team) vs Webb School of Knoxville (Penny's team),Zach,Hardin Valley Academy (David's team),Correct,,,,Correct,10,Hardin Valley Academy (David's team),1,,Zach buzzed before the end of the question,
S40 E57,Round of 8,Bonus,44,"Aretha Franklin, Pat Summitt, Justin Timberlake and Morgan Freeman were all born in what state?",Tennessee,History,Social Studies,Hardin Valley Academy (David's team) vs Webb School of Knoxville (Penny's team),Ryan,Hardin Valley Academy (David's team),Correct,,,,Correct,20,Hardin Valley Academy (David's team),1,,David deferred to Ryan,
S40 E57,Round of 8,Tossup,45,Which of Shakespeare's title characters orders the murder of his two nephews?,Richard III,Literature,Language Arts,Hardin Valley Academy (David's team) vs Webb School of Knoxville (Penny's team),Zach,Hardin Valley Academy (David's team),Correct,,,,Correct,10,Hardin Valley Academy (David's team),1,,,
S40 E57,Round of 8,Bonus,45,"Part 1: What poem by Alfred, Lord Tennyson commemorates the heroism of a brigade of British soldiers at the Battle of Balaclava in 1854 in the Crimean War and includes ""all in the valley of Death rode the six hundred""? | Part 2: Who were the British fighting against?",Part 1: The Charge of the Light Brigade | Part 2: The Russians,Literature,Language Arts,Hardin Valley Academy (David's team) vs Webb School of Knoxville (Penny's team),Zainab,Hardin Valley Academy (David's team),Correct,,,,Correct,20,Hardin Valley Academy (David's team),2,,"David deferred to Zainab; for Part 2 one teammate said ""the French"" while conferring, and the team's answer ""the Russians"" was accepted for 20 total",
S40 E57,Round of 8,Tossup,46,What is the vascular tissue in plants that carries food downward from the leaves to the roots?,Phloem,Biology,Science & Technology,Hardin Valley Academy (David's team) vs Webb School of Knoxville (Penny's team),Zach,Hardin Valley Academy (David's team),Correct,,,,Correct,10,Hardin Valley Academy (David's team),1,,"Zach buzzed before the end of the question; the captions render the answer as ""Floam""",
S40 E57,Round of 8,Bonus,46,Part 1: Name the type of fruit from the following variety: Pink Lady. | Part 2: Name the type of fruit from the variety d'Anjou.,Part 1: Apple | Part 2: Pear,Biology,Science & Technology,Hardin Valley Academy (David's team) vs Webb School of Knoxville (Penny's team),,Hardin Valley Academy (David's team),Correct,,,,Correct,20,Hardin Valley Academy (David's team),2,,"the captions render ""d'Anjou"" as ""daju""",
S40 E57,Round of 8,Tossup,47,Express the fraction eight over five as a percent.,160%,Math,Mathematics,Hardin Valley Academy (David's team) vs Webb School of Knoxville (Penny's team),David,Hardin Valley Academy (David's team),Incorrect,Henry,Webb School of Knoxville (Penny's team),Correct,Correct,10,Webb School of Knoxville (Penny's team),1,,"David said 1.6 (not a percent); the captions give no answer for Henry's steal but the host confirmed ""160% is right""",
S40 E57,Round of 8,Bonus,47,Part 1: Name the property that states A plus B equals B plus A. | Part 2: (not read; time ran out),Part 1: The commutative property | Part 2: (not read),Math,Mathematics,Hardin Valley Academy (David's team) vs Webb School of Knoxville (Penny's team),,Webb School of Knoxville (Penny's team),Partial,,,,Partial,10,Webb School of Knoxville (Penny's team),2,,the game ended before Part 2 was read; the host gave 10 points for Part 1,
S40 E58,Round of 8,Tossup,1,What is the capital of the Republic of Austria?,Vienna,Geography,Social Studies,Maryville High School (Mohammed's team) vs Maryville High School (Aaron's team),,Maryville High School (Mohammed's team),Correct,,,,Correct,10,Maryville High School (Mohammed's team),1,,"the buzzer is not named in the captions (the host said ""I'm sure I've called on you""); Mohammed's team took the bonus",
S40 E58,Round of 8,Bonus,1,Part 1: What state's nickname is the Keystone State? | Part 2: What state's nickname is the Garden State?,Part 1: Pennsylvania | Part 2: New Jersey,Geography,Social Studies,Maryville High School (Mohammed's team) vs Maryville High School (Aaron's team),,Maryville High School (Mohammed's team),Partial,,,,Partial,10,Maryville High School (Mohammed's team),2,,"Mohammed deferred to Patrick, who said ""Delaware"" for Part 1 after a teammate floated Utah; Part 2 was New Jersey",
S40 E58,Round of 8,Tossup,2,"A realtor is a real estate agent. Spell ""realtor.""",R-E-A-L-T-O-R,Spelling,Language Arts,Maryville High School (Mohammed's team) vs Maryville High School (Aaron's team),Costin,Maryville High School (Mohammed's team),Correct,,,,Correct,10,Maryville High School (Mohammed's team),1,,,
S40 E58,Round of 8,Bonus,2,"Spell ""ambidextrous,"" which describes someone who can work well with both hands.",A-M-B-I-D-E-X-T-R-O-U-S,Spelling,Language Arts,Maryville High School (Mohammed's team) vs Maryville High School (Aaron's team),Olivia,Maryville High School (Mohammed's team),Correct,,,,Correct,20,Maryville High School (Mohammed's team),1,,"after the team conferred, Mohammed deferred to Olivia",
S40 E58,Round of 8,Tossup,3,"In the Bible, who did David defeat with a slingshot?",Goliath,Religion,Religion & Mythology,Maryville High School (Mohammed's team) vs Maryville High School (Aaron's team),John,Maryville High School (Aaron's team),Correct,,,,Correct,10,Maryville High School (Aaron's team),1,,,
S40 E58,Round of 8,Bonus,3,Name the pillar of Islam that is described as paying alms or charity tax to benefit the needy.,Zakat,Religion,Religion & Mythology,Maryville High School (Mohammed's team) vs Maryville High School (Aaron's team),,Maryville High School (Aaron's team),Incorrect,,,,Missed,0,None given,1,,"Aaron deferred to John, who said ""the fourth pillar""; the host needed the name",
S40 E58,Round of 8,Tossup,4,"When bacteria break down proteins in decaying plants and animals, what compound is released?",Ammonia,Biology,Science & Technology,Maryville High School (Mohammed's team) vs Maryville High School (Aaron's team),Olivia,Maryville High School (Mohammed's team),Correct,,,,Correct,10,Maryville High School (Mohammed's team),1,,,
S40 E58,Round of 8,Bonus,4,"Part 1: Derived from the old French word for apple, what four letter word means a type of fruit produced by flowering plants, including apples, pears and quinces? | Part 2: In Roman mythology, who was the goddess of fruitful abundance?",Part 1: Pome | Part 2: Pomona,Biology,Science & Technology,Maryville High School (Mohammed's team) vs Maryville High School (Aaron's team),,Maryville High School (Mohammed's team),Partial,,,,Partial,10,Maryville High School (Mohammed's team),2,,"Patrick answered Part 1; for Part 2 Olivia said ""Bologna""",
S40 E58,Round of 8,Tossup,5,"What is the common color name for ""sanguine,"" the heraldry color of military strength?",Maroon,Art,Fine Arts,Maryville High School (Mohammed's team) vs Maryville High School (Aaron's team),Mohammed,Maryville High School (Mohammed's team),Incorrect,Aaron,Maryville High School (Aaron's team),Incorrect,Missed,0,None given,1,,Mohammed said red and Aaron said purple,
S40 E58,Round of 8,Tossup,6,What organization replaced the League of Nations in 1946?,The United Nations,World History,Social Studies,Maryville High School (Mohammed's team) vs Maryville High School (Aaron's team),John,Maryville High School (Aaron's team),Correct,,,,Correct,10,Maryville High School (Aaron's team),1,,John buzzed before the year was read,
S40 E58,Round of 8,Bonus,6,"The Japanese surrender in World War II was signed on September 2, 1945, aboard which battleship, as seen here?",The USS Missouri,Visual,General & Visual,Maryville High School (Mohammed's team) vs Maryville High School (Aaron's team),John,Maryville High School (Aaron's team),Correct,,,,Correct,20,Maryville High School (Aaron's team),1,,Aaron deferred to John,
S40 E58,Round of 8,Tossup,7,What is the French word for chair?,Chaise,Foreign Language,Foreign Language,Maryville High School (Mohammed's team) vs Maryville High School (Aaron's team),Mohammed,Maryville High School (Mohammed's team),Incorrect,Thomas,Maryville High School (Aaron's team),Incorrect,Missed,0,None given,1,,"the captions render the answers as ""see you"" (Mohammed) and ""cherry"" (Thomas)",
S40 E58,Round of 8,Tossup,8,How many encores did Elvis Presley usually give?,Zero,Music,Fine Arts,Maryville High School (Mohammed's team) vs Maryville High School (Aaron's team),,Maryville High School (Aaron's team),Incorrect,Olivia,Maryville High School (Mohammed's team),Incorrect,Missed,0,None given,1,,"the first buzzer's name is garbled in the captions (""Everyone?"") and he said ""three""; the steal went to Mohammed's team, where Olivia said ""two""",
S40 E58,Round of 8,Tossup,9,Who was the father of astronomy who first proposed that planets revolve around the sun?,Nicolaus Copernicus,Astronomy,Science & Technology,Maryville High School (Mohammed's team) vs Maryville High School (Aaron's team),Costin,Maryville High School (Mohammed's team),Incorrect,Thomas,Maryville High School (Aaron's team),Correct,Correct,10,Maryville High School (Aaron's team),1,,"the first buzzer's name is garbled (""cast on"") and read here as Costin, since the steal went to Aaron's team; he said ""Galileo Galilei"" and the host then repeated the rest of the question",
S40 E58,Round of 8,Bonus,9,The most energetic explosions known in the universe are GRBs and are thought to be caused by the collapse of a high mass star into a black hole. What is a GRB?,A gamma ray burst,Astronomy,Science & Technology,Maryville High School (Mohammed's team) vs Maryville High School (Aaron's team),,Maryville High School (Aaron's team),Incorrect,,,,Missed,0,None given,1,,"the team said ""supergiant"" and then ""supernova""",
S40 E58,Round of 8,Tossup,10,What is the value in degrees of an angle of seven pi over six radians?,210 degrees,Math,Mathematics,Maryville High School (Mohammed's team) vs Maryville High School (Aaron's team),Costin,Maryville High School (Mohammed's team),Incorrect,Thomas,Maryville High School (Aaron's team),Correct,Correct,10,Maryville High School (Aaron's team),1,,Costin said 120,
S40 E58,Round of 8,Bonus,10,Find the area of a square with a diagonal of eight inches.,32 square inches,Math,Mathematics,Maryville High School (Mohammed's team) vs Maryville High School (Aaron's team),,Maryville High School (Aaron's team),Correct,,,,Correct,20,Maryville High School (Aaron's team),1,,,
S40 E58,Round of 8,Tossup,11,"Which governor of the Southwest Territory created the original boundaries for Knox County and named Knoxville after his superior, Henry Knox?",William Blount,History,Social Studies,Maryville High School (Mohammed's team) vs Maryville High School (Aaron's team),Mohammed,Maryville High School (Mohammed's team),Incorrect,Aaron,Maryville High School (Aaron's team),Correct,Correct,10,Maryville High School (Aaron's team),1,,Mohammed buzzed early and said John Sevier,
S40 E58,Round of 8,Bonus,11,What 19th century statesman was nicknamed the Great Compromiser?,Henry Clay,History,Social Studies,Maryville High School (Mohammed's team) vs Maryville High School (Aaron's team),,Maryville High School (Aaron's team),Correct,,,,Correct,20,Maryville High School (Aaron's team),1,,,
S40 E58,Round of 8,Tossup,12,"Who wrote the muckraking work ""The Jungle""?",Upton Sinclair,Literature,Language Arts,Maryville High School (Mohammed's team) vs Maryville High School (Aaron's team),Mohammed,Maryville High School (Mohammed's team),Correct,,,,Correct,10,Maryville High School (Mohammed's team),1,,,
S40 E58,Round of 8,Bonus,12,"Part 1: The movie ""Frozen"" was based on which fairy tale? | Part 2: Who was the author of that fairy tale?",Part 1: The Snow Queen | Part 2: Hans Christian Andersen,Literature,Language Arts,Maryville High School (Mohammed's team) vs Maryville High School (Aaron's team),,Maryville High School (Mohammed's team),Correct,,,,Correct,20,Maryville High School (Mohammed's team),2,,,
S40 E58,Round of 8,Tossup,13,Which one of the five Great Lakes is entirely within the United States?,Lake Michigan,Geography,Social Studies,Maryville High School (Mohammed's team) vs Maryville High School (Aaron's team),Thomas,Maryville High School (Aaron's team),Correct,,,,Correct,10,Maryville High School (Aaron's team),1,,Thomas buzzed before the end of the question,
S40 E58,Round of 8,Bonus,13,The sunflower is seen as a symbol of peace and resilience in which Eastern European country?,Ukraine,Visual,General & Visual,Maryville High School (Mohammed's team) vs Maryville High School (Aaron's team),,Maryville High School (Aaron's team),Correct,,,,Correct,20,Maryville High School (Aaron's team),1,,,
S40 E58,Round of 8,Tossup,14,"What pH indicator, often abbreviated ..., undergoes a change from ... [cut off by the buzzer]",Phenolphthalein,Chemistry,Science & Technology,Maryville High School (Mohammed's team) vs Maryville High School (Aaron's team),Aaron,Maryville High School (Aaron's team),Correct,,,,Correct,10,Maryville High School (Aaron's team),1,,"Aaron buzzed early; the captions garble the question (""often abbreviated H ... from Orange"") and the host's confirmation sounds like ""from colorless to purple pink""",
S40 E58,Round of 8,Bonus,14,"Part 1: In 1940, Edwin McMillan and Philip Abelson isolated the first transuranium element, a silvery radioactive substance with atomic number 93. What is its name? | Part 2: What is its symbol?",Part 1: Neptunium | Part 2: Np,Chemistry,Science & Technology,Maryville High School (Mohammed's team) vs Maryville High School (Aaron's team),,Maryville High School (Aaron's team),Partial,,,,Partial,10,Maryville High School (Aaron's team),2,,"the team said ""plutonium"" for Part 1; after the miss the host offered the symbol and the team said ""Np"" for ten points",
S40 E58,Round of 8,Tossup,15,What is the top export of Turkey?,Cars,Economics,Social Studies,Maryville High School (Mohammed's team) vs Maryville High School (Aaron's team),John,Maryville High School (Aaron's team),Incorrect,Mohammed,Maryville High School (Mohammed's team),Incorrect,Missed,0,None given,1,,John said apples and Mohammed said oil,
S40 E58,Round of 8,Tossup,16,The Paralympics started with an effort to rehabilitate soldiers after which war?,World War II,Sports,General & Visual,Maryville High School (Mohammed's team) vs Maryville High School (Aaron's team),Costin,Maryville High School (Mohammed's team),Correct,,,,Correct,10,Maryville High School (Mohammed's team),1,,,
S40 E58,Round of 8,Bonus,16,Who was the only player in NBA history to have his jersey retired by three teams?,Unclear: Shaquille O'Neal or Wilt Chamberlain,Sports,General & Visual,Maryville High School (Mohammed's team) vs Maryville High School (Aaron's team),,Maryville High School (Mohammed's team),Unclear,,,,Unclear,,Maryville High School (Mohammed's team),1,Yes,"the team said Kobe Bryant, then settled on Shaquille O'Neal; the captions give no clear ruling (the host said ""I think it may be Shaquille O'Neal, now before him, Wilt Chamberlain""), so the result and the answer key are unclear (captions lines 2403-2407)","And a sports bonus who was the only player in NBA history to have his jersey retired by three teams Country Kobe Bryant. / It might be Shaq, I think Kobe Bryant. / I think Kobe would play for one team, though. / So Shaquille. / I think it may be Shaquille O'Neal now before him, Wilt Chamberlain toss up now in vocabulary, what 12 letter word beginning with B refers to the practice or study of predicting the participants and or outcomes of elimination tournaments or competitions, especially in NCAA college basketball era bracketing."
S40 E58,Round of 8,Tossup,17,"What 12 letter word beginning with B refers to the practice or study of predicting the participants and or outcomes of elimination tournaments or competitions, especially in NCAA college basketball?",Bracketology,Vocabulary,Language Arts,Maryville High School (Mohammed's team) vs Maryville High School (Aaron's team),Aaron,Maryville High School (Aaron's team),Incorrect,Patrick,Maryville High School (Mohammed's team),Incorrect,Missed,0,None given,1,,"Aaron said ""bracketing"" (the captions render his name as ""era"") and Patrick said ""bracketeer""",
S40 E58,Round of 8,Tossup,18,"In which Broadway musical are the songs ""Maria"" and ""Gee, Officer Krupke""?",West Side Story,Art,Fine Arts,Maryville High School (Mohammed's team) vs Maryville High School (Aaron's team),Aaron,Maryville High School (Aaron's team),Correct,,,,Correct,10,Maryville High School (Aaron's team),1,,Aaron buzzed before the end of the question,
S40 E58,Round of 8,Bonus,18,"In which Broadway musical is the song ""Good Morning Baltimore""?",Hairspray,Art,Fine Arts,Maryville High School (Mohammed's team) vs Maryville High School (Aaron's team),,Maryville High School (Aaron's team),Correct,,,,Correct,20,Maryville High School (Aaron's team),1,,,
S40 E58,Round of 8,Tossup,19,Proteins are made up of chemical units called what?,Amino acids,Health,Science & Technology,Maryville High School (Mohammed's team) vs Maryville High School (Aaron's team),Costin,Maryville High School (Mohammed's team),Correct,,,,Correct,10,Maryville High School (Mohammed's team),1,,,
S40 E58,Round of 8,Bonus,19,Which part of the body is affected by encephalitis?,The brain,Health,Science & Technology,Maryville High School (Mohammed's team) vs Maryville High School (Aaron's team),Costin,Maryville High School (Mohammed's team),Correct,,,,Correct,20,Maryville High School (Mohammed's team),1,,Mohammed deferred to Costin,
S40 E58,Round of 8,Tossup,20,"In the proportion y over 12 equals 8 over 5, what is the decimal value of y that makes the proportion true?",19.2,Geometry,Mathematics,Maryville High School (Mohammed's team) vs Maryville High School (Aaron's team),Patrick,Maryville High School (Mohammed's team),Incorrect,Thomas,Maryville High School (Aaron's team),Incorrect,Missed,0,None given,1,,Patrick said 2.5 and Thomas said 14.2,
S40 E58,Round of 8,Tossup,21,Who was the first first lady to be elected to Congress?,Hillary Clinton,Government,Social Studies,Maryville High School (Mohammed's team) vs Maryville High School (Aaron's team),Matthew,Maryville High School (Aaron's team),Incorrect,Mohammed,Maryville High School (Mohammed's team),Incorrect,Missed,0,None given,1,,Matthew said Eleanor Roosevelt and Mohammed said Reagan,
S40 E58,Round of 8,Tossup,22,What is the French word for Friday?,Vendredi,Foreign Language,Foreign Language,Maryville High School (Mohammed's team) vs Maryville High School (Aaron's team),Thomas,Maryville High School (Aaron's team),Incorrect,,,,Missed,0,None given,1,,"Thomas said ""freeday""; the captions give no steal answer from Mohammed's team and the host simply said ""vendredi""",
S40 E58,Round of 8,Tossup,23,Which of Johann Sebastian Bach's famous works is often used in horror films?,Toccata and Fugue in D minor,Music,Fine Arts,Maryville High School (Mohammed's team) vs Maryville High School (Aaron's team),,Unknown,Correct,,,,Correct,10,Unknown,1,Yes,"the buzzer and team are not named in the captions; the host's remarks about a very close halftime score and tiebreaker rules fit Aaron's team taking this tossup and bonus best, but that is only an inference (captions lines 2442-2444)",Tossup now in music which of Johann Sebastian Bachs famous works is often used in horror films Toccata and Fugue. / Yeah in D minor we'll take that as a bonus. / Now in which orchestral family is the English horn?
S40 E58,Round of 8,Bonus,23,Part 1: In which orchestral family is the English horn? | Part 2: In which orchestral family is the timpani?,Part 1: The woodwinds | Part 2: The percussion family,Music,Fine Arts,Maryville High School (Mohammed's team) vs Maryville High School (Aaron's team),,Unknown,Correct,,,,Correct,20,Unknown,2,Yes,"the team conferred and answered ""woodwind"" and ""percussion""; the answering team is not named in the captions; team not identified in captions (captions lines 2443-2452)","Yeah in D minor we'll take that as a bonus. / Now in which orchestral family is the English horn? / So what we're doing, it's an English horn. / So what I'm going to do, live here. / Okay. / Okay. / I just heard about it's a woodwind break for ten in which orchestral family is the timpani. / Some percussion. / Percussion also right for 20. / Toss up now in science, what is the term for tornadoes that form over water or move, John?"
S40 E58,Round of 8,Tossup,24,What is the term for tornadoes that form over water or move from land to water?,A waterspout,Science,Science & Technology,Maryville High School (Mohammed's team) vs Maryville High School (Aaron's team),John,Maryville High School (Aaron's team),Incorrect,Olivia,Maryville High School (Mohammed's team),Incorrect,Missed,0,None given,1,,"the captions drop John's answer; Olivia said ""cyclones""",
S40 E58,Round of 8,Tossup,25,What is the word used to describe the set of observable characteristics or traits of an organism?,Phenotype,Biology,Science & Technology,Maryville High School (Mohammed's team) vs Maryville High School (Aaron's team),Mohammed,Maryville High School (Mohammed's team),Correct,,,,Correct,10,Maryville High School (Mohammed's team),1,,Mohammed buzzed before the end of the question,
S40 E58,Round of 8,Bonus,25,"What birds found in Everglades National Park get their mostly pink to red plumage color from pigment in their food, including shrimp?",Flamingos,Biology,Science & Technology,Maryville High School (Mohammed's team) vs Maryville High School (Aaron's team),,Maryville High School (Mohammed's team),Correct,,,,Correct,20,Maryville High School (Mohammed's team),1,,,
S40 E58,Round of 8,Tossup,26,Who was the greatest of the Roman poets and the author of Rome's national epic?,Virgil,Literature,Language Arts,Maryville High School (Mohammed's team) vs Maryville High School (Aaron's team),Costin,Maryville High School (Mohammed's team),Correct,,,,Correct,10,Maryville High School (Mohammed's team),1,,"Costin buzzed before the end of the question; the host added ""The Aeneid""",
S40 E58,Round of 8,Bonus,26,"Part 1: What one act play about a mother and her two adult children in Saint Louis features the character Amanda Wingfield, who is obsessed with finding a gentleman caller for her daughter Laura? | Part 2: Who wrote that play?",Part 1: The Glass Menagerie | Part 2: Tennessee Williams,Literature,Language Arts,Maryville High School (Mohammed's team) vs Maryville High School (Aaron's team),,Maryville High School (Mohammed's team),Partial,,,,Partial,10,Maryville High School (Mohammed's team),2,,"the team said ""A Confederacy of Dunces"" for Part 1; after the miss the host named the play and the team answered ""Tennessee Williams"" for ten points",
S40 E58,Round of 8,Tossup,27,How many plagues of Egypt were sent by God after Pharaoh refused to free the Israelites?,Ten,Religion,Religion & Mythology,Maryville High School (Mohammed's team) vs Maryville High School (Aaron's team),Costin,Maryville High School (Mohammed's team),Incorrect,Aaron,Maryville High School (Aaron's team),Incorrect,Missed,0,None given,1,,"the first buzzer's name is garbled (""tossed in"") and read here as Costin; he said ""twelve"" and Aaron said seven",
S40 E58,Round of 8,Tossup,28,What precious gem is the birthstone for September?,Sapphire,Geology,Science & Technology,Maryville High School (Mohammed's team) vs Maryville High School (Aaron's team),Aaron,Maryville High School (Aaron's team),Incorrect,Patrick,Maryville High School (Mohammed's team),Incorrect,Missed,0,None given,1,,Aaron said opal and Patrick said ruby,
S40 E58,Round of 8,Tossup,29,Simplify the expression six divided by the square root of three.,2 times the square root of 3,Algebra,Mathematics,Maryville High School (Mohammed's team) vs Maryville High School (Aaron's team),Aaron,Maryville High School (Aaron's team),Incorrect,Patrick,Maryville High School (Mohammed's team),Correct,Correct,10,Maryville High School (Mohammed's team),1,,"Aaron said ""radical three over two"" (the captions render his name as ""Iroin""); the half ended before the bonus could be read",
S40 E58,Round of 8,Tossup,30,Who was the first president of the Republic of Texas?,Sam Houston,History,Social Studies,Maryville High School (Mohammed's team) vs Maryville High School (Aaron's team),Mohammed,Maryville High School (Mohammed's team),Correct,,,,Correct,10,Maryville High School (Mohammed's team),1,,,
S40 E58,Round of 8,Bonus,30,"Part 1: In 1859, 86 Marines were sent to Harpers Ferry to free the local armory from occupation by what famous abolitionist and his 22 men? | Part 2: In which state is Harpers Ferry located?",Part 1: John Brown | Part 2: West Virginia,Visual,General & Visual,Maryville High School (Mohammed's team) vs Maryville High School (Aaron's team),,Maryville High School (Mohammed's team),Partial,,,,Partial,10,Maryville High School (Mohammed's team),2,,"the team said ""Virginia"" for Part 2",
S40 E58,Round of 8,Tossup,31,What is the lowest federal court in the U.S. court system?,The district court,Government,Social Studies,Maryville High School (Mohammed's team) vs Maryville High School (Aaron's team),Costin,Maryville High School (Mohammed's team),Incorrect,Aaron,Maryville High School (Aaron's team),Correct,Correct,10,Maryville High School (Aaron's team),1,,"the first buzzer's name is garbled (""Constant"") and read here as Costin; he said ""circuit court""",
S40 E58,Round of 8,Bonus,31,Part 1: What words do the letters in SNAP represent in reference to nutritional benefits for children and families in need? | Part 2: Which federal department oversees the SNAP program?,Part 1: Supplemental Nutrition Assistance Program | Part 2: The Department of Agriculture,Government,Social Studies,Maryville High School (Mohammed's team) vs Maryville High School (Aaron's team),,Maryville High School (Aaron's team),Incorrect,,,,Missed,0,None given,2,,"Aaron deferred to John, who said ""social nutrition assistance program"" for Part 1 and the team said ""interior"" for Part 2",
S40 E58,Round of 8,Tossup,32,"Spell the word ""they're"" in the sentence: ""When the home team wins, they're happy.""",T-H-E-Y-'-R-E,English,Language Arts,Maryville High School (Mohammed's team) vs Maryville High School (Aaron's team),,Maryville High School (Mohammed's team),Incorrect,Aaron,Maryville High School (Aaron's team),Correct,Correct,10,Maryville High School (Aaron's team),1,,"the first buzzer's name is not captured (Mohammed's team, since Aaron's team got the steal) and he spelled T-H-E-R-E; the captions render the sentence's word as ""there""",
S40 E58,Round of 8,Bonus,32,"Is the word ""delicious"" used as a predicate nominative or a predicate adjective in the sentence ""The warm cherry pie smelled delicious""?",A predicate adjective,English,Language Arts,Maryville High School (Mohammed's team) vs Maryville High School (Aaron's team),,Maryville High School (Aaron's team),Incorrect,,,,Missed,0,None given,1,,"the team said ""predicate nominative""",
S40 E58,Round of 8,Tossup,33,"In 1928, Alexander Fleming discovered what group of antibiotics from molds?",Penicillin,Health,Science & Technology,Maryville High School (Mohammed's team) vs Maryville High School (Aaron's team),Matthew,Maryville High School (Aaron's team),Correct,,,,Correct,10,Maryville High School (Aaron's team),1,,,
S40 E58,Round of 8,Bonus,33,Part 1: What field of medicine deals with eye diseases? | Part 2: What field of medicine deals with skin diseases?,Part 1: Ophthalmology | Part 2: Dermatology,Health,Science & Technology,Maryville High School (Mohammed's team) vs Maryville High School (Aaron's team),,Maryville High School (Aaron's team),Correct,,,,Correct,20,Maryville High School (Aaron's team),2,,,
S40 E58,Round of 8,Tossup,34,What video conferencing app that allows users on any desktop and mobile device to use it?,Zoom,Technology,Science & Technology,Maryville High School (Mohammed's team) vs Maryville High School (Aaron's team),John,Maryville High School (Aaron's team),Correct,,,,Correct,10,Maryville High School (Aaron's team),1,,John buzzed before the end of the question,
S40 E58,Round of 8,Bonus,34,"During the 2023 actors strike, Keira Knightley said she was concerned about the rise in artificial intelligence and believed she needed to take steps to protect and possibly copyright what?",Her face (her likeness),Technology,Science & Technology,Maryville High School (Mohammed's team) vs Maryville High School (Aaron's team),,Maryville High School (Aaron's team),Unclear,,,,Unclear,,Maryville High School (Aaron's team),1,Yes,"Aaron deferred to John, who said ""actors' likenesses""; the host then said ""she specifically wanted to copyright her face"" and the captions give no clear ruling (captions lines 2559-2563)","Yeah any desktop and mobile to use it and a technology bonus for Maryville during the 2023 actors strike. / Keira Knightley said she was concerned about the rise in artificial intelligence and believed she needed to take steps to protect and possibly copyright. / What just like this is, I defer to John actors likenesses now. / She specifically wanted to copyright her face Toss up. / Now in art, Van Gogh's irises is on view in the museum at the Getty Center, which overlooks the four or five freeway in the sapulpa to pass Patrick Los Angeles, is where that is located for ten points."
S40 E58,Round of 8,Tossup,35,"Van Gogh's ""Irises"" is on view in the museum at the Getty Center, which overlooks the 405 freeway in the Sepulveda Pass, in what city?",Los Angeles,Art,Fine Arts,Maryville High School (Mohammed's team) vs Maryville High School (Aaron's team),Patrick,Maryville High School (Mohammed's team),Correct,,,,Correct,10,Maryville High School (Mohammed's team),1,,"Patrick buzzed after ""Sepulveda Pass"" (garbled in the captions)",
S40 E58,Round of 8,Bonus,35,"Part 1: What country has borders with Norway to its west and Finland to its northeast? | Part 2: What Swedish motor vehicle brand name is Latin for ""I roll""?",Part 1: Sweden | Part 2: Volvo,Geography,Social Studies,Maryville High School (Mohammed's team) vs Maryville High School (Aaron's team),,Maryville High School (Mohammed's team),Correct,,,,Correct,20,Maryville High School (Mohammed's team),2,,Mohammed deferred to Patrick for Part 2,
S40 E58,Round of 8,Tossup,36,What is the Spanish word for 15?,Quince,Foreign Language,Foreign Language,Maryville High School (Mohammed's team) vs Maryville High School (Aaron's team),Olivia,Maryville High School (Mohammed's team),Correct,,,,Correct,10,Maryville High School (Mohammed's team),1,,,
S40 E58,Round of 8,Bonus,36,"What is the Spanish translation of ""I work a lot""?",Yo trabajo mucho,Foreign Language,Foreign Language,Maryville High School (Mohammed's team) vs Maryville High School (Aaron's team),Olivia,Maryville High School (Mohammed's team),Correct,,,,Correct,20,Maryville High School (Mohammed's team),1,,Mohammed deferred to Olivia,
S40 E58,Round of 8,Tossup,37,What is the Tennessee official state beverage?,Milk,Miscellaneous,General & Visual,Maryville High School (Mohammed's team) vs Maryville High School (Aaron's team),Patrick,Maryville High School (Mohammed's team),Correct,,,,Correct,10,Maryville High School (Mohammed's team),1,,,
S40 E58,Round of 8,Bonus,37,What is the name of the prehistoric Native American statue made of sandstone and depicting a kneeling male figure that was designated the official state artifact of Tennessee in 2014?,Sandy,Miscellaneous,General & Visual,Maryville High School (Mohammed's team) vs Maryville High School (Aaron's team),,Maryville High School (Mohammed's team),Incorrect,,,,Missed,0,None given,1,Yes,"no ruling is audible in the captions; the team seems to have described ""the kneeling man"" and the host said ""they called [it] Sandy"", so this is scored as missed (captions lines 2586-2591)","And miscellaneous bonus. / Now, what is the name of the prehistoric Native American statue made of sandstone and depicting a kneeling male figure that was designated the official state artifact of Tennessee in 2014? / There's something, of course we can say, meaning for the kneeling man and the name of it. / They called Sandy. / Toss up for all players in chemistry. / What is the chemical symbol for barium Coston?"
S40 E58,Round of 8,Tossup,38,What is the chemical symbol for barium?,Ba,Chemistry,Science & Technology,Maryville High School (Mohammed's team) vs Maryville High School (Aaron's team),Costin,Maryville High School (Mohammed's team),Correct,,,,Correct,10,Maryville High School (Mohammed's team),1,,"the captions render the answer as ""Be""; the host said ""correct""",
S40 E58,Round of 8,Bonus,38,"Researchers at Oak Ridge National Laboratory discovered a solid catalyst to convert gaseous methane to methanol. Because the catalyst is not in the same phase as the reactants, it can be said to be what type of catalyst?",Heterogeneous,Chemistry,Science & Technology,Maryville High School (Mohammed's team) vs Maryville High School (Aaron's team),,Maryville High School (Mohammed's team),Correct,,,,Correct,20,Maryville High School (Mohammed's team),1,,"the team said ""heterogenous"" and the host took it",
S40 E58,Round of 8,Tossup,39,What is the measure in radians of the quadrant I angle with a sine of one half?,Pi over six,Pre-Calculus,Mathematics,Maryville High School (Mohammed's team) vs Maryville High School (Aaron's team),Aaron,Maryville High School (Aaron's team),Correct,,,,Correct,10,Maryville High School (Aaron's team),1,,,
S40 E58,Round of 8,Bonus,39,What name is given to the point at which a function's second derivative changes from positive to negative or negative to positive?,A point of inflection,Pre-Calculus,Mathematics,Maryville High School (Mohammed's team) vs Maryville High School (Aaron's team),,Maryville High School (Aaron's team),Correct,,,,Correct,20,Maryville High School (Aaron's team),1,,,
S40 E58,Round of 8,Tossup,40,Which model of Jeep Wrangler shares a name with the river famously crossed by Caesar and his legion?,Rubicon,History,Social Studies,Maryville High School (Mohammed's team) vs Maryville High School (Aaron's team),,Unknown,Correct,,,,Correct,10,Unknown,1,Yes,"the buzzer and team are not named in the captions (the host said only ""a history bonus for your team""); team not identified in captions (captions lines 2609-2609)","Yes, for 20 Toss up now in history, which model of Jeep Wrangler shares a name with the river famously crossed by Caesar Rubicon and is legion and a history bonus for your team, Which grandson of Genghis Khan became the ruler of the Mongol Empire in 1260."
S40 E58,Round of 8,Bonus,40,"Part 1: Which grandson of Genghis Khan became the ruler of the Mongol Empire in 1260? | Part 2: Kublai Khan, also known as Emperor Shizu, founded which dynasty of China?",Part 1: Kublai Khan | Part 2: The Yuan Dynasty,History,Social Studies,Maryville High School (Mohammed's team) vs Maryville High School (Aaron's team),,Unknown,Correct,,,,Correct,20,Unknown,2,Yes,team not identified in captions (captions lines 2609-2614),"Yes, for 20 Toss up now in history, which model of Jeep Wrangler shares a name with the river famously crossed by Caesar Rubicon and is legion and a history bonus for your team, Which grandson of Genghis Khan became the ruler of the Mongol Empire in 1260. / Kublai Khan, correct for ten. / Kublai Khan, also known as the Emperor Zu, founded which dynasty of China during the new Â¥1 Dynasty. / Correct. / 20 points. / Toss up now in vocabulary what eight letter word beginning with P refers to a person of wide ranging knowledge or learning?"
S40 E58,Round of 8,Tossup,41,What eight letter word beginning with P refers to a person of wide ranging knowledge or learning?,Polymath,Vocabulary,Language Arts,Maryville High School (Mohammed's team) vs Maryville High School (Aaron's team),Mohammed,Maryville High School (Mohammed's team),Incorrect,Aaron,Maryville High School (Aaron's team),Incorrect,Missed,0,None given,1,,Mohammed said philosopher and Aaron said polyglot,
S40 E58,Round of 8,Tossup,42,Of what material are marimba bars made?,Wood,Music,Fine Arts,Maryville High School (Mohammed's team) vs Maryville High School (Aaron's team),Aaron,Maryville High School (Aaron's team),Correct,,,,Correct,10,Maryville High School (Aaron's team),1,,,
S40 E58,Round of 8,Bonus,42,"Part 1: Who wrote the songs ""Camptown Races"" and ""My Old Kentucky Home""? | Part 2: Who wrote the lyrics to ""Battle Hymn of the Republic""?",Part 1: Stephen Foster | Part 2: Julia Ward Howe,Music,Fine Arts,Maryville High School (Mohammed's team) vs Maryville High School (Aaron's team),,Maryville High School (Aaron's team),Incorrect,,,,Missed,0,None given,2,,"the captions give the team's Part 1 answer as ""Smith""; Aaron deferred to Matthew, who said ""John Philip Sousa"" for Part 2",
S40 E58,Round of 8,Tossup,43,What form of extrasensory perception is associated with the ability to know another's thoughts?,Telepathy,Science,Science & Technology,Maryville High School (Mohammed's team) vs Maryville High School (Aaron's team),Mohammed,Maryville High School (Mohammed's team),Correct,,,,Correct,10,Maryville High School (Mohammed's team),1,,,
S40 E58,Round of 8,Bonus,43,What is the term used for a wave formed from a rising tide moving upstream into a narrow channel?,A tidal bore,Science,Science & Technology,Maryville High School (Mohammed's team) vs Maryville High School (Aaron's team),,Maryville High School (Mohammed's team),Incorrect,,,,Missed,0,None given,1,,"the team said ""spring tide""",
S40 E58,Round of 8,Tossup,44,What nutrient can be synthesized by the human body through the action of sunlight and is important for the absorption of calcium and phosphorus?,Vitamin D,Health,Science & Technology,Maryville High School (Mohammed's team) vs Maryville High School (Aaron's team),John,Maryville High School (Aaron's team),Correct,,,,Correct,10,Maryville High School (Aaron's team),1,,John buzzed before the end of the question,
S40 E58,Round of 8,Bonus,44,"The World Health Organization says that polio is only endemic in two bordering countries: Afghanistan and what country, which introduced a law in 2023 that could jail parents who refuse to vaccinate their children?",Pakistan,Health,Science & Technology,Maryville High School (Mohammed's team) vs Maryville High School (Aaron's team),,Maryville High School (Aaron's team),Correct,,,,Correct,20,Maryville High School (Aaron's team),1,,the captions garble the middle of the question,
S40 E58,Round of 8,Tossup,45,What was a derogatory term given to native Southern farmers that supported the Southern Republican Party?,Scalawags,U.S. History,Social Studies,Maryville High School (Mohammed's team) vs Maryville High School (Aaron's team),,Unknown,Correct,,,,Correct,10,Unknown,1,Yes,the buzzer and team are not named in the captions; the buzzer cut in before the end of the question; team not identified in captions (captions lines 2647-2649),"Tossup now in U.S. history, what was a derogatory term given to native Southern farmers that supported the Southern Republican Lidia? / Scalawags. / Party and a history bonus named four of the six men who signed both the Declaration of Independence and the U.S. Constitution."
S40 E58,Round of 8,Bonus,45,Name four of the six men who signed both the Declaration of Independence and the U.S. Constitution.,"Any four of: George Clymer, Benjamin Franklin, Robert Morris, George Read, Roger Sherman, James Wilson",U.S. History,Social Studies,Maryville High School (Mohammed's team) vs Maryville High School (Aaron's team),,Unknown,Incorrect,,,,Missed,0,None given,1,Yes,"the team named James Madison, George Washington and John Hancock, none of whom signed both; the answering team is not named in the captions; team not identified in captions (captions lines 2649-2667)","Party and a history bonus named four of the six men who signed both the Declaration of Independence and the U.S. Constitution. / I think James Madison. / Madison. / Not Jefferson. / Washington. / Hancock. / James, maybe. / Answer Madison, Washington. / Hancock. / And J. / None of those are on the list because it's George Clymer, Benjamin Franklin, Robert Morris, George Reed, Roger Sherman, and James Wilson. / Toss up for everyone in literature, a novelist arranges a science and is haunted by the ghost of his first wife in the comic play Blithe Spirit, written by whom? / Edgar Allan Poe. / Like it You can steal Arowyns team. / Arowyn? / Tennessee Williams? / That is Noel Coward. / Toss up in sports. / Which stadium was nicknamed the house that Ruth built?"
S40 E58,Round of 8,Tossup,46,"In the comic play ""Blithe Spirit,"" a novelist arranges a seance and is haunted by the ghost of his first wife. Who wrote the play?",Noel Coward,Literature,Language Arts,Maryville High School (Mohammed's team) vs Maryville High School (Aaron's team),,Maryville High School (Mohammed's team),Incorrect,Aaron,Maryville High School (Aaron's team),Incorrect,Missed,0,None given,1,,"the first buzzer's name is not captured (Mohammed's team, since Aaron's team got the steal) and he said ""Edgar Allan Poe""; Aaron said Tennessee Williams",
S40 E58,Round of 8,Tossup,47,"Which stadium was nicknamed ""the House That Ruth Built""?",Yankee Stadium,Sports,General & Visual,Maryville High School (Mohammed's team) vs Maryville High School (Aaron's team),Patrick,Maryville High School (Mohammed's team),Incorrect,Thomas,Maryville High School (Aaron's team),Correct,Correct,10,Maryville High School (Aaron's team),1,,"Patrick's answer is garbled in the captions (""dogger"")",
S40 E58,Round of 8,Bonus,47,"In gymnastics, every gymnast starts their routine with what score, from which judges deduct points as the routine progresses?",A ten,Sports,General & Visual,Maryville High School (Mohammed's team) vs Maryville High School (Aaron's team),,Maryville High School (Aaron's team),Correct,,,,Correct,20,Maryville High School (Aaron's team),1,,,
S40 E58,Round of 8,Tossup,48,Name the chemical that carries energy from one reaction site to another.,ATP (adenosine triphosphate),Biology,Science & Technology,Maryville High School (Mohammed's team) vs Maryville High School (Aaron's team),Aaron,Maryville High School (Aaron's team),Correct,,,,Correct,10,Maryville High School (Aaron's team),1,,"Aaron answered ""ATP""",
S40 E58,Round of 8,Bonus,48,List four of the eight levels of classification in the Linnaean taxonomy system.,"Any four of: domain, kingdom, phylum, class, order, family, genus, species",Biology,Science & Technology,Maryville High School (Mohammed's team) vs Maryville High School (Aaron's team),,Maryville High School (Aaron's team),Correct,,,,Correct,20,Maryville High School (Aaron's team),1,,"the team said species, phylum, class, genus and species and the host gave full credit",
S40 E58,Round of 8,Tossup,49,Raise one over five to the negative three power.,125,Math,Mathematics,Maryville High School (Mohammed's team) vs Maryville High School (Aaron's team),Costin,Maryville High School (Mohammed's team),Correct,,,,Correct,10,Maryville High School (Mohammed's team),1,,,
S40 E58,Round of 8,Bonus,49,"Simplify the expression: the quantity four x plus three y, minus the quantity seven x minus two y.",-3x + 5y,Math,Mathematics,Maryville High School (Mohammed's team) vs Maryville High School (Aaron's team),,Maryville High School (Mohammed's team),Incorrect,,,,Missed,0,None given,1,,"Mohammed deferred to Olivia, who said ""negative three x minus y""",
S40 E58,Round of 8,Tossup,50,"In a commonly used file format, what do the letters PDF represent?",Portable document format,Technology,Science & Technology,Maryville High School (Mohammed's team) vs Maryville High School (Aaron's team),Costin,Maryville High School (Mohammed's team),Correct,,,,Correct,10,Maryville High School (Mohammed's team),1,,,
S40 E58,Round of 8,Bonus,50,"Instead of requiring an account with a username and password, what popular messaging service owned by Meta identifies users by their phone number?",WhatsApp,Technology,Science & Technology,Maryville High School (Mohammed's team) vs Maryville High School (Aaron's team),,Maryville High School (Mohammed's team),Correct,,,,Correct,20,Maryville High School (Mohammed's team),1,,"the captions render the answer as ""What's up matter""",
S40 E58,Round of 8,Tossup,51,"Since 2011, what country in the Horn of Africa has been building a large hydroelectric dam on the Blue Nile River?",Ethiopia,Geography,Social Studies,Maryville High School (Mohammed's team) vs Maryville High School (Aaron's team),Matthew,Maryville High School (Aaron's team),Incorrect,Olivia,Maryville High School (Mohammed's team),Incorrect,Missed,0,None given,1,,Matthew said South Sudan and Olivia said Egypt,
S40 E58,Round of 8,Tossup,52,Who is the prime minister of Canada?,Justin Trudeau,History,Social Studies,Maryville High School (Mohammed's team) vs Maryville High School (Aaron's team),Mohammed,Maryville High School (Mohammed's team),Correct,,,,Correct,10,Maryville High School (Mohammed's team),1,,,
S40 E58,Round of 8,Bonus,52,What explorer who established the Lost Colony of Roanoke was beheaded for treason by James I in 1618?,Sir Walter Raleigh,History,Social Studies,Maryville High School (Mohammed's team) vs Maryville High School (Aaron's team),,Maryville High School (Mohammed's team),Incorrect,,,,Missed,0,None given,1,,"the team guessed ""Smith"" and ""Brown"" before answering John Winthrop",
S40 E58,Round of 8,Tossup,53,Which SEC college football team uses an elephant as its mascot?,Alabama,Sports,General & Visual,Maryville High School (Mohammed's team) vs Maryville High School (Aaron's team),Patrick,Maryville High School (Mohammed's team),Correct,,,,Correct,10,Maryville High School (Mohammed's team),1,,"time ran out before the bonus could be answered (the host began ""name two of the three weapons used in Olympic fencing"")",
S40 E59,Round of 8,Tossup,1,How many amendments does the U.S. Constitution have?,27,Government,Social Studies,J. Frank White Academy (Shashi's team) vs Science Hill High School (Owen's team),Shashi,J. Frank White Academy (Shashi's team),Incorrect,Arushi,Science Hill High School (Owen's team),Correct,Correct,10,Science Hill High School (Owen's team),1,,Shashi said 26,
S40 E59,Round of 8,Bonus,1,"At the end of the Declaration of Independence, the signers mutually pledged three things. Name two of them.","Any two of: their lives, their fortunes, their sacred honor",Government,Social Studies,J. Frank White Academy (Shashi's team) vs Science Hill High School (Owen's team),,Science Hill High School (Owen's team),Correct,,,,Correct,20,Science Hill High School (Owen's team),1,,"Owen deferred to Arushi, who gave all three; the host took only the first two answers and gave 20 points",
S40 E59,Round of 8,Tossup,2,Which country won the most medals in karate during the Tokyo Olympics in Japan in 2021?,Japan,Sports,General & Visual,J. Frank White Academy (Shashi's team) vs Science Hill High School (Owen's team),,Unknown,Correct,,,,Correct,10,Unknown,1,Yes,"the buzzer, answer and ruling are missing from the captions (the host goes straight to the bonus), so ""Japan"" is inferred; the team is not named. The halftime margin works out only if either this tossup and bonus went to Science Hill (with T4 and T5 to J. Frank White) or T4 and T5 went to Science Hill (with this one to J. Frank White); team not identified in captions (captions lines 1722-1724)","And a government bonus at the end of the Declaration of Independence, signers mutually pledged three things named Two of them their lives, their fortunes are different to a rishi, their lives, their fortunes, and their sacred honor. / I can only take your first two answers, even though all three were correct, but that is 20 points toss up now in sports, which country won the most medals in karate during the Tokyo Olympics in Japan in 2021? / And a bonus in sports prior to what famous car race are the drivers polled on whether their milk preferences hold 2% or skim?"
S40 E59,Round of 8,Bonus,2,"Part 1: Prior to what famous car race are the drivers polled on whether their milk preference is whole, 2% or skim? | Part 2: Which whole milk drinker won the 2023 Indy 500?",Part 1: The Indianapolis 500 | Part 2: Josef Newgarden,Sports,General & Visual,J. Frank White Academy (Shashi's team) vs Science Hill High School (Owen's team),,Unknown,Partial,,,,Partial,10,Unknown,2,Yes,"Part 1 was ""Indy 500""; the team's Part 2 answer is garbled in the captions (it sounds like ""Ericsson"") and the host named Josef Newgarden; ten points were given; team not identified in captions (captions lines 1723-1727)","I can only take your first two answers, even though all three were correct, but that is 20 points toss up now in sports, which country won the most medals in karate during the Tokyo Olympics in Japan in 2021? / And a bonus in sports prior to what famous car race are the drivers polled on whether their milk preferences hold 2% or skim? / Indy 500? / Correct. / In which whole milk drinker won the 21 Eriksson won the 2023 Indy 500 is Josef Newgarden ten points on the bonus toss up in algebra solve for X in the equation."
S40 E59,Round of 8,Tossup,3,"Solve for x in the equation the quantity three x plus six, over six, equals negative three.",x = -8,Algebra,Mathematics,J. Frank White Academy (Shashi's team) vs Science Hill High School (Owen's team),,J. Frank White Academy (Shashi's team),Correct,,,,Correct,10,J. Frank White Academy (Shashi's team),1,Yes,the buzzer and team are not named in the captions; the host's halftime remark that 110 points separated the teams only works if this tossup and its bonus went to J. Frank White (inferred; see the episode comment) (captions lines 1727-1730),In which whole milk drinker won the 21 Eriksson won the 2023 Indy 500 is Josef Newgarden ten points on the bonus toss up in algebra solve for X in the equation. / The quantity three x plus six over six equals negative three. / Negative eight is right. / Algebra is your bonus solve for h in the equation.
S40 E59,Round of 8,Bonus,3,Solve for h in the equation 6h - 2 = 2 - h.,h = 4/7,Algebra,Mathematics,J. Frank White Academy (Shashi's team) vs Science Hill High School (Owen's team),,J. Frank White Academy (Shashi's team),Correct,,,,Correct,20,J. Frank White Academy (Shashi's team),1,,"the team conferred (""four over five"", ""four over seven"") and the host gave 20 points",
S40 E59,Round of 8,Tossup,4,"Who is the American co-author of ""Mastering the Art of French Cooking"" and host of the TV show ""The French Chef""?",Julia Child,Literature,Language Arts,J. Frank White Academy (Shashi's team) vs Science Hill High School (Owen's team),,Unknown,Correct,,,,Correct,10,Unknown,1,Yes,the buzzer and team are not named in the captions; the buzzer cut in before the end of the question (see the note on T2 about the halftime margin); team not identified in captions (captions lines 1734-1736),"Toss up now in literature, who is the American coauthor of Mastering the Art of French Cooking and host of the TV show? / It inspired the French chef Julia Child is right in the literature. / Bonus What 1943 Work of Historical Fiction by Esther Forbes is set in Boston at the outbreak of the American Revolution and follows the adventures of a silversmith apprentice."
S40 E59,Round of 8,Bonus,4,What 1943 work of historical fiction by Esther Forbes is set in Boston at the outbreak of the American Revolution and follows the adventures of a silversmith's apprentice?,Johnny Tremain,Literature,Language Arts,J. Frank White Academy (Shashi's team) vs Science Hill High School (Owen's team),,Unknown,Incorrect,,,,Missed,0,None given,1,Yes,"the team's answer is garbled in the captions; the host named ""Johnny Tremain"" and no points were given; team not identified in captions (captions lines 1736-1748)","Bonus What 1943 Work of Historical Fiction by Esther Forbes is set in Boston at the outbreak of the American Revolution and follows the adventures of a silversmith apprentice. / diner hot iron in the morning. / It's called. / I used to work on a radio station named that. / It's called Johnny Tremain. / Toss up now for all players in science, what kind of light is the portion of the electromagnetic spectrum with visible light? / Yeah, with wavelengths between four and 700. / Science is your bonus in which geologic era did flying reptiles appear irresistibly? / Yes. / Mesozoic. / No one is Jurassic. / No points toss up now for all players in geography. / Colonial Williamsburg is a living history museum."
S40 E59,Round of 8,Tossup,5,What kind of light is the portion of the electromagnetic spectrum ... [cut off by the buzzer],Visible light,Science,Science & Technology,J. Frank White Academy (Shashi's team) vs Science Hill High School (Owen's team),,Unknown,Correct,,,,Correct,10,Unknown,1,Yes,"the buzzer and team are not named in the captions; the buzzer said ""visible light"" and the host added ""with wavelengths between 400 and 700"" (see the note on T2 about the halftime margin); team not identified in captions",
S40 E59,Round of 8,Bonus,5,In which geologic period did flying reptiles first appear?,The Jurassic period,Science,Science & Technology,J. Frank White Academy (Shashi's team) vs Science Hill High School (Owen's team),,Unknown,Incorrect,,,,Missed,0,None given,1,Yes,"the captions garble the question (""geologic era"") and the team's answer (the spokesperson said ""Mesozoic""); the host said it is Jurassic and no points were given, so the answer key is unclear; team not identified in captions",
S40 E59,Round of 8,Tossup,6,Colonial Williamsburg is a living history museum located in what state?,Virginia,Geography,Social Studies,J. Frank White Academy (Shashi's team) vs Science Hill High School (Owen's team),,Science Hill High School (Owen's team),Correct,,,,Correct,10,Science Hill High School (Owen's team),1,,the buzzer is not named in the captions; Science Hill took the bonus,
S40 E59,Round of 8,Bonus,6,"Part 1: What is the largest estuary in the United States, shown here, that is separated from the Atlantic Ocean by the Delmarva Peninsula? | Part 2: What capital city is located on the Chesapeake Bay at the mouth of the Severn River?",Part 1: Chesapeake Bay | Part 2: Annapolis,Visual,General & Visual,J. Frank White Academy (Shashi's team) vs Science Hill High School (Owen's team),,Science Hill High School (Owen's team),Correct,,,,Correct,20,Science Hill High School (Owen's team),2,,,
S40 E59,Round of 8,Tossup,7,"Which classic rock band's album titled ""Escape"" includes the songs ""Open Arms,"" ""Who's Crying Now"" and ""Don't Stop Believin'""?",Journey,Music,Fine Arts,J. Frank White Academy (Shashi's team) vs Science Hill High School (Owen's team),Shashi,J. Frank White Academy (Shashi's team),Incorrect,Amanda,Science Hill High School (Owen's team),Correct,Correct,10,Science Hill High School (Owen's team),1,,the captions drop Shashi's wrong answer,
S40 E59,Round of 8,Bonus,7,"Which band's 2004 album ""American Idiot"" is the basis for a Broadway musical of the same name?",Green Day,Music,Fine Arts,J. Frank White Academy (Shashi's team) vs Science Hill High School (Owen's team),,Science Hill High School (Owen's team),Correct,,,,Correct,20,Science Hill High School (Owen's team),1,,,
S40 E59,Round of 8,Tossup,8,Cave art found in Indonesia depicting human animal hybrid figures: what are such figures called?,Chimeras,Art,Fine Arts,J. Frank White Academy (Shashi's team) vs Science Hill High School (Owen's team),Owen,Science Hill High School (Owen's team),Correct,,,,Correct,10,Science Hill High School (Owen's team),1,,"Owen buzzed after ""hybrid"" and said ""chimera""; the host then finished the question",
S40 E59,Round of 8,Bonus,8,"In 2022, protesters in London's National Gallery threw soup at the glass protecting a Van Gogh painting of which yellow flowers?",Sunflowers,Art,Fine Arts,J. Frank White Academy (Shashi's team) vs Science Hill High School (Owen's team),,Science Hill High School (Owen's team),Correct,,,,Correct,20,Science Hill High School (Owen's team),1,,,
S40 E59,Round of 8,Tossup,9,What is the Spanish word for Tuesday?,Martes,Foreign Language,Foreign Language,J. Frank White Academy (Shashi's team) vs Science Hill High School (Owen's team),Shashi,J. Frank White Academy (Shashi's team),Incorrect,Amanda,Science Hill High School (Owen's team),Correct,Correct,10,Science Hill High School (Owen's team),1,,"the captions render Shashi's answer as ""Venus""",
S40 E59,Round of 8,Bonus,9,Part 1: What is the German phrase for goodbye? | Part 2: What is the Japanese word for goodbye?,Part 1: Auf Wiedersehen | Part 2: Sayonara,Foreign Language,Foreign Language,J. Frank White Academy (Shashi's team) vs Science Hill High School (Owen's team),,Science Hill High School (Owen's team),Partial,,,,Partial,10,Science Hill High School (Owen's team),2,,"Owen deferred to Amanda, who had no answer for Part 1; Part 2 was ""sayonara""",
S40 E59,Round of 8,Tossup,10,What is the chemical symbol of magnesium?,Mg,Chemistry,Science & Technology,J. Frank White Academy (Shashi's team) vs Science Hill High School (Owen's team),Shashi,J. Frank White Academy (Shashi's team),Correct,,,,Correct,10,J. Frank White Academy (Shashi's team),1,,"the captions render the answer as ""emoji""",
S40 E59,Round of 8,Bonus,10,"What is the electron configuration, in exponential form, of magnesium?",1s2 2s2 2p6 3s2,Chemistry,Science & Technology,J. Frank White Academy (Shashi's team) vs Science Hill High School (Owen's team),,J. Frank White Academy (Shashi's team),Correct,,,,Correct,20,J. Frank White Academy (Shashi's team),1,,,
S40 E59,Round of 8,Tossup,11,"Which U.S. president whose nickname was ""Old Rough and Ready"" was the 12th president?",Zachary Taylor,History,Social Studies,J. Frank White Academy (Shashi's team) vs Science Hill High School (Owen's team),,J. Frank White Academy (Shashi's team),Incorrect,,Science Hill High School (Owen's team),Correct,Correct,10,Science Hill High School (Owen's team),1,,"the first buzzer's name is unclear in the captions (""chatty"") but the steal went to Science Hill, so it was a J. Frank White player; he said ""Polk"" and the host then finished the question",
S40 E59,Round of 8,Bonus,11,"Part 1: Which president ran with the slogan ""Tippecanoe and Tyler Too""? | Part 2: In what election year did Wendell Willkie use the slogan ""No Roosevelt for President""?",Part 1: William Henry Harrison | Part 2: 1940,History,Social Studies,J. Frank White Academy (Shashi's team) vs Science Hill High School (Owen's team),,Science Hill High School (Owen's team),Correct,,,,Correct,20,Science Hill High School (Owen's team),2,,"the team first said ""1944"", then Owen deferred to Arushi, who said 1940; the host gave 20 points",
S40 E59,Round of 8,Tossup,12,Joseph was envied by his brothers because of what clothing item?,A coat of many colors,Religion,Religion & Mythology,J. Frank White Academy (Shashi's team) vs Science Hill High School (Owen's team),Shashi,J. Frank White Academy (Shashi's team),Correct,,,,Correct,10,J. Frank White Academy (Shashi's team),1,,"Shashi first said ""coat/jacket""; the host asked for more and then accepted ""colored coat""",
S40 E59,Round of 8,Bonus,12,Pharaoh freed the Israelites after which plague of Egypt finally broke his resistance?,The death of the firstborn,Religion,Religion & Mythology,J. Frank White Academy (Shashi's team) vs Science Hill High School (Owen's team),,J. Frank White Academy (Shashi's team),Correct,,,,Correct,20,J. Frank White Academy (Shashi's team),1,,the team conferred and answered the death of the firstborn,
S40 E59,Round of 8,Tossup,13,"What avian item completes the idiom ""light as a ...?""",A feather,English,Language Arts,J. Frank White Academy (Shashi's team) vs Science Hill High School (Owen's team),Amanda,Science Hill High School (Owen's team),Correct,,,,Correct,10,Science Hill High School (Owen's team),1,,,
S40 E59,Round of 8,Bonus,13,"Spell the word ""affect"" in the sentence: ""Good steady habits will affect your grades in school.""",A-F-F-E-C-T,English,Language Arts,J. Frank White Academy (Shashi's team) vs Science Hill High School (Owen's team),,Science Hill High School (Owen's team),Correct,,,,Correct,20,Science Hill High School (Owen's team),1,,"the captions render the word as ""effect""; the host noted it is used as a verb",
S40 E59,Round of 8,Tossup,14,Which precious gem is the birthstone for February?,Amethyst,Geology,Science & Technology,J. Frank White Academy (Shashi's team) vs Science Hill High School (Owen's team),Shashi,J. Frank White Academy (Shashi's team),Incorrect,Arushi,Science Hill High School (Owen's team),Correct,Correct,10,Science Hill High School (Owen's team),1,,"the first buzzer's name is rendered ""Josh"" in the captions and is read here as Shashi; he said ""opal""; Arushi's name is rendered ""Ruby""",
S40 E59,Round of 8,Bonus,14,Name two of the top three income producing products mined in Tennessee.,"Any two of: limestone, coal, zinc",Geology,Science & Technology,J. Frank White Academy (Shashi's team) vs Science Hill High School (Owen's team),,Science Hill High School (Owen's team),Correct,,,,Correct,20,Science Hill High School (Owen's team),1,,the team said limestone and coal,
S40 E59,Round of 8,Tossup,15,Which independent agency of the executive branch of the U.S. government regularly uses Zone Improvement Plan codes?,The United States Postal Service,Government,Social Studies,J. Frank White Academy (Shashi's team) vs Science Hill High School (Owen's team),Shiven,Science Hill High School (Owen's team),Incorrect,,J. Frank White Academy (Shashi's team),Incorrect,Missed,0,None given,1,,Shiven said the Department of the Interior; the J. Frank White steal (player not named) said the Department of Housing and Urban Development,
S40 E59,Round of 8,Tossup,16,"What is the national flower of Japan, which they gifted to the U.S. in 1912?",Cherry blossom,Miscellaneous,General & Visual,J. Frank White Academy (Shashi's team) vs Science Hill High School (Owen's team),Arushi,Science Hill High School (Owen's team),Correct,,,,Correct,10,Science Hill High School (Owen's team),1,,,
S40 E59,Round of 8,Bonus,16,What is the smallest country in the world?,Vatican City,Miscellaneous,General & Visual,J. Frank White Academy (Shashi's team) vs Science Hill High School (Owen's team),,Science Hill High School (Owen's team),Correct,,,,Correct,20,Science Hill High School (Owen's team),1,,,
S40 E59,Round of 8,Tossup,17,Kansas is called the breadbasket of the U.S. because it is one of the top producers of what crop?,Wheat,Economics,Social Studies,J. Frank White Academy (Shashi's team) vs Science Hill High School (Owen's team),Shashi,J. Frank White Academy (Shashi's team),Incorrect,Shiven,Science Hill High School (Owen's team),Correct,Correct,10,Science Hill High School (Owen's team),1,,"Shashi buzzed early and said ""diamond mines""",
S40 E59,Round of 8,Bonus,17,"In 2023, Austria's chancellor fought to enshrine in the country's constitution the use of which form of payment, which he called elementary as a means of payment?",Cash,Economics,Social Studies,J. Frank White Academy (Shashi's team) vs Science Hill High School (Owen's team),,Science Hill High School (Owen's team),Incorrect,,,,Missed,0,None given,1,,"the team said ""paper money""; the host needed ""cash"" because it would include coins",
S40 E59,Round of 8,Tossup,18,"Correct the grammar in this sentence: ""I did not see you because you was concealed.""","""You were concealed""",English,Language Arts,J. Frank White Academy (Shashi's team) vs Science Hill High School (Owen's team),,J. Frank White Academy (Shashi's team),Correct,,,,Correct,10,J. Frank White Academy (Shashi's team),1,Yes,the buzzer and team are not named in the captions; the host's halftime remark that 110 points separated the teams only works if this tossup and its bonus went to J. Frank White (inferred; see the episode comment) (captions lines 1843-1850),Toss up now in English. / Correct. / The grammar in this sentence. / I did not see you because you was concealed. / You were concealed. / Correct. / And an English bonus. / What are the last two abstract nouns in the Pledge of Allegiance?
S40 E59,Round of 8,Bonus,18,What are the last two abstract nouns in the Pledge of Allegiance?,Liberty and justice,English,Language Arts,J. Frank White Academy (Shashi's team) vs Science Hill High School (Owen's team),,J. Frank White Academy (Shashi's team),Correct,,,,Correct,20,J. Frank White Academy (Shashi's team),1,,,
S40 E59,Round of 8,Tossup,19,What colorless liquid surrounds the brain and spinal cord and fills the spaces in between them?,Cerebrospinal fluid,Health,Science & Technology,J. Frank White Academy (Shashi's team) vs Science Hill High School (Owen's team),,J. Frank White Academy (Shashi's team),Incorrect,Arushi,Science Hill High School (Owen's team),Correct,Correct,10,Science Hill High School (Owen's team),1,,"the first buzzer (a J. Frank White player, not named) said ""cerebral fluid""; the host wanted the more specific answer",
S40 E59,Round of 8,Bonus,19,What is the eleven letter word that starts with A and is the term for passing a catheter with a balloon into an artery and then expanding the balloon to eliminate narrow areas in the coronary arteries?,Angioplasty,Health,Science & Technology,J. Frank White Academy (Shashi's team) vs Science Hill High School (Owen's team),,Science Hill High School (Owen's team),Incorrect,,,,Missed,0,None given,1,,"the team's answer is garbled in the captions (""like evolution""); the host gave ""angioplasty""",
S40 E59,Round of 8,Tossup,20,What watershed runs north and south through the peaks of the Rocky Mountains in Colorado?,The Continental Divide,Geography,Social Studies,J. Frank White Academy (Shashi's team) vs Science Hill High School (Owen's team),,Science Hill High School (Owen's team),Incorrect,,J. Frank White Academy (Shashi's team),Incorrect,Missed,0,None given,1,,"the first buzzer (a Science Hill player, not named) said ""Colorado River"" and the J. Frank White steal (player not named) said ""Columbia River""",
S40 E59,Round of 8,Tossup,21,"What musical includes the songs ""Soon It's Going to Rain"" and ""Try to Remember""?",The Fantasticks,Art,Fine Arts,J. Frank White Academy (Shashi's team) vs Science Hill High School (Owen's team),,Science Hill High School (Owen's team),Incorrect,Shashi,J. Frank White Academy (Shashi's team),Incorrect,Missed,0,None given,1,,"the first buzzer (a Science Hill player, not named) said ""Cabaret""; Shashi's steal was ""Jesus Christ Superstar""",
S40 E59,Round of 8,Tossup,22,The ratio of two radii of a circle is 3 to 5. What is the ratio of their areas?,9 to 25,Geometry,Mathematics,J. Frank White Academy (Shashi's team) vs Science Hill High School (Owen's team),,J. Frank White Academy (Shashi's team),Correct,,,,Correct,10,J. Frank White Academy (Shashi's team),1,Yes,the buzzer and team are not named in the captions; the host's halftime remark that 110 points separated the teams only works if this tossup and its bonus went to J. Frank White (inferred; see the episode comment) (captions lines 1870-1874),"Toss up for everyone in geometry. / The ratio of to radii of a circle are 3 to 5. / What is the ratio of their areas? / 9 to 25 correct. / And a two part geometry bonus if two angles of a triangle have measures of 56 and 27, what is the measurement of the third angle of a triangle?"
S40 E59,Round of 8,Bonus,22,"Part 1: If two angles of a triangle have measures of 56 and 27 degrees, what is the measure of the third angle? | Part 2: When classified by angle measures, what type of triangle is the figure just described?",Part 1: 97 degrees | Part 2: Obtuse,Geometry,Mathematics,J. Frank White Academy (Shashi's team) vs Science Hill High School (Owen's team),,J. Frank White Academy (Shashi's team),Correct,,,,Correct,20,J. Frank White Academy (Shashi's team),2,,the team first said 83 and then corrected to 97 before answering; the host gave 20 points,
S40 E59,Round of 8,Tossup,23,What is the French word for book?,Livre,Foreign Language,Foreign Language,J. Frank White Academy (Shashi's team) vs Science Hill High School (Owen's team),Shashi,J. Frank White Academy (Shashi's team),Incorrect,Arushi,Science Hill High School (Owen's team),Incorrect,Missed,0,None given,1,,"the captions render Shashi's answer as ""liberal"" and Arushi's as ""Libra""; the host said it is ""livre"" with a V in the middle",
S40 E59,Round of 8,Tossup,24,In which year did Soviet cosmonaut Valentina Tereshkova become the first woman to travel to space?,1963,Astronomy,Science & Technology,J. Frank White Academy (Shashi's team) vs Science Hill High School (Owen's team),Shashi,J. Frank White Academy (Shashi's team),Incorrect,Arushi,Science Hill High School (Owen's team),Incorrect,Missed,0,None given,1,,Shashi said 1973 and Arushi said 1955,
S40 E59,Round of 8,Tossup,25,What arcade game features a hopping amphibian attempting to cross traffic?,Frogger,Games,General & Visual,J. Frank White Academy (Shashi's team) vs Science Hill High School (Owen's team),Owen,Science Hill High School (Owen's team),Incorrect,Stephen,J. Frank White Academy (Shashi's team),Correct,Correct,10,J. Frank White Academy (Shashi's team),1,,"Owen buzzed early and said ""Crossy Road""",
S40 E59,Round of 8,Bonus,25,"First released in Japan in late 2004, what was the name of Sony's first handheld game console?",The PlayStation Portable (PSP),Games,General & Visual,J. Frank White Academy (Shashi's team) vs Science Hill High School (Owen's team),,J. Frank White Academy (Shashi's team),Correct,,,,Correct,20,J. Frank White Academy (Shashi's team),1,,,
S40 E59,Round of 8,Tossup,26,What was the name of the scandal that took its name from a hotel and a burglary?,Watergate,Government,Social Studies,J. Frank White Academy (Shashi's team) vs Science Hill High School (Owen's team),Amanda,Science Hill High School (Owen's team),Correct,,,,Correct,10,Science Hill High School (Owen's team),1,,"the host added ""and the Nixon administration""",
S40 E59,Round of 8,Bonus,26,"In November 2022, Congress held its first hearing about establishing a non-voting delegate seat in the U.S. House of Representatives for which Native American tribe, as promised in the Treaty of New Echota in 1835 but never fulfilled?",The Cherokee Nation,Government,Social Studies,J. Frank White Academy (Shashi's team) vs Science Hill High School (Owen's team),,Science Hill High School (Owen's team),Incorrect,,,,Missed,0,None given,1,,"the team said ""the Navajo""; the half ended after this bonus",
S40 E59,Round of 8,Tossup,27,Which former KGB agent was appointed ... to be president of Russia? [cut off by the buzzer],Vladimir Putin,History,Social Studies,J. Frank White Academy (Shashi's team) vs Science Hill High School (Owen's team),,J. Frank White Academy (Shashi's team),Correct,,,,Correct,10,J. Frank White Academy (Shashi's team),1,,"the buzzer is not named in the captions (the answer shown is the ""Putin"" the captions give); J. Frank White took the bonus",
S40 E59,Round of 8,Bonus,27,"Part 1: Which ancient city shown here is famous for its rock cut architecture and has a name that means ""rock"" in Greek? | Part 2: In what modern day country is Petra located?",Part 1: Petra | Part 2: Jordan,Visual,General & Visual,J. Frank White Academy (Shashi's team) vs Science Hill High School (Owen's team),,J. Frank White Academy (Shashi's team),Incorrect,,,,Missed,0,None given,2,,"the team's Part 1 answer is garbled in the captions and Part 2 was ""Turkey""; no points",
S40 E59,Round of 8,Tossup,28,"Which Russian playwright wrote ""Three Sisters,"" a drama that follows the lives of three sisters?",Anton Chekhov,Literature,Language Arts,J. Frank White Academy (Shashi's team) vs Science Hill High School (Owen's team),Shashi,J. Frank White Academy (Shashi's team),Correct,,,,Correct,10,J. Frank White Academy (Shashi's team),1,,Shashi buzzed before the end of the question,
S40 E59,Round of 8,Bonus,28,"Part 1: Which children's book begins, ""Once upon a time there were four little rabbits, and their names were Flopsy, Mopsy, Cottontail and Peter""? | Part 2: Who wrote that book?",Part 1: The Tale of Peter Rabbit | Part 2: Beatrix Potter,Literature,Language Arts,J. Frank White Academy (Shashi's team) vs Science Hill High School (Owen's team),,J. Frank White Academy (Shashi's team),Partial,,,,Partial,10,J. Frank White Academy (Shashi's team),2,,"the team said ""The Adventures of Peter Rabbit"" for Part 1; after the miss the host named the book and the team answered Beatrix Potter for ten points",
S40 E59,Round of 8,Tossup,29,What is the period in the life cycle of a plant or animal during which normal functions are slowed?,Dormancy,Biology,Science & Technology,J. Frank White Academy (Shashi's team) vs Science Hill High School (Owen's team),,Unknown,Correct,,,,Correct,10,Unknown,1,Yes,the buzzer and team are not named in the captions; the host's closing remark that both teams passed 400 points means J. Frank White probably took most of the unnamed second-half tossups; team not identified in captions (captions lines 1944-1946),"But you can steal get points by telling me who wrote the tale of Beatrix Potter and other children's books is ten points on the bonus toss up in biology. / What is the period in the life cycle of a plant or animal during which normal dormancy, normal functions are slowed in a biology bonus? / What is the taxonomy phylum for modern humans?"
S40 E59,Round of 8,Bonus,29,Part 1: What is the taxonomic phylum for modern humans? | Part 2: What is the taxonomic class for modern humans?,Part 1: Chordata | Part 2: Mammalia,Biology,Science & Technology,J. Frank White Academy (Shashi's team) vs Science Hill High School (Owen's team),,Unknown,Partial,,,,Partial,10,Unknown,2,Yes,"the team said ""primates"" for Part 2; team not identified in captions (captions lines 1945-1956)","What is the period in the life cycle of a plant or animal during which normal dormancy, normal functions are slowed in a biology bonus? / What is the taxonomy phylum for modern humans? / Oh, no, no, no, no, no. / Phylum is answer Chordata. / Yeah. / And what is the taxonomy class for modern humans? / Class? / Is it Homo sapiens primates? / Answer primates. / That's mammalian. / Ten points on that toss up. / Now in U.S. history, what insurrection against an excise tax took place?"
S40 E59,Round of 8,Tossup,30,What insurrection against an excise tax took place during Washington's administration?,The Whiskey Rebellion,U.S. History,Social Studies,J. Frank White Academy (Shashi's team) vs Science Hill High School (Owen's team),Shashi,J. Frank White Academy (Shashi's team),Correct,,,,Correct,10,J. Frank White Academy (Shashi's team),1,,,
S40 E59,Round of 8,Bonus,30,"Part 1: In 1861, Jefferson Davis resigned from what job to later become president of the Confederacy? | Part 2: For which state did he hold that job?",Part 1: U.S. senator | Part 2: Mississippi,U.S. History,Social Studies,J. Frank White Academy (Shashi's team) vs Science Hill High School (Owen's team),,J. Frank White Academy (Shashi's team),Partial,,,,Partial,10,J. Frank White Academy (Shashi's team),2,Yes,"no points total is announced in the captions: the team talked through ""governor"", ""Secretary of State"" and then ""U.S. senator"" for Part 1 (presumably counted) and said ""Tennessee"" for Part 2 (wrong; the host said Mississippi) (captions lines 1959-1968)","During Washington's administration and a history bonus. / In 1861, Jefferson Davis resigned from what job to later become president of the Confederacy. / The governor, Secretary of State. / He may have been secretary as Secretary of state at that time. / He was a U.S. senator. / For which state was Jefferson Davis? / The Senate was Tennessee, Tennessee, Tennessee, Tennessee. / No, Mississippi. / Toss up now for all players in music. / When they recorded their first album, the band Chicago went by a longer name."
S40 E59,Round of 8,Tossup,31,"When they recorded their first album, the band Chicago went by a longer name. What was it?",Chicago Transit Authority,Music,Fine Arts,J. Frank White Academy (Shashi's team) vs Science Hill High School (Owen's team),Shashi,J. Frank White Academy (Shashi's team),Incorrect,,Science Hill High School (Owen's team),Incorrect,Missed,0,None given,1,,"Shashi said ""the Men's Band of Chicago"" (garbled); the Science Hill steal answer is garbled (""see and sell"") and the host then gave ""Chicago Transit Authority""",
S40 E59,Round of 8,Tossup,32,What is the sine of 90 degrees times zero?,0,Pre-Calculus,Mathematics,J. Frank White Academy (Shashi's team) vs Science Hill High School (Owen's team),,Unknown,Correct,,,,Correct,10,Unknown,1,Yes,"the buzzer and team are not named in the captions and the question text is uncertain (the captions say ""the sign of 90 degrees times zero""; the host's reply refers to the sine of 180 degrees being zero); the closing remark that both teams passed 400 points means J. Frank White probably took most of the unnamed second-half tossups (captions lines 1971-1974)","Toss up in pre-calculus. / What is the sign of 90 degrees times zero? / The sign of 180 degrees is in fact zero and a pre-calculus bonus. / A right triangle has sides of nine, 12 and 15 meters."
S40 E59,Round of 8,Bonus,32,"A right triangle has sides of nine, 12 and 15 meters. What is the tangent ratio of the smallest angle of the triangle?",3/4 (9/12),Pre-Calculus,Mathematics,J. Frank White Academy (Shashi's team) vs Science Hill High School (Owen's team),,Unknown,Unclear,,,,Unclear,,Unknown,1,Yes,"the team first said nine over fifteen and then nine over twelve; the host's verdict is clipped in the captions (""... points""), so credit is presumed but not certain (captions lines 1973-1986)","The sign of 180 degrees is in fact zero and a pre-calculus bonus. / A right triangle has sides of nine, 12 and 15 meters. / What is the tangent ratio of the smallest angle of the triangle? / Oh, tangent. / So opposite over adjacent to it. / P nine over 15. / Yeah. / Three or four from the answer nine over 12. / Yeah. / points tossup in spelling. / The general meaning for the word holocaust is complete. / Owen? / H O L O C A U S T. Is right and the spelling is your bonus. / A chiropractor is skilled at relieving back and neck pain."
S40 E59,Round of 8,Tossup,33,"The general meaning for the word ""holocaust"" is complete ... [cut off by the buzzer]",H-O-L-O-C-A-U-S-T,Spelling,Language Arts,J. Frank White Academy (Shashi's team) vs Science Hill High School (Owen's team),Owen,Science Hill High School (Owen's team),Correct,,,,Correct,10,Science Hill High School (Owen's team),1,,,
S40 E59,Round of 8,Bonus,33,"A chiropractor is skilled at relieving back and neck pain. Part 1: Spell ""chiropractor."" | Part 2: Spell ""relieving.""",Part 1: C-H-I-R-O-P-R-A-C-T-O-R | Part 2: R-E-L-I-E-V-I-N-G,Spelling,Language Arts,J. Frank White Academy (Shashi's team) vs Science Hill High School (Owen's team),,Science Hill High School (Owen's team),Correct,,,,Correct,20,Science Hill High School (Owen's team),2,,,
S40 E59,Round of 8,Tossup,34,What does the Kelvin scale measure?,Temperature,Science,Science & Technology,J. Frank White Academy (Shashi's team) vs Science Hill High School (Owen's team),,J. Frank White Academy (Shashi's team),Correct,,,,Correct,10,J. Frank White Academy (Shashi's team),1,,the buzzer is not named in the captions; J. Frank White took the bonus,
S40 E59,Round of 8,Bonus,34,"Which law of thermodynamics is illustrated here, showing that heat energy naturally flows from areas of higher temperature to lower temperature?",The second law of thermodynamics,Visual,General & Visual,J. Frank White Academy (Shashi's team) vs Science Hill High School (Owen's team),,J. Frank White Academy (Shashi's team),Incorrect,,,,Missed,0,None given,1,,the team said the first law,
S40 E59,Round of 8,Tossup,35,"Any onion labeled ""Vidalia"" must come from what U.S. state?",Georgia,Economics,Social Studies,J. Frank White Academy (Shashi's team) vs Science Hill High School (Owen's team),Shashi,J. Frank White Academy (Shashi's team),Incorrect,,Science Hill High School (Owen's team),Incorrect,Missed,0,None given,1,,Shashi said California; the Science Hill steal (player not named) said Illinois,
S40 E59,Round of 8,Tossup,36,What was God's sign to Noah at the end of the flood that he would never destroy the earth again?,A rainbow,Religion,Religion & Mythology,J. Frank White Academy (Shashi's team) vs Science Hill High School (Owen's team),Owen,Science Hill High School (Owen's team),Correct,,,,Correct,10,Science Hill High School (Owen's team),1,,Owen buzzed before the end of the question,
S40 E59,Round of 8,Bonus,36,"Part 1: In the Book of Judges, who was called by the Lord to help free the Israelites from the Philistines and had long hair that gave him strength as a sign of his covenant with the Lord? | Part 2: Who had Samson's hair shaved while he slept, in order to make him weak so that the Philistines could capture him?",Part 1: Samson | Part 2: Delilah,Religion,Religion & Mythology,J. Frank White Academy (Shashi's team) vs Science Hill High School (Owen's team),,Science Hill High School (Owen's team),Correct,,,,Correct,20,Science Hill High School (Owen's team),2,,,
S40 E59,Round of 8,Tossup,37,"Mount Mitchell, the highest U.S. peak east of the Mississippi, is in what state?",North Carolina,Geography,Social Studies,J. Frank White Academy (Shashi's team) vs Science Hill High School (Owen's team),,Unknown,Correct,,,,Correct,10,Unknown,1,Yes,the buzzer and team are not named in the captions; the host's closing remark that both teams passed 400 points means J. Frank White probably took most of the unnamed second-half tossups; team not identified in captions (captions lines 2004-2008),"20 points on the bonus toss up now in geography. / Mount Mitchell, the highest U.S. peak North Carolina, east of the Mississippi, is in North Carolina. / Geography is your bonus. / in 2022. / And arson fire irreparably damaged several of the giant stone carved moai heads on Easter Island, which is the special territory of which country?"
S40 E59,Round of 8,Bonus,37,"In 2022, an arson fire irreparably damaged several of the giant stone carved moai heads on Easter Island, which is a special territory of which country?",Chile,Geography,Social Studies,J. Frank White Academy (Shashi's team) vs Science Hill High School (Owen's team),,Unknown,Incorrect,,,,Missed,0,None given,1,Yes,the team said the United Kingdom and then Ireland; the host noted Easter Island is off the coast of Chile; team not identified in captions (captions lines 2008-2012),"And arson fire irreparably damaged several of the giant stone carved moai heads on Easter Island, which is the special territory of which country? / you started. / Kingdom and an island it's off the coast of Ireland is Easter Island. / Ireland Now that is off the coast of Chile. / They Toss up now in vocabulary what six letter word beginning with B is a synonym of effervescent Owen?"
S40 E59,Round of 8,Tossup,38,"What six letter word beginning with B is a synonym of ""effervescent""?",Bubbly,Vocabulary,Language Arts,J. Frank White Academy (Shashi's team) vs Science Hill High School (Owen's team),Owen,Science Hill High School (Owen's team),Incorrect,,,,Missed,0,None given,1,,"Owen said ""bright""; no steal answer is captured and the host gave ""bubbly""",
S40 E59,Round of 8,Tossup,39,What is the process used to separate components of a liquid by their boiling points?,Distillation,Chemistry,Science & Technology,J. Frank White Academy (Shashi's team) vs Science Hill High School (Owen's team),,Unknown,Correct,,,,Correct,10,Unknown,1,Yes,the buzzer and team are not named in the captions; the host's closing remark that both teams passed 400 points means J. Frank White probably took most of the unnamed second-half tossups; team not identified in captions (captions lines 2014-2019),"Not that you can chance to steal J Frank White that is bubbly Toss up for all players in chemistry. / What is the process that is used to separate components of a liquid distealation by their boiling points is distealation and chemistry is a bonus. / Which element's electron configuration is neon 3 to $0.03 five. / Okay, so neon is neon plus it is 15, sir. / Sulfur, It's chlorine toss up now in history. / Which leader first referred to the USSR and its satellites as the Iron Curtain?"
S40 E59,Round of 8,Bonus,39,Which element's electron configuration is neon 3s2 3p5?,Chlorine,Chemistry,Science & Technology,J. Frank White Academy (Shashi's team) vs Science Hill High School (Owen's team),,Unknown,Incorrect,,,,Missed,0,None given,1,Yes,the team said sulfur; team not identified in captions,
S40 E59,Round of 8,Tossup,40,"Which leader first referred to the USSR and its satellites as the ""Iron Curtain""?",Winston Churchill,History,Social Studies,J. Frank White Academy (Shashi's team) vs Science Hill High School (Owen's team),Shashi,J. Frank White Academy (Shashi's team),Incorrect,Amanda,Science Hill High School (Owen's team),Correct,Correct,10,Science Hill High School (Owen's team),1,,Shashi said Ronald Reagan,
S40 E59,Round of 8,Bonus,40,"Part 1: Three of Cleopatra's children, including a pair of twins, were fathered by which Roman general? | Part 2: Who was the father of Cleopatra's first child?",Part 1: Mark Antony | Part 2: Julius Caesar,World History,Social Studies,J. Frank White Academy (Shashi's team) vs Science Hill High School (Owen's team),,Science Hill High School (Owen's team),Correct,,,,Correct,20,Science Hill High School (Owen's team),2,,,
S40 E59,Round of 8,Tossup,41,"What material, beginning with the letter L, is widely used to make cycling gear?",Lycra,Sports,General & Visual,J. Frank White Academy (Shashi's team) vs Science Hill High School (Owen's team),,Unknown,Correct,,,,Correct,10,Unknown,1,Yes,the buzzer and team are not named in the captions; the host's closing remark that both teams passed 400 points means J. Frank White probably took most of the unnamed second-half tossups; team not identified in captions (captions lines 2033-2035),"Toss up now in sports. / What material? / Beginning with the letter L is widely used Lycra to make cycling gear sports bonus, which Major League outfielder finished with a lifetime average of 3.67 and tops all hitters in total hits runs Ty Cobb."
S40 E59,Round of 8,Bonus,41,Part 1: Which Major League outfielder finished with a lifetime batting average of .367 and tops all hitters in total hits and runs? | Part 2: For which team did he play for 22 years?,Part 1: Ty Cobb | Part 2: The Detroit Tigers,Sports,General & Visual,J. Frank White Academy (Shashi's team) vs Science Hill High School (Owen's team),,Unknown,Partial,,,,Partial,10,Unknown,2,Yes,"the team said ""Dodgers"" for Part 2; team not identified in captions (captions lines 2035-2037)","Beginning with the letter L is widely used Lycra to make cycling gear sports bonus, which Major League outfielder finished with a lifetime average of 3.67 and tops all hitters in total hits runs Ty Cobb. / And for which team did he play for 22 years Produces baseball Answer Dodgers Detroit Tigers ten points on the bonus toss up in algebra. / What is the length of the major axis of the ellipse with equation X squared over 25 plus Shiven?"
S40 E59,Round of 8,Tossup,42,What is the length of the major axis of the ellipse with equation x squared over 25 plus y squared over ... [cut off by the buzzer],16,Algebra,Mathematics,J. Frank White Academy (Shashi's team) vs Science Hill High School (Owen's team),Shiven,Science Hill High School (Owen's team),Incorrect,,,,Missed,0,None given,1,,"Shiven buzzed early and said ""ten""; the host said the answer would be 16 once the whole equation was read and then moved on (""we'll have to save that for another day""), so no steal was offered",
S40 E59,Round of 8,Tossup,43,"What is the title of Reginald Rose's television script about the jury of a homicide trial, later adapted for film and stage?",Twelve Angry Men,Literature,Language Arts,J. Frank White Academy (Shashi's team) vs Science Hill High School (Owen's team),Owen,Science Hill High School (Owen's team),Correct,,,,Correct,10,Science Hill High School (Owen's team),1,,Owen buzzed before the end of the question,
S40 E59,Round of 8,Bonus,43,Part 1: Which book in The Lord of the Rings trilogy begins when Mr. Bilbo Baggins of Bag End announced that he would shortly be celebrating his eleventy-first birthday? | Part 2: Who was the author of the trilogy?,Part 1: The Fellowship of the Ring | Part 2: J. R. R. Tolkien,Literature,Language Arts,J. Frank White Academy (Shashi's team) vs Science Hill High School (Owen's team),,Science Hill High School (Owen's team),Correct,,,,Correct,20,Science Hill High School (Owen's team),2,,"the captions render the birthday as ""71st""",
S40 E59,Round of 8,Tossup,44,What is the term for a rod that helps a wheel rotate?,An axle,Physics,Science & Technology,J. Frank White Academy (Shashi's team) vs Science Hill High School (Owen's team),Owen,Science Hill High School (Owen's team),Correct,,,,Correct,10,Science Hill High School (Owen's team),1,,,
S40 E59,Round of 8,Bonus,44,A billiard ball knocking into another ball and transferring all of its kinetic energy is an example of what type of collision?,An elastic collision,Physics,Science & Technology,J. Frank White Academy (Shashi's team) vs Science Hill High School (Owen's team),,Science Hill High School (Owen's team),Correct,,,,Correct,20,Science Hill High School (Owen's team),1,,"the team said ""plastic"" and then ""elastic""; the host gave 20 points",
S40 E59,Round of 8,Tossup,45,What country's capital is Cairo?,Egypt,Geography,Social Studies,J. Frank White Academy (Shashi's team) vs Science Hill High School (Owen's team),,Unknown,Correct,,,,Correct,10,Unknown,1,Yes,the buzzer and team are not named in the captions; the host's closing remark that both teams passed 400 points means J. Frank White probably took most of the unnamed second-half tossups; team not identified in captions,
S40 E59,Round of 8,Bonus,45,Part 1: What is the southernmost capital in the Americas? | Part 2: What is the southernmost capital in the world?,"Part 1: Montevideo, Uruguay | Part 2: Wellington, New Zealand",Geography,Social Studies,J. Frank White Academy (Shashi's team) vs Science Hill High School (Owen's team),,Unknown,Incorrect,,,,Missed,0,None given,2,Yes,"the team said ""Santiago, Chile"" for Part 1 and a South African capital for Part 2; team not identified in captions (captions lines 2057-2064)","Now in geography, what countries capital is Cairo, Egypt and a geography bonus. / What is the southernmost capital in the Americas? / Santiago, Chile has the stupid island Santiago. / That's a Montevideo, Uruguay. / What is the southernmost capital in the world? / Is it of South Africa? / Answer Shark No, no, that is Wellington, New Zealand does that for all players in architecture. / What style of architecture that included gargoyles, vaulted ceilings, Gothic and architecture Bonus The Sagrada Familia and the Casa Mila, both located in Spain, are excellent examples of Catalan modernism architecture and were designed by which architect?"
S40 E59,Round of 8,Tossup,46,What style of architecture that included gargoyles and vaulted ceilings ... [cut off by the buzzer],Gothic,Architecture,Fine Arts,J. Frank White Academy (Shashi's team) vs Science Hill High School (Owen's team),,Unknown,Correct,,,,Correct,10,Unknown,1,Yes,the buzzer and team are not named in the captions; the host's closing remark that both teams passed 400 points means J. Frank White probably took most of the unnamed second-half tossups; team not identified in captions,
S40 E59,Round of 8,Bonus,46,"The Sagrada Familia and the Casa Mila, both located in Spain, are excellent examples of Catalan modernism architecture and were designed by which architect?",Antoni Gaudi,Architecture,Fine Arts,J. Frank White Academy (Shashi's team) vs Science Hill High School (Owen's team),,Unknown,Incorrect,,,,Missed,0,None given,1,Yes,the team had no answer; team not identified in captions (captions lines 2064-2070),"What style of architecture that included gargoyles, vaulted ceilings, Gothic and architecture Bonus The Sagrada Familia and the Casa Mila, both located in Spain, are excellent examples of Catalan modernism architecture and were designed by which architect? / You don't know what to say. / No answer yet another question. / No answer. / That is Antoni Gaudi. / Toss up in mythology. / What was the Roman equivalent of the mythological Greek god?"
S40 E59,Round of 8,Tossup,47,What was the Roman equivalent of the mythological Greek god Ares?,Mars,Mythology,Religion & Mythology,J. Frank White Academy (Shashi's team) vs Science Hill High School (Owen's team),Van,J. Frank White Academy (Shashi's team),Correct,,,,Correct,10,J. Frank White Academy (Shashi's team),1,,,
S40 E59,Round of 8,Bonus,47,"Part 1: In 2022, a 600 year old Roman mosaic was discovered in Syria that depicted what Roman sea god, surrounded by sea creatures? | Part 2: What Roman hero slayed the Amazon queen Hippolyta?",Part 1: Neptune | Part 2: Hercules,Mythology,Religion & Mythology,J. Frank White Academy (Shashi's team) vs Science Hill High School (Owen's team),,J. Frank White Academy (Shashi's team),Partial,,,,Partial,10,J. Frank White Academy (Shashi's team),2,,"the team's Part 1 answer is garbled in the captions (""Simpson"") but the host said ""you get ten points ... Neptune""; for Part 2 the team said ""Jason""",
S40 E59,Round of 8,Tossup,48,"What is the English translation of the Spanish phrase ""Donde esta mi maleta?""",Where is my suitcase?,Foreign Language,Foreign Language,J. Frank White Academy (Shashi's team) vs Science Hill High School (Owen's team),,Unknown,Correct,,,,Correct,10,Unknown,1,Yes,the buzzer and team are not named in the captions; the host's closing remark that both teams passed 400 points means J. Frank White probably took most of the unnamed second-half tossups; team not identified in captions (captions lines 2080-2085),"You get ten points, your Neptune toss up. / Now in foreign language, what is the English translation of the Spanish phrase? / Donde esta me maleta? / Where's my suitcase? / My letter is suitcase and a foreign language bonus. / What is the Spanish phrase for credit card?"
S40 E59,Round of 8,Bonus,48,"What is the Spanish phrase for ""credit card""?",Tarjeta de credito,Foreign Language,Foreign Language,J. Frank White Academy (Shashi's team) vs Science Hill High School (Owen's team),,Unknown,Incorrect,,,,Missed,0,None given,1,Yes,the team had no answer; team not identified in captions (captions lines 2084-2089),My letter is suitcase and a foreign language bonus. / What is the Spanish phrase for credit card? / Just say no answer. / No. / Takeda de Crédito Tossup in health. / What field of medicine deals with the use of medicines to prevent pain during surgery or pain medicine?
S40 E59,Round of 8,Tossup,49,What field of medicine deals with the use of medicines to prevent pain during surgery?,Anesthesiology,Health,Science & Technology,J. Frank White Academy (Shashi's team) vs Science Hill High School (Owen's team),,Unknown,Correct,,,,Correct,10,Unknown,1,Yes,the buzzer and team are not named in the captions; the host's closing remark that both teams passed 400 points means J. Frank White probably took most of the unnamed second-half tossups; team not identified in captions (captions lines 2088-2093),Takeda de Crédito Tossup in health. / What field of medicine deals with the use of medicines to prevent pain during surgery or pain medicine? / And the total anesthesiology. / Is right. / Health is your bonus. / What insect is the carrier for the West Nile and Zika viruses?
S40 E59,Round of 8,Bonus,49,Part 1: What insect is the carrier for the West Nile and Zika viruses? | Part 2: What insect is the carrier for Rocky Mountain spotted fever?,Part 1: The mosquito | Part 2: The tick,Health,Science & Technology,J. Frank White Academy (Shashi's team) vs Science Hill High School (Owen's team),,Unknown,Correct,,,,Correct,20,Unknown,2,Yes,team not identified in captions (captions lines 2092-2102),"Health is your bonus. / What insect is the carrier for the West Nile and Zika viruses? / Mosquito Mosquito. / And what insect is the carrier for? / Rocky Mountain? / Spotted fever. / Okay, so tick. / Both right. / 20 points. / Toss up in vocabulary. / What five letter word beginning with F is a synonym of species Shashi fetus chance to steal Science Hill."
S40 E59,Round of 8,Tossup,50,"What five letter word beginning with F is a synonym of ""specious""?",False,Vocabulary,Language Arts,J. Frank White Academy (Shashi's team) vs Science Hill High School (Owen's team),Shashi,J. Frank White Academy (Shashi's team),Incorrect,Owen,Science Hill High School (Owen's team),Incorrect,Missed,0,None given,1,,"the captions give the word as ""species""; Shashi said ""fetus"" and Owen said ""phylum""",
S40 E59,Round of 8,Tossup,51,What religion native to Japan has shrines with entrances called torii gates?,Shintoism,Religion,Religion & Mythology,J. Frank White Academy (Shashi's team) vs Science Hill High School (Owen's team),Shashi,J. Frank White Academy (Shashi's team),Correct,,,,Correct,10,J. Frank White Academy (Shashi's team),1,,the game ended during the bonus question,
S40 E60,Round of 4,Tossup,1,What element makes up 78% of our atmosphere?,Nitrogen,Science,Science & Technology,Hardin Valley Academy (David's team) vs Dobyns-Bennett High School (Sachin's team),Zach,Hardin Valley Academy (David's team),Correct,,,,Correct,10,Hardin Valley Academy (David's team),1,,Zach buzzed before the end of the question,
S40 E60,Round of 4,Bonus,1,"Part 1: Salamanders are ectothermic, which means they are what? | Part 2: Spell ""ectothermic.""",Part 1: Cold blooded | Part 2: E-C-T-O-T-H-E-R-M-I-C,Science,Science & Technology,Hardin Valley Academy (David's team) vs Dobyns-Bennett High School (Sachin's team),Zach,Hardin Valley Academy (David's team),Correct,,,,Correct,20,Hardin Valley Academy (David's team),2,,David deferred to Zach for the spelling,
S40 E60,Round of 4,Tossup,2,"What does the idiom ""stick your neck out"" mean?",To take a risk,English,Language Arts,Hardin Valley Academy (David's team) vs Dobyns-Bennett High School (Sachin's team),Sachin,Dobyns-Bennett High School (Sachin's team),Correct,,,,Correct,10,Dobyns-Bennett High School (Sachin's team),1,,,
S40 E60,Round of 4,Bonus,2,"Part 1: What is the past simple of the verb ""throw""? | Part 2: What is the past participle of the verb ""throw""?",Part 1: Threw | Part 2: Thrown,English,Language Arts,Hardin Valley Academy (David's team) vs Dobyns-Bennett High School (Sachin's team),,Dobyns-Bennett High School (Sachin's team),Correct,,,,Correct,20,Dobyns-Bennett High School (Sachin's team),2,,,
S40 E60,Round of 4,Tossup,3,"What is the title of the musical theater adaptation of ""Pygmalion""?",My Fair Lady,Literature,Language Arts,Hardin Valley Academy (David's team) vs Dobyns-Bennett High School (Sachin's team),Michael,Dobyns-Bennett High School (Sachin's team),Incorrect,Zach,Hardin Valley Academy (David's team),Correct,Correct,10,Hardin Valley Academy (David's team),1,,"Michael buzzed early and said ""The Crucible""; the captions lose the author's name in the question",
S40 E60,Round of 4,Bonus,3,"2023 marked the 400th anniversary of the publication of the First Folio, which is regarded by many as the most important book in the history of English literature because it contains 36 of William Shakespeare's comedies, histories and tragedies. Name the two comedies in it that have the word ""night"" in their titles.",A Midsummer Night's Dream and Twelfth Night,Literature,Language Arts,Hardin Valley Academy (David's team) vs Dobyns-Bennett High School (Sachin's team),,Hardin Valley Academy (David's team),Partial,,,,Partial,10,Hardin Valley Academy (David's team),1,,"the team named ""A Midsummer Night's Dream"" and a muddled second title; the host gave ten points",
S40 E60,Round of 4,Tossup,4,"In the key of G major, what is the interval between A and C sharp?",A major third,Music,Fine Arts,Hardin Valley Academy (David's team) vs Dobyns-Bennett High School (Sachin's team),Zach,Hardin Valley Academy (David's team),Incorrect,Michael,Dobyns-Bennett High School (Sachin's team),Incorrect,Missed,0,None given,1,,"Zach said ""major third"" but not in time (the host: ""he was right but he didn't get out in time""); Michael's steal ""third"" was not specific enough, so neither got the points",
S40 E60,Round of 4,Tossup,5,Which state's nickname is the First State?,Delaware,Geography,Social Studies,Hardin Valley Academy (David's team) vs Dobyns-Bennett High School (Sachin's team),Zach,Hardin Valley Academy (David's team),Correct,,,,Correct,10,Hardin Valley Academy (David's team),1,,,
S40 E60,Round of 4,Bonus,5,"Part 1: The view shown here is from Cadillac Mountain, which during winter months is the site of the earliest sunrise in the contiguous 48 states. In which state is it located? | Part 2: Cadillac Mountain is located on Mount Desert Island within what national park?",Part 1: Maine | Part 2: Acadia National Park,Visual,General & Visual,Hardin Valley Academy (David's team) vs Dobyns-Bennett High School (Sachin's team),,Hardin Valley Academy (David's team),Correct,,,,Correct,20,Hardin Valley Academy (David's team),2,,the captions garble the answer to Part 1,
S40 E60,Round of 4,Tossup,6,The atmosphere of Mars is mostly composed of what compound that has the formula CO2?,Carbon dioxide,Astronomy,Science & Technology,Hardin Valley Academy (David's team) vs Dobyns-Bennett High School (Sachin's team),Claire,Dobyns-Bennett High School (Sachin's team),Correct,,,,Correct,10,Dobyns-Bennett High School (Sachin's team),1,,,
S40 E60,Round of 4,Bonus,6,"Part 1: Which constellation that resembles the letter W represents a vain queen, or the lady in the chair? | Part 2: Which constellation represents a winged horse?",Part 1: Cassiopeia | Part 2: Pegasus,Astronomy,Science & Technology,Hardin Valley Academy (David's team) vs Dobyns-Bennett High School (Sachin's team),,Dobyns-Bennett High School (Sachin's team),Correct,,,,Correct,20,Dobyns-Bennett High School (Sachin's team),2,,,
S40 E60,Round of 4,Tossup,7,What nine letter noun beginning with O means exclusion from a society or group by general consent?,Ostracism,Vocabulary,Language Arts,Hardin Valley Academy (David's team) vs Dobyns-Bennett High School (Sachin's team),Claire,Dobyns-Bennett High School (Sachin's team),Incorrect,Brock,Hardin Valley Academy (David's team),Incorrect,Missed,0,None given,1,,"Claire said ""omission"" and Brock said ""opposition""",
S40 E60,Round of 4,Tossup,8,Convert the base five number 123 into base ten.,38,Math,Mathematics,Hardin Valley Academy (David's team) vs Dobyns-Bennett High School (Sachin's team),David,Hardin Valley Academy (David's team),Correct,,,,Correct,10,Hardin Valley Academy (David's team),1,,,
S40 E60,Round of 4,Bonus,8,Subtract the quantity 15x minus 7y from the quantity 2x plus 4y.,-13x + 11y,Math,Mathematics,Hardin Valley Academy (David's team) vs Dobyns-Bennett High School (Sachin's team),,Hardin Valley Academy (David's team),Correct,,,,Correct,20,Hardin Valley Academy (David's team),1,,,
S40 E60,Round of 4,Tossup,9,"In the 1820s, which Spanish artist painted ""Saturn Devouring His Son""?",Francisco Goya,Art,Fine Arts,Hardin Valley Academy (David's team) vs Dobyns-Bennett High School (Sachin's team),Zach,Hardin Valley Academy (David's team),Incorrect,Claire,Dobyns-Bennett High School (Sachin's team),Incorrect,Missed,0,None given,1,,"Zach said Salvador Dali and Claire said ""Rivera""",
S40 E60,Round of 4,Tossup,10,"What are the taxes placed on the production, transportation, sale or consumption of goods or services?",Excise taxes,Government,Social Studies,Hardin Valley Academy (David's team) vs Dobyns-Bennett High School (Sachin's team),Sachin,Dobyns-Bennett High School (Sachin's team),Incorrect,Zach,Hardin Valley Academy (David's team),Incorrect,Missed,0,None given,1,,"Sachin said tariffs and Zach said ""sales tax""; the host said the answer is excise taxes, which is broader than tariffs",
S40 E60,Round of 4,Tossup,11,"Which liquid, also known as oil of vitriol, has the formula H2SO4 and can be recycled in a car battery?",Sulfuric acid,Chemistry,Science & Technology,Hardin Valley Academy (David's team) vs Dobyns-Bennett High School (Sachin's team),Zach,Hardin Valley Academy (David's team),Correct,,,,Correct,10,Hardin Valley Academy (David's team),1,,Zach buzzed before the end of the question,
S40 E60,Round of 4,Bonus,11,"If americium-241 has atomic number 95 and releases one alpha particle via radioactive decay, what is the atomic number of the remaining product?",93,Chemistry,Science & Technology,Hardin Valley Academy (David's team) vs Dobyns-Bennett High School (Sachin's team),,Hardin Valley Academy (David's team),Incorrect,,,,Missed,0,None given,1,,the team said 96 after first thinking an alpha particle is hydrogen,
S40 E60,Round of 4,Tossup,12,"What is the English translation of the Latin phrase ""prima facie""?",At first glance (at first sight),Foreign Language,Foreign Language,Hardin Valley Academy (David's team) vs Dobyns-Bennett High School (Sachin's team),Sachin,Dobyns-Bennett High School (Sachin's team),Correct,,,,Correct,10,Dobyns-Bennett High School (Sachin's team),1,,,
S40 E60,Round of 4,Bonus,12,"Which term derived from Greek for ""exercise"" designates an austere, simple way of life in which a person can reach a higher spiritual state by rigorous self-discipline and self-denial?",Asceticism,Foreign Language,Foreign Language,Hardin Valley Academy (David's team) vs Dobyns-Bennett High School (Sachin's team),,Dobyns-Bennett High School (Sachin's team),Incorrect,,,,Missed,0,None given,1,,"the team said ""stoicism""",
S40 E60,Round of 4,Tossup,13,The hereditary blood disorder ... [cut off by the buzzer],Sickle cell disease,Health,Science & Technology,Hardin Valley Academy (David's team) vs Dobyns-Bennett High School (Sachin's team),Sachin,Dobyns-Bennett High School (Sachin's team),Correct,,,,Correct,10,Dobyns-Bennett High School (Sachin's team),1,,"Sachin buzzed early; the captions garble the question after ""the hereditary blood disorder""",
S40 E60,Round of 4,Bonus,13,"In 2022, a town in Vermont discovered that the water superintendent had for ten years been secretly lowering the amount of what added mineral in the local water supply?",Fluoride,Health,Science & Technology,Hardin Valley Academy (David's team) vs Dobyns-Bennett High School (Sachin's team),,Dobyns-Bennett High School (Sachin's team),Incorrect,,,,Missed,0,None given,1,,"the team first said ""fluorine"" and then ""fluoride""; the host took the first answer",
S40 E60,Round of 4,Tossup,14,"What popular game on ""The Price Is Right"" involves dropping a disc down a slanted pegboard so you can win money?",Plinko,Games,General & Visual,Hardin Valley Academy (David's team) vs Dobyns-Bennett High School (Sachin's team),,Dobyns-Bennett High School (Sachin's team),Correct,,,,Correct,10,Dobyns-Bennett High School (Sachin's team),1,,the buzzer is not named in the captions; Dobyns-Bennett took the bonus,
S40 E60,Round of 4,Bonus,14,"In 2001, a rule change in regulation table tennis matches shortened games to what winning score?",11,Games,General & Visual,Hardin Valley Academy (David's team) vs Dobyns-Bennett High School (Sachin's team),,Dobyns-Bennett High School (Sachin's team),Correct,,,,Correct,20,Dobyns-Bennett High School (Sachin's team),1,,,
S40 E60,Round of 4,Tossup,15,How many wives did King Henry VIII have?,Six,World History,Social Studies,Hardin Valley Academy (David's team) vs Dobyns-Bennett High School (Sachin's team),Michael,Dobyns-Bennett High School (Sachin's team),Correct,,,,Correct,10,Dobyns-Bennett High School (Sachin's team),1,,Michael buzzed before the king's name was finished,
S40 E60,Round of 4,Bonus,15,"What Soviet and Russian politician, shown here, served as the last leader of the Soviet Union and was awarded the Nobel Peace Prize?",Mikhail Gorbachev,Visual,General & Visual,Hardin Valley Academy (David's team) vs Dobyns-Bennett High School (Sachin's team),,Dobyns-Bennett High School (Sachin's team),Correct,,,,Correct,20,Dobyns-Bennett High School (Sachin's team),1,,,
S40 E60,Round of 4,Tossup,16,What is the color of sulfur?,Yellow,Geology,Science & Technology,Hardin Valley Academy (David's team) vs Dobyns-Bennett High School (Sachin's team),Zach,Hardin Valley Academy (David's team),Correct,,,,Correct,10,Hardin Valley Academy (David's team),1,,,
S40 E60,Round of 4,Bonus,16,"Part 1: Pink Tennessee marble from Knoxville was used to carve ""Patience"" and ""Fortitude,"" the two lions outside the Beaux-Arts structure on Fifth Avenue in Manhattan that is the flagship location of what institution? | Part 2: Which New York mayor, after whom an airport is named, gave Patience and Fortitude their names during the Great Depression?",Part 1: The New York Public Library | Part 2: Fiorello La Guardia,Geology,Science & Technology,Hardin Valley Academy (David's team) vs Dobyns-Bennett High School (Sachin's team),,Hardin Valley Academy (David's team),Partial,,,,Partial,10,Hardin Valley Academy (David's team),2,,"the team said ""the New York Stock Exchange"" for Part 1; after the miss the host offered the mayor question and the team answered LaGuardia for ten points",
S40 E60,Round of 4,Tossup,17,"Which war is the setting for ""The Red Badge of Courage""?",The American Civil War,Literature,Language Arts,Hardin Valley Academy (David's team) vs Dobyns-Bennett High School (Sachin's team),,Hardin Valley Academy (David's team),Correct,,,,Correct,10,Hardin Valley Academy (David's team),1,Yes,"the buzzer and team are not named in the captions; the host's halftime remark that only 70 points separated the teams equals the 70 points of the three unnamed first-half items (T17, T19, T20) exactly, so all three went to the same team, and the host's closing remark that Dobyns-Bennett ""got abused by Hardin Valley"" points to Hardin Valley (inferred) (captions lines 1282-1284)","For ten points toss up in literature, which war is the setting for the red badge of Courage, the Civil War. / Correct. / And the literature bonus, which animals were, quote, more equal than others?"
S40 E60,Round of 4,Bonus,17,"Part 1: Which animals were, quote, ""more equal than others,"" according to George Orwell's ""Animal Farm""? | Part 2: In ""Animal Farm,"" what was the name of the pig who led the rebellion?",Part 1: Pigs | Part 2: Napoleon,Literature,Language Arts,Hardin Valley Academy (David's team) vs Dobyns-Bennett High School (Sachin's team),,Hardin Valley Academy (David's team),Partial,,,,Partial,10,Hardin Valley Academy (David's team),2,,"the team answered ""Major"" for Part 2 and the host said Napoleon",
S40 E60,Round of 4,Tossup,18,An exterior angle of a regular polygon measures 30 degrees. What is the name of the polygon?,Dodecagon,Geometry,Mathematics,Hardin Valley Academy (David's team) vs Dobyns-Bennett High School (Sachin's team),Claire,Dobyns-Bennett High School (Sachin's team),Correct,,,,Correct,10,Dobyns-Bennett High School (Sachin's team),1,,,
S40 E60,Round of 4,Bonus,18,"In a right triangle, one leg measures six inches and its hypotenuse measures ten inches. What is the area of the triangle?",24 square inches,Geometry,Mathematics,Hardin Valley Academy (David's team) vs Dobyns-Bennett High School (Sachin's team),,Dobyns-Bennett High School (Sachin's team),Correct,,,,Correct,20,Dobyns-Bennett High School (Sachin's team),1,,,
S40 E60,Round of 4,Tossup,19,At what official age can a horse run in the Kentucky Derby?,Three,Sports,General & Visual,Hardin Valley Academy (David's team) vs Dobyns-Bennett High School (Sachin's team),,Hardin Valley Academy (David's team),Correct,,,,Correct,10,Hardin Valley Academy (David's team),1,Yes,the buzzer and team are not named in the captions; see the note on T17 (inferred to be Hardin Valley) (captions lines 1302-1305),"Toss up. / Now in sports, at what official age can a horse run three in a Kentucky Derby? / And a sports bonus. / What is the name of the football team at the University of Southern California?"
S40 E60,Round of 4,Bonus,19,Part 1: What is the name of the football team at the University of Southern California? | Part 2: What is the team name for women's sports at the University of Southern California?,Part 1: The Trojans | Part 2: The Women of Troy,Sports,General & Visual,Hardin Valley Academy (David's team) vs Dobyns-Bennett High School (Sachin's team),,Hardin Valley Academy (David's team),Partial,,,,Partial,10,Hardin Valley Academy (David's team),2,,"the team said ""Lady Trojans"" for Part 2 and the host said they go by the Women of Troy",
S40 E60,Round of 4,Tossup,20,Which country's capital is Riyadh?,Saudi Arabia,Geography,Social Studies,Hardin Valley Academy (David's team) vs Dobyns-Bennett High School (Sachin's team),,Hardin Valley Academy (David's team),Correct,,,,Correct,10,Hardin Valley Academy (David's team),1,Yes,the buzzer and team are not named in the captions; see the note on T17 (inferred to be Hardin Valley),
S40 E60,Round of 4,Bonus,20,What part of Egypt has shores on the Gulf of Suez and the Gulf of Aqaba?,The Sinai Peninsula,Geography,Social Studies,Hardin Valley Academy (David's team) vs Dobyns-Bennett High School (Sachin's team),,Hardin Valley Academy (David's team),Correct,,,,Correct,20,Hardin Valley Academy (David's team),1,,the captions garble the question (the Mediterranean Sea and the two gulfs run together),
S40 E60,Round of 4,Tossup,21,What members of the phylum Porifera are one of the world's simplest multicellular organisms and have bodies full of pores?,Sponges,Biology,Science & Technology,Hardin Valley Academy (David's team) vs Dobyns-Bennett High School (Sachin's team),Zach,Hardin Valley Academy (David's team),Correct,,,,Correct,10,Hardin Valley Academy (David's team),1,,Zach buzzed before the end of the question,
S40 E60,Round of 4,Bonus,21,Name four of the 14 parts of an animal cell.,"Any four of the 14 parts (for example cytoplasm, nucleus, mitochondria, Golgi apparatus)",Biology,Science & Technology,Hardin Valley Academy (David's team) vs Dobyns-Bennett High School (Sachin's team),,Hardin Valley Academy (David's team),Correct,,,,Correct,20,Hardin Valley Academy (David's team),1,,"Zach answered for the team: cytoplasm, nucleus, mitochondria and the Golgi apparatus",
S40 E60,Round of 4,Tossup,22,"A word meaning a movement or series of moves requiring skill and care is ""maneuver."" Spell ""maneuver.""",M-A-N-E-U-V-E-R,Spelling,Language Arts,Hardin Valley Academy (David's team) vs Dobyns-Bennett High School (Sachin's team),Zach,Hardin Valley Academy (David's team),Correct,,,,Correct,10,Hardin Valley Academy (David's team),1,,,
S40 E60,Round of 4,Bonus,22,Part 1: Spell the eight letter word beginning with E that describes someone who moves out of a country to live in a different country. | Part 2: Spell the word that is the opposite of that word and begins with I.,Part 1: E-M-I-G-R-A-N-T | Part 2: I-M-M-I-G-R-A-N-T,Spelling,Language Arts,Hardin Valley Academy (David's team) vs Dobyns-Bennett High School (Sachin's team),Zach,Hardin Valley Academy (David's team),Correct,,,,Correct,20,Hardin Valley Academy (David's team),2,,the captions garble the middle of the bonus; David deferred to Zach for Part 2,
S40 E60,Round of 4,Tossup,23,"In 2022, protesters in India opposed a new government dress code for educational institutions that prohibited what head covering worn by Muslim women for modesty?",The hijab,Religion,Religion & Mythology,Hardin Valley Academy (David's team) vs Dobyns-Bennett High School (Sachin's team),Sachin,Dobyns-Bennett High School (Sachin's team),Correct,,,,Correct,10,Dobyns-Bennett High School (Sachin's team),1,,,
S40 E60,Round of 4,Bonus,23,"Part 1: At the request of one parent, the school board in Davis County, Utah, voted to remove, but after national outcry reversed the decision to remove, one of the translations of what religious text from some elementary and middle school libraries? | Part 2: Another parent requested that the school board consider removing what religious text, which its followers believe contains writings of ancient prophets who lived on the American continent from 600 B.C. to 421 A.D.?",Part 1: The Bible | Part 2: The Book of Mormon,Religion,Religion & Mythology,Hardin Valley Academy (David's team) vs Dobyns-Bennett High School (Sachin's team),,Dobyns-Bennett High School (Sachin's team),Correct,,,,Correct,20,Dobyns-Bennett High School (Sachin's team),2,,"the team said ""the Mormon Bible"" for Part 2 and the judges accepted it; the captions give the end date as ""41 A.D.""",
S40 E60,Round of 4,Tossup,24,What type of chord is a triad with a major third from the root and a perfect fifth?,A major chord,Music,Fine Arts,Hardin Valley Academy (David's team) vs Dobyns-Bennett High School (Sachin's team),Zach,Hardin Valley Academy (David's team),Correct,,,,Correct,10,Hardin Valley Academy (David's team),1,,"Zach buzzed early and said ""major""",
S40 E60,Round of 4,Bonus,24,Part 1: Who was the final act at the Woodstock Music and Art Fair in 1969? | Part 2: In what Northwest U.S. city was Jimi Hendrix born?,Part 1: Jimi Hendrix | Part 2: Seattle,Music,Fine Arts,Hardin Valley Academy (David's team) vs Dobyns-Bennett High School (Sachin's team),,Hardin Valley Academy (David's team),Partial,,,,Partial,10,Hardin Valley Academy (David's team),2,,"the team said ""the Beatles"" for Part 1; after the miss the host named Jimi Hendrix and the team answered Seattle for ten points",
S40 E60,Round of 4,Tossup,25,What 1935 New Deal legislation established a system of old age benefits?,The Social Security Act,History,Social Studies,Hardin Valley Academy (David's team) vs Dobyns-Bennett High School (Sachin's team),Zach,Hardin Valley Academy (David's team),Correct,,,,Correct,10,Hardin Valley Academy (David's team),1,,Zach buzzed before the end of the question,
S40 E60,Round of 4,Bonus,25,Part 1: In which state did the Seminole Wars take place? | Part 2: In which state did the Battle of Tippecanoe take place?,Part 1: Florida | Part 2: Indiana,History,Social Studies,Hardin Valley Academy (David's team) vs Dobyns-Bennett High School (Sachin's team),,Hardin Valley Academy (David's team),Partial,,,,Partial,10,Hardin Valley Academy (David's team),2,,"David deferred to Brock, who said Ohio for Part 2",
S40 E60,Round of 4,Tossup,26,What is the term for the commonly used device used to measure blood pressure?,A sphygmomanometer,Health,Science & Technology,Hardin Valley Academy (David's team) vs Dobyns-Bennett High School (Sachin's team),Sachin,Dobyns-Bennett High School (Sachin's team),Incorrect,,Hardin Valley Academy (David's team),Incorrect,Missed,0,None given,1,,"Sachin said ""blood cuff"" and the Hardin Valley steal (player not named) said ""stethoscope""",
S40 E60,Round of 4,Tossup,27,What is the French word for yellow?,Jaune,Foreign Language,Foreign Language,Hardin Valley Academy (David's team) vs Dobyns-Bennett High School (Sachin's team),Zach,Hardin Valley Academy (David's team),Incorrect,Claire,Dobyns-Bennett High School (Sachin's team),Incorrect,Missed,0,None given,1,,"the captions render the wrong answers as ""Emery"" (Zach) and ""Amar"" (Claire)",
S40 E60,Round of 4,Tossup,28,What is negative three fourths minus negative two thirds?,-1/12,Math,Mathematics,Hardin Valley Academy (David's team) vs Dobyns-Bennett High School (Sachin's team),Claire,Dobyns-Bennett High School (Sachin's team),Correct,,,,Correct,10,Dobyns-Bennett High School (Sachin's team),1,,,
S40 E60,Round of 4,Bonus,28,"What is the measure, in degrees, of each interior and exterior angle of a convex regular hexagon?",Interior 120 degrees and exterior 60 degrees,Visual,General & Visual,Hardin Valley Academy (David's team) vs Dobyns-Bennett High School (Sachin's team),,Dobyns-Bennett High School (Sachin's team),Correct,,,,Correct,20,Dobyns-Bennett High School (Sachin's team),1,,the team gave the interior angle first and then the exterior angle,
S40 E60,Round of 4,Tossup,29,Which performing arts venue that has a Spanish Moorish style interior is home to the Knoxville Symphony Orchestra's Masterworks concerts?,The Tennessee Theatre,Art,Fine Arts,Hardin Valley Academy (David's team) vs Dobyns-Bennett High School (Sachin's team),Michael,Dobyns-Bennett High School (Sachin's team),Correct,,,,Correct,10,Dobyns-Bennett High School (Sachin's team),1,,,
S40 E60,Round of 4,Bonus,29,"Which performing arts venue located on the eastern bank of the Potomac River in Washington, D.C., was named in 1964 as a memorial to the 35th president, John F. Kennedy?",The Kennedy Center,Art,Fine Arts,Hardin Valley Academy (David's team) vs Dobyns-Bennett High School (Sachin's team),,Dobyns-Bennett High School (Sachin's team),Incorrect,,,,Missed,0,None given,1,,"the team said ""John F. Kennedy"" and the host noted the venue is called the Kennedy Center",
S40 E60,Round of 4,Tossup,30,Which state is the largest producer of corn in the U.S.?,Iowa,Economics,Social Studies,Hardin Valley Academy (David's team) vs Dobyns-Bennett High School (Sachin's team),Zach,Hardin Valley Academy (David's team),Incorrect,Sachin,Dobyns-Bennett High School (Sachin's team),Correct,Correct,10,Dobyns-Bennett High School (Sachin's team),1,,Zach said Illinois,
S40 E60,Round of 4,Bonus,30,"Part 1: What is the currency of Afghanistan? | Part 2: What was Afghanistan's currency prior to 1923, when they introduced the Afghani?",Part 1: The afghani | Part 2: The rupee,Economics,Social Studies,Hardin Valley Academy (David's team) vs Dobyns-Bennett High School (Sachin's team),,Dobyns-Bennett High School (Sachin's team),Partial,,,,Partial,10,Dobyns-Bennett High School (Sachin's team),2,,the team's Part 1 answer is garbled in the captions and was wrong; Part 2 (rupee) was right,
S40 E60,Round of 4,Tossup,31,What is the term for a wheel with teeth that meshes with another toothed part to transmit torque?,A gear,Physics,Science & Technology,Hardin Valley Academy (David's team) vs Dobyns-Bennett High School (Sachin's team),,Hardin Valley Academy (David's team),Correct,,,,Correct,10,Hardin Valley Academy (David's team),1,,the buzzer is not named in the captions; Hardin Valley took the bonus (Zach answered it),
S40 E60,Round of 4,Bonus,31,What phenomenon scatters a light beam by suspended particles in a gas or liquid?,The Tyndall effect,Physics,Science & Technology,Hardin Valley Academy (David's team) vs Dobyns-Bennett High School (Sachin's team),Zach,Hardin Valley Academy (David's team),Correct,,,,Correct,20,Hardin Valley Academy (David's team),1,,David deferred to Zach,
S40 E60,Round of 4,Tossup,32,In which Shakespeare play does Duke Orsino love Olivia?,Twelfth Night,Literature,Language Arts,Hardin Valley Academy (David's team) vs Dobyns-Bennett High School (Sachin's team),Zach,Hardin Valley Academy (David's team),Correct,,,,Correct,10,Hardin Valley Academy (David's team),1,,,
S40 E60,Round of 4,Bonus,32,"Part 1: Name the epic poem that tells the biblical tale of the fall of mankind, when Adam and Eve were tempted by Satan to eat the forbidden fruit from the Tree of Knowledge and God banished them from the Garden of Eden forever. | Part 2: Who was the author of that poem, who in 1665 sold the copyright for 10 pounds?",Part 1: Paradise Lost | Part 2: John Milton,Literature,Language Arts,Hardin Valley Academy (David's team) vs Dobyns-Bennett High School (Sachin's team),,Hardin Valley Academy (David's team),Correct,,,,Correct,20,Hardin Valley Academy (David's team),2,,David deferred to Zach for Part 1 and to Brock for Part 2,
S40 E60,Round of 4,Tossup,33,"During Washington's administration, which country controlled more than half the area that became the United States?",Spain,History,Social Studies,Hardin Valley Academy (David's team) vs Dobyns-Bennett High School (Sachin's team),Zach,Hardin Valley Academy (David's team),Correct,,,,Correct,10,Hardin Valley Academy (David's team),1,,Zach buzzed before the end of the question,
S40 E60,Round of 4,Bonus,33,The coronation of King Charles III was a ceremony that for the first time included the active participation of faiths other than the Church of England. What were four of the five other faiths represented?,"Any four of: Judaism, Hinduism, Sikhism, Islam, Buddhism",History,Social Studies,Hardin Valley Academy (David's team) vs Dobyns-Bennett High School (Sachin's team),,Hardin Valley Academy (David's team),Partial,,,,Partial,15,Hardin Valley Academy (David's team),1,,"David deferred to Zach, who named Catholicism, Islam, Hinduism and Judaism; three were right, so the host gave 15 points",
S40 E60,Round of 4,Tossup,34,In what sport do competitors fire a shotgun at a clay pigeon launched from a house?,Trap shooting,Sports,General & Visual,Hardin Valley Academy (David's team) vs Dobyns-Bennett High School (Sachin's team),Zach,Hardin Valley Academy (David's team),Correct,,,,Correct,10,Hardin Valley Academy (David's team),1,,,
S40 E60,Round of 4,Bonus,34,Part 1: What is the team nickname for the sports programs at the University of Memphis? | Part 2: What is the team nickname for the sports programs at Middle Tennessee State University?,Part 1: The Tigers | Part 2: The Blue Raiders,Sports,General & Visual,Hardin Valley Academy (David's team) vs Dobyns-Bennett High School (Sachin's team),,Hardin Valley Academy (David's team),Correct,,,,Correct,20,Hardin Valley Academy (David's team),2,,,
S40 E60,Round of 4,Tossup,35,Which state's nickname is the Old Dominion State?,Virginia,Geography,Social Studies,Hardin Valley Academy (David's team) vs Dobyns-Bennett High School (Sachin's team),Zach,Hardin Valley Academy (David's team),Correct,,,,Correct,10,Hardin Valley Academy (David's team),1,,,
S40 E60,Round of 4,Bonus,35,"Name two of the three states that an airplane flying due south from Billings, Montana, to Mexico would fly over, not counting Montana itself.","Any two of: Wyoming, Colorado, New Mexico",Geography,Social Studies,Hardin Valley Academy (David's team) vs Dobyns-Bennett High School (Sachin's team),,Hardin Valley Academy (David's team),Correct,,,,Correct,20,Hardin Valley Academy (David's team),1,,the team said Wyoming and Colorado,
S40 E60,Round of 4,Tossup,36,Which capital Greek letter symbolizes the summation of a series?,Sigma,Math,Mathematics,Hardin Valley Academy (David's team) vs Dobyns-Bennett High School (Sachin's team),Michael,Dobyns-Bennett High School (Sachin's team),Correct,,,,Correct,10,Dobyns-Bennett High School (Sachin's team),1,,,
S40 E60,Round of 4,Bonus,36,What is the name of the formula shown here that relates complex exponentials to trigonometric functions?,Euler's formula,Visual,General & Visual,Hardin Valley Academy (David's team) vs Dobyns-Bennett High School (Sachin's team),,Dobyns-Bennett High School (Sachin's team),Correct,,,,Correct,20,Dobyns-Bennett High School (Sachin's team),1,,,
S40 E60,Round of 4,Tossup,37,"What 11 letter word beginning with P is a synonym of ""tenacity""?",Persistence,Vocabulary,Language Arts,Hardin Valley Academy (David's team) vs Dobyns-Bennett High School (Sachin's team),Sachin,Dobyns-Bennett High School (Sachin's team),Incorrect,,Hardin Valley Academy (David's team),Incorrect,Missed,0,None given,1,,"Sachin said ""perseverance"" (12 letters) and the Hardin Valley steal (player not named) said ""perspicacity""",
S40 E60,Round of 4,Tossup,38,Condense the expression two log x plus log y plus log z.,log (x squared y z),Pre-Calculus,Mathematics,Hardin Valley Academy (David's team) vs Dobyns-Bennett High School (Sachin's team),Michael,Dobyns-Bennett High School (Sachin's team),Incorrect,Brock,Hardin Valley Academy (David's team),Incorrect,Missed,0,None given,1,,"Michael's answer is garbled in the captions; Brock said ""log x squared times y squared""",
S40 E60,Round of 4,Tossup,39,"In the gospels of Matthew, Mark and John, Jesus walked on what body of water?",The Sea of Galilee,Religion,Religion & Mythology,Hardin Valley Academy (David's team) vs Dobyns-Bennett High School (Sachin's team),Zach,Hardin Valley Academy (David's team),Correct,,,,Correct,10,Hardin Valley Academy (David's team),1,,,
S40 E60,Round of 4,Bonus,39,What Mongolian religion originating in the Eurasian steppes was practiced by Genghis Khan and has a chief deity known as the Sky God?,Tengrism,Religion,Religion & Mythology,Hardin Valley Academy (David's team) vs Dobyns-Bennett High School (Sachin's team),,Hardin Valley Academy (David's team),Incorrect,,,,Missed,0,None given,1,,the team guessed at several countries and had no workable answer,
S40 E60,Round of 4,Tossup,40,"The Federalist Papers, written during 1787 and 1788, were a series of essays to rally support for what?",The Constitution,History,Social Studies,Hardin Valley Academy (David's team) vs Dobyns-Bennett High School (Sachin's team),David,Hardin Valley Academy (David's team),Correct,,,,Correct,10,Hardin Valley Academy (David's team),1,,David buzzed before the end of the question,
S40 E60,Round of 4,Bonus,40,Which two presidents died in the White House?,William Henry Harrison and Zachary Taylor,History,Social Studies,Hardin Valley Academy (David's team) vs Dobyns-Bennett High School (Sachin's team),Zach,Hardin Valley Academy (David's team),Correct,,,,Correct,20,Hardin Valley Academy (David's team),1,,the team joked about deferring to Zach because of Zachary Taylor,
S40 E60,Round of 4,Tossup,41,What is a massive and extremely remote celestial object emitting exceptionally large amounts of energy that may contain massive black holes and represents a stage in the evolution of some galaxies?,A quasar,Astronomy,Science & Technology,Hardin Valley Academy (David's team) vs Dobyns-Bennett High School (Sachin's team),,Hardin Valley Academy (David's team),Incorrect,Adam,Dobyns-Bennett High School (Sachin's team),Correct,Correct,10,Dobyns-Bennett High School (Sachin's team),1,,"the first buzzer (a Hardin Valley player, not named; his answer is not captured) was wrong and Adam took the steal",
S40 E60,Round of 4,Bonus,41,"Part 1: The Earth's rotation axis is presently pointing almost exactly at Polaris, but in the year 3000 B.C., which star was the North Star? | Part 2: The precession of the Earth's rotation axis means that about 13,000 years from now, which star will be the North Star?",Part 1: Thuban | Part 2: Vega,Astronomy,Science & Technology,Hardin Valley Academy (David's team) vs Dobyns-Bennett High School (Sachin's team),,Dobyns-Bennett High School (Sachin's team),Partial,,,,Partial,10,Dobyns-Bennett High School (Sachin's team),2,,Adam answered Part 1; the host gave Vega for Part 2,
S40 E60,Round of 4,Tossup,42,What is the Spanish word for Thursday?,Jueves,Foreign Language,Foreign Language,Hardin Valley Academy (David's team) vs Dobyns-Bennett High School (Sachin's team),Zach,Hardin Valley Academy (David's team),Incorrect,Michael,Dobyns-Bennett High School (Sachin's team),Correct,Correct,10,Dobyns-Bennett High School (Sachin's team),1,,"the captions render Zach's wrong answer as ""Bernice""",
S40 E60,Round of 4,Bonus,42,"What is the English translation of the French question ""Où est ma valise?""",Where is my suitcase?,Foreign Language,Foreign Language,Hardin Valley Academy (David's team) vs Dobyns-Bennett High School (Sachin's team),,Dobyns-Bennett High School (Sachin's team),Correct,,,,Correct,20,Dobyns-Bennett High School (Sachin's team),1,Yes,"the team answered ""where is my suitcase"" and the host joked about a lost suitcase without announcing a result, so credit is presumed (captions lines 1540-1547)","And a foreign language bonus for DB. / What is the English translation of the French question, où est ma valise? / That's where is my suitcase? / Oh. / Maybe she's got it. / I've been looking for it. / Toss up in music. / In a major scale the interval between the first and second note is what Major second correct music is your bonus."
S40 E60,Round of 4,Tossup,43,"In a major scale, what is the interval between the first and second note?",A major second,Music,Fine Arts,Hardin Valley Academy (David's team) vs Dobyns-Bennett High School (Sachin's team),,Unknown,Correct,,,,Correct,10,Unknown,1,Yes,"the buzzer and team are not named in the captions (the host says ""music is your bonus""); team not identified in captions (captions lines 1546-1548)","Toss up in music. / In a major scale the interval between the first and second note is what Major second correct music is your bonus. / In 2023, a harpist from Ireland set a world record for the highest altitude harp performance by playing at the Summit of What Mountain that is the tallest freestanding mountain in the world."
S40 E60,Round of 4,Bonus,43,"In 2023, a harpist from Ireland set a world record for the highest altitude harp performance by playing at the summit of what mountain, the tallest freestanding mountain in the world?",Mount Kilimanjaro,Music,Fine Arts,Hardin Valley Academy (David's team) vs Dobyns-Bennett High School (Sachin's team),,Unknown,Incorrect,,,,Missed,0,None given,1,Yes,the team said Everest; team not identified in captions (captions lines 1547-1551),"In a major scale the interval between the first and second note is what Major second correct music is your bonus. / In 2023, a harpist from Ireland set a world record for the highest altitude harp performance by playing at the Summit of What Mountain that is the tallest freestanding mountain in the world. / Not Everest, but Everest. / No, it's Kilimanjaro because it's freestanding toss up in miscellaneous. / What was the first toy to be advertised on television with an ad aimed at children that showed consumers?"
S40 E60,Round of 4,Tossup,44,What was the first toy to be advertised on television with an ad aimed at children that showed consumers using their own root vegetables as part of the toy?,Mr. Potato Head,Miscellaneous,General & Visual,Hardin Valley Academy (David's team) vs Dobyns-Bennett High School (Sachin's team),Claire,Dobyns-Bennett High School (Sachin's team),Incorrect,Brock,Hardin Valley Academy (David's team),Incorrect,Missed,0,None given,1,,"Claire said Barbie and Brock said ""a Chia Pet""",
S40 E60,Round of 4,Tossup,45,What was the name of South Africa's harsh institutionalized system of racial segregation?,Apartheid,Government,Social Studies,Hardin Valley Academy (David's team) vs Dobyns-Bennett High School (Sachin's team),Sachin,Dobyns-Bennett High School (Sachin's team),Correct,,,,Correct,10,Dobyns-Bennett High School (Sachin's team),1,,Sachin buzzed before the end of the question,
S40 E60,Round of 4,Bonus,45,"Tennessee's attorney general joined a multistate effort to urge President Joe Biden to classify fentanyl as what term used to describe nuclear, radiological, chemical, biological or other devices intended to harm a large number of people?",A weapon of mass destruction,Government,Social Studies,Hardin Valley Academy (David's team) vs Dobyns-Bennett High School (Sachin's team),,Dobyns-Bennett High School (Sachin's team),Incorrect,,,,Missed,0,None given,1,,"the team said ""carcinogen""",
S40 E60,Round of 4,Tossup,46,What class of organic chemicals are similar to alcohols but with sulfur replacing oxygen?,Thiols,Chemistry,Science & Technology,Hardin Valley Academy (David's team) vs Dobyns-Bennett High School (Sachin's team),Zach,Hardin Valley Academy (David's team),Incorrect,Claire,Dobyns-Bennett High School (Sachin's team),Incorrect,Missed,0,None given,1,,"Zach said ""carbohydrates"" and Claire had no answer before time ran out; the game ended after this tossup",
S40 E61,Round of 4,Tossup,1,"With punctuation if necessary, spell the word ""its"" in the following sentence: ""The cat likes having its ears scratched.""",I-T-S,English,Language Arts,Maryville High School (Mohammed's team) vs Science Hill High School (Owen's team),,Maryville High School (Mohammed's team),Incorrect,,Science Hill High School (Owen's team),Correct,Correct,10,Science Hill High School (Owen's team),1,,"the first buzzer (a Maryville player, not named) spelled it I-T-apostrophe-S; the Science Hill steal answer is clipped (""on its right"", possibly Owen answering) and the host said there is no apostrophe when it is possessive",
S40 E61,Round of 4,Bonus,1,"With punctuation if necessary, spell the plural form of the last name Jackson, as in ""Happy holidays from the Jacksons.""",J-A-C-K-S-O-N-S,English,Language Arts,Maryville High School (Mohammed's team) vs Science Hill High School (Owen's team),,Science Hill High School (Owen's team),Correct,,,,Correct,20,Science Hill High School (Owen's team),1,,"the captions garble the spelling and the host's note (""copy with an apostrophe""); the host said ""correct"" and that there is no apostrophe in a plural last name",
S40 E61,Round of 4,Tossup,2,What is the reduced value of the quantity r minus x over the quantity x minus r?,-1,Algebra,Mathematics,Maryville High School (Mohammed's team) vs Science Hill High School (Owen's team),Costin,Maryville High School (Mohammed's team),Incorrect,,Science Hill High School (Owen's team),Correct,Correct,10,Science Hill High School (Owen's team),1,,"Costin gave an unreduced answer (""negative r minus x over x minus r""); the Science Hill steal (player not named) said negative one",
S40 E61,Round of 4,Bonus,2,Solve for x in the equation 30x + 1 = 15x - 26 (garbled in the captions).,x = -8,Algebra,Mathematics,Maryville High School (Mohammed's team) vs Science Hill High School (Owen's team),,Science Hill High School (Owen's team),Incorrect,,,,Missed,0,None given,1,,the captions garble the equation; the team said x equals six and the host said negative eight,
S40 E61,Round of 4,Tossup,3,What famous performing arts venue is located in the capital of the Australian state of New South Wales?,The Sydney Opera House,Architecture,Fine Arts,Maryville High School (Mohammed's team) vs Science Hill High School (Owen's team),Owen,Science Hill High School (Owen's team),Correct,,,,Correct,10,Science Hill High School (Owen's team),1,,Owen buzzed before the end of the question,
S40 E61,Round of 4,Bonus,3,What is the name of the 12th century Hindu Buddhist temple shown here that is known for its five looming towers and grand porticos and is considered to be one of the largest religious structures in the world?,Angkor Wat,Visual,General & Visual,Maryville High School (Mohammed's team) vs Science Hill High School (Owen's team),,Science Hill High School (Owen's team),Correct,,,,Correct,20,Science Hill High School (Owen's team),1,,,
