S41 E45,Round of 16,Tossup,43,What is the difference when $12.43 is subtracted from $20?,$7.57,Math,Mathematics,Corbin High School (KY) vs Farragut High School,Hudson,Corbin High School (KY),Correct,,,,Correct,10,Corbin High School (KY),1,,,
S41 E45,Round of 16,Bonus,43,Emily purchased a skirt on sale for $16. The regular price was $20. What was the discount rate on the skirt?,20%,Math,Mathematics,Corbin High School (KY) vs Farragut High School,,Corbin High School (KY),Correct,,,,Correct,20,Corbin High School (KY),1,,,
S41 E45,Round of 16,Tossup,44,What video game character enjoys eating power pellets while evading ghosts?,Pac-Man,Games,General & Visual,Corbin High School (KY) vs Farragut High School,Will,Corbin High School (KY),Correct,,,,Correct,10,Corbin High School (KY),1,,,
S41 E45,Round of 16,Bonus,44,In what video game series by Rovio Entertainment does a flock of colorful creatures try to save their eggs from green colored pigs?,Angry Birds,Games,General & Visual,Corbin High School (KY) vs Farragut High School,,Corbin High School (KY),Correct,,,,Correct,20,Corbin High School (KY),1,,,
S41 E45,Round of 16,Tossup,45,How many issues per year does a bimonthly magazine publish?,Six,Vocabulary,Language Arts,Corbin High School (KY) vs Farragut High School,Sam,Corbin High School (KY),Incorrect,Armin,Farragut High School,Correct,Correct,10,Farragut High School,1,,"Sam said 24; Armin's name read from ""Harmony""",
S41 E45,Round of 16,Bonus,45,What ten letter word beginning with L is a description of someone who is full of trivial conversation?,Loquacious,Vocabulary,Language Arts,Corbin High School (KY) vs Farragut High School,,Farragut High School,Incorrect,,,,Missed,0,None given,1,,team had no answer,
S41 E45,Round of 16,Tossup,46,"Which cabinet position is fourth in the presidential line of succession after the vice president, speaker of the House and president pro tempore?",Secretary of State,Government,Social Studies,Corbin High School (KY) vs Farragut High School,Will,Corbin High School (KY),Correct,,,,Correct,10,Corbin High School (KY),1,,"the host noted Will answered before being recognized, then called on him",
S41 E45,Round of 16,Bonus,46,"What words are represented by the letters ICC, which is an intergovernmental organization?",International Criminal Court,Government,Social Studies,Corbin High School (KY) vs Farragut High School,,Corbin High School (KY),Incorrect,,,,Missed,0,None given,1,,team said International Circuit Court; game over after this bonus,
S41 E46,Round of 16,Tossup,1,What word is used to describe one half of the world's surface?,Hemisphere,Vocabulary,Language Arts,Happy Valley High School vs Roane County High School,Lucas,Roane County High School,Correct,,,,Correct,10,Roane County High School,1,,"answer garbled in captions (""atmosphere"")",
S41 E46,Round of 16,Bonus,1,Topaz is to yellow as amethyst is to what?,Purple,Vocabulary,Language Arts,Happy Valley High School vs Roane County High School,,Roane County High School,Correct,,,,Correct,20,Roane County High School,1,,,
S41 E46,Round of 16,Tossup,2,How many counties are in Tennessee?,95,Geography,Social Studies,Happy Valley High School vs Roane County High School,Maddox,Roane County High School,Incorrect,Ella,Happy Valley High School,Incorrect,Missed,0,None given,1,,Maddox said 98; Ella said 106,
S41 E46,Round of 16,Tossup,3,"What order of mammals includes gophers, mice, rats, squirrels, porcupines, beavers and chipmunks?",Rodents,Biology,Science & Technology,Happy Valley High School vs Roane County High School,,Unknown,Correct,,,,Correct,10,Unknown,1,Yes,"player and team not identified; the host's halftime remark that only 70 points separate the teams only works if the unattributed first-half tossups (T3, T10, T19, T24) all went to Happy Valley; team not identified in captions (captions lines 6054-6057)","Alicia 106 95 counties in Tennessee toss up in biology what order of mammals includes gophers, mice, rats, squirrels, porcupine, sonic rodents? / Yeah, beavers and chipmunks. / And a biology bonus. / What is the term for the offspring of a beaver?"
S41 E46,Round of 16,Bonus,3,"Part 1: What is the term for the offspring of a beaver, which is the same as the term for a baby fox? | Part 2: What is the term for the offspring of a seal, which is the same as the term for a baby sloth?",Part 1: Kit | Part 2: Pup,Biology,Science & Technology,Happy Valley High School vs Roane County High School,,Unknown,Partial,,,,Partial,10,Unknown,2,Yes,team said pup for Part 1; team not identified in captions (captions lines 6056-6065),"And a biology bonus. / What is the term for the offspring of a beaver? / Which is the same as the term for a baby fox? / Pups. / That one is kit. / What is the term for the offspring of a seal? / Which is the same as the term for a baby sloth? / Pup. / That's right. / For ten points, toss up in geometry, an angle inscribed in a semicircle is."
S41 E46,Round of 16,Tossup,4,An angle inscribed in a semicircle is what kind of angle?,Right angle,Geometry,Mathematics,Happy Valley High School vs Roane County High School,Lucas,Roane County High School,Correct,,,,Correct,10,Roane County High School,1,,,
S41 E46,Round of 16,Bonus,4,"Part 1: If two angles of a triangle have measures of 46 and 27, what is the measurement of the third angle? | Part 2: What type of triangle is this when classified by angle?",Part 1: 107 degrees | Part 2: Obtuse,Geometry,Mathematics,Happy Valley High School vs Roane County High School,Lucas,Roane County High School,Correct,,,,Correct,20,Roane County High School,2,,,
S41 E46,Round of 16,Tossup,5,During which musical period was the piano invented?,Classical,Music,Fine Arts,Happy Valley High School vs Roane County High School,Lucas,Roane County High School,Incorrect,Ella,Happy Valley High School,Correct,Correct,10,Happy Valley High School,1,,Lucas said Baroque,
S41 E46,Round of 16,Bonus,5,Part 1: What is the trademarked name for the computer software program that enables the correction of off key vocal performances? | Part 2: What is the musical term defined as the degree of highness or lowness in sound according to the frequency of vibration of the sound waves producing them?,Part 1: Auto-Tune | Part 2: Pitch,Music,Fine Arts,Happy Valley High School vs Roane County High School,,Happy Valley High School,Correct,,,,Correct,20,Happy Valley High School,2,,,
S41 E46,Round of 16,Tossup,6,"What is the English translation of the French phrase ""à pied""?",On foot,Foreign Language,Foreign Language,Happy Valley High School vs Roane County High School,,Happy Valley High School,Correct,,,,Correct,10,Happy Valley High School,1,,"French phrase reconstructed from captions (""RPA""); buzzer not named, answered before being recognized; team from the bonus deferral to Ella",
S41 E46,Round of 16,Bonus,6,"What is the Spanish translation of ""Where is the beach?""",¿Dónde está la playa?,Foreign Language,Foreign Language,Happy Valley High School vs Roane County High School,Ella,Happy Valley High School,Incorrect,,,,Missed,0,None given,1,,team botched the Spanish,
S41 E46,Round of 16,Tossup,7,"Who is the woman whose refusal to give up her seat on a Montgomery city bus on December 1st, 1955, led to her becoming the first lady of civil rights?",Rosa Parks,History,Social Studies,Happy Valley High School vs Roane County High School,Lucas,Roane County High School,Incorrect,Tyler,Happy Valley High School,Correct,Correct,10,Happy Valley High School,1,,Lucas's answer not captured,
S41 E46,Round of 16,Bonus,7,"Part 1: In 2024 the U.S. Board on Geographic Names approved the request of the Eastern Band of the Cherokee Indians to rename the highest point in Tennessee, shown here, to what Cherokee name that translates as ""the Mulberry Place""? | Part 2: What was its former name?",Part 1: Kuwohi | Part 2: Clingmans Dome,Visual,General & Visual,Happy Valley High School vs Roane County High School,,Happy Valley High School,Incorrect,,,,Missed,0,None given,2,Yes,"Part 1 answer not stated in captions (Kuwohi inferred) and the year read as ""2020"" in captions (captions lines 6113-6122)","LED to her becoming the first lady of civil rights and a visual bonus for Happy Valley. / Take a look at the screens in 2020 for the US Board of Geographic Names. / Approved the request of the Eastern Band of the Cherokee Indians to rename the highest point in Tennessee shown here to what Cherokee name that trans And, sir, the Mulberry Place. / That's cozy. / What was its former name? / Answer. / The highest point in Tennessee. / That's called Clemens Dome. / No points on the bonus tossup in chemistry. / What is the atomic number of the element?"
S41 E46,Round of 16,Tossup,8,What is the atomic number of the element Tennessine?,117,Chemistry,Science & Technology,Happy Valley High School vs Roane County High School,Maddox,Roane County High School,Incorrect,Nick,Happy Valley High School,Incorrect,Missed,0,None given,1,,Maddox's answer not captured; Nick said 118,
S41 E46,Round of 16,Tossup,9,How many votes are needed to end a filibuster in the U.S. Senate?,60,Government,Social Studies,Happy Valley High School vs Roane County High School,Nick,Happy Valley High School,Incorrect,Lucas,Roane County High School,Incorrect,Missed,0,None given,1,,Nick said two thirds; Lucas said 67,
S41 E46,Round of 16,Tossup,10,What is the annual Islamic pilgrimage to Mecca?,The Hajj,Religion,Religion & Mythology,Happy Valley High School vs Roane County High School,,Unknown,Correct,,,,Correct,10,Unknown,1,Yes,player and team not identified in captions; team not identified in captions (captions lines 6134-6139),"No, it's 60 Toss up in religion. / What is the annual Islamic pilgrimage to Mecca? / So, the Hajj? / Yeah, that is a mandatory religious duty. / Religion bonus. / Now, which Shinto deity?"
S41 E46,Round of 16,Bonus,10,"Which Shinto deity, the celestial sun goddess from whom the Japanese imperial family claims descent, was tricked by use of a mirror to come out of a cave in which she had hidden herself?",Amaterasu,Religion,Religion & Mythology,Happy Valley High School vs Roane County High School,,Unknown,Incorrect,,,,Missed,0,None given,1,Yes,team had no answer; team not identified in captions (captions lines 6138-6142),"Religion bonus. / Now, which Shinto deity? / Who is the celestial sun goddess from whom the Japanese imperial family claims descent, was tricked by use of a mirror to come out of a cave in which she had hidden herself. / No answer, that is Amaterasu Tosa for all players in literature. / Which of the Bronte sisters wrote Jane Eyre?"
S41 E46,Round of 16,Tossup,11,Which of the Brontë sisters wrote Jane Eyre?,Charlotte Brontë,Literature,Language Arts,Happy Valley High School vs Roane County High School,Ella,Happy Valley High School,Incorrect,Lucas,Roane County High School,Incorrect,Missed,0,None given,1,,Ella said Emily; Lucas said Anne,
S41 E46,Round of 16,Tossup,12,What crop failure caused the Irish famine?,Potatoes,Economics,Social Studies,Happy Valley High School vs Roane County High School,Maddox,Roane County High School,Correct,,,,Correct,10,Roane County High School,1,,,
S41 E46,Round of 16,Bonus,12,"Part 1: What fashion doll was launched at the New York Toy Fair on March 9th, 1959, making her almost 66 years old? | Part 2: What company manufactures Barbie?",Part 1: Barbie | Part 2: Mattel,Economics,Social Studies,Happy Valley High School vs Roane County High School,,Roane County High School,Correct,,,,Correct,20,Roane County High School,2,,,
S41 E46,Round of 16,Tossup,13,What is the nine letter word beginning with R that means prolonged sound caused by vibration or reflection?,Resonance,Physics,Science & Technology,Happy Valley High School vs Roane County High School,Lucas,Roane County High School,Incorrect,Ella,Happy Valley High School,Correct,Correct,10,Happy Valley High School,1,,"Lucas's answer garbled in captions (""of a vibrance"")",
S41 E46,Round of 16,Bonus,13,"If the volume of an enclosed gas at constant temperature is increased by a factor of three, the pressure on the gas must be changed by a factor of what value?",One third,Physics,Science & Technology,Happy Valley High School vs Roane County High School,,Happy Valley High School,Incorrect,,,,Missed,0,None given,1,,"captions read ""constant pressure"", which cannot be right; team said three",
S41 E46,Round of 16,Tossup,14,"What is the least common multiple of six, eight and ten?",120,Math,Mathematics,Happy Valley High School vs Roane County High School,Lucas,Roane County High School,Incorrect,Tyler,Happy Valley High School,Incorrect,Missed,0,None given,1,,both answers garbled in captions,
S41 E46,Round of 16,Tossup,15,In what sport do teams compete for the Stanley Cup?,Hockey,Sports,General & Visual,Happy Valley High School vs Roane County High School,Maddox,Roane County High School,Correct,,,,Correct,10,Roane County High School,1,,,
S41 E46,Round of 16,Bonus,15,Part 1: In what sport is the Ryder Cup awarded? | Part 2: How often is the Ryder Cup played?,Part 1: Golf | Part 2: Every two years,Sports,General & Visual,Happy Valley High School vs Roane County High School,,Roane County High School,Incorrect,,,,Missed,0,None given,2,,team said horse racing and every three years,
S41 E46,Round of 16,Tossup,16,"What figure of speech is used to make comparisons by describing one thing in terms of another, but without using the words like or as?",Metaphor,English,Language Arts,Happy Valley High School vs Roane County High School,Lucas,Roane County High School,Correct,,,,Correct,10,Roane County High School,1,,,
S41 E46,Round of 16,Bonus,16,What is the term for a noun or pronoun that renames or identifies another noun or pronoun?,Appositive,English,Language Arts,Happy Valley High School vs Roane County High School,,Roane County High School,Correct,,,,Correct,20,Roane County High School,1,,,
S41 E46,Round of 16,Tossup,17,What is the legal term for the process of withholding wages to satisfy a debt such as child support?,Garnishment,Government,Social Studies,Happy Valley High School vs Roane County High School,Lucas,Roane County High School,Correct,,,,Correct,10,Roane County High School,1,,,
S41 E46,Round of 16,Bonus,17,Name two of the three things mutually pledged with a firm reliance on the protection of divine providence by the signers at the end of the Declaration of Independence.,"Any two of: lives, fortunes, sacred honor",Government,Social Studies,Happy Valley High School vs Roane County High School,,Roane County High School,Correct,,,,Correct,20,Roane County High School,1,,"team said lives, sacred honor and fortunes; points not stated, host: ""I would take that""",
S41 E46,Round of 16,Tossup,18,What is the name of the muscular wall that divides the heart lengthwise?,The septum,Health,Science & Technology,Happy Valley High School vs Roane County High School,Ella,Happy Valley High School,Incorrect,Lucas,Roane County High School,Incorrect,Missed,0,None given,1,,Ella ran out of time; Lucas said the heart membrane,
S41 E46,Round of 16,Tossup,19,The name of which Swedish pop supergroup is an acronym of the first letters of each member's name?,ABBA,Music,Fine Arts,Happy Valley High School vs Roane County High School,,Unknown,Correct,,,,Correct,10,Unknown,1,Yes,player and team not identified in captions; team not identified in captions (captions lines 6208-6208),"The name of which Swedish pop supergroup is an acronym of the first letters ABBA, each member's name and a music bonus."
S41 E46,Round of 16,Bonus,19,"What was the name of the record producer, musician and songwriter who produced Michael Jackson's Thriller album and the charity single We Are the World, who died at age 91 in November 2024?",Quincy Jones,Music,Fine Arts,Happy Valley High School vs Roane County High School,,Unknown,Incorrect,,,,Missed,0,None given,1,Yes,team said Michael Jackson; team not identified in captions (captions lines 6208-6211),"The name of which Swedish pop supergroup is an acronym of the first letters ABBA, each member's name and a music bonus. / Now, what was the name of the record producer, musician and songwriter who produced Michael Jackson's Thriller album and the charity single We Are the World, who died at age 91, in November 2024. / Michael Jackson well, it was Quincy Jones, so no points there. / Plus several players in algebra name the vertex coordinates of the parabola."
S41 E46,Round of 16,Tossup,20,Name the vertex coordinates of the parabola y equals x squared minus two x plus five.,"(1, 4)",Algebra,Mathematics,Happy Valley High School vs Roane County High School,Lucas,Roane County High School,Correct,,,,Correct,10,Roane County High School,1,,,
S41 E46,Round of 16,Bonus,20,The ratio of the measures of the three angles in a triangle is two to five to eight. Find the measure of the smallest and largest of the angles.,"Smallest 24 degrees, largest 96 degrees",Visual,General & Visual,Happy Valley High School vs Roane County High School,Lucas,Roane County High School,Correct,,,,Correct,20,Roane County High School,1,,,
S41 E46,Round of 16,Tossup,21,What is the term for the range of accents and other symbols which indicate that the sound of a letter is modified during pronunciation?,Diacritical marks,Foreign Language,Foreign Language,Happy Valley High School vs Roane County High School,Lucas,Roane County High School,Correct,,,,Correct,10,Roane County High School,1,,,
S41 E46,Round of 16,Bonus,21,"What is the English translation of the French phrase ""je suis désolé""?",I'm sorry,Foreign Language,Foreign Language,Happy Valley High School vs Roane County High School,,Roane County High School,Incorrect,,,,Missed,0,None given,1,,"French phrase reconstructed from garbled captions (""just sweet, holy"")",
S41 E46,Round of 16,Tossup,22,"In Greek mythology, what was the name of the river of forgetfulness?",Lethe,Mythology,Religion & Mythology,Happy Valley High School vs Roane County High School,,Happy Valley High School,Correct,,,,Correct,10,Happy Valley High School,1,,"buzzer not named; answer garbled in captions (""the river life""); team read from ""bonus for Harvey"" (probably H.V., Happy Valley)",
S41 E46,Round of 16,Bonus,22,Who was the author of the book Mythology: Timeless Tales of Gods and Heroes that was published in 1942 and is still found on many high school reading lists?,Edith Hamilton,Mythology,Religion & Mythology,Happy Valley High School vs Roane County High School,,Happy Valley High School,Incorrect,,,,Missed,0,None given,1,,team said Norman Rockwell,
S41 E46,Round of 16,Tossup,23,What is the world's longest above water mountain range?,The Andes,Geography,Social Studies,Happy Valley High School vs Roane County High School,Ella,Happy Valley High School,Incorrect,Lucas,Roane County High School,Incorrect,Missed,0,None given,1,,Ella said the Appalachians; Lucas said the Himalayas,
S41 E46,Round of 16,Tossup,24,What meteorological phenomenon formed by electrostatic discharges strikes eight million times a day worldwide?,Lightning,Science,Science & Technology,Happy Valley High School vs Roane County High School,,Unknown,Correct,,,,Correct,10,Unknown,1,Yes,player and team not identified in captions; team not identified in captions (captions lines 6238-6238),"The Andes mountains toss up in science what meteorological phenomenon formed by electrostatic discharges strikes 8 million times lightning a day worldwide science bonus what type of scientist study stars, planets, moons and galaxies?"
S41 E46,Round of 16,Bonus,24,"What type of scientist studies stars, planets, moons and galaxies?",Astronomer,Science,Science & Technology,Happy Valley High School vs Roane County High School,,Unknown,Correct,,,,Correct,20,Unknown,1,Yes,team not identified in captions (captions lines 6238-6239),"The Andes mountains toss up in science what meteorological phenomenon formed by electrostatic discharges strikes 8 million times lightning a day worldwide science bonus what type of scientist study stars, planets, moons and galaxies? / As Total astronomer write for 20 tossup now in literature, which Shakespearean play is the shortest as well as bloodiest?"
S41 E46,Round of 16,Tossup,25,Which Shakespearean play is the shortest as well as the bloodiest?,Macbeth,Literature,Language Arts,Happy Valley High School vs Roane County High School,Lucas,Roane County High School,Correct,,,,Correct,10,Roane County High School,1,,"first half ended after this tossup, no bonus",
S41 E46,Round of 16,Tossup,26,Which former ingredient in pewter and some paints is no longer included due to poisoning?,Lead,Art,Fine Arts,Happy Valley High School vs Roane County High School,Ella,Happy Valley High School,Correct,,,,Correct,10,Happy Valley High School,1,,,
S41 E46,Round of 16,Bonus,26,Who was the artist shown here whose best known works include the silkscreen paintings Campbell's Soup Cans and Marilyn Diptych?,Andy Warhol,Visual,General & Visual,Happy Valley High School vs Roane County High School,Ella,Happy Valley High School,Correct,,,,Correct,20,Happy Valley High School,1,,,
S41 E46,Round of 16,Tossup,27,What documents served as the United States' first constitution?,Articles of Confederation,U.S. History,Social Studies,Happy Valley High School vs Roane County High School,,Unknown,Correct,,,,Correct,10,Unknown,1,Yes,player and team not identified in captions; team not identified in captions (captions lines 6259-6261),"Toss up in U.S. history what documents served as the United States first constitution? / medics, the Articles of Confederation from March 1781 until 1789, and a U.S. history bonus. / What retired Army general served as National Security Advisor, chairman of the Joint Chiefs of Staff, and became the first African American Secretary of State in 2001."
S41 E46,Round of 16,Bonus,27,"What retired Army general served as National Security Advisor, chairman of the Joint Chiefs of Staff, and became the first African American Secretary of State in 2001?",Colin Powell,U.S. History,Social Studies,Happy Valley High School vs Roane County High School,,Unknown,Correct,,,,Correct,20,Unknown,1,Yes,"points not stated; host: ""Colin Powell is right""; team not identified in captions (captions lines 6260-6267)","medics, the Articles of Confederation from March 1781 until 1789, and a U.S. history bonus. / What retired Army general served as National Security Advisor, chairman of the Joint Chiefs of Staff, and became the first African American Secretary of State in 2001. / It was, I don't know, I guess, Colin in more, Fell of what sounds like you said it right there as they called time on. / Yeah. / Colin. / Colin Powell is right. / Toss up in biology. / What is the term for the area of the body supported by the ribs and the spine and contains the vital organs, including the heart and lungs."
S41 E46,Round of 16,Tossup,28,"What is the term for the area of the body supported by the ribs and the spine that contains the vital organs, including the heart and lungs?",Thorax,Biology,Science & Technology,Happy Valley High School vs Roane County High School,Ella,Happy Valley High School,Incorrect,,,,Missed,0,None given,1,,"Ella said chest; steal offered to Roane County, no answer captured",
S41 E46,Round of 16,Tossup,29,What is the simplified form of baseball for children that uses a flexible tube and a movable base?,T-ball,Sports,General & Visual,Happy Valley High School vs Roane County High School,Ella,Happy Valley High School,Correct,,,,Correct,10,Happy Valley High School,1,,cut off by buzz,
S41 E46,Round of 16,Bonus,29,"Part 1: In 2024, researchers studied a special mud used by professional baseball teams to remove the sheen from baseballs and found that the mud's coarse particles enhance what force that resists the motion of one object against another? | Part 2: The so-called magic mud is collected alongside a tributary of the Delaware River in what state that is home to Washington Crossing State Park?",Part 1: Friction | Part 2: New Jersey,Sports,General & Visual,Happy Valley High School vs Roane County High School,,Happy Valley High School,Partial,,,,Partial,10,Happy Valley High School,2,,team said Vermont for Part 2,
S41 E46,Round of 16,Tossup,30,What is the three letter literary term for a play on words?,Pun,Miscellaneous,General & Visual,Happy Valley High School vs Roane County High School,,Unknown,Correct,,,,Correct,10,Unknown,1,Yes,player and team not identified in captions; team not identified in captions (captions lines 6283-6285),"Ten points on the bonus toss up in miscellaneous. / What is the three letter literary term for a play on words, a pun, right, and a miscellaneous bonus? / What is the geometric shape of the traffic signs for yield?"
S41 E46,Round of 16,Bonus,30,Part 1: What is the geometric shape of the traffic sign for yield? | Part 2: What is the geometric shape of the traffic sign for stop?,Part 1: Triangle | Part 2: Octagon,Miscellaneous,General & Visual,Happy Valley High School vs Roane County High School,,Unknown,Partial,,,,Partial,10,Unknown,2,Yes,team said octagon for Part 1; team not identified in captions (captions lines 6284-6290),"What is the three letter literary term for a play on words, a pun, right, and a miscellaneous bonus? / What is the geometric shape of the traffic signs for yield? / Octagon. / That's a triangle. / What is the geometric shape of the traffic signs for stop Octagon? / That one's right for ten tossup. / Now in spelling genealogy is an account of the descent l, g, e and e a l o g is the right spelling and a bonus now in spelling for Happy Valley."
S41 E46,Round of 16,Tossup,31,"Genealogy is an account of the descent of a person or family. Spell ""genealogy.""",G-E-N-E-A-L-O-G-Y,Spelling,Language Arts,Happy Valley High School vs Roane County High School,Ella,Happy Valley High School,Correct,,,,Correct,10,Happy Valley High School,1,,,
S41 E46,Round of 16,Bonus,31,"Spell ""agnostic,"" meaning a person who claims neither faith nor disbelief in God.",A-G-N-O-S-T-I-C,Spelling,Language Arts,Happy Valley High School vs Roane County High School,Ella,Happy Valley High School,Correct,,,,Correct,20,Happy Valley High School,1,,,
S41 E46,Round of 16,Tossup,32,Which federal agency is the regulator that can penalize networks for indecency on television programs?,The FCC,Government,Social Studies,Happy Valley High School vs Roane County High School,Maddox,Roane County High School,Correct,,,,Correct,10,Roane County High School,1,,,
S41 E46,Round of 16,Bonus,32,Part 1: How long is the initial term of a Tennessee Supreme Court justice? | Part 2: What is the term for a U.S. Supreme Court justice?,Part 1: Eight years | Part 2: Life,Government,Social Studies,Happy Valley High School vs Roane County High School,,Roane County High School,Partial,,,,Partial,10,Roane County High School,2,,team said ten years for Part 1,
S41 E46,Round of 16,Tossup,33,"What is the term for an enclosure or basin located in the course of a canal or river, with gates at each end within which the water level may be varied to raise or lower boats?",Locks,Geology,Science & Technology,Happy Valley High School vs Roane County High School,Ethan,Roane County High School,Incorrect,Tyler,Happy Valley High School,Incorrect,Missed,0,None given,1,,Ethan said dam; Tyler said levee,
S41 E46,Round of 16,Tossup,34,What is 610 divided by two tenths?,"3,050",Math,Mathematics,Happy Valley High School vs Roane County High School,Lucas,Roane County High School,Correct,,,,Correct,10,Roane County High School,1,,,
S41 E46,Round of 16,Bonus,34,Part 1: What is the percent of increase from 120 to 144? | Part 2: What is the percentage decrease from 175 to 105?,Part 1: 20% | Part 2: 40%,Math,Mathematics,Happy Valley High School vs Roane County High School,Lucas,Roane County High School,Partial,,,,Partial,10,Roane County High School,2,,team said 30% for Part 2,
S41 E46,Round of 16,Tossup,35,What type of bridge is the Golden Gate Bridge?,Suspension bridge,Architecture,Fine Arts,Happy Valley High School vs Roane County High School,Maddox,Roane County High School,Correct,,,,Correct,10,Roane County High School,1,,"name read from ""Matic's""; team from ""visual bonus for Roane""",
S41 E46,Round of 16,Bonus,35,Which New York City art deco skyscraper shown here was the tallest building in the world for the eleven months after its completion in 1930?,The Chrysler Building,Visual,General & Visual,Happy Valley High School vs Roane County High School,,Roane County High School,Correct,,,,Correct,20,Roane County High School,1,,,
S41 E46,Round of 16,Tossup,36,What seven letter word beginning with T is used to mean oppressive rule by absolute authority?,Tyranny,Vocabulary,Language Arts,Happy Valley High School vs Roane County High School,Lucas,Roane County High School,Correct,,,,Correct,10,Roane County High School,1,,,
S41 E46,Round of 16,Bonus,36,Part 1: What ten letter word starting with C means of or like a corpse? | Part 2: Spell that word.,Part 1: Cadaverous | Part 2: C-A-D-A-V-E-R-O-U-S,Vocabulary,Language Arts,Happy Valley High School vs Roane County High School,,Roane County High School,Partial,,,,Partial,10,Roane County High School,2,,team missed Part 1,
S41 E46,Round of 16,Tossup,37,Who was the famous Indian nonviolent protester and leader portrayed by Ben Kingsley in a film?,Mahatma Gandhi,History,Social Studies,Happy Valley High School vs Roane County High School,Nick,Happy Valley High School,Correct,,,,Correct,10,Happy Valley High School,1,,,
S41 E46,Round of 16,Bonus,37,Part 1: In what year was Julius Caesar stabbed to death? | Part 2: On what day of the year?,"Part 1: 44 B.C. | Part 2: March 15th, the Ides of March",History,Social Studies,Happy Valley High School vs Roane County High School,,Happy Valley High School,Partial,,,,Partial,10,Happy Valley High School,2,,team said 3680 for Part 1,
S41 E46,Round of 16,Tossup,38,Which moon is the largest in our solar system and is in orbit around the largest planet?,Ganymede,Astronomy,Science & Technology,Happy Valley High School vs Roane County High School,,Happy Valley High School,Incorrect,,,,Missed,0,None given,1,,"first buzzer (Happy Valley) said Titan; steal offered to Roane County, no answer captured",
S41 E46,Round of 16,Tossup,39,What is the name of the first computer language for business?,COBOL,Technology,Science & Technology,Happy Valley High School vs Roane County High School,Ella,Happy Valley High School,Incorrect,Lucas,Roane County High School,Correct,Correct,10,Roane County High School,1,,Ella said Java,
S41 E46,Round of 16,Bonus,39,"Thousands of people gathered in Dublin on Halloween 2024 expecting to see a parade that had never actually been scheduled but was erroneously promoted by a website that uses artificial intelligence to generate content to improve its SEO, which is the abbreviation for what?",Search engine optimization,Technology,Science & Technology,Happy Valley High School vs Roane County High School,Lucas,Roane County High School,Correct,,,,Correct,20,Roane County High School,1,,year read as 2020 in captions,
S41 E46,Round of 16,Tossup,40,What is the French word for house?,Maison,Foreign Language,Foreign Language,Happy Valley High School vs Roane County High School,Maddox,Roane County High School,Correct,,,,Correct,10,Roane County High School,1,,,
S41 E46,Round of 16,Bonus,40,"What is the English translation of the French question ""Combien ça coûte?""",How much does it cost?,Foreign Language,Foreign Language,Happy Valley High School vs Roane County High School,,Roane County High School,Incorrect,,,,Missed,0,None given,1,,"French question reconstructed from garbled captions (""Be on. Could.""); team said ""how old are you""",
S41 E46,Round of 16,Tossup,41,"Whose death is lamented by Walt Whitman in his poems ""O Captain! My Captain!"" and ""When Lilacs Last in the Dooryard Bloom'd""?",Abraham Lincoln,Literature,Language Arts,Happy Valley High School vs Roane County High School,,Happy Valley High School,Correct,,,,Correct,10,Happy Valley High School,1,,buzzer not named; team from the bonus deferral to Ella,
S41 E46,Round of 16,Bonus,41,"After his death in 1824, the memoirs of which English baron, who wrote the poems Don Juan and ""She Walks in Beauty,"" were burned by his friends to prevent publication?",Lord Byron,Literature,Language Arts,Happy Valley High School vs Roane County High School,Ella,Happy Valley High School,Correct,,,,Correct,20,Happy Valley High School,1,,,
S41 E46,Round of 16,Tossup,42,What American mobile payment system that was founded in 2009 and owned by PayPal since 2013 is aimed at friends and family who wish to split bills?,Venmo,Economics,Social Studies,Happy Valley High School vs Roane County High School,Ella,Happy Valley High School,Incorrect,Lucas,Roane County High School,Incorrect,Missed,0,None given,1,,Ella said Bitcoin; Lucas said Square,
S41 E46,Round of 16,Tossup,43,Which Swiss psychiatrist developed the inkblot test?,Hermann Rorschach,Health,Science & Technology,Happy Valley High School vs Roane County High School,,Happy Valley High School,Incorrect,,,,Missed,0,None given,1,,"Happy Valley's first buzzer said Carl Jung; steal offered to Roane County, no answer captured",
S41 E46,Round of 16,Tossup,44,76 is 40% of what number?,190,Math,Mathematics,Happy Valley High School vs Roane County High School,Lucas,Roane County High School,Correct,,,,Correct,10,Roane County High School,1,,,
S41 E46,Round of 16,Bonus,44,"At a blood drive, 18 people had type B blood, which was 15% of the donors. What was the total number of donors?",120,Math,Mathematics,Happy Valley High School vs Roane County High School,Lucas,Roane County High School,Correct,,,,Correct,20,Roane County High School,1,,verdict not captured; answer 120 matches,
S41 E46,Round of 16,Tossup,45,What is the term for a word that connects two independent clauses?,Coordinating conjunction,English,Language Arts,Happy Valley High School vs Roane County High School,Lucas,Roane County High School,Correct,,,,Correct,10,Roane County High School,1,,,
S41 E46,Round of 16,Bonus,45,What four letter word completes the following antonym analogy: Prompt is to tardy as early is to what?,Late,English,Language Arts,Happy Valley High School vs Roane County High School,,Roane County High School,Correct,,,,Correct,20,Roane County High School,1,,,
S41 E46,Round of 16,Tossup,46,"In the G major scale, what is the interval between A and C sharp?",Major third,Music,Fine Arts,Happy Valley High School vs Roane County High School,Lucas,Roane County High School,Correct,,,,Correct,10,Roane County High School,1,,,
S41 E46,Round of 16,Bonus,46,Part 1: Which baroque composer wrote The Four Seasons? | Part 2: Who composed Für Elise?,Part 1: Vivaldi | Part 2: Beethoven,Music,Fine Arts,Happy Valley High School vs Roane County High School,,Roane County High School,Correct,,,,Correct,20,Roane County High School,2,,,
S41 E46,Round of 16,Tossup,47,What seven letter word beginning with A is the term for a surgical examination of a human corpse to determine the cause and manner of death?,Autopsy,Science,Science & Technology,Happy Valley High School vs Roane County High School,,Unknown,Correct,,,,Correct,10,Unknown,1,Yes,player and team not identified in captions; team not identified in captions (captions lines 6381-6384),What seven letter word beginning with a is the term for a surgical examination of a human corpse to determine autopsy. / The cause a manner of death. / Science is your bonus. / What is the representation of the maximum quantity of water held in the soil against the force of gravity?
S41 E46,Round of 16,Bonus,47,What is the representation of the maximum quantity of water held in the soil against the force of gravity?,Field capacity,Science,Science & Technology,Happy Valley High School vs Roane County High School,,Unknown,Incorrect,,,,Missed,0,None given,1,Yes,team said retention; team not identified in captions (captions lines 6383-6388),"Science is your bonus. / What is the representation of the maximum quantity of water held in the soil against the force of gravity? / Retention. / It's called field capacity. / Toss up in geography. / What river flows southwest for 337 miles in Virginia and Tennessee, and is dammed by both Norris Dam, the clinch River and Melton Hill Dam."
S41 E46,Round of 16,Tossup,48,What river flows southwest for 337 miles in Virginia and Tennessee and is dammed by both Norris Dam and Melton Hill Dam?,Clinch River,Geography,Social Studies,Happy Valley High School vs Roane County High School,,Roane County High School,Correct,,,,Correct,10,Roane County High School,1,,answer sits inside the garbled caption line; buzzer not named; team from the bonus deferral to Maddox,
S41 E46,Round of 16,Bonus,48,Part 1: In which state is Biscayne Bay? | Part 2: In which state is Lake Winnipesaukee?,Part 1: Florida | Part 2: New Hampshire,Geography,Social Studies,Happy Valley High School vs Roane County High School,Maddox,Roane County High School,Partial,,,,Partial,10,Roane County High School,2,,team said Minnesota for Part 2,
S41 E46,Round of 16,Tossup,49,"What is the science concerning the physical properties of the universe, such as light, chemical makeup and gravitational forces?",Astrophysics,Astronomy,Science & Technology,Happy Valley High School vs Roane County High School,Lucas,Roane County High School,Incorrect,,Happy Valley High School,Correct,Correct,10,Happy Valley High School,1,,Lucas said physics; Happy Valley's stealing player not named,
S41 E46,Round of 16,Bonus,49,"In 2024, a sun-grazing comet's final moments were recorded by the European Space Agency and NASA as the comet approached the point in its orbit nearest the sun, which is known by what ten letter term beginning with P?",Perihelion,Astronomy,Science & Technology,Happy Valley High School vs Roane County High School,,Happy Valley High School,Incorrect,,,,Missed,0,None given,1,,team said perigee; game over after this bonus,
S41 E47,Round of 16,Tossup,1,In which literary anthology did Rudyard Kipling introduce the mongoose character Rikki-Tikki-Tavi?,The Jungle Book,Literature,Language Arts,L&N STEM Academy (Cameron's team) vs L&N STEM Academy (Jordan's team),Jordan,L&N STEM Academy (Jordan's team),Correct,,,,Correct,10,L&N STEM Academy (Jordan's team),1,,,
S41 E47,Round of 16,Bonus,1,What are the four styles of writing for essays?,"Narrative, descriptive, persuasive, expository",Literature,Language Arts,L&N STEM Academy (Cameron's team) vs L&N STEM Academy (Jordan's team),,L&N STEM Academy (Jordan's team),Partial,,,,Partial,5,L&N STEM Academy (Jordan's team),1,,"team gave rhetorical analysis, argumentative, informative and narrative; only narrative counted (5 points)",
S41 E47,Round of 16,Tossup,2,The Erie Canal runs from Lake Erie to what?,The Hudson River,Geography,Social Studies,L&N STEM Academy (Cameron's team) vs L&N STEM Academy (Jordan's team),Jordan,L&N STEM Academy (Jordan's team),Correct,,,,Correct,10,L&N STEM Academy (Jordan's team),1,,,
S41 E47,Round of 16,Bonus,2,Part 1: Which Great Lake is the smallest by surface area? | Part 2: Which Great Lake is the smallest by volume?,Part 1: Lake Ontario | Part 2: Lake Erie,Geography,Social Studies,L&N STEM Academy (Cameron's team) vs L&N STEM Academy (Jordan's team),,L&N STEM Academy (Jordan's team),Partial,,,,Partial,10,L&N STEM Academy (Jordan's team),2,,team said Erie for Part 1,
S41 E47,Round of 16,Tossup,3,What nine letter word beginning with P means the study of rocks?,Petrology,Geology,Science & Technology,L&N STEM Academy (Cameron's team) vs L&N STEM Academy (Jordan's team),,,No Buzz,,,,Missed,0,None given,1,,nobody buzzed; the host gave the answer,
S41 E47,Round of 16,Tossup,4,What is the probability of tossing tails three consecutive times with a fair coin?,1/8,Math,Mathematics,L&N STEM Academy (Cameron's team) vs L&N STEM Academy (Jordan's team),Jordan,L&N STEM Academy (Jordan's team),Correct,,,,Correct,10,L&N STEM Academy (Jordan's team),1,,,
S41 E47,Round of 16,Bonus,4,Part 1: What is the measure in degrees of each interior angle of a convex regular hexagon? | Part 2: What is the measure in degrees of each exterior angle of a convex regular hexagon?,Part 1: 120 degrees | Part 2: 60 degrees,Visual,General & Visual,L&N STEM Academy (Cameron's team) vs L&N STEM Academy (Jordan's team),,L&N STEM Academy (Jordan's team),Partial,,,,Partial,10,L&N STEM Academy (Jordan's team),2,,team said 240 for the exterior angle,
S41 E47,Round of 16,Tossup,5,Who composed the ballet The Nutcracker?,Tchaikovsky,Music,Fine Arts,L&N STEM Academy (Cameron's team) vs L&N STEM Academy (Jordan's team),Timothy,L&N STEM Academy (Cameron's team),Correct,,,,Correct,10,L&N STEM Academy (Cameron's team),1,,,
S41 E47,Round of 16,Bonus,5,Part 1: What is the musical term for a difference in pitch between two tones? | Part 2: What is the interval in the key of C major between D and G?,Part 1: Interval | Part 2: Perfect fourth,Music,Fine Arts,L&N STEM Academy (Cameron's team) vs L&N STEM Academy (Jordan's team),,L&N STEM Academy (Cameron's team),Incorrect,,,,Missed,0,None given,2,,team said diminuendo and major fourth,
S41 E47,Round of 16,Tossup,6,"Destruction or slaughter on a mass scale is a Holocaust. Spell ""Holocaust.""",H-O-L-O-C-A-U-S-T,Spelling,Language Arts,L&N STEM Academy (Cameron's team) vs L&N STEM Academy (Jordan's team),,L&N STEM Academy (Cameron's team),Incorrect,Charles,L&N STEM Academy (Jordan's team),Correct,Correct,10,L&N STEM Academy (Jordan's team),1,,"Cameron's team's buzzer (name garbled) spelled ""destruction"" instead of the word; the host reread the question for the steal",
S41 E47,Round of 16,Bonus,6,"Part 1: Spell a seven letter word that means very strange or unusual, especially so as to cause interest or amusement. | Part 2: Spell a six letter word for a marketplace consisting of multiple small stalls or shops, especially in the Middle East.",Part 1: B-I-Z-A-R-R-E | Part 2: B-A-Z-A-A-R,Spelling,Language Arts,L&N STEM Academy (Cameron's team) vs L&N STEM Academy (Jordan's team),,L&N STEM Academy (Jordan's team),Partial,,,,Partial,10,L&N STEM Academy (Jordan's team),2,,"team spelled ""peculiar"" for Part 1",
S41 E47,Round of 16,Tossup,7,What is an early release of a prisoner before the completion of a sentence on the promise of good behavior?,Parole,Government,Social Studies,L&N STEM Academy (Cameron's team) vs L&N STEM Academy (Jordan's team),,Unknown,Correct,,,,Correct,10,Unknown,1,Yes,player and team not identified in captions; team not identified in captions (captions lines 5513-5518),"So ten points tossup in government. / What is an early release of a prisoner before the completion of a sentence on the promise? / General. / Right. / And make sure calling all the way promise of good behavior, government bonus. / What are the four officer ranks between first lieutenant and brigadier general in the US Army?"
S41 E47,Round of 16,Bonus,7,What are the four officer ranks between first lieutenant and brigadier general in the U.S. Army?,"Captain, major, lieutenant colonel, colonel",Government,Social Studies,L&N STEM Academy (Cameron's team) vs L&N STEM Academy (Jordan's team),,Unknown,Partial,,,,Partial,10,Unknown,1,Yes,team named captain and colonel (10 points); team not identified in captions (captions lines 5517-5525),"And make sure calling all the way promise of good behavior, government bonus. / What are the four officer ranks between first lieutenant and brigadier general in the US Army? / A colonel is the last one a British answer? / Captain? / Colonel. / Then on any others, those are both right. / It is captain, then major, then lieutenant colonel, then colonel. / So ten points. / Toss up in biology, where in a tree does photosynthesis occur?"
S41 E47,Round of 16,Tossup,8,Where in a tree does photosynthesis occur?,The leaf,Biology,Science & Technology,L&N STEM Academy (Cameron's team) vs L&N STEM Academy (Jordan's team),Timothy,L&N STEM Academy (Cameron's team),Correct,,,,Correct,10,L&N STEM Academy (Cameron's team),1,,,
S41 E47,Round of 16,Bonus,8,"Part 1: What popular ornamental tree that blooms early in the spring with white flowers, followed by bad smelling berries, is included on the Invasive Plants of Tennessee list, which recommends removing the tree and its roots? | Part 2: Name one of the five native species of trees suggested by the Nashville Tree Conservation Corps as a replacement for the Bradford pear tree.","Part 1: Bradford pear | Part 2: Any one of: dogwood, serviceberry, redbud, American plum, cherry",Biology,Science & Technology,L&N STEM Academy (Cameron's team) vs L&N STEM Academy (Jordan's team),,L&N STEM Academy (Cameron's team),Incorrect,,,,Missed,0,None given,2,,team said blossom and pine,
S41 E47,Round of 16,Tossup,9,What is a facade in architecture?,The front of a building,Architecture,Fine Arts,L&N STEM Academy (Cameron's team) vs L&N STEM Academy (Jordan's team),,Unknown,Correct,,,,Correct,10,Unknown,1,Yes,player and team not identified in captions; team not identified in captions (captions lines 5534-5538),"They recommend dogwood or service berry, redbud, American plum or cherry, plus a for all players in architecture, what is a facade in architecture? / In front of a building? / Yes. / The outside walls are front and the architectural bonus. / Now, in 2024, tension arose between France and Italy about who owns and should maintain a staircase located in Rome, but built with French funds in 1726."
S41 E47,Round of 16,Bonus,9,"In 2024, tension arose between France and Italy about who owns and should maintain a staircase located in Rome but built with French funds in 1726. That is the longest and widest staircase in Europe and is known by what name?",The Spanish Steps,Architecture,Fine Arts,L&N STEM Academy (Cameron's team) vs L&N STEM Academy (Jordan's team),,Unknown,Incorrect,,,,Missed,0,None given,1,Yes,team said the grand staircase; team not identified in captions (captions lines 5537-5543),"The outside walls are front and the architectural bonus. / Now, in 2024, tension arose between France and Italy about who owns and should maintain a staircase located in Rome, but built with French funds in 1726. / That is the longest and widest staircase in Europe and is known by what name? / The grand staircase. / It's called the Spanish Steps, which is strange because France and Italy are fighting over it. / Toss up foreign players in foreign language. / What is the French word for April?"
S41 E47,Round of 16,Tossup,10,What is the French word for April?,Avril,Foreign Language,Foreign Language,L&N STEM Academy (Cameron's team) vs L&N STEM Academy (Jordan's team),,Unknown,Correct,,,,Correct,10,Unknown,1,Yes,player and team not identified in captions; team not identified in captions (captions lines 5542-5547),"Toss up foreign players in foreign language. / What is the French word for April? / Anything of real? / Yes, and a foreign language. / Bonus. / What is the English translation of the Spanish phrase?"
S41 E47,Round of 16,Bonus,10,"What is the English translation of the Spanish phrase ""cinturón de seguridad""?",Seatbelt,Foreign Language,Foreign Language,L&N STEM Academy (Cameron's team) vs L&N STEM Academy (Jordan's team),,Unknown,Incorrect,,,,Missed,0,None given,1,Yes,"Spanish phrase reconstructed from captions (""seem to run de seguridad""); team said ""see you tomorrow""; team not identified in captions (captions lines 5546-5552)",Bonus. / What is the English translation of the Spanish phrase? / Seem to run de seguridad? / See you tomorrow. / It's actually just your seatbelt. / No points on the bonus tossup in English. / Correct the following sentence if necessary.
S41 E47,Round of 16,Tossup,11,Correct the following sentence if necessary: Megan and him went to the park.,He and Megan went to the park.,English,Language Arts,L&N STEM Academy (Cameron's team) vs L&N STEM Academy (Jordan's team),Cameron,L&N STEM Academy (Cameron's team),Correct,,,,Correct,10,L&N STEM Academy (Cameron's team),1,,host said they would accept the answer,
S41 E47,Round of 16,Bonus,11,What is the verb tense in the following sentence? It had been snowing all week.,Past perfect continuous,English,Language Arts,L&N STEM Academy (Cameron's team) vs L&N STEM Academy (Jordan's team),,L&N STEM Academy (Cameron's team),Incorrect,,,,Missed,0,None given,1,,team said past participle,
S41 E47,Round of 16,Tossup,12,"In September 1975, which U.S. president survived two assassination attempts by women?",Gerald Ford,U.S. History,Social Studies,L&N STEM Academy (Cameron's team) vs L&N STEM Academy (Jordan's team),Cameron,L&N STEM Academy (Cameron's team),Correct,,,,Correct,10,L&N STEM Academy (Cameron's team),1,,,
S41 E47,Round of 16,Bonus,12,"Which two expansion trails of the 1800s led west out of St. Louis, Missouri?",The Oregon Trail and the Santa Fe Trail,U.S. History,Social Studies,L&N STEM Academy (Cameron's team) vs L&N STEM Academy (Jordan's team),,L&N STEM Academy (Cameron's team),Correct,,,,Correct,20,L&N STEM Academy (Cameron's team),1,,,
S41 E47,Round of 16,Tossup,13,What is the name of the single point of light that we see as the North Star?,Polaris,Astronomy,Science & Technology,L&N STEM Academy (Cameron's team) vs L&N STEM Academy (Jordan's team),Jordan,L&N STEM Academy (Jordan's team),Correct,,,,Correct,10,L&N STEM Academy (Jordan's team),1,,,
S41 E47,Round of 16,Bonus,13,Which constellation represents a winged horse?,Pegasus,Astronomy,Science & Technology,L&N STEM Academy (Cameron's team) vs L&N STEM Academy (Jordan's team),,L&N STEM Academy (Jordan's team),Correct,,,,Correct,20,L&N STEM Academy (Jordan's team),1,,,
S41 E47,Round of 16,Tossup,14,Who painted the mural The Last Supper?,Leonardo da Vinci,Art,Fine Arts,L&N STEM Academy (Cameron's team) vs L&N STEM Academy (Jordan's team),Jordan,L&N STEM Academy (Jordan's team),Correct,,,,Correct,10,L&N STEM Academy (Jordan's team),1,,,
S41 E47,Round of 16,Bonus,14,"What is the title of the famous French painting shown here, in which Jacques-Louis David used the neoclassical style to depict a scene from a contemporary event, the 1793 assassination of a revolutionary leader?",The Death of Marat,Visual,General & Visual,L&N STEM Academy (Cameron's team) vs L&N STEM Academy (Jordan's team),,L&N STEM Academy (Jordan's team),Correct,,,,Correct,20,L&N STEM Academy (Jordan's team),1,,,
S41 E47,Round of 16,Tossup,15,What children's picture book by Chris Van Allsburg tells of a boy's travels to Santa's workshop on Christmas Eve?,The Polar Express,Literature,Language Arts,L&N STEM Academy (Cameron's team) vs L&N STEM Academy (Jordan's team),Chloe,L&N STEM Academy (Jordan's team),Correct,,,,Correct,10,L&N STEM Academy (Jordan's team),1,,,
S41 E47,Round of 16,Bonus,15,"Part 1: What is the title of the musical theater adaptation of Pygmalion? | Part 2: In Greek mythology, Pygmalion falls in love with what?","Part 1: My Fair Lady | Part 2: A statue he sculpted, named Galatea",Literature,Language Arts,L&N STEM Academy (Cameron's team) vs L&N STEM Academy (Jordan's team),,L&N STEM Academy (Jordan's team),Incorrect,,,,Missed,0,None given,2,,"team gave no answer for Part 1 and said ""his reflection"" for Part 2",
S41 E47,Round of 16,Tossup,16,What is the unit of currency used in Australia and New Zealand?,Dollar,Economics,Social Studies,L&N STEM Academy (Cameron's team) vs L&N STEM Academy (Jordan's team),Jordan,L&N STEM Academy (Jordan's team),Correct,,,,Correct,10,L&N STEM Academy (Jordan's team),1,,,
S41 E47,Round of 16,Bonus,16,Part 1: What is an economic system based on supply and demand with little or no government control? | Part 2: What is the term for money that can be invested in business?,Part 1: Free market (free enterprise) | Part 2: Capital,Economics,Social Studies,L&N STEM Academy (Cameron's team) vs L&N STEM Academy (Jordan's team),,L&N STEM Academy (Jordan's team),Correct,,,,Correct,20,L&N STEM Academy (Jordan's team),2,,,
S41 E47,Round of 16,Tossup,17,What is the term for the parts of a machine that hold or guide moving parts to reduce friction and allow the rotating and sliding parts to move more smoothly?,Ball bearings,Science,Science & Technology,L&N STEM Academy (Cameron's team) vs L&N STEM Academy (Jordan's team),Jordan,L&N STEM Academy (Jordan's team),Incorrect,,L&N STEM Academy (Cameron's team),Incorrect,Missed,0,None given,1,,Jordan said gears; Cameron's team said lubricant,
S41 E47,Round of 16,Tossup,18,What chemical element has the symbol Hg?,Mercury,Chemistry,Science & Technology,L&N STEM Academy (Cameron's team) vs L&N STEM Academy (Jordan's team),,Unknown,Correct,,,,Correct,10,Unknown,1,Yes,player and team not identified in captions; team not identified in captions (captions lines 5718-5724),"All right, let's get our fingers back on the buzzer for Tennessee scholar's Bowl 2025 toss up for all players in chemistry. / What chemical element has the symbol HG? / Atomic. / Mercury. / Yes. / And a chemistry bonus. / Recent studies show that Americans are exposed to toxic BPA levels 5000 times higher than what the European Union considers safe."
S41 E47,Round of 16,Bonus,18,Recent studies show that Americans are exposed to toxic BPA levels 5000 times higher than what the European Union considers safe. BPA is produced by the condensation of phenol and what organic compound with the formula C3H6O?,Acetone,Chemistry,Science & Technology,L&N STEM Academy (Cameron's team) vs L&N STEM Academy (Jordan's team),,Unknown,Correct,,,,Correct,20,Unknown,1,Yes,team not identified in captions (captions lines 5723-5730),"And a chemistry bonus. / Recent studies show that Americans are exposed to toxic BPA levels 5000 times higher than what the European Union considers safe. / BPA is produced by the condensation of phenol, and what organic compound with the formula C3, H6. / Oh, I think that's done. / I think so ecosystem. / Acetone is right for 20 points. / Toss up in religion. / What eight letter term beginning with O is used to describe a person who accepts and closely follows the traditional beliefs and customs of a religion."
S41 E47,Round of 16,Tossup,19,What eight letter term beginning with O is used to describe a person who accepts and closely follows the traditional beliefs and customs of a religion?,Orthodox,Religion,Religion & Mythology,L&N STEM Academy (Cameron's team) vs L&N STEM Academy (Jordan's team),,,No Buzz,,,,Missed,0,None given,1,,nobody buzzed; the host gave the answer,
S41 E47,Round of 16,Tossup,20,What nine letter word beginning with F means courage in pain or adversity?,Fortitude,Vocabulary,Language Arts,L&N STEM Academy (Cameron's team) vs L&N STEM Academy (Jordan's team),,L&N STEM Academy (Jordan's team),Incorrect,,,,Missed,0,None given,1,,"Jordan's team said fearless; steal offered to Cameron's team, no answer captured",
S41 E47,Round of 16,Tossup,21,"Which Mexican general and his army were defeated at San Jacinto on April 21st, 1836?",Santa Anna,History,Social Studies,L&N STEM Academy (Cameron's team) vs L&N STEM Academy (Jordan's team),,Unknown,Correct,,,,Correct,10,Unknown,1,Yes,player and team not identified in captions; team not identified in captions (captions lines 5735-5740),"Toss up in history which Mexican general and his army were defeated at San Jacinto. / Santa Ana. / Yeah. / On April 21st, 1836. / World history bonus. / Who was the Russian mystic who was killed in 1916 by Russian nobles eager to end his influence over the royal family."
S41 E47,Round of 16,Bonus,21,Who was the Russian mystic who was killed in 1916 by Russian nobles eager to end his influence over the royal family?,Rasputin,World History,Social Studies,L&N STEM Academy (Cameron's team) vs L&N STEM Academy (Jordan's team),,Unknown,Correct,,,,Correct,20,Unknown,1,Yes,"answer garbled in captions (""ESPN""); team not identified in captions (captions lines 5739-5748)","World history bonus. / Who was the Russian mystic who was killed in 1916 by Russian nobles eager to end his influence over the royal family. / ESPN is right for 20 plus up in chemistry. / What is the odorless gas? / C two, H six. / Stuart. / Fine. / Yeah. / And a chemistry bonus. / Now what is calcium electron configuration in exponential form."
S41 E47,Round of 16,Tossup,22,What is the name of the odorless gas with the formula C2H6?,Ethane,Chemistry,Science & Technology,L&N STEM Academy (Cameron's team) vs L&N STEM Academy (Jordan's team),Stuart,L&N STEM Academy (Cameron's team),Correct,,,,Correct,10,L&N STEM Academy (Cameron's team),1,,"answer garbled in captions (""Fine"")",
S41 E47,Round of 16,Bonus,22,What is calcium's electron configuration in exponential form?,1s² 2s² 2p⁶ 3s² 3p⁶ 4s²,Chemistry,Science & Technology,L&N STEM Academy (Cameron's team) vs L&N STEM Academy (Jordan's team),,L&N STEM Academy (Cameron's team),Incorrect,,,,Missed,0,None given,1,,team's answer stopped before the 3p and 4s terms,
S41 E47,Round of 16,Tossup,23,"In the number 345,102, what place value does the digit four hold?",Ten thousands,Math,Mathematics,L&N STEM Academy (Cameron's team) vs L&N STEM Academy (Jordan's team),Jordan,L&N STEM Academy (Jordan's team),Correct,,,,Correct,10,L&N STEM Academy (Jordan's team),1,,,
S41 E47,Round of 16,Bonus,23,Raise the expression (x + 2) to the third power.,x³ + 6x² + 12x + 8,Math,Mathematics,L&N STEM Academy (Cameron's team) vs L&N STEM Academy (Jordan's team),Dominic,L&N STEM Academy (Jordan's team),Incorrect,,,,Missed,0,None given,1,,team gave 8x instead of 12x,
S41 E47,Round of 16,Tossup,24,What was the Roman equivalent of the mythological Greek goddess Aphrodite?,Venus,Mythology,Religion & Mythology,L&N STEM Academy (Cameron's team) vs L&N STEM Academy (Jordan's team),Dominic,L&N STEM Academy (Jordan's team),Correct,,,,Correct,10,L&N STEM Academy (Jordan's team),1,,,
S41 E47,Round of 16,Bonus,24,"In Greek mythology, which king of Thebes unwittingly killed his father and married his mother?",Oedipus,Mythology,Religion & Mythology,L&N STEM Academy (Cameron's team) vs L&N STEM Academy (Jordan's team),,L&N STEM Academy (Jordan's team),Correct,,,,Correct,20,L&N STEM Academy (Jordan's team),1,,,
S41 E47,Round of 16,Tossup,25,Which state capital is westernmost?,Honolulu,Geography,Social Studies,L&N STEM Academy (Cameron's team) vs L&N STEM Academy (Jordan's team),Jordan,L&N STEM Academy (Jordan's team),Incorrect,Cameron,L&N STEM Academy (Cameron's team),Correct,Correct,10,L&N STEM Academy (Cameron's team),1,,Jordan said Juneau,
S41 E47,Round of 16,Bonus,25,What mountain range shown here separates the Iberian Peninsula from the rest of Europe?,The Pyrenees,Visual,General & Visual,L&N STEM Academy (Cameron's team) vs L&N STEM Academy (Jordan's team),,L&N STEM Academy (Cameron's team),Correct,,,,Correct,20,L&N STEM Academy (Cameron's team),1,,,
S41 E47,Round of 16,Tossup,26,"On average, how many minutes and seconds does it take for light to travel from the sun to the Earth?",About 8 minutes 20 seconds,Physics,Science & Technology,L&N STEM Academy (Cameron's team) vs L&N STEM Academy (Jordan's team),,L&N STEM Academy (Cameron's team),Incorrect,Dominic,L&N STEM Academy (Jordan's team),Incorrect,Missed,0,None given,1,,Cameron's team's buzzer not named (said 8:36); Dominic said 8:24,
S41 E47,Round of 16,Tossup,27,"Which sport features sculls, strokes and slides?",Rowing,Sports,General & Visual,L&N STEM Academy (Cameron's team) vs L&N STEM Academy (Jordan's team),Jordan,L&N STEM Academy (Jordan's team),Correct,,,,Correct,10,L&N STEM Academy (Jordan's team),1,,,
S41 E47,Round of 16,Bonus,27,What University of Iowa basketball player became the NCAA Division I all-time leading scorer in 2024 before being drafted by the Indiana Fever?,Caitlin Clark,Sports,General & Visual,L&N STEM Academy (Cameron's team) vs L&N STEM Academy (Jordan's team),,L&N STEM Academy (Jordan's team),Correct,,,,Correct,20,L&N STEM Academy (Jordan's team),1,,,
S41 E47,Round of 16,Tossup,28,What Louisiana-born comedian and host of the This Past Weekend podcast got his start on MTV's Road Rules and also won the title of Fan Favorite on Last Comic Standing?,Theo Von,Art,Fine Arts,L&N STEM Academy (Cameron's team) vs L&N STEM Academy (Jordan's team),,L&N STEM Academy (Cameron's team),Incorrect,,,,Missed,0,None given,1,,"Cameron's team's buzzer said Matt Rife; steal offered to Jordan's team, nobody got it in time",
S41 E47,Round of 16,Tossup,29,"What eight letter noun starting with M means wearisome uniformity or lack of variety, tedious repetition and routine?",Monotony,Vocabulary,Language Arts,L&N STEM Academy (Cameron's team) vs L&N STEM Academy (Jordan's team),Dominic,L&N STEM Academy (Jordan's team),Incorrect,Isabella,L&N STEM Academy (Cameron's team),Correct,Correct,10,L&N STEM Academy (Cameron's team),1,,Dominic said monotonous,
S41 E47,Round of 16,Bonus,29,Part 1: What ten letter word beginning with L is a commissioned naval officer and could also mean a deputy or substitute acting for a superior? | Part 2: Spell that word.,Part 1: Lieutenant | Part 2: L-I-E-U-T-E-N-A-N-T,Vocabulary,Language Arts,L&N STEM Academy (Cameron's team) vs L&N STEM Academy (Jordan's team),Isabella,L&N STEM Academy (Cameron's team),Partial,,,,Partial,10,L&N STEM Academy (Cameron's team),2,,"Isabella misspelled it, missing an E",
S41 E47,Round of 16,Tossup,30,"Which amendment to the U.S. Constitution guarantees the rights of criminal defendants, including the right to a public trial?",Sixth Amendment,Government,Social Studies,L&N STEM Academy (Cameron's team) vs L&N STEM Academy (Jordan's team),Cameron,L&N STEM Academy (Cameron's team),Correct,,,,Correct,10,L&N STEM Academy (Cameron's team),1,,,
S41 E47,Round of 16,Bonus,30,Name four of the six states that gained one or more congressional seats after the 2020 census.,"Any four of: Colorado, Florida, Montana, North Carolina, Oregon, Texas",Government,Social Studies,L&N STEM Academy (Cameron's team) vs L&N STEM Academy (Jordan's team),,L&N STEM Academy (Cameron's team),Partial,,,,Partial,5,L&N STEM Academy (Cameron's team),1,,"team named Nebraska, Texas, Arizona and Minnesota; only Texas counted (5 points)",
S41 E47,Round of 16,Tossup,31,"Which of the following four words doesn't belong with the others? Ulna, triceps, biceps, deltoid.",Ulna,Health,Science & Technology,L&N STEM Academy (Cameron's team) vs L&N STEM Academy (Jordan's team),Dominic,L&N STEM Academy (Jordan's team),Correct,,,,Correct,10,L&N STEM Academy (Jordan's team),1,,,
S41 E47,Round of 16,Bonus,31,Which branch of medicine deals with tumors and cancers?,Oncology,Health,Science & Technology,L&N STEM Academy (Cameron's team) vs L&N STEM Academy (Jordan's team),,L&N STEM Academy (Jordan's team),Correct,,,,Correct,20,L&N STEM Academy (Jordan's team),1,,,
S41 E47,Round of 16,Tossup,32,"Find the perimeter of a triangle with sides 24, 35 and 45 meters.",104 meters,Geometry,Mathematics,L&N STEM Academy (Cameron's team) vs L&N STEM Academy (Jordan's team),Stuart,L&N STEM Academy (Cameron's team),Correct,,,,Correct,10,L&N STEM Academy (Cameron's team),1,,,
S41 E47,Round of 16,Bonus,32,How many total degrees are in the interior angles of a convex dodecagon?,"1,800 degrees",Geometry,Mathematics,L&N STEM Academy (Cameron's team) vs L&N STEM Academy (Jordan's team),,L&N STEM Academy (Cameron's team),Incorrect,,,,Missed,0,None given,1,,"captions read ""dodecahedron""; team said 1,040",
S41 E47,Round of 16,Tossup,33,"What was the first toy to be advertised on television, with an ad aimed at children that showed consumers using their own root vegetables as part of the toy?",Mr. Potato Head,Miscellaneous,General & Visual,L&N STEM Academy (Cameron's team) vs L&N STEM Academy (Jordan's team),Jordan,L&N STEM Academy (Jordan's team),Incorrect,,L&N STEM Academy (Cameron's team),Incorrect,Missed,0,None given,1,,Jordan said Slinky; Cameron's team said Barbie,
S41 E47,Round of 16,Tossup,34,What is the Spanish word for shoes?,Zapatos,Foreign Language,Foreign Language,L&N STEM Academy (Cameron's team) vs L&N STEM Academy (Jordan's team),Dominic,L&N STEM Academy (Jordan's team),Correct,,,,Correct,10,L&N STEM Academy (Jordan's team),1,,,
S41 E47,Round of 16,Bonus,34,"According to French law, a store like the one shown here must make what on the premises in order to carry the title of [unclear]?",Bread,Foreign Language,Foreign Language,L&N STEM Academy (Cameron's team) vs L&N STEM Academy (Jordan's team),,L&N STEM Academy (Jordan's team),Incorrect,,,,Missed,0,None given,1,Yes,"title garbled in captions (""woolen jelly""; probably boulangerie); team said champagne (captions lines 5870-5872)","According to French law, a store like the one shown here must make what on premises in order to carry the title of woolen jelly and paint it probably, Max to just touch champagne. / Now they have to make bread. / It's a type of bakery that makes bread toss up in geography, Halifax is the capital of which Canadian province?"
S41 E47,Round of 16,Tossup,35,Halifax is the capital of which Canadian province?,Nova Scotia,Geography,Social Studies,L&N STEM Academy (Cameron's team) vs L&N STEM Academy (Jordan's team),Jordan,L&N STEM Academy (Jordan's team),Incorrect,Cameron,L&N STEM Academy (Cameron's team),Incorrect,Missed,0,None given,1,,Jordan said British Columbia; Cameron said Alberta,
S41 E47,Round of 16,Tossup,36,What is the symbol for the element platinum?,Pt,Chemistry,Science & Technology,L&N STEM Academy (Cameron's team) vs L&N STEM Academy (Jordan's team),Stuart,L&N STEM Academy (Cameron's team),Correct,,,,Correct,10,L&N STEM Academy (Cameron's team),1,,,
S41 E47,Round of 16,Bonus,36,What type of chemical bond is formed when electrons are completely transferred from one element to another?,Ionic bond,Chemistry,Science & Technology,L&N STEM Academy (Cameron's team) vs L&N STEM Academy (Jordan's team),,L&N STEM Academy (Cameron's team),Incorrect,,,,Missed,0,None given,1,,team said covalent,
S41 E47,Round of 16,Tossup,37,What device that forwards data packets between computer networks is used to connect a personal computer to the internet service provider?,Router,Technology,Science & Technology,L&N STEM Academy (Cameron's team) vs L&N STEM Academy (Jordan's team),Dominic,L&N STEM Academy (Jordan's team),Correct,,,,Correct,10,L&N STEM Academy (Jordan's team),1,,,
S41 E47,Round of 16,Bonus,37,"Heretic, a movie starring Hugh Grant that was released in November 2024, included a message in the closing credits declaring that what type of technology was not used in the making of the film?",Generative AI,Technology,Science & Technology,L&N STEM Academy (Cameron's team) vs L&N STEM Academy (Jordan's team),,L&N STEM Academy (Jordan's team),Incorrect,,,,Missed,0,None given,1,,team said CGI,
S41 E47,Round of 16,Tossup,38,Who is the current commissioner of the National Football League?,Roger Goodell,Sports,General & Visual,L&N STEM Academy (Cameron's team) vs L&N STEM Academy (Jordan's team),Cameron,L&N STEM Academy (Cameron's team),Incorrect,,,,Missed,0,None given,1,,"Cameron said ""Robert""; time ran out so Jordan's team had no chance to steal; game over",
S41 E48,Round of 16,Tossup,1,What is the eight letter word beginning with F used to describe a system designed to protect and secure a computer network from external security risks?,Firewall,Technology,Science & Technology,Morristown-Hamblen East High School vs Jefferson County High School,,Morristown-Hamblen East High School,Correct,,,,Correct,10,Morristown-Hamblen East High School,1,,"buzzer not named; team from ""technology bonus from Morristown""",
S41 E48,Round of 16,Bonus,1,What software was originally called Sky Peer to Peer and is known for VoIP based video telephony and video conferencing?,Skype,Technology,Science & Technology,Morristown-Hamblen East High School vs Jefferson County High School,,Morristown-Hamblen East High School,Correct,,,,Correct,20,Morristown-Hamblen East High School,1,,,
S41 E48,Round of 16,Tossup,2,What auxiliary verb should be used to complete the following sentence in the present perfect tense? She blank never been to France.,Has,English,Language Arts,Morristown-Hamblen East High School vs Jefferson County High School,Hayden,Morristown-Hamblen East High School,Correct,,,,Correct,10,Morristown-Hamblen East High School,1,,"name garbled in captions (""Hidden"")",
S41 E48,Round of 16,Bonus,2,What 11 letter word completes the following antonym analogy: Hopeful is to despairing as optimistic is to what?,Pessimistic,English,Language Arts,Morristown-Hamblen East High School vs Jefferson County High School,,Morristown-Hamblen East High School,Correct,,,,Correct,20,Morristown-Hamblen East High School,1,,,
S41 E48,Round of 16,Tossup,3,"According to the Bible, in what city did Jesus live during much of his childhood and young adulthood?",Nazareth,Religion,Religion & Mythology,Morristown-Hamblen East High School vs Jefferson County High School,Max,Jefferson County High School,Correct,,,,Correct,10,Jefferson County High School,1,,,
S41 E48,Round of 16,Bonus,3,"In 2023, Israel evacuated over 200 Jews, first to Addis Ababa, then on to Israel, in order for them to escape the violence in the Amhara region. Of what country?",Ethiopia,Religion,Religion & Mythology,Morristown-Hamblen East High School vs Jefferson County High School,,Jefferson County High School,Incorrect,,,,Missed,0,None given,1,,team said Palestine,
S41 E48,Round of 16,Tossup,4,What field of medicine deals with children's diseases?,Pediatrics,Health,Science & Technology,Morristown-Hamblen East High School vs Jefferson County High School,Boyd,Morristown-Hamblen East High School,Correct,,,,Correct,10,Morristown-Hamblen East High School,1,,,
S41 E48,Round of 16,Bonus,4,"What is the disorder in which the blood has a reduced ability to carry oxygen due to a lower than normal number of red blood cells, or a reduction in the amount of hemoglobin?",Anemia,Health,Science & Technology,Morristown-Hamblen East High School vs Jefferson County High School,,Morristown-Hamblen East High School,Correct,,,,Correct,20,Morristown-Hamblen East High School,1,,,
S41 E48,Round of 16,Tossup,5,Which amendment to the U.S. Constitution abolished slavery?,13th Amendment,Government,Social Studies,Morristown-Hamblen East High School vs Jefferson County High School,Caleb,Morristown-Hamblen East High School,Correct,,,,Correct,10,Morristown-Hamblen East High School,1,,,
S41 E48,Round of 16,Bonus,5,Part 1: What fraction of members' votes in both the House and Senate is required to overturn a vetoed bill? | Part 2: What percentage of the states is necessary to ratify an amendment to the Constitution?,Part 1: Two thirds | Part 2: 75%,Government,Social Studies,Morristown-Hamblen East High School vs Jefferson County High School,,Morristown-Hamblen East High School,Correct,,,,Correct,20,Morristown-Hamblen East High School,2,,,
S41 E48,Round of 16,Tossup,6,What war is the setting for The Book Thief?,World War II,Literature,Language Arts,Morristown-Hamblen East High School vs Jefferson County High School,,Morristown-Hamblen East High School,Incorrect,,Jefferson County High School,Correct,Correct,10,Jefferson County High School,1,,"Morristown's first buzzer said World War I; Jefferson County's stealing player not named (host said ""steal Jeffco"")",
S41 E48,Round of 16,Bonus,6,"Who is the Nobel Prize winning Colombian author shown here, known as the father of magical realism and for novels like Love in the Time of Cholera and One Hundred Years of Solitude?",Gabriel García Márquez,Literature,Language Arts,Morristown-Hamblen East High School vs Jefferson County High School,Zach,Jefferson County High School,Correct,,,,Correct,20,Jefferson County High School,1,,,
S41 E48,Round of 16,Tossup,7,"What is the next term in the geometric progression 2, 6, 18, 54?",162,Math,Mathematics,Morristown-Hamblen East High School vs Jefferson County High School,Hayden,Morristown-Hamblen East High School,Incorrect,Max,Jefferson County High School,Correct,Correct,10,Jefferson County High School,1,,Hayden first said 160 and the host held him to that answer,
S41 E48,Round of 16,Bonus,7,"If someone is traveling at 80 miles an hour, how long will it take them to go 180 miles?",2 hours 15 minutes,Math,Mathematics,Morristown-Hamblen East High School vs Jefferson County High School,,Jefferson County High School,Correct,,,,Correct,20,Jefferson County High School,1,,team first said 2 hours 20 minutes,
S41 E48,Round of 16,Tossup,8,Which landlocked European country remained neutral in both World War I and World War II?,Switzerland,World History,Social Studies,Morristown-Hamblen East High School vs Jefferson County High School,Hayden,Morristown-Hamblen East High School,Correct,,,,Correct,10,Morristown-Hamblen East High School,1,,,
S41 E48,Round of 16,Bonus,8,"During ancient and medieval times, religious texts, literature and other documents were written on parchment, which is made from what type of material?",Animal skin (sheepskin),History,Social Studies,Morristown-Hamblen East High School vs Jefferson County High School,,Morristown-Hamblen East High School,Correct,,,,Correct,20,Morristown-Hamblen East High School,1,,,
S41 E48,Round of 16,Tossup,9,"What is the English translation for the Latin phrase ""prima facie""?",At first sight,Foreign Language,Foreign Language,Morristown-Hamblen East High School vs Jefferson County High School,Hayden,Morristown-Hamblen East High School,Incorrect,Zach,Jefferson County High School,Correct,Correct,10,Jefferson County High School,1,,"Hayden said ""first place""",
S41 E48,Round of 16,Bonus,9,"Part 1: What is the English translation of the French phrase ""s'il vous plaît""? | Part 2: What is the English translation of the French phrase ""bonne nuit""?",Part 1: Please | Part 2: Good night,Foreign Language,Foreign Language,Morristown-Hamblen East High School vs Jefferson County High School,,Jefferson County High School,Correct,,,,Correct,20,Jefferson County High School,2,,"French phrases reconstructed from garbled captions (""civil play"", ""Bonnie"")",
S41 E48,Round of 16,Tossup,10,Complete the proverb: People in glass houses shouldn't throw what?,Stones,Vocabulary,Language Arts,Morristown-Hamblen East High School vs Jefferson County High School,,Unknown,Correct,,,,Correct,10,Unknown,1,Yes,player and team not identified in captions; team not identified in captions (captions lines 4893-4897),"For 20 plus up in vocabulary, complete the proverb. / People in glass houses shouldn't throw snacks, stones. / Correct. / And a vocabulary bonus. / What vital organ of the body can be spelled by rearranging the letters a, r, e, t, h, heart."
S41 E48,Round of 16,Bonus,10,"Part 1: What vital organ of the body can be spelled by rearranging the letters A, R, E, T, H? | Part 2: Which planet in our solar system can be arranged by spelling the same letters?",Part 1: Heart | Part 2: Earth,Vocabulary,Language Arts,Morristown-Hamblen East High School vs Jefferson County High School,,Unknown,Correct,,,,Correct,20,Unknown,2,Yes,team not identified in captions (captions lines 4896-4900),"And a vocabulary bonus. / What vital organ of the body can be spelled by rearranging the letters a, r, e, t, h, heart. / And which planet in our solar system can be arranged by spelling the same letters on Earth or Earth? / Also right 20 points toss up in government. / What is the standard six letter term for a tax on imports?"
S41 E48,Round of 16,Tossup,11,What is the standard six letter term for a tax on imports?,Tariff,Government,Social Studies,Morristown-Hamblen East High School vs Jefferson County High School,Zach,Jefferson County High School,Correct,,,,Correct,10,Jefferson County High School,1,,,
S41 E48,Round of 16,Bonus,11,Which country that joined NATO in 2023 shares a long border with Russia and also borders Sweden and Norway?,Finland,Government,Social Studies,Morristown-Hamblen East High School vs Jefferson County High School,,Jefferson County High School,Correct,,,,Correct,20,Jefferson County High School,1,,,
S41 E48,Round of 16,Tossup,12,The statue of Christ the Redeemer stands on Corcovado mountain overlooking Rio de Janeiro. In what country?,Brazil,Geography,Social Studies,Morristown-Hamblen East High School vs Jefferson County High School,,Jefferson County High School,Correct,,,,Correct,10,Jefferson County High School,1,Yes,"end of the question and the answer are not captured (Brazil inferred); buzzer not named and answered before being recognized; team from ""visual bonus now for Jefferson County"" (captions lines 4905-4910)","Finland is right for 20 Tossup. / In geography, the statue of Christ the Redeemer stands on Corcovado mountain, overlooking Rio de Janeiro. / Yeah, and make sure calling you all the way a visual bonus. / Now for Jefferson County. / Look at the screens. / El Castillo, also known as the Temple of Hueco Kon, shown here, is a meso American step pyramid that dominates the center of what?"
S41 E48,Round of 16,Bonus,12,"El Castillo, also known as the Temple of Kukulcán, shown here, is a Mesoamerican step pyramid that dominates the center of what archaeological site in the Mexican state of Yucatán?",Chichén Itzá,Visual,General & Visual,Morristown-Hamblen East High School vs Jefferson County High School,Zach,Jefferson County High School,Incorrect,,,,Missed,0,None given,1,,Zach said Tenochtitlan,
S41 E48,Round of 16,Tossup,13,What is the term for a building or structure that is designed to keep birds confined?,Aviary,Architecture,Fine Arts,Morristown-Hamblen East High School vs Jefferson County High School,Max,Jefferson County High School,Incorrect,Boyd,Morristown-Hamblen East High School,Correct,Correct,10,Morristown-Hamblen East High School,1,,Max said birdhouse,
S41 E48,Round of 16,Bonus,13,"What structure on the Columbia River near Spokane, Washington is the largest power station in the U.S.?",Grand Coulee Dam,Architecture,Fine Arts,Morristown-Hamblen East High School vs Jefferson County High School,,Morristown-Hamblen East High School,Incorrect,,,,Missed,0,None given,1,,"team said ""Washington power station""",
S41 E48,Round of 16,Tossup,14,"To annihilate is to completely destroy. Spell ""annihilate.""",A-N-N-I-H-I-L-A-T-E,Spelling,Language Arts,Morristown-Hamblen East High School vs Jefferson County High School,,Jefferson County High School,Incorrect,Kingston,Morristown-Hamblen East High School,Correct,Correct,10,Morristown-Hamblen East High School,1,,Jefferson County's first buzzer (not named) misspelled it with an A,
S41 E48,Round of 16,Bonus,14,"Spell ""Gallaudet,"" as in Gallaudet University in Washington, D.C.",G-A-L-L-A-U-D-E-T,Spelling,Language Arts,Morristown-Hamblen East High School vs Jefferson County High School,Boyd,Morristown-Hamblen East High School,Incorrect,,,,Missed,0,None given,1,,the host noted it does not sound the way it is spelled,
S41 E48,Round of 16,Tossup,15,"The area of a triangle is 48 square feet. If the base is 16 feet, what is the height to that base?",6 feet,Geometry,Mathematics,Morristown-Hamblen East High School vs Jefferson County High School,Hayden,Morristown-Hamblen East High School,Correct,,,,Correct,10,Morristown-Hamblen East High School,1,,,
S41 E48,Round of 16,Bonus,15,What is the area of a right triangle with a hypotenuse of five feet and a leg of three feet?,6 square feet,Geometry,Mathematics,Morristown-Hamblen East High School vs Jefferson County High School,,Morristown-Hamblen East High School,Unclear,,,,Unclear,,Morristown-Hamblen East High School,1,Yes,"result not stated: captions only show ""Yes or no? It's six square feet"" (captions lines 4942-4947)","And the geometry bonus. / What is the area of a right triangle with a hypotenuse of five feet and leg of three feet? / Yes or no? / It's six square feet. / Tossup. / Now in science, what law states that pressure increases as the volume of gas?"
S41 E48,Round of 16,Tossup,16,What law states that pressure increases as the volume of a gas decreases?,Boyle's law,Science,Science & Technology,Morristown-Hamblen East High School vs Jefferson County High School,Zach,Jefferson County High School,Correct,,,,Correct,10,Jefferson County High School,1,,,
S41 E48,Round of 16,Bonus,16,"In the name of the product WD-40, what words do the letters WD represent?",Water displacement,Science,Science & Technology,Morristown-Hamblen East High School vs Jefferson County High School,,Jefferson County High School,Incorrect,,,,Missed,0,None given,1,,"team guessed tungsten, ""whether destroyer""",
S41 E48,Round of 16,Tossup,17,"Who was president when the U.S. made the Gadsden Purchase in 1853, securing present day Arizona and New Mexico?",Franklin Pierce,U.S. History,Social Studies,Morristown-Hamblen East High School vs Jefferson County High School,Caleb,Morristown-Hamblen East High School,Incorrect,Zach,Jefferson County High School,Correct,Correct,10,Jefferson County High School,1,,Caleb said Zachary Taylor,
S41 E48,Round of 16,Bonus,17,"After no candidate won the necessary majority, the House of Representatives decided the 1824 presidential election by choosing which man to be the sixth president of the United States?",John Quincy Adams,History,Social Studies,Morristown-Hamblen East High School vs Jefferson County High School,,Jefferson County High School,Correct,,,,Correct,20,Jefferson County High School,1,,,
S41 E48,Round of 16,Tossup,18,The holy month of Ramadan commemorates the month when what was revealed to the Prophet Muhammad?,The Quran,Religion,Religion & Mythology,Morristown-Hamblen East High School vs Jefferson County High School,,Morristown-Hamblen East High School,Correct,,,,Correct,10,Morristown-Hamblen East High School,1,,buzzer not named; team from the bonus deferral to Boyd,
S41 E48,Round of 16,Bonus,18,"Part 1: Each year, millions of people travel to what town in France to visit the grotto where Saint Bernadette saw visions of the Virgin Mary in 1858? | Part 2: In what mountain range is Lourdes located?",Part 1: Lourdes | Part 2: The Pyrenees,Religion,Religion & Mythology,Morristown-Hamblen East High School vs Jefferson County High School,Boyd,Morristown-Hamblen East High School,Incorrect,,,,Missed,0,None given,2,,"Boyd said ""Switzerland"" and ""Alps""",
S41 E48,Round of 16,Tossup,19,"What TV series, now in its fifth season on PBS, is based on books by a veterinarian in the Yorkshire Dales whose pen name is James Herriot?",All Creatures Great and Small,Literature,Language Arts,Morristown-Hamblen East High School vs Jefferson County High School,,Jefferson County High School,Incorrect,Boyd,Morristown-Hamblen East High School,Incorrect,Missed,0,None given,1,,Jefferson County's first buzzer not named (said Doctor Doolittle); Boyd said Doc McStuffins,
S41 E48,Round of 16,Tossup,20,How many flats are in the key of A-flat major?,Four,Music,Fine Arts,Morristown-Hamblen East High School vs Jefferson County High School,Amy,Jefferson County High School,Correct,,,,Correct,10,Jefferson County High School,1,,"name read from ""Any""",
S41 E48,Round of 16,Bonus,20,"During the 2024 MTV Video Music Awards, Taylor Swift referred to which rapper by his real name, Austin, when they won Best Collaboration?",Post Malone,Music,Fine Arts,Morristown-Hamblen East High School vs Jefferson County High School,Max,Jefferson County High School,Incorrect,,,,Missed,0,None given,1,,Max said Drake,
S41 E48,Round of 16,Tossup,21,What simple machine consists of two inclined planes back to back?,A wedge,Physics,Science & Technology,Morristown-Hamblen East High School vs Jefferson County High School,Boyd,Morristown-Hamblen East High School,Incorrect,Max,Jefferson County High School,Incorrect,Missed,0,None given,1,,"Boyd (name read from ""void"") said a lever; Max said ramp",
S41 E48,Round of 16,Tossup,22,What is the currency of Switzerland?,The Swiss franc,Economics,Social Studies,Morristown-Hamblen East High School vs Jefferson County High School,Kingston,Morristown-Hamblen East High School,Correct,,,,Correct,10,Morristown-Hamblen East High School,1,,,
S41 E48,Round of 16,Bonus,22,"Part 1: Maya Angelou, Dr. Sally Ride, Wilma Mankiller, Nina Otero-Warren and Anna May Wong were honored in 2022 when the U.S. Mint placed their pictures where? | Part 2: A union shield is on the reverse of which U.S. coin?",Part 1: On quarters | Part 2: The penny,Economics,Social Studies,Morristown-Hamblen East High School vs Jefferson County High School,,Morristown-Hamblen East High School,Unclear,,,,Unclear,,Morristown-Hamblen East High School,2,Yes,"result unclear: team guessed dollar bill, $20 bill and quarters for Part 1 and ran out of time on Part 2; points not stated (captions lines 5074-5082)","Yes, and an economics bonus. / Maya Angelou, doctor Sally ride, Wilma mankiller, Nina Otero Warren and Anna may Wong were honored in 2022 when the US mint placed their pictures where? / Up to a dollar bill or something. / On the $20 bill there on quarters. / A union shield is on the reverse of which U.S coin. / Time, time, time. / It's on the back of a penny. / Toss up. / Now in art, what is the name of the divine proportion often represented by the Greek letter phi point oh?"
S41 E48,Round of 16,Tossup,23,What is the name of the divine proportion often represented by the Greek letter phi?,The golden ratio,Art,Fine Arts,Morristown-Hamblen East High School vs Jefferson County High School,,Unknown,Correct,,,,Correct,10,Unknown,1,Yes,player and team not identified in captions; team not identified in captions (captions lines 5081-5087),"Toss up. / Now in art, what is the name of the divine proportion often represented by the Greek letter phi point oh? / The golden ratio? / Yeah. / That has been used by artists for centuries to create beautiful and balanced works. / Art is your bonus. / Who was the American painter from Rhode Island colony whose best known works are unfinished portraits of George and Martha Washington that he began in 1796."
S41 E48,Round of 16,Bonus,23,Who was the American painter from the Rhode Island colony whose best known works are unfinished portraits of George and Martha Washington that he began in 1796?,Gilbert Stuart,Art,Fine Arts,Morristown-Hamblen East High School vs Jefferson County High School,,Unknown,Incorrect,,,,Missed,0,None given,1,Yes,team said Frida Kahlo; team not identified in captions (captions lines 5086-5090),"Art is your bonus. / Who was the American painter from Rhode Island colony whose best known works are unfinished portraits of George and Martha Washington that he began in 1796. / I'm sorry, I don't know Frida Kahlo. / That's Gilbert Stuart toss up in foreign language. / What is the national language of Pakistan?"
S41 E48,Round of 16,Tossup,24,What is the national language of Pakistan?,Urdu,Foreign Language,Foreign Language,Morristown-Hamblen East High School vs Jefferson County High School,Zach,Jefferson County High School,Correct,,,,Correct,10,Jefferson County High School,1,,,
S41 E48,Round of 16,Bonus,24,The Basque language is spoken on the border of which two European countries?,Spain and France,Foreign Language,Foreign Language,Morristown-Hamblen East High School vs Jefferson County High School,,Jefferson County High School,Correct,,,,Correct,20,Jefferson County High School,1,,,
S41 E48,Round of 16,Tossup,25,What is 75% of 120?,90,Math,Mathematics,Morristown-Hamblen East High School vs Jefferson County High School,Hayden,Morristown-Hamblen East High School,Correct,,,,Correct,10,Morristown-Hamblen East High School,1,,,
S41 E48,Round of 16,Bonus,25,"Given the geometric series [unclear], 50, 25, name the next three members of the sequence.","12.5, 6.25, 3.125",Visual,General & Visual,Morristown-Hamblen East High School vs Jefferson County High School,,Morristown-Hamblen East High School,Correct,,,,Correct,20,Morristown-Hamblen East High School,1,Yes,"start of the series garbled in captions (""150 25"") (captions lines 5102-5107)","Given the geometric series 150 25, name the next three members of the sequence so far five. / 1.56.253.1. / Two. / Five and 12.5, 6.25, and 3.125. / Those are all correct as we just keep having your right 20 points. / Toss up now in biology what 11 letter term beginning with E is used to describe an animal with a constant, endothermic constant body temperature."
S41 E48,Round of 16,Tossup,26,What 11 letter term beginning with E is used to describe an animal with a constant body temperature?,Endothermic,Biology,Science & Technology,Morristown-Hamblen East High School vs Jefferson County High School,,Jefferson County High School,Correct,,,,Correct,10,Jefferson County High School,1,,cut off by buzz; buzzer not named; team from the bonus deferral to Eli,
S41 E48,Round of 16,Bonus,26,"Part 1: What is the process of change that takes place before animals such as butterflies and frogs become adults? | Part 2: Now spell ""metamorphosis.""",Part 1: Metamorphosis | Part 2: M-E-T-A-M-O-R-P-H-O-S-I-S,Biology,Science & Technology,Morristown-Hamblen East High School vs Jefferson County High School,Eli,Jefferson County High School,Correct,,,,Correct,20,Jefferson County High School,2,,,
S41 E48,Round of 16,Tossup,27,What is the capital of Lebanon?,Beirut,Geography,Social Studies,Morristown-Hamblen East High School vs Jefferson County High School,Kingston,Morristown-Hamblen East High School,Correct,,,,Correct,10,Morristown-Hamblen East High School,1,,,
S41 E48,Round of 16,Bonus,27,"Part 1: What part of Egypt has shores on the Mediterranean Sea, the Gulf of Suez and the Gulf of Aqaba? | Part 2: With what other Middle Eastern country does the Sinai Peninsula share a land border?",Part 1: The Sinai Peninsula | Part 2: Israel,Geography,Social Studies,Morristown-Hamblen East High School vs Jefferson County High School,,Morristown-Hamblen East High School,Correct,,,,Correct,20,Morristown-Hamblen East High School,2,,,
S41 E48,Round of 16,Tossup,28,What recent fad toy consists of a ball bearing in the center of a multi-lobed structure?,Fidget spinner,Miscellaneous,General & Visual,Morristown-Hamblen East High School vs Jefferson County High School,Max,Jefferson County High School,Correct,,,,Correct,10,Jefferson County High School,1,,,
S41 E48,Round of 16,Bonus,28,What mythical creature is the official national animal of Scotland?,Unicorn,Miscellaneous,General & Visual,Morristown-Hamblen East High School vs Jefferson County High School,,Jefferson County High School,Correct,,,,Correct,20,Jefferson County High School,1,,,
S41 E48,Round of 16,Tossup,29,"Who is the mythological Roman goddess of the hearth, home and family, who was often represented by the fire of her temple?",Vesta,Mythology,Religion & Mythology,Morristown-Hamblen East High School vs Jefferson County High School,Elaine,Jefferson County High School,Correct,,,,Correct,10,Jefferson County High School,1,,,
S41 E48,Round of 16,Bonus,29,"In the creation myth of which Native American people did a great buzzard fly over the land while it was still soft and wet, and when he grew tired his wings brushed the mud, forming valleys and mountains?",Cherokee,Mythology,Religion & Mythology,Morristown-Hamblen East High School vs Jefferson County High School,,Jefferson County High School,Correct,,,,Correct,20,Jefferson County High School,1,,,
S41 E48,Round of 16,Tossup,30,Which Disney Pixar feature was about a rodent who liked to cook?,Ratatouille,Art,Fine Arts,Morristown-Hamblen East High School vs Jefferson County High School,Elaine,Jefferson County High School,Correct,,,,Correct,10,Jefferson County High School,1,,,
S41 E48,Round of 16,Bonus,30,"What was the name of the British actress known for playing Lady Violet Crawley and Professor Minerva McGonagall, who died in September 2024 at age 89?",Dame Maggie Smith,Art,Fine Arts,Morristown-Hamblen East High School vs Jefferson County High School,Elaine,Jefferson County High School,Incorrect,,,,Missed,0,None given,1,,"Elaine said ""Mary""",
S41 E48,Round of 16,Tossup,31,What isotope of hydrogen has one proton and one neutron and appears in heavy water?,Deuterium,Chemistry,Science & Technology,Morristown-Hamblen East High School vs Jefferson County High School,,Unknown,Correct,,,,Correct,10,Unknown,1,Yes,player and team not identified in captions; team not identified in captions (captions lines 5169-5176),"Toss up in chemistry. / What isotope of hydrogen has one proton in one? / Metallic deuterium. / Yeah, and one neutron. / And appears in heavy water. / It's deuterium. / Chemistry is your bonus. / Give the electron configuration in exponential form or sodium."
S41 E48,Round of 16,Bonus,31,Give the electron configuration in exponential form for sodium.,1s² 2s² 2p⁶ 3s¹,Chemistry,Science & Technology,Morristown-Hamblen East High School vs Jefferson County High School,,Unknown,Correct,,,,Correct,20,Unknown,1,Yes,team not identified in captions (captions lines 5175-5185),Chemistry is your bonus. / Give the electron configuration in exponential form or sodium. / Want us to. / Two and three us one. / Right. / Yeah. / So one is two to us 2262363. / Yes. / One. / Yeah. / One S2 22263 S1 is correct for 20 points plus in government which amendment to the US Constitution voided a previous amendment.
S41 E48,Round of 16,Tossup,32,Which amendment to the U.S. Constitution voided a previous amendment?,21st Amendment,Government,Social Studies,Morristown-Hamblen East High School vs Jefferson County High School,Hayden,Morristown-Hamblen East High School,Incorrect,Zach,Jefferson County High School,Incorrect,Missed,0,None given,1,,Hayden said 19th; Zach said 23rd,
S41 E48,Round of 16,Tossup,33,What is the device included in some board games that looks like a miniature hourglass timer?,Sand timer,Games,General & Visual,Morristown-Hamblen East High School vs Jefferson County High School,,Jefferson County High School,Correct,,,,Correct,10,Jefferson County High School,1,Yes,"answer not captured (sand timer inferred); buzzer not named; team from ""visual bonus for Jefferson County"" (captions lines 5189-5194)","What is the device included in some board games? / It looks like a miniature hourglass timer. / Yeah. / And, visual bonus for Jefferson County. / Look at the screens, please. / What game?"
S41 E48,Round of 16,Bonus,33,"What game pictured here, released for the Philips CD-i, was the first of its series to feature the titular princess as the playable character?",Zelda: The Wand of Gamelon,Visual,General & Visual,Morristown-Hamblen East High School vs Jefferson County High School,,Jefferson County High School,Incorrect,,,,Missed,0,None given,1,,team said The Legend of Zelda and Ocarina of Time; answer as read in captions,
S41 E48,Round of 16,Tossup,34,What does a pluviometer measure?,Rainfall,Vocabulary,Language Arts,Morristown-Hamblen East High School vs Jefferson County High School,Zach,Jefferson County High School,Correct,,,,Correct,10,Jefferson County High School,1,,"instrument name garbled in captions (""movie ometer"")",
S41 E48,Round of 16,Bonus,34,"Part 1: What nine letter word beginning with L means acting slow or sluggish? | Part 2: Now spell ""lethargic.""",Part 1: Lethargic | Part 2: L-E-T-H-A-R-G-I-C,Vocabulary,Language Arts,Morristown-Hamblen East High School vs Jefferson County High School,Eli,Jefferson County High School,Correct,,,,Correct,20,Jefferson County High School,2,,,
S41 E48,Round of 16,Tossup,35,In which of the U.S. states have the most Tyrannosaurus rex fossils been discovered?,Montana,Geology,Science & Technology,Morristown-Hamblen East High School vs Jefferson County High School,Zach,Jefferson County High School,Incorrect,,Morristown-Hamblen East High School,Correct,Correct,10,Morristown-Hamblen East High School,1,,Zach said Arizona; Morristown's stealing player not named,
S41 E48,Round of 16,Bonus,35,In which geologic era did mammals first appear?,Cenozoic (Tertiary period),Geology,Science & Technology,Morristown-Hamblen East High School vs Jefferson County High School,,Morristown-Hamblen East High School,Incorrect,,,,Missed,0,None given,1,Yes,"question wording unclear (the host asked about a period, then an era); team said Mesozoic (captions lines 5227-5238)","Geology bonus. / In which geological period did mammals first appear? / Mesozoic. / Let's try Mesozoic. / That's tertiary. / In which geologic era did mammals first appear? / No. / And dry. / Mesozoic. / As a zone that is Cenozoic. / No points on the bonus tossup in history. / In 1867, Russia sold what parcel of land to the U.S.. Hayden, Alaska, for 7.2 million and a history bonus, as told in her autobiography, which First Lady functionally ran the executive branch after her husband's debilitating, near-fatal stroke in October 1919 until the end of his term in March 1921."
S41 E48,Round of 16,Tossup,36,"In 1867, Russia sold what parcel of land to the U.S.?",Alaska,History,Social Studies,Morristown-Hamblen East High School vs Jefferson County High School,Hayden,Morristown-Hamblen East High School,Correct,,,,Correct,10,Morristown-Hamblen East High School,1,,,
S41 E48,Round of 16,Bonus,36,"As told in her autobiography, which First Lady functionally ran the executive branch after her husband's debilitating, near-fatal stroke in October 1919 until the end of his term in March 1921?",Edith Wilson,History,Social Studies,Morristown-Hamblen East High School vs Jefferson County High School,,Morristown-Hamblen East High School,Incorrect,,,,Missed,0,None given,1,,team said Eleanor Roosevelt,
S41 E48,Round of 16,Tossup,37,"Translate the Spanish question ""¿Quién sabe?"" into English.",Who knows?,Foreign Language,Foreign Language,Morristown-Hamblen East High School vs Jefferson County High School,Zach,Jefferson County High School,Correct,,,,Correct,10,Jefferson County High School,1,,,
S41 E48,Round of 16,Bonus,37,Part 1: What is the word for juice in Latin? | Part 2: What is the word for juice in German?,Part 1: Succus | Part 2: Saft,Foreign Language,Foreign Language,Morristown-Hamblen East High School vs Jefferson County High School,Zach,Jefferson County High School,Partial,,,,Partial,10,Jefferson County High School,2,,"answers read from garbled captions (""sucrose"", ""Zoloft""); Part 1 missed",
S41 E48,Round of 16,Tossup,38,In what year was the first Harry Potter novel published?,1997,Literature,Language Arts,Morristown-Hamblen East High School vs Jefferson County High School,Zach,Jefferson County High School,Correct,,,,Correct,10,Jefferson County High School,1,,,
S41 E48,Round of 16,Bonus,38,"Idylls of the King, which retells the legend of King Arthur, was written by which poet laureate who was a favorite of Queen Victoria?","Alfred, Lord Tennyson",Literature,Language Arts,Morristown-Hamblen East High School vs Jefferson County High School,,Jefferson County High School,Incorrect,,,,Missed,0,None given,1,,team said Poe and William Blake,
S41 E48,Round of 16,Tossup,39,"When a surfer hangs ten on a wave, to what does the ten refer?",Ten toes,Sports,General & Visual,Morristown-Hamblen East High School vs Jefferson County High School,Max,Jefferson County High School,Incorrect,,Morristown-Hamblen East High School,Correct,Correct,10,Morristown-Hamblen East High School,1,,Max said fingers; Morristown's stealing player not named,
S41 E48,Round of 16,Bonus,39,"What is the name of the radio announcer known as the voice of the Vols, who will retire in 2025 at the end of the college basketball season after 26 years of calling the play by play for the University of Tennessee football and basketball games?",Bob Kesling,Sports,General & Visual,Morristown-Hamblen East High School vs Jefferson County High School,,Morristown-Hamblen East High School,Incorrect,,,,Missed,0,None given,1,,team did not know,
S41 E48,Round of 16,Tossup,40,How many bones are in a human foot?,26,Health,Science & Technology,Morristown-Hamblen East High School vs Jefferson County High School,Boyd,Morristown-Hamblen East High School,Incorrect,Max,Jefferson County High School,Incorrect,Missed,0,None given,1,,Boyd said 52; Max said 43,
S41 E48,Round of 16,Tossup,41,Bhutan is part of what ancient network of trade routes connecting east and west?,The Silk Road,Geography,Social Studies,Morristown-Hamblen East High School vs Jefferson County High School,Elaine,Jefferson County High School,Correct,,,,Correct,10,Jefferson County High School,1,,"name read from ""Ellen""",
S41 E48,Round of 16,Bonus,41,Part 1: What city was formerly known as Bombay? | Part 2: What city was formerly known as Saigon?,Part 1: Mumbai | Part 2: Ho Chi Minh City,Geography,Social Studies,Morristown-Hamblen East High School vs Jefferson County High School,,Jefferson County High School,Incorrect,,,,Missed,0,None given,2,,team said Beijing and New Delhi,
S41 E49,Round of 16,Tossup,1,Thneedville is the setting for a film based on which 1971 Dr. Seuss book?,The Lorax,Literature,Language Arts,Webb School of Knoxville (Penny's team) vs Webb School of Knoxville (Daisy's team),Penny,Webb School of Knoxville (Penny's team),Correct,,,,Correct,10,Webb School of Knoxville (Penny's team),1,,cut off by buzz,
S41 E49,Round of 16,Bonus,1,"Part 1: Which series of books includes the characters named [unclear], Tonks and Peeves? | Part 2: Who wrote the Ramona Quimby series of children's books?",Part 1: Harry Potter | Part 2: Beverly Cleary,Literature,Language Arts,Webb School of Knoxville (Penny's team) vs Webb School of Knoxville (Daisy's team),,Webb School of Knoxville (Penny's team),Correct,,,,Correct,20,Webb School of Knoxville (Penny's team),2,,"first character name garbled in captions (""fedora"")",
S41 E49,Round of 16,Tossup,2,"During World War II, what computer scientist played a crucial role in cracking intercepted coded messages that enabled the Allies to defeat the Axis powers in many crucial engagements?",Alan Turing,History,Social Studies,Webb School of Knoxville (Penny's team) vs Webb School of Knoxville (Daisy's team),,Webb School of Knoxville (Penny's team),Incorrect,,Webb School of Knoxville (Daisy's team),Incorrect,Missed,0,None given,1,,Penny's team's buzzer was off by one letter; Daisy's team said the Navajo code talkers,
S41 E49,Round of 16,Tossup,3,18 karat gold contains what percentage of pure gold?,75%,Chemistry,Science & Technology,Webb School of Knoxville (Penny's team) vs Webb School of Knoxville (Daisy's team),Nolan,Webb School of Knoxville (Daisy's team),Incorrect,Penny,Webb School of Knoxville (Penny's team),Incorrect,Missed,0,None given,1,,Nolan said 60%; Penny said 80%,
S41 E49,Round of 16,Tossup,4,What type of polynomial is three x squared plus four x plus six?,Quadratic,Algebra,Mathematics,Webb School of Knoxville (Penny's team) vs Webb School of Knoxville (Daisy's team),Penny,Webb School of Knoxville (Penny's team),Correct,,,,Correct,10,Webb School of Knoxville (Penny's team),1,,,
S41 E49,Round of 16,Bonus,4,What is the sum of the square root of 48 and the square root of 27 in simplified radical form?,7√3,Algebra,Mathematics,Webb School of Knoxville (Penny's team) vs Webb School of Knoxville (Daisy's team),,Webb School of Knoxville (Penny's team),Correct,,,,Correct,20,Webb School of Knoxville (Penny's team),1,,,
S41 E49,Round of 16,Tossup,5,What is the national language of Senegal?,French,Foreign Language,Foreign Language,Webb School of Knoxville (Penny's team) vs Webb School of Knoxville (Daisy's team),Alex,Webb School of Knoxville (Daisy's team),Correct,,,,Correct,10,Webb School of Knoxville (Daisy's team),1,,,
S41 E49,Round of 16,Bonus,5,What is the French word for a pastry shop which is more specialized than a bakery?,Pâtisserie,Foreign Language,Foreign Language,Webb School of Knoxville (Penny's team) vs Webb School of Knoxville (Daisy's team),,Webb School of Knoxville (Daisy's team),Correct,,,,Correct,20,Webb School of Knoxville (Daisy's team),1,,,
S41 E49,Round of 16,Tossup,6,What nine letter noun beginning with O means exclusion from a society or group?,Ostracism,Vocabulary,Language Arts,Webb School of Knoxville (Penny's team) vs Webb School of Knoxville (Daisy's team),Penny,Webb School of Knoxville (Penny's team),Correct,,,,Correct,10,Webb School of Knoxville (Penny's team),1,,,
S41 E49,Round of 16,Bonus,6,"Part 1: What 12 letter word beginning with E is the antonym of understatement? | Part 2: Now spell ""exaggeration.""",Part 1: Exaggeration | Part 2: E-X-A-G-G-E-R-A-T-I-O-N,Vocabulary,Language Arts,Webb School of Knoxville (Penny's team) vs Webb School of Knoxville (Daisy's team),Sam,Webb School of Knoxville (Penny's team),Correct,,,,Correct,20,Webb School of Knoxville (Penny's team),2,,,
S41 E49,Round of 16,Tossup,7,What is the name of the body of water that separates Spain from Africa?,Strait of Gibraltar,Geography,Social Studies,Webb School of Knoxville (Penny's team) vs Webb School of Knoxville (Daisy's team),Penny,Webb School of Knoxville (Penny's team),Incorrect,Nolan,Webb School of Knoxville (Daisy's team),Correct,Correct,10,Webb School of Knoxville (Daisy's team),1,,"Penny's answer garbled in captions (""Gilbert Trier"")",
S41 E49,Round of 16,Bonus,7,Part 1: In which state is Devils Tower National Monument? | Part 2: In which state is the General Grant National Memorial?,Part 1: Wyoming | Part 2: New York,Geography,Social Studies,Webb School of Knoxville (Penny's team) vs Webb School of Knoxville (Daisy's team),,Webb School of Knoxville (Daisy's team),Incorrect,,,,Missed,0,None given,2,,"team said Arizona and Virginia, then Pennsylvania",
S41 E49,Round of 16,Tossup,8,"What type of animal has an exoskeleton, a head, thorax and an abdomen?",Insect,Biology,Science & Technology,Webb School of Knoxville (Penny's team) vs Webb School of Knoxville (Daisy's team),Sam,Webb School of Knoxville (Penny's team),Correct,,,,Correct,10,Webb School of Knoxville (Penny's team),1,,"cut off by buzz; team from ""visual bonus now for Webb"" and Sam's team",
S41 E49,Round of 16,Bonus,8,Part 1: What is the term for the insect shown here that is marked with nontoxic paint? | Part 2: What is the 11 letter word beginning with S that is used by beekeepers to describe the replacement of an existing queen by her daughter?,Part 1: Queen bee | Part 2: Supersedure,Visual,General & Visual,Webb School of Knoxville (Penny's team) vs Webb School of Knoxville (Daisy's team),,Webb School of Knoxville (Penny's team),Partial,,,,Partial,10,Webb School of Knoxville (Penny's team),2,,"team said ""summation"" for Part 2",
S41 E49,Round of 16,Tossup,9,What is the name of the widely used system to measure the strength of earthquakes that was introduced in 1935?,The Richter scale,Geology,Science & Technology,Webb School of Knoxville (Penny's team) vs Webb School of Knoxville (Daisy's team),Alex,Webb School of Knoxville (Daisy's team),Correct,,,,Correct,10,Webb School of Knoxville (Daisy's team),1,,,
S41 E49,Round of 16,Bonus,9,"In the next decade, NASA aims to mine resources on the moon, including which chemical element with the electron configuration argon 4s2 3d6?",Iron,Geology,Science & Technology,Webb School of Knoxville (Penny's team) vs Webb School of Knoxville (Daisy's team),,Webb School of Knoxville (Daisy's team),Incorrect,,,,Missed,0,None given,1,,team said copper,
S41 E49,Round of 16,Tossup,10,Which artist who hosted the PBS television program The Joy of Painting was recognizable by his curly hair and happy little trees?,Bob Ross,Art,Fine Arts,Webb School of Knoxville (Penny's team) vs Webb School of Knoxville (Daisy's team),Penny,Webb School of Knoxville (Penny's team),Correct,,,,Correct,10,Webb School of Knoxville (Penny's team),1,,,
S41 E49,Round of 16,Bonus,10,What French artist with a large following on social media teaches oil painting for beginners using the 19th century Italian method in a YouTube video with 3.8 million views?,Florent Farges,Art,Fine Arts,Webb School of Knoxville (Penny's team) vs Webb School of Knoxville (Daisy's team),,Webb School of Knoxville (Penny's team),Incorrect,,,,Missed,0,None given,1,,team guessed Mr. Beast,
S41 E49,Round of 16,Tossup,11,"In binomial nomenclature, is the genus or species, or both or neither capitalized?",The genus,English,Language Arts,Webb School of Knoxville (Penny's team) vs Webb School of Knoxville (Daisy's team),Sam,Webb School of Knoxville (Penny's team),Correct,,,,Correct,10,Webb School of Knoxville (Penny's team),1,,,
S41 E49,Round of 16,Bonus,11,What is the term for a word that introduces a dependent clause?,Subordinating conjunction,English,Language Arts,Webb School of Knoxville (Penny's team) vs Webb School of Knoxville (Daisy's team),Sam,Webb School of Knoxville (Penny's team),Correct,,,,Correct,20,Webb School of Knoxville (Penny's team),1,,,
S41 E49,Round of 16,Tossup,12,How was the numerical order of the original 13 states determined?,The order in which they ratified the Constitution,U.S. History,Social Studies,Webb School of Knoxville (Penny's team) vs Webb School of Knoxville (Daisy's team),Sam,Webb School of Knoxville (Penny's team),Correct,,,,Correct,10,Webb School of Knoxville (Penny's team),1,,,
S41 E49,Round of 16,Bonus,12,Part 1: Which general was removed from command of the Army of the Potomac by President Lincoln in 1862 and then ran unsuccessfully against Lincoln in the 1864 presidential election? | Part 2: McClellan commanded the Union forces on the bloodiest day in U.S. military history during which battle?,Part 1: George McClellan | Part 2: The Battle of Antietam,U.S. History,Social Studies,Webb School of Knoxville (Penny's team) vs Webb School of Knoxville (Daisy's team),,Webb School of Knoxville (Penny's team),Correct,,,,Correct,20,Webb School of Knoxville (Penny's team),2,,"Part 2 answer not captured; host said ""indeed""",
S41 E49,Round of 16,Tossup,13,"What is the term for a material containing hydrocarbons such as coal, oil or natural gas that is formed naturally in the Earth's crust?",Fossil fuel,Science,Science & Technology,Webb School of Knoxville (Penny's team) vs Webb School of Knoxville (Daisy's team),Penny,Webb School of Knoxville (Penny's team),Correct,,,,Correct,10,Webb School of Knoxville (Penny's team),1,,,
S41 E49,Round of 16,Bonus,13,What temperature in Celsius is equal to 50 degrees Fahrenheit?,10 degrees Celsius,Science,Science & Technology,Webb School of Knoxville (Penny's team) vs Webb School of Knoxville (Daisy's team),,Webb School of Knoxville (Penny's team),Incorrect,,,,Missed,0,None given,1,,team said 120,
S41 E49,Round of 16,Tossup,14,What is the least common multiple of 12 and 18?,36,Math,Mathematics,Webb School of Knoxville (Penny's team) vs Webb School of Knoxville (Daisy's team),,Webb School of Knoxville (Daisy's team),Incorrect,Stephen,Webb School of Knoxville (Penny's team),Incorrect,Missed,0,None given,1,,Daisy's team's buzzer not named; Stephen said 3 on the steal,
S41 E49,Round of 16,Tossup,15,What is the only miracle of Jesus that is recounted in all four gospels?,"Feeding of the 5,000",Religion,Religion & Mythology,Webb School of Knoxville (Penny's team) vs Webb School of Knoxville (Daisy's team),Sam,Webb School of Knoxville (Penny's team),Correct,,,,Correct,10,Webb School of Knoxville (Penny's team),1,,,
S41 E49,Round of 16,Bonus,15,What were the two sinful cities that God destroyed with fire and brimstone in the book of Genesis?,Sodom and Gomorrah,Religion,Religion & Mythology,Webb School of Knoxville (Penny's team) vs Webb School of Knoxville (Daisy's team),,Webb School of Knoxville (Penny's team),Incorrect,,,,Missed,0,None given,1,,team said Jericho and Nazareth,
S41 E49,Round of 16,Tossup,16,What is the Spanish word for Wednesday?,Miércoles,Foreign Language,Foreign Language,Webb School of Knoxville (Penny's team) vs Webb School of Knoxville (Daisy's team),Sam,Webb School of Knoxville (Penny's team),Correct,,,,Correct,10,Webb School of Knoxville (Penny's team),1,,,
S41 E49,Round of 16,Bonus,16,"Translate the French phrase ""je ne parle pas anglais"" into Spanish.",No hablo inglés,Foreign Language,Foreign Language,Webb School of Knoxville (Penny's team) vs Webb School of Knoxville (Daisy's team),,Webb School of Knoxville (Penny's team),Incorrect,,,,Missed,0,None given,1,,French phrase reconstructed from garbled captions; team's answer did not match,
S41 E49,Round of 16,Tossup,17,A state law requires people using the waterways in Tennessee to wear a life jacket if under what age?,12,Government,Social Studies,Webb School of Knoxville (Penny's team) vs Webb School of Knoxville (Daisy's team),Stephen,Webb School of Knoxville (Penny's team),Correct,,,,Correct,10,Webb School of Knoxville (Penny's team),1,,"name read from ""Stacy""",
S41 E49,Round of 16,Bonus,17,Under which two presidents did the Indian Removal Act occur?,Andrew Jackson and Martin Van Buren,Government,Social Studies,Webb School of Knoxville (Penny's team) vs Webb School of Knoxville (Daisy's team),,Webb School of Knoxville (Penny's team),Correct,,,,Correct,20,Webb School of Knoxville (Penny's team),1,,,
S41 E49,Round of 16,Tossup,18,What is an instrument that measures wind speed and wind pressure?,Anemometer,Physics,Science & Technology,Webb School of Knoxville (Penny's team) vs Webb School of Knoxville (Daisy's team),Alex,Webb School of Knoxville (Daisy's team),Correct,,,,Correct,10,Webb School of Knoxville (Daisy's team),1,,Alex also said barometer; host accepted anemometer,
S41 E49,Round of 16,Bonus,18,Barry Barish and Kip Thorne were awarded the 2017 Nobel Prize in Physics for detecting what cosmological phenomenon that had been predicted about 100 years before by Albert Einstein?,Gravitational waves,Physics,Science & Technology,Webb School of Knoxville (Penny's team) vs Webb School of Knoxville (Daisy's team),Alex,Webb School of Knoxville (Daisy's team),Correct,,,,Correct,20,Webb School of Knoxville (Daisy's team),1,,,
S41 E49,Round of 16,Tossup,19,Which landlocked South American country borders Chile and Brazil?,Bolivia,Geography,Social Studies,Webb School of Knoxville (Penny's team) vs Webb School of Knoxville (Daisy's team),Daisy,Webb School of Knoxville (Daisy's team),Correct,,,,Correct,10,Webb School of Knoxville (Daisy's team),1,,,
S41 E49,Round of 16,Bonus,19,"In 2023, a Chinese dissident fled to South Korea by riding a jet ski approximately 200 miles across which body of water?",The Yellow Sea,Geography,Social Studies,Webb School of Knoxville (Penny's team) vs Webb School of Knoxville (Daisy's team),,Webb School of Knoxville (Daisy's team),Correct,,,,Correct,20,Webb School of Knoxville (Daisy's team),1,,,
S41 E49,Round of 16,Tossup,20,Who was the songwriter and lead singer of Queen's song Bohemian Rhapsody?,Freddie Mercury,Music,Fine Arts,Webb School of Knoxville (Penny's team) vs Webb School of Knoxville (Daisy's team),Daisy,Webb School of Knoxville (Daisy's team),Correct,,,,Correct,10,Webb School of Knoxville (Daisy's team),1,,,
S41 E49,Round of 16,Bonus,20,"Part 1: Give the title of the classic country music song that begins ""Blame it all on my roots, I showed up in boots."" | Part 2: Which country music superstar had an award winning hit with that song?",Part 1: Friends in Low Places | Part 2: Garth Brooks,Music,Fine Arts,Webb School of Knoxville (Penny's team) vs Webb School of Knoxville (Daisy's team),,Webb School of Knoxville (Daisy's team),Correct,,,,Correct,20,Webb School of Knoxville (Daisy's team),2,,,
S41 E49,Round of 16,Tossup,21,What is the title of the novel by John Green about a 16 year old girl with thyroid cancer?,The Fault in Our Stars,Literature,Language Arts,Webb School of Knoxville (Penny's team) vs Webb School of Knoxville (Daisy's team),Daisy,Webb School of Knoxville (Daisy's team),Incorrect,Penny,Webb School of Knoxville (Penny's team),Incorrect,Missed,0,None given,1,,Daisy said Looking for Alaska; Penny said Me and Earl and the Dying Girl,
S41 E49,Round of 16,Tossup,22,What is the official currency in Lebanon?,The Lebanese pound,Economics,Social Studies,Webb School of Knoxville (Penny's team) vs Webb School of Knoxville (Daisy's team),Nolan,Webb School of Knoxville (Daisy's team),Correct,,,,Correct,10,Webb School of Knoxville (Daisy's team),1,,,
S41 E49,Round of 16,Bonus,22,What company's logo of four interlocking rings symbolizes the 1932 merger of four previously independent German automobile manufacturers?,Audi,Economics,Social Studies,Webb School of Knoxville (Penny's team) vs Webb School of Knoxville (Daisy's team),,Webb School of Knoxville (Daisy's team),Correct,,,,Correct,20,Webb School of Knoxville (Daisy's team),1,,,
S41 E49,Round of 16,Tossup,23,What field of medicine deals with the use of medicines to prevent pain during surgery and other procedures?,Anesthesiology,Health,Science & Technology,Webb School of Knoxville (Penny's team) vs Webb School of Knoxville (Daisy's team),Penny,Webb School of Knoxville (Penny's team),Correct,,,,Correct,10,Webb School of Knoxville (Penny's team),1,,,
S41 E49,Round of 16,Bonus,23,What is the large triangular bone at the base of the spine with a name derived from the Latin word for holy?,The sacrum,Health,Science & Technology,Webb School of Knoxville (Penny's team) vs Webb School of Knoxville (Daisy's team),,Webb School of Knoxville (Penny's team),Incorrect,,,,Missed,0,None given,1,,team said the thorax,
S41 E49,Round of 16,Tossup,24,"Point B is located between points A and C. If AB equals 9 and AC equals 31, what is the length of BC?",22,Geometry,Mathematics,Webb School of Knoxville (Penny's team) vs Webb School of Knoxville (Daisy's team),Alexandra,Webb School of Knoxville (Daisy's team),Incorrect,Sam,Webb School of Knoxville (Penny's team),Correct,Correct,10,Webb School of Knoxville (Penny's team),1,,Alexandra said 20,
S41 E49,Round of 16,Bonus,24,"Solve the combined inequality 12 is less than 6x plus 3 is less than 30, and describe the graph of the solution on a number line.","1.5 < x < 4.5, graphed with open circles and the region between shaded",Visual,General & Visual,Webb School of Knoxville (Penny's team) vs Webb School of Knoxville (Daisy's team),,Webb School of Knoxville (Penny's team),Unclear,,,,Unclear,,Webb School of Knoxville (Penny's team),1,Yes,result unclear: time ran out in the first half; captions garble the inequality and the team's answer (2 < x < 4?); answer calculated from the inequality as heard (captions lines 4402-4439),"Solve the combined inequality 12 is less than six plus three is less than 30. / Describe the graph of the solution on a number line. / got it. / Defer to Sam two is less than x is less than four. / Oh two is less than x is less than eight. / And then we also needed the U to describe how it had open circles and shading and all that. / So we didn't get to that. / Unfortunately, as time ran out in the first half, web versus web, we know that web is going to win, but we don't know which side is going to win. / We'll find out after the break. / On Tennessee's Scholar's Bowl 2025. / You're watching Tennessee Scholars poll I'm Frank Murphy back from halftime in this third round game. / This smart 16 round game between the two squads from Webb School of Knoxville. / It's Penny's team versus Daisy's team. / And Penny has basically a one question edge right now at one toss up and one bonus lead over Daisy's squad. / Both of them have brought an alternate into the game. / We'll see which of them will advance to our round of the educated eight, but let's say hi first to senior James Overall on Penny's team. / Hey James, welcome back to the show. / Tell us about yourself. / Hey I'm James. / Overall I'd like to say, Kaiser on the other side is one of the best coders I've ever met. / Best coders. / Okay, nice. / Well, speaking of Kizer, let's that's a great way to introduce him on Daisy's team. / The alternate day brought into the game is sophomore Kaiser Ramsey. / He's Kaiser. / What about"
S41 E49,Round of 16,Tossup,25,Which phobia is a fear of corpses?,Necrophobia,Miscellaneous,General & Visual,Webb School of Knoxville (Penny's team) vs Webb School of Knoxville (Daisy's team),Sam,Webb School of Knoxville (Penny's team),Correct,,,,Correct,10,Webb School of Knoxville (Penny's team),1,,,
S41 E49,Round of 16,Bonus,25,"Which one of Tennessee's official state wildflowers, also commonly known as the maypop or the Ocoee, derived its name from early Christian missionaries to South America who saw parts of the flower as symbols of the crucifixion?",Passion flower,Miscellaneous,General & Visual,Webb School of Knoxville (Penny's team) vs Webb School of Knoxville (Daisy's team),,Webb School of Knoxville (Penny's team),Incorrect,,,,Missed,0,None given,1,,team said iris,
S41 E49,Round of 16,Tossup,26,"The word checkmate in chess comes from the Persian phrase shah mat, which translates to what?",The king is dead,Games,General & Visual,Webb School of Knoxville (Penny's team) vs Webb School of Knoxville (Daisy's team),Penny,Webb School of Knoxville (Penny's team),Correct,,,,Correct,10,Webb School of Knoxville (Penny's team),1,,"Persian phrase reconstructed from captions (""Sean Marcus"")",
S41 E49,Round of 16,Bonus,26,What puzzle game has players complete lines of blocks by moving differently shaped pieces that descend onto the playing field?,Tetris,Games,General & Visual,Webb School of Knoxville (Penny's team) vs Webb School of Knoxville (Daisy's team),,Webb School of Knoxville (Penny's team),Correct,,,,Correct,20,Webb School of Knoxville (Penny's team),1,,,
S41 E49,Round of 16,Tossup,27,What word beginning with the letter S is the formal term for the right to vote?,Suffrage,History,Social Studies,Webb School of Knoxville (Penny's team) vs Webb School of Knoxville (Daisy's team),Sam,Webb School of Knoxville (Penny's team),Correct,,,,Correct,10,Webb School of Knoxville (Penny's team),1,,,
S41 E49,Round of 16,Bonus,27,"In 2023, scholars trained AI algorithms to detect the presence of ink on virtually unwrapped CT images, shown here, of charred scrolls that were first discovered in 1752 in the ruins of Herculaneum, a small town near Naples that was destroyed in 79 AD by the eruption of what volcano?",Mount Vesuvius,Visual,General & Visual,Webb School of Knoxville (Penny's team) vs Webb School of Knoxville (Daisy's team),,Webb School of Knoxville (Penny's team),Correct,,,,Correct,20,Webb School of Knoxville (Penny's team),1,,,
S41 E49,Round of 16,Tossup,28,The type of pet parakeet known as a budgie is native to what continent?,Australia,Biology,Science & Technology,Webb School of Knoxville (Penny's team) vs Webb School of Knoxville (Daisy's team),Daisy,Webb School of Knoxville (Daisy's team),Correct,,,,Correct,10,Webb School of Knoxville (Daisy's team),1,,,
S41 E49,Round of 16,Bonus,28,"In 2019, a trove of Aztec sacrifices were discovered in Mexico City, including the remains of an animal dressed as a warrior belonging to what species of large cat that was worshiped by the Aztecs, Incas and Maya?",Jaguar,Biology,Science & Technology,Webb School of Knoxville (Penny's team) vs Webb School of Knoxville (Daisy's team),,Webb School of Knoxville (Daisy's team),Correct,,,,Correct,20,Webb School of Knoxville (Daisy's team),1,,,
S41 E49,Round of 16,Tossup,29,What is the title of the spiritual leader of a Jewish synagogue or temple?,Rabbi,Religion,Religion & Mythology,Webb School of Knoxville (Penny's team) vs Webb School of Knoxville (Daisy's team),,Unknown,Correct,,,,Correct,10,Unknown,1,Yes,player and team not identified in captions; team not identified in captions (captions lines 4465-4468),Toss up in religion. / What is the title of the spiritual leader of a Jewish synagogue or temple? / Rabbi and a religious bonus in 2022. / Mummies with gold chips for tongues were discovered in Egypt.
S41 E49,Round of 16,Bonus,29,"In 2022, mummies with gold chips for tongues were discovered in Egypt. Experts believe the chips were placed so the deceased could speak to which ancient Egyptian god of the underworld?",Osiris,Religion,Religion & Mythology,Webb School of Knoxville (Penny's team) vs Webb School of Knoxville (Daisy's team),,Unknown,Incorrect,,,,Missed,0,None given,1,Yes,team said Anubis; team not identified in captions (captions lines 4467-4473),"Rabbi and a religious bonus in 2022. / Mummies with gold chips for tongues were discovered in Egypt. / Experts believe the chips were placed so the deceased could speak, to which ancient Egyptian god of the underworld abominable, Anubis. / When it was it on the road? / Anubis. / That was Osiris? / Toss up in architecture, what is the name of the crowning feature of a column?"
S41 E49,Round of 16,Tossup,30,What is the name of the crowning feature of a column?,Capital,Architecture,Fine Arts,Webb School of Knoxville (Penny's team) vs Webb School of Knoxville (Daisy's team),Jackson,Webb School of Knoxville (Penny's team),Correct,,,,Correct,10,Webb School of Knoxville (Penny's team),1,,,
S41 E49,Round of 16,Bonus,30,"What modern art museum on the National Mall in Washington, DC is located in a unique cylindrical building with a sculpture garden?",Hirshhorn Museum and Sculpture Garden,Architecture,Fine Arts,Webb School of Knoxville (Penny's team) vs Webb School of Knoxville (Daisy's team),Jackson,Webb School of Knoxville (Penny's team),Incorrect,,,,Missed,0,None given,1,,team said the Smithsonian,
S41 E49,Round of 16,Tossup,31,What eight letter word beginning with R is a synonym for germane?,Relevant,Vocabulary,Language Arts,Webb School of Knoxville (Penny's team) vs Webb School of Knoxville (Daisy's team),,,No Buzz,,,,Missed,0,None given,1,,nobody buzzed; the host gave the answer,
S41 E49,Round of 16,Tossup,32,In which state does the Snake River start before flowing through Idaho?,Wyoming,Geography,Social Studies,Webb School of Knoxville (Penny's team) vs Webb School of Knoxville (Daisy's team),Daisy,Webb School of Knoxville (Daisy's team),Incorrect,Penny,Webb School of Knoxville (Penny's team),Incorrect,Missed,0,None given,1,,Daisy said Arizona; Penny said Montana,
S41 E49,Round of 16,Tossup,33,Which type of telescope is used for examining the moon and other planets of the solar system?,Refracting telescope,Astronomy,Science & Technology,Webb School of Knoxville (Penny's team) vs Webb School of Knoxville (Daisy's team),Daisy,Webb School of Knoxville (Daisy's team),Incorrect,,Webb School of Knoxville (Penny's team),Incorrect,Missed,0,None given,1,,Daisy said lunar; Penny's team's stealing player said Hubble,
S41 E49,Round of 16,Tossup,34,What is the value of cosine 120 degrees in simplest form?,-1/2,Pre-Calculus,Mathematics,Webb School of Knoxville (Penny's team) vs Webb School of Knoxville (Daisy's team),Sam,Webb School of Knoxville (Penny's team),Correct,,,,Correct,10,Webb School of Knoxville (Penny's team),1,,,
S41 E49,Round of 16,Bonus,34,What trigonometric function is the result of the quotient of cosine x divided by sine x?,Cotangent,Pre-Calculus,Mathematics,Webb School of Knoxville (Penny's team) vs Webb School of Knoxville (Daisy's team),,Webb School of Knoxville (Penny's team),Correct,,,,Correct,20,Webb School of Knoxville (Penny's team),1,,,
S41 E49,Round of 16,Tossup,35,What is the Spanish word for Monday?,Lunes,Foreign Language,Foreign Language,Webb School of Knoxville (Penny's team) vs Webb School of Knoxville (Daisy's team),Daisy,Webb School of Knoxville (Daisy's team),Incorrect,Jackson,Webb School of Knoxville (Penny's team),Correct,Correct,10,Webb School of Knoxville (Penny's team),1,,"Daisy said ""Luna""",
S41 E49,Round of 16,Bonus,35,"Translate the road sign reading ""Mantenga su derecha,"" as shown here, from Spanish to English.",Keep right,Foreign Language,Foreign Language,Webb School of Knoxville (Penny's team) vs Webb School of Knoxville (Daisy's team),,Webb School of Knoxville (Penny's team),Correct,,,,Correct,20,Webb School of Knoxville (Penny's team),1,,Spanish phrase reconstructed from garbled captions,
S41 E49,Round of 16,Tossup,36,"Spell ""labyrinth.""",L-A-B-Y-R-I-N-T-H,Spelling,Language Arts,Webb School of Knoxville (Penny's team) vs Webb School of Knoxville (Daisy's team),Daisy,Webb School of Knoxville (Daisy's team),Correct,,,,Correct,10,Webb School of Knoxville (Daisy's team),1,,,
S41 E49,Round of 16,Bonus,36,"Ignominious means deserving or causing public disgrace or shame. Spell ""ignominious.""",I-G-N-O-M-I-N-I-O-U-S,Spelling,Language Arts,Webb School of Knoxville (Penny's team) vs Webb School of Knoxville (Daisy's team),,Webb School of Knoxville (Daisy's team),Correct,,,,Correct,20,Webb School of Knoxville (Daisy's team),1,,spelling garbled in captions,
S41 E49,Round of 16,Tossup,37,Who was the English Quaker leader who oversaw the founding of Pennsylvania?,William Penn,U.S. History,Social Studies,Webb School of Knoxville (Penny's team) vs Webb School of Knoxville (Daisy's team),Daisy,Webb School of Knoxville (Daisy's team),Correct,,,,Correct,10,Webb School of Knoxville (Daisy's team),1,,,
S41 E49,Round of 16,Bonus,37,Warren G. Harding's term as U.S. president was between that of which two other presidents?,Woodrow Wilson and Calvin Coolidge,U.S. History,Social Studies,Webb School of Knoxville (Penny's team) vs Webb School of Knoxville (Daisy's team),,Webb School of Knoxville (Daisy's team),Incorrect,,,,Missed,0,None given,1,,team said Cleveland and Monroe,
S41 E49,Round of 16,Tossup,38,"Express the number 30,000 in scientific notation.",3 × 10⁴,Science,Science & Technology,Webb School of Knoxville (Penny's team) vs Webb School of Knoxville (Daisy's team),Alex,Webb School of Knoxville (Daisy's team),Incorrect,James,Webb School of Knoxville (Penny's team),Correct,Correct,10,Webb School of Knoxville (Penny's team),1,,Alex said 3 × 10³,
S41 E49,Round of 16,Bonus,38,Part 1: Exactly how many centimeters are in an inch? | Part 2: How many ounces are in a quart?,Part 1: 2.54 | Part 2: 32,Science,Science & Technology,Webb School of Knoxville (Penny's team) vs Webb School of Knoxville (Daisy's team),Sam,Webb School of Knoxville (Penny's team),Partial,,,,Partial,10,Webb School of Knoxville (Penny's team),2,,team said 16 and 8 for Part 2,
S41 E49,Round of 16,Tossup,39,"What classic Chinese novel, published in the 16th century, features a monk's legendary travels with the Monkey King to retrieve sacred texts?",Journey to the West,Literature,Language Arts,Webb School of Knoxville (Penny's team) vs Webb School of Knoxville (Daisy's team),James,Webb School of Knoxville (Penny's team),Correct,,,,Correct,10,Webb School of Knoxville (Penny's team),1,,,
S41 E49,Round of 16,Bonus,39,"Part 1: A British author's opinion column about her top ten favorite aunts in literature includes what character who is a sister to Lily Potter and who, along with her husband, allowed Harry to live in the cupboard under the stairs? | Part 2: What is the name of Petunia's son, who is Harry Potter's cousin?",Part 1: Petunia Dursley | Part 2: Dudley Dursley,Literature,Language Arts,Webb School of Knoxville (Penny's team) vs Webb School of Knoxville (Daisy's team),,Webb School of Knoxville (Penny's team),Correct,,,,Correct,20,Webb School of Knoxville (Penny's team),2,,,
S41 E49,Round of 16,Tossup,40,"What international sport, especially popular in India and other former British colonies, features wickets?",Cricket,Sports,General & Visual,Webb School of Knoxville (Penny's team) vs Webb School of Knoxville (Daisy's team),,Unknown,Correct,,,,Correct,10,Unknown,1,Yes,cut off by buzz; player and team not identified; team not identified in captions (captions lines 4560-4564),Tossup in sports. / What international sport? / Especially popular in India and other former cricket. / British colonies as wickets and so on. / Sports bonus in football.
S41 E49,Round of 16,Bonus,40,"Part 1: In football, what virtual marker separates the two teams at the beginning of each play? | Part 2: What term is used to describe a defensive player catching a pass intended for an offensive player?",Part 1: Line of scrimmage | Part 2: Interception,Sports,General & Visual,Webb School of Knoxville (Penny's team) vs Webb School of Knoxville (Daisy's team),,Unknown,Correct,,,,Correct,20,Unknown,2,Yes,team not identified in captions (captions lines 4564-4571),"Sports bonus in football. / What virtual marker separates the two teams at the beginning of each play? / Line of scrimmage. / Line of scrimmage. / And what term is used to describe a defensive player catching a pass intended for an interception? / Player reception. / Interception. / Both rank for 20 plus up in music, which style of music was composed mostly between 1600 and 1750?"
S41 E49,Round of 16,Tossup,41,Which style of music was composed mostly between 1600 and 1750?,Baroque,Music,Fine Arts,Webb School of Knoxville (Penny's team) vs Webb School of Knoxville (Daisy's team),Sam,Webb School of Knoxville (Penny's team),Correct,,,,Correct,10,Webb School of Knoxville (Penny's team),1,,,
S41 E49,Round of 16,Bonus,41,"What word on a score instructs a string player to use their bow, as opposed to plucking the strings by hand?",Arco,Music,Fine Arts,Webb School of Knoxville (Penny's team) vs Webb School of Knoxville (Daisy's team),James,Webb School of Knoxville (Penny's team),Incorrect,,,,Missed,0,None given,1,,James said staccato,
S41 E49,Round of 16,Tossup,42,"What Latin word meaning ""I forbid"" is used to describe a government's rejection of a proposal?",Veto,Government,Social Studies,Webb School of Knoxville (Penny's team) vs Webb School of Knoxville (Daisy's team),Alex,Webb School of Knoxville (Daisy's team),Correct,,,,Correct,10,Webb School of Knoxville (Daisy's team),1,,,
S41 E49,Round of 16,Bonus,42,Part 1: What is the term for a symbol or words legally registered or established by use as representing a company or product? | Part 2: The United States Patent and Trademark Office is a federal agency within what cabinet level department?,Part 1: Trademark | Part 2: Department of Commerce,Government,Social Studies,Webb School of Knoxville (Penny's team) vs Webb School of Knoxville (Daisy's team),,Webb School of Knoxville (Daisy's team),Partial,,,,Partial,10,Webb School of Knoxville (Daisy's team),2,,team said Treasury for Part 2,
S41 E49,Round of 16,Tossup,43,What is the carbohydrate material in insect exoskeletons?,Chitin,Biology,Science & Technology,Webb School of Knoxville (Penny's team) vs Webb School of Knoxville (Daisy's team),Alex,Webb School of Knoxville (Daisy's team),Correct,,,,Correct,10,Webb School of Knoxville (Daisy's team),1,,,
S41 E49,Round of 16,Bonus,43,"Generations of Inuit hunters have hunted and consumed narwhals, which have skin that is an important source of what vitamin also found in citrus fruit?",Vitamin C,Biology,Science & Technology,Webb School of Knoxville (Penny's team) vs Webb School of Knoxville (Daisy's team),,Webb School of Knoxville (Daisy's team),Correct,,,,Correct,20,Webb School of Knoxville (Daisy's team),1,,,
S41 E49,Round of 16,Tossup,44,"In simplest form, what is one half raised to the negative fourth power?",16,Math,Mathematics,Webb School of Knoxville (Penny's team) vs Webb School of Knoxville (Daisy's team),Sam,Webb School of Knoxville (Penny's team),Correct,,,,Correct,10,Webb School of Knoxville (Penny's team),1,,,
S41 E49,Round of 16,Bonus,44,The first two terms of an arithmetic sequence are 12 and 7. Find the 10th term of the sequence.,-33,Math,Mathematics,Webb School of Knoxville (Penny's team) vs Webb School of Knoxville (Daisy's team),,Webb School of Knoxville (Penny's team),Correct,,,,Correct,20,Webb School of Knoxville (Penny's team),1,,,
S41 E49,Round of 16,Tossup,45,What is the name of the group of Roman Catholic bishops and archbishops who advise the Pope and elect new popes?,The College of Cardinals,Religion,Religion & Mythology,Webb School of Knoxville (Penny's team) vs Webb School of Knoxville (Daisy's team),James,Webb School of Knoxville (Penny's team),Incorrect,,,,Missed,0,None given,1,,"James said ""the cardinals""",
S41 E49,Round of 16,Tossup,46,What was the name of Dr. Seuss's egg catching elephant?,Horton,Literature,Language Arts,Webb School of Knoxville (Penny's team) vs Webb School of Knoxville (Daisy's team),Alex,Webb School of Knoxville (Daisy's team),Correct,,,,Correct,10,Webb School of Knoxville (Daisy's team),1,,,
S41 E49,Round of 16,Bonus,46,"Part 1: What children's novel includes the quote ""You don't have to live forever, you just have to live""? | Part 2: Who wrote Tuck Everlasting?",Part 1: Tuck Everlasting | Part 2: Natalie Babbitt,Literature,Language Arts,Webb School of Knoxville (Penny's team) vs Webb School of Knoxville (Daisy's team),,Webb School of Knoxville (Daisy's team),Incorrect,,,,Missed,0,None given,2,,team said Harry Potter and S.E. Hinton,
S41 E49,Round of 16,Tossup,47,Winnipeg is the capital of which Canadian province?,Manitoba,Geography,Social Studies,Webb School of Knoxville (Penny's team) vs Webb School of Knoxville (Daisy's team),Penny,Webb School of Knoxville (Penny's team),Incorrect,Nolan,Webb School of Knoxville (Daisy's team),Incorrect,Missed,0,None given,1,,Penny said Ontario; Nolan said Alberta,
S41 E49,Round of 16,Tossup,48,How many times larger is the radius of the sun than that of the Earth?,About 109 times,Astronomy,Science & Technology,Webb School of Knoxville (Penny's team) vs Webb School of Knoxville (Daisy's team),Alex,Webb School of Knoxville (Daisy's team),Incorrect,,Webb School of Knoxville (Penny's team),Incorrect,Missed,0,None given,1,,"Alex said 1,000; Penny's team's stealing player said 400",
S41 E49,Round of 16,Tossup,49,"In the Peanuts comic strip and Charlie Brown cartoon specials, which character offers psychiatric help for a nickel?",Lucy,Art,Fine Arts,Webb School of Knoxville (Penny's team) vs Webb School of Knoxville (Daisy's team),James,Webb School of Knoxville (Penny's team),Correct,,,,Correct,10,Webb School of Knoxville (Penny's team),1,,,
S41 E49,Round of 16,Bonus,49,"In 2023, the town of Shrewsbury, England displayed surrealist sculptures by what Spanish artist who is well known for his painting of softened solid objects inspired by seeing a piece of runny Camembert cheese melting in the sun?",Salvador Dalí,Art,Fine Arts,Webb School of Knoxville (Penny's team) vs Webb School of Knoxville (Daisy's team),,Webb School of Knoxville (Penny's team),Correct,,,,Correct,20,Webb School of Knoxville (Penny's team),1,,,
S41 E49,Round of 16,Tossup,50,Who composed a collection of preludes and fugues known as The Well-Tempered Clavier?,Johann Sebastian Bach,Music,Fine Arts,Webb School of Knoxville (Penny's team) vs Webb School of Knoxville (Daisy's team),James,Webb School of Knoxville (Penny's team),Unclear,,,,Unclear,0,None given,1,Yes,result not captured: game ended; the host joked that the points no longer mattered (captions lines 4638-4656),"Wait, just Dali is right for 20 points tossup for all players in music who composed a collection of preludes and fugues known as the Well-Tempered Clavier. / James. / That's hard. / Not to, but that's the end of the game and the points wouldn't matter at that point. / Just like Whose Line Is it anyway? / But, Penny's team has run up the score a bit and gone on to win against a very good squad of Daisy and her classmates. / So congratulations, you guys. / We appreciate you being here. / I know you probably will come back when, your teammates are on so you can cheer them on. / We appreciate the support that Webb School gives us every year on Scholar's Bowl. / Meanwhile, Sam Jackson, Penny James, and, who's who's not here? / Stephen and Rich. / Congratulations. / You guys will advance to the round of the Educated Eights. / You live again to play another day, and we'll look forward to having you back on Scholar's Bowl. / You can keep track of all of our players, all of our games by never missing an episode. / Set your DVRs and binge watch past seasons online using the PBS app. / My name is Frank Murphy. / Thank you for watching Tennessee's Scholar's Bowl 2025."
S41 E50,Round of 16,Tossup,1,What is the ninth month of the Islamic calendar observed by Muslims worldwide?,Ramadan,Religion,Religion & Mythology,Hardin Valley Academy vs South Greene High School,,Hardin Valley Academy,Correct,,,,Correct,10,Hardin Valley Academy,1,,"buzzer not named; team from ""religion bonus for Hardin Valley""",
S41 E50,Round of 16,Bonus,1,Part 1: What is the last book of the New Testament of the Bible? | Part 2: Who is believed to have written the book of Revelation?,Part 1: Revelation | Part 2: John,Religion,Religion & Mythology,Hardin Valley Academy vs South Greene High School,,Hardin Valley Academy,Partial,,,,Partial,10,Hardin Valley Academy,2,,"host said the book is singular (""Revelation""); 10 points",
S41 E50,Round of 16,Tossup,2,In which Edgar Allan Poe story does an old man's oddly clouded eye lead to murder?,The Tell-Tale Heart,Literature,Language Arts,Hardin Valley Academy vs South Greene High School,Benji,South Greene High School,Correct,,,,Correct,10,South Greene High School,1,,,
S41 E50,Round of 16,Bonus,2,"Part 1: What American novel begins as follows: ""The cold passed reluctantly from the earth, and the retiring fogs revealed an army stretched out on the hills, resting""? | Part 2: Who wrote it?",Part 1: The Red Badge of Courage | Part 2: Stephen Crane,Literature,Language Arts,Hardin Valley Academy vs South Greene High School,,South Greene High School,Incorrect,,,,Missed,0,None given,2,,team had no answer,
S41 E50,Round of 16,Tossup,3,How many hours are there from 9 p.m. to 10 a.m.?,13,Math,Mathematics,Hardin Valley Academy vs South Greene High School,Benji,South Greene High School,Correct,,,,Correct,10,South Greene High School,1,,,
S41 E50,Round of 16,Bonus,3,"Given that y varies inversely with x, if y equals 16 when x equals 5, find x when y equals 8.",10,Visual,General & Visual,Hardin Valley Academy vs South Greene High School,,South Greene High School,Incorrect,,,,Missed,0,None given,1,,team said 13,
S41 E50,Round of 16,Tossup,4,What 11 letter word beginning with E refers to a state in which opposing forces or influences are balanced?,Equilibrium,Physics,Science & Technology,Hardin Valley Academy vs South Greene High School,Benji,South Greene High School,Correct,,,,Correct,10,South Greene High School,1,,,
S41 E50,Round of 16,Bonus,4,What phenomenon scatters a light beam by suspended particles in a gas or liquid?,The Tyndall effect,Physics,Science & Technology,Hardin Valley Academy vs South Greene High School,,South Greene High School,Incorrect,,,,Missed,0,None given,1,,team said refraction,
S41 E50,Round of 16,Tossup,5,"During Theodore Roosevelt's administration in 1907, which state became the 46th admitted to the Union?",Oklahoma,U.S. History,Social Studies,Hardin Valley Academy vs South Greene High School,Zoe,Hardin Valley Academy,Incorrect,,South Greene High School,Incorrect,Missed,0,None given,1,,Zoe said South Dakota; South Greene said North Dakota,
S41 E50,Round of 16,Tossup,6,Finish this phrase: The pen is mightier than the what?,Sword,Vocabulary,Language Arts,Hardin Valley Academy vs South Greene High School,Zoe,Hardin Valley Academy,Correct,,,,Correct,10,Hardin Valley Academy,1,,,
S41 E50,Round of 16,Bonus,6,"A cruciverbalist is someone skilled at creating or solving what, like word puzzles?",Crossword puzzles,Vocabulary,Language Arts,Hardin Valley Academy vs South Greene High School,,Hardin Valley Academy,Correct,,,,Correct,20,Hardin Valley Academy,1,,,
S41 E50,Round of 16,Tossup,7,"On December 14th, 1972, Gene Cernan became the last Apollo astronaut to do what?",Walk on the moon,Astronomy,Science & Technology,Hardin Valley Academy vs South Greene High School,Zoe,Hardin Valley Academy,Correct,,,,Correct,10,Hardin Valley Academy,1,,,
S41 E50,Round of 16,Bonus,7,"LignoSat, which was built by Japanese researchers, flown to the International Space Station and deployed into Earth's orbit in 2024, is the world's first satellite made of what renewable substance?",Wood,Astronomy,Science & Technology,Hardin Valley Academy vs South Greene High School,,Hardin Valley Academy,Incorrect,,,,Missed,0,None given,1,,team said carbon,
S41 E50,Round of 16,Tossup,8,"Even though they are not reptiles, what amphibians are sometimes called spring lizards in the southern Appalachians?",Salamanders,Biology,Science & Technology,Hardin Valley Academy vs South Greene High School,,Hardin Valley Academy,Incorrect,,South Greene High School,Correct,Correct,10,South Greene High School,1,,"HVA's first buzzer not named (said frogs); South Greene's stealing player garbled in captions (""Angie"")",
S41 E50,Round of 16,Bonus,8,Sea cucumbers are echinoderms from the same phylum of marine animals that includes sea urchins and what creature that is illustrated as a cartoon character named Patrick?,Starfish (sea star),Biology,Science & Technology,Hardin Valley Academy vs South Greene High School,,South Greene High School,Correct,,,,Correct,20,South Greene High School,1,,,
S41 E50,Round of 16,Tossup,9,Which amendment to the U.S. Constitution changed the date of assuming the office of president from March 4th to January 20th?,20th Amendment,Government,Social Studies,Hardin Valley Academy vs South Greene High School,Zoe,Hardin Valley Academy,Correct,,,,Correct,10,Hardin Valley Academy,1,,,
S41 E50,Round of 16,Bonus,9,Which jurisdiction's citizens were able to vote in presidential elections after the passage of the 23rd Amendment?,"District of Columbia (Washington, D.C.)",Government,Social Studies,Hardin Valley Academy vs South Greene High School,,Hardin Valley Academy,Correct,,,,Correct,20,Hardin Valley Academy,1,,,
S41 E50,Round of 16,Tossup,10,What is the smallest country in the world?,Vatican City,Miscellaneous,General & Visual,Hardin Valley Academy vs South Greene High School,James,South Greene High School,Incorrect,Zoe,Hardin Valley Academy,Correct,Correct,10,Hardin Valley Academy,1,,James said Andorra,
S41 E50,Round of 16,Bonus,10,"What is the name that was coined by a Puerto Rican comedian of the bloodsucking creature in Latin American folklore, illustrated here, that was first reported after eight sheep were killed in 1995?",Chupacabra,Visual,General & Visual,Hardin Valley Academy vs South Greene High School,Zoe,Hardin Valley Academy,Correct,,,,Correct,20,Hardin Valley Academy,1,,"answer garbled in captions (""a chip a copra"")",
S41 E50,Round of 16,Tossup,11,"What is the English translation of the Spanish phrase ""[unclear: chaos]""?",[unclear],Foreign Language,Foreign Language,Hardin Valley Academy vs South Greene High School,,Hardin Valley Academy,Correct,,,,Correct,10,Hardin Valley Academy,1,Yes,"Spanish phrase and the answer are both garbled in captions (""chaos"", ""Sociedade sprog""); the recorded response was ""What is the city?"" (possibly ""the city"") and the host said correct; team from the bonus deferral to Brock (captions lines 3804-3811)","Yeah, maybe defer to Zoe a chip a copra is right for 20 tossup now in foreign language. / What is the English translation of the Spanish phrase chaos? / Sociedade sprog. / What is the city? / Correct. / In a foreign language? / Bonus. / What is the Spanish phrase for credit card rhetoric?"
S41 E50,Round of 16,Bonus,11,"What is the Spanish phrase for ""credit card""?",Tarjeta de crédito,Foreign Language,Foreign Language,Hardin Valley Academy vs South Greene High School,Brock,Hardin Valley Academy,Correct,,,,Correct,20,Hardin Valley Academy,1,,,
S41 E50,Round of 16,Tossup,12,What is 27 raised to the two thirds power?,9,Algebra,Mathematics,Hardin Valley Academy vs South Greene High School,Ryan,Hardin Valley Academy,Correct,,,,Correct,10,Hardin Valley Academy,1,,,
S41 E50,Round of 16,Bonus,12,What are the two solutions of the equation absolute value of 4x minus 8 equals 24?,x = 8 and x = -4,Algebra,Mathematics,Hardin Valley Academy vs South Greene High School,,Hardin Valley Academy,Partial,,,,Partial,10,Hardin Valley Academy,1,,team said 8 and -8; only 8 counted,
S41 E50,Round of 16,Tossup,13,What is the simplest carbon containing molecule with one carbon atom and four hydrogen atoms?,Methane,Chemistry,Science & Technology,Hardin Valley Academy vs South Greene High School,Ryan,Hardin Valley Academy,Correct,,,,Correct,10,Hardin Valley Academy,1,,"name read from ""Brian""",
S41 E50,Round of 16,Bonus,13,"If uranium-238 releases one alpha particle via radioactive decay, what is the atomic mass of the remaining product?",234,Chemistry,Science & Technology,Hardin Valley Academy vs South Greene High School,Brock,Hardin Valley Academy,Incorrect,,,,Missed,0,None given,1,,team said 96,
S41 E50,Round of 16,Tossup,14,What is the capital of the Republic of Austria?,Vienna,Geography,Social Studies,Hardin Valley Academy vs South Greene High School,Zeno,Hardin Valley Academy,Correct,,,,Correct,10,Hardin Valley Academy,1,,,
S41 E50,Round of 16,Bonus,14,Part 1: What is the largest country in Africa by area? | Part 2: What is the largest country in North America by area?,Part 1: Algeria | Part 2: Canada,Geography,Social Studies,Hardin Valley Academy vs South Greene High School,Zoe,Hardin Valley Academy,Correct,,,,Correct,20,Hardin Valley Academy,2,,,
S41 E50,Round of 16,Tossup,15,What is the term for an architectural illustration depicting a building's exterior?,Elevation,Architecture,Fine Arts,Hardin Valley Academy vs South Greene High School,,Hardin Valley Academy,Incorrect,,South Greene High School,Incorrect,Missed,0,None given,1,,"HVA's first buzzer not named (said blueprint); South Greene's stealing player garbled in captions (""Dingy"")",
S41 E50,Round of 16,Tossup,16,"To accentuate means to stress or emphasize. Spell ""accentuate.""",A-C-C-E-N-T-U-A-T-E,Spelling,Language Arts,Hardin Valley Academy vs South Greene High School,,Unknown,Correct,,,,Correct,10,Unknown,1,Yes,buzzer and team not identified in captions; team not identified in captions (captions lines 3849-3853),"It's called the elevation tossup in spelling to accentuate means to stress or emphasize spell Saint of Assisi e and t u a t is correct. / Now a spelling bonus two parts spelled Taurus as in the constellation and zodiac sign. / It's this s. Yeah, yeah. / What's your answer to? / You are U.S. correct now spell Taurus as in a donut shaped object, but t o r I."
S41 E50,Round of 16,Bonus,16,"Part 1: Spell ""Taurus,"" as in the constellation and zodiac sign. | Part 2: Spell ""torus,"" as in a donut shaped object.",Part 1: T-A-U-R-U-S | Part 2: T-O-R-U-S,Spelling,Language Arts,Hardin Valley Academy vs South Greene High School,,Unknown,Partial,,,,Partial,10,Unknown,2,Yes,Part 2 missed; team not identified in captions (captions lines 3853-3857),"You are U.S. correct now spell Taurus as in a donut shaped object, but t o r I. / Yes, that's that's right. / Answer to rock t stories. / Oh, it's just torus. / Ten points on the bonus plus up now in history, what was the first capital of the unified kingdom of Upper and Lower Egypt?"
S41 E50,Round of 16,Tossup,17,What was the first capital of the unified kingdom of Upper and Lower Egypt?,Memphis,History,Social Studies,Hardin Valley Academy vs South Greene High School,Zoe,Hardin Valley Academy,Correct,,,,Correct,10,Hardin Valley Academy,1,,,
S41 E50,Round of 16,Bonus,17,"In 2024, archaeologists using aerial lidar, or light detection and ranging equipment, in the Mexican state of Campeche found thousands of never before seen structures belonging to what civilization that lived there from about 1000 BC to 1500 AD?",The Maya,History,Social Studies,Hardin Valley Academy vs South Greene High School,,Hardin Valley Academy,Incorrect,,,,Missed,0,None given,1,,team said the Aztecs,
S41 E50,Round of 16,Tossup,18,"What colorless liquid, abbreviated CSF, cushions and protects the brain and spinal cord?",Cerebrospinal fluid,Health,Science & Technology,Hardin Valley Academy vs South Greene High School,Benji,South Greene High School,Correct,,,,Correct,10,South Greene High School,1,,,
S41 E50,Round of 16,Bonus,18,The surgery to repair a torn ulnar collateral ligament inside the elbow by replacing it with a tendon from elsewhere in the body is named after what Major League Baseball pitcher who played for 13 seasons before having the surgery and another 13 seasons after the successful surgery?,Tommy John,Health,Science & Technology,Hardin Valley Academy vs South Greene High School,Gavin,South Greene High School,Correct,,,,Correct,20,South Greene High School,1,,"answering player read from ""Kevin""",
S41 E50,Round of 16,Tossup,19,[unclear],[unclear],Economics,Social Studies,Hardin Valley Academy vs South Greene High School,,Unknown,Correct,,,,Correct,10,Unknown,1,Yes,question text and answer not captured (the host's joke about spinach sales replaced them); player and team not identified,
S41 E50,Round of 16,Bonus,19,"If $500 is deposited into a savings account that pays a fixed interest rate of 2% compounded annually, how long would it take for the money to double in value?",About 36 years,Economics,Social Studies,Hardin Valley Academy vs South Greene High School,,Unknown,Incorrect,,,,Missed,0,None given,1,Yes,team said 50 years; team not identified in captions (captions lines 3874-3948),"Economics bonus. / If $500 is deposited into a savings account that pays a fixed interest rate of 2% compounded annually, how long would it take for the money to double in value? / 50 years. / How much? / 50 years. / Now it's only 36 years. / That's a lot of math to have to do in one second. / So that is the end of our first half of play. / One of these two teams will advance to the round of the educated eight. / Right now Hardin Valley's got a lead, but Seth Green has a chance to catch up. / More action coming up after the break on Tennessee Scholar's Bowl 2025. / You're watching Tennessee Scholar's Bowl I'm Frank Murphy back from halftime in this third round game this March 16th round game between Hardin Valley Academy of West Knox County and South Green High School of Greenville, Tennessee. / Hardin Valley is running up a bit of a lead, but anything can happen in our second half of play. / South green has brought multiple alternates into the game as they try to catch up, but so has Hardin Valley. / They've got wow, they're one alternate with us and say hi once again to Samir, not the one. / Samir, welcome back to the show. / Good to see you again. / Going up to hey, Frank. / So I, I wanted to let you know that my Hogwarts house is also Ravenclaw. / Okay. / And so what does that mean? / Luna Lovegood is the only one that we were able to come up with during the first half. / Who's the Ravenclaw that I might remember? / I was thinking about it. / Cho Chang was also, All right"
S41 E50,Round of 16,Tossup,20,What is the Italian word for milk that is used in English when ordering an espresso with milk?,Latte,Foreign Language,Foreign Language,Hardin Valley Academy vs South Greene High School,Benji,South Greene High School,Correct,,,,Correct,10,South Greene High School,1,,,
S41 E50,Round of 16,Bonus,20,"What two word phrase that literally translates to ""lost bread"" is used to order French toast in French?",Pain perdu,Foreign Language,Foreign Language,Hardin Valley Academy vs South Greene High School,,South Greene High School,Incorrect,,,,Missed,0,None given,1,,team had no answer,
S41 E50,Round of 16,Tossup,21,What is the sum of the degrees of the exterior angles of a dodecagon?,360 degrees,Geometry,Mathematics,Hardin Valley Academy vs South Greene High School,Benji,South Greene High School,Correct,,,,Correct,10,South Greene High School,1,,,
S41 E50,Round of 16,Bonus,21,"If a circle's circumference is 28 pi, what is the area of that same circle in terms of pi?",196 pi,Geometry,Mathematics,Hardin Valley Academy vs South Greene High School,,South Greene High School,Correct,,,,Correct,20,South Greene High School,1,,,
S41 E50,Round of 16,Tossup,22,Which precious gem is the birthstone for September?,Sapphire,Geology,Science & Technology,Hardin Valley Academy vs South Greene High School,Benji,South Greene High School,Incorrect,Samir,Hardin Valley Academy,Incorrect,Missed,0,None given,1,,Benji said ruby; Samir said diamond,
S41 E50,Round of 16,Tossup,23,Which branch of the U.S. government can deny the president the use of executive privilege?,The judicial branch,Government,Social Studies,Hardin Valley Academy vs South Greene High School,Zoe,Hardin Valley Academy,Incorrect,,South Greene High School,Correct,Correct,10,South Greene High School,1,,"Zoe said the executive branch; South Greene's stealing player garbled in captions (""Angie"")",
S41 E50,Round of 16,Bonus,23,Which four U.S. presidents served their entire term without a vice president?,"John Tyler, Millard Fillmore, Andrew Johnson, Chester A. Arthur",Government,Social Studies,Hardin Valley Academy vs South Greene High School,,South Greene High School,Partial,,,,Partial,5,South Greene High School,1,,"team named Andrew Johnson, Martin Van Buren, John Quincy Adams and George Bush; only Andrew Johnson counted",
S41 E50,Round of 16,Tossup,24,Which is the only NFL team to win the Super Bowl after having gone undefeated in the regular season and playoffs?,Miami Dolphins,Sports,General & Visual,Hardin Valley Academy vs South Greene High School,,Hardin Valley Academy,Correct,,,,Correct,10,Hardin Valley Academy,1,,buzzer not named; team from the bonus deferral to Samir,
S41 E50,Round of 16,Bonus,24,Name two NBA franchises based in Florida.,Miami Heat and Orlando Magic,Sports,General & Visual,Hardin Valley Academy vs South Greene High School,Samir,Hardin Valley Academy,Correct,,,,Correct,20,Hardin Valley Academy,1,,,
S41 E50,Round of 16,Tossup,25,What is the term for verbs that do not follow the normal patterns for tense and past participle?,Irregular verbs,English,Language Arts,Hardin Valley Academy vs South Greene High School,Zoe,Hardin Valley Academy,Correct,,,,Correct,10,Hardin Valley Academy,1,,,
S41 E50,Round of 16,Bonus,25,"Using either ""accept"" or ""except,"" spell the word that correctly fills the blank in the sentence shown here: The Civic Coliseum does not [blank] cash.",A-C-C-E-P-T,Visual,General & Visual,Hardin Valley Academy vs South Greene High School,Brock,Hardin Valley Academy,Correct,,,,Correct,20,Hardin Valley Academy,1,,,
S41 E50,Round of 16,Tossup,26,An ion with a charge of negative one that contains ten electrons has what atomic number?,9,Chemistry,Science & Technology,Hardin Valley Academy vs South Greene High School,Benji,South Greene High School,Incorrect,,Hardin Valley Academy,Correct,Correct,10,Hardin Valley Academy,1,,"Benji said 12; Hardin Valley's stealing player garbled in captions (""Xanadu"", probably Zeno)",
S41 E50,Round of 16,Bonus,26,"In 2024, the U.S. Air Force announced it is seeking novel approaches to generate power at its bases, including the electrolysis of water to separate the molecules and use which element as a green fuel?",Hydrogen,Chemistry,Science & Technology,Hardin Valley Academy vs South Greene High School,,Hardin Valley Academy,Correct,,,,Correct,20,Hardin Valley Academy,1,,"team first said oxygen, then hydrogen",
S41 E50,Round of 16,Tossup,27,In which layer of the atmosphere are the jet streams located?,Troposphere,Science,Science & Technology,Hardin Valley Academy vs South Greene High School,Benji,South Greene High School,Incorrect,,Hardin Valley Academy,Correct,Correct,10,Hardin Valley Academy,1,,"Benji said thermosphere; Hardin Valley's stealing player garbled in captions (""Dana"")",
S41 E50,Round of 16,Bonus,27,What temperature in Fahrenheit is equal to -5 degrees Celsius?,23 degrees Fahrenheit,Science,Science & Technology,Hardin Valley Academy vs South Greene High School,,Hardin Valley Academy,Correct,,,,Correct,20,Hardin Valley Academy,1,,,
S41 E50,Round of 16,Tossup,28,How many states border Missouri?,Eight,Geography,Social Studies,Hardin Valley Academy vs South Greene High School,Zoe,Hardin Valley Academy,Correct,,,,Correct,10,Hardin Valley Academy,1,,,
S41 E50,Round of 16,Bonus,28,List four of the states that border Missouri.,"Any four of: Arkansas, Illinois, Iowa, Kansas, Kentucky, Nebraska, Oklahoma, Tennessee",Geography,Social Studies,Hardin Valley Academy vs South Greene High School,Zeno,Hardin Valley Academy,Partial,,,,Partial,15,Hardin Valley Academy,1,,"team listed Missouri itself among the first four answers, so three counted (15 points)",
S41 E50,Round of 16,Tossup,29,What religious movement of the 1500s led to Protestantism?,The Protestant Reformation,Religion,Religion & Mythology,Hardin Valley Academy vs South Greene High School,,Unknown,Correct,,,,Correct,10,Unknown,1,Yes,player and team not identified in captions; team not identified in captions (captions lines 4040-4043),"But you do get 15 points there for Arkansas, Iowa, Kentucky, Oklahoma, Illinois, Kansas, Nebraska and Tennessee are the eight tossup for all players in religion. / What religious movement of the 1500s led to Protestantism? / Protestant Reformation, yes, and a religion bonus. / Upon Japan's surrender at the end of World War two, Allied powers believed a constitutional form of government could not be put into place as long as the Japanese people considered the emperor to be the ultimate authority in what national religion."
S41 E50,Round of 16,Bonus,29,"Part 1: Upon Japan's surrender at the end of World War II, Allied powers believed a constitutional form of government could not be put into place as long as the Japanese people considered the emperor to be the ultimate authority in what national religion? | Part 2: Which emperor was forced to renounce his divine status?",Part 1: Shintoism | Part 2: Hirohito,Religion,Religion & Mythology,Hardin Valley Academy vs South Greene High School,,Unknown,Incorrect,,,,Missed,0,None given,2,Yes,team said Zen Buddhism and feudalism; team not identified in captions (captions lines 4042-4049),"Protestant Reformation, yes, and a religion bonus. / Upon Japan's surrender at the end of World War two, Allied powers believed a constitutional form of government could not be put into place as long as the Japanese people considered the emperor to be the ultimate authority in what national religion. / Zen Buddhism, that is, Shintoism, which emperor was forced to renounce his divine status? / Answer. / Feudalism. / That was Hirohito. / No points on the bonus tossup in vocabulary. / What nine letter word beginning with T is a synonym for garrulous."
S41 E50,Round of 16,Tossup,30,What nine letter word beginning with T is a synonym for garrulous?,Talkative,Vocabulary,Language Arts,Hardin Valley Academy vs South Greene High School,,,No Buzz,,,,Missed,0,None given,1,,nobody buzzed; the host gave the answer,
S41 E50,Round of 16,Tossup,31,Finish the trig identity: one plus tangent squared equals what?,Secant squared,Pre-Calculus,Mathematics,Hardin Valley Academy vs South Greene High School,Zeno,Hardin Valley Academy,Incorrect,,,,Missed,0,None given,1,,"Zeno said cosecant squared; steal offered to South Greene, no answer captured",
S41 E50,Round of 16,Tossup,32,What is the name for a group of porcupines?,A prickle,Biology,Science & Technology,Hardin Valley Academy vs South Greene High School,Zoe,Hardin Valley Academy,Incorrect,,,,Missed,0,None given,1,,"Zoe said ""a spine""; steal offered to South Greene, no answer captured",
S41 E50,Round of 16,Tossup,33,Who succeeded Lenin as the leader of the Soviet Union in 1924?,Joseph Stalin,History,Social Studies,Hardin Valley Academy vs South Greene High School,Zoe,Hardin Valley Academy,Correct,,,,Correct,10,Hardin Valley Academy,1,,,
S41 E50,Round of 16,Bonus,33,Who invented the vulcanization process that made possible the commercial use of rubber?,Charles Goodyear,World History,Social Studies,Hardin Valley Academy vs South Greene High School,,Hardin Valley Academy,Incorrect,,,,Missed,0,None given,1,,team said Louis Pasteur,
S41 E50,Round of 16,Tossup,34,Which museum houses the Mona Lisa and Venus de Milo?,The Louvre,Art,Fine Arts,Hardin Valley Academy vs South Greene High School,Benji,South Greene High School,Correct,,,,Correct,10,South Greene High School,1,,"answer garbled in captions (""live"")",
S41 E50,Round of 16,Bonus,34,"Part 1: Which French sculptor designed the statue, originally known as Liberty Enlightening the World, seen here? | Part 2: Who wrote The New Colossus, a sonnet mounted on a bronze plaque inside the pedestal's lower level that begins with the line ""Give me your tired, your poor""?",Part 1: Frédéric Auguste Bartholdi | Part 2: Emma Lazarus,Visual,General & Visual,Hardin Valley Academy vs South Greene High School,,South Greene High School,Incorrect,,,,Missed,0,None given,2,,team said Louis Eiffel for Part 1 and had no answer for Part 2,
S41 E50,Round of 16,Tossup,35,"Spell the word ""reconnaissance,"" which is a military observation of a region.",R-E-C-O-N-N-A-I-S-S-A-N-C-E,Spelling,Language Arts,Hardin Valley Academy vs South Greene High School,Benji,South Greene High School,Incorrect,,Hardin Valley Academy,Correct,Correct,10,Hardin Valley Academy,1,,"Benji misspelled it; Hardin Valley's stealing player garbled in captions (""General"")",
S41 E50,Round of 16,Bonus,35,"Spell ""approximation,"" meaning close but not exact.",A-P-P-R-O-X-I-M-A-T-I-O-N,Spelling,Language Arts,Hardin Valley Academy vs South Greene High School,,Hardin Valley Academy,Correct,,,,Correct,20,Hardin Valley Academy,1,,,
S41 E50,Round of 16,Tossup,36,What term is used to describe an individual with a presence on social media who uses their platform to affect the opinions and behavior of groups?,Influencer,Technology,Science & Technology,Hardin Valley Academy vs South Greene High School,Zoe,Hardin Valley Academy,Correct,,,,Correct,10,Hardin Valley Academy,1,,cut off by buzz,
S41 E50,Round of 16,Bonus,36,"During the 2023 actors strike, Keira Knightley said she was concerned about the rise in artificial intelligence and believed she needed to take steps to protect and possibly copyright what?",Her likeness (her face),Technology,Science & Technology,Hardin Valley Academy vs South Greene High School,,Hardin Valley Academy,Correct,,,,Correct,20,Hardin Valley Academy,1,,,
S41 E50,Round of 16,Tossup,37,Which constellation that is one of the prominent features of the summer skies in the northern hemisphere has a name that is Latin for archer?,Sagittarius,Astronomy,Science & Technology,Hardin Valley Academy vs South Greene High School,Zoe,Hardin Valley Academy,Incorrect,,,,Missed,0,None given,1,,"Zoe said Orion; steal offered to South Greene, no answer captured",
S41 E50,Round of 16,Tossup,38,Which of the 13 colonies refused to send a delegate to the Constitutional Convention?,Rhode Island,U.S. History,Social Studies,Hardin Valley Academy vs South Greene High School,Zoe,Hardin Valley Academy,Incorrect,Benji,South Greene High School,Incorrect,Missed,0,None given,1,,Zoe said Georgia; Benji said South Carolina,
S41 E50,Round of 16,Tossup,39,"What is the English translation of the French word ""aujourd'hui""?",Today,Foreign Language,Foreign Language,Hardin Valley Academy vs South Greene High School,,,No Buzz,,,,Missed,0,None given,1,,nobody buzzed; the host gave the answer,
S41 E50,Round of 16,Tossup,40,Three films based on which book by Mario Puzo tell the story of the Corleone organized crime family?,The Godfather,Literature,Language Arts,Hardin Valley Academy vs South Greene High School,,,No Buzz,,,,Missed,0,None given,1,,the buzzer ended the game before anyone answered,
S41 E51,Round of 16,Tossup,1,"What 11 letter word beginning with ""esp"" refers to someone who spends money freely and in an irresponsible way?",Spendthrift,Vocabulary,Language Arts,Temple Baptist Academy vs Halls High School,,Halls High School,Correct,,,,Correct,10,Halls High School,1,,buzzer not named; team from the bonus deferral to Amanda,
S41 E51,Round of 16,Bonus,1,"Part 1: The phrase ""chicken out,"" a familiar way to say ""lose one's nerve,"" is an example of what 13 letter word beginning with C? | Part 2: Spell that word.",Part 1: Colloquialism | Part 2: C-O-L-L-O-Q-U-I-A-L-I-S-M,Vocabulary,Language Arts,Temple Baptist Academy vs Halls High School,,Halls High School,Incorrect,,,,Missed,0,None given,2,,"Part 1: team said ""cowardice""; Part 2: Amanda's spelling dropped letters",
S41 E51,Round of 16,Tossup,2,What line divides the Earth into the eastern and western hemispheres?,Prime Meridian (0 degrees longitude),Geography,Social Studies,Temple Baptist Academy vs Halls High School,Micah,Temple Baptist Academy,Correct,,,,Correct,10,Temple Baptist Academy,1,,,
S41 E51,Round of 16,Bonus,2,Name four of the seven countries between Mexico and Colombia that make up Central America.,"Any four of: Belize, Costa Rica, El Salvador, Guatemala, Honduras, Nicaragua, Panama",Geography,Social Studies,Temple Baptist Academy vs Halls High School,,Temple Baptist Academy,Partial,,,,Partial,10,Temple Baptist Academy,1,,"team named Nicaragua, Guatemala and Ecuador; two counted (10 points)",
S41 E51,Round of 16,Tossup,3,"In the process of rainbow formation, what is the term for the splitting of white light into its constituent colors due to different wavelengths being refracted at slightly different angles?",Dispersion,Physics,Science & Technology,Temple Baptist Academy vs Halls High School,Micah,Temple Baptist Academy,Incorrect,Levi,Halls High School,Incorrect,Missed,0,None given,1,,"Micah said refraction; Levi's answer garbled in captions (""presumption"")",
S41 E51,Round of 16,Tossup,4,What is three fourths raised to the negative two power?,16/9,Algebra,Mathematics,Temple Baptist Academy vs Halls High School,Amanda,Halls High School,Correct,,,,Correct,10,Halls High School,1,,,
S41 E51,Round of 16,Bonus,4,Give the factors of 16y² − 169.,(4y + 13)(4y − 13),Algebra,Mathematics,Temple Baptist Academy vs Halls High School,Amanda,Halls High School,Correct,,,,Correct,20,Halls High School,1,,"answer read from captions (""for y plus 13 and for y -13"")",
S41 E51,Round of 16,Tossup,5,What is the term for the person who poses for an artist?,Model,Art,Fine Arts,Temple Baptist Academy vs Halls High School,,Temple Baptist Academy,Incorrect,Amanda,Halls High School,Correct,Correct,10,Halls High School,1,,"first buzzer not named (said ""subject""); the host accepted Amanda's ""subject, model"" because the person takes the action of modeling",
S41 E51,Round of 16,Bonus,5,"Who is the director shown here, whose film Psycho was seen as a major departure from his previous film, North by Northwest, although both films, along with Rear Window, are considered among his best work?",Alfred Hitchcock,Visual,General & Visual,Temple Baptist Academy vs Halls High School,,Halls High School,Correct,,,,Correct,20,Halls High School,1,,,
S41 E51,Round of 16,Tossup,6,What is the title of Reginald Rose's 1954 television script about the jury of a homicide trial that was later adapted for a film and for the stage?,12 Angry Men,Literature,Language Arts,Temple Baptist Academy vs Halls High School,Micah,Temple Baptist Academy,Correct,,,,Correct,10,Temple Baptist Academy,1,,,
S41 E51,Round of 16,Bonus,6,"Who wrote the novels Death on the Nile, The ABC Murders and The Murder of Roger Ackroyd?",Agatha Christie,Literature,Language Arts,Temple Baptist Academy vs Halls High School,,Temple Baptist Academy,Incorrect,,,,Missed,0,None given,1,,team said Stephen King,
S41 E51,Round of 16,Tossup,7,Who was Helen Keller's teacher?,Anne Sullivan,U.S. History,Social Studies,Temple Baptist Academy vs Halls High School,Micah,Temple Baptist Academy,Incorrect,Sophia,Halls High School,Incorrect,Missed,0,None given,1,,"Micah's answer garbled in captions (""Frank Norwich""); Sophia's answer garbled (""Smith Sutton"")",
S41 E51,Round of 16,Tossup,8,What is the name for a group of platypuses?,A paddle,Biology,Science & Technology,Temple Baptist Academy vs Halls High School,Sophia,Halls High School,Incorrect,,,,Missed,0,None given,1,,"Sophia's answer garbled in captions (""Platt pie""); steal offered to Temple, no answer captured",
S41 E51,Round of 16,Tossup,9,What is the brightest star seen in the night sky in the northern hemisphere?,Sirius,Astronomy,Science & Technology,Temple Baptist Academy vs Halls High School,Micah,Temple Baptist Academy,Incorrect,Joe,Halls High School,Incorrect,Missed,0,None given,1,Yes,"captions show the host calling ""Micah"" mid-question and then Joe answering Polaris; Micah's answer and the steal call are missing (it may instead be only Joe's wrong answer, with no steal attempt) (captions lines 3248-3255)",Toss up in astronomy. / What is the brightest star seen in the night sky? / In the northern mica? / What is Joe Polaris now? / Sirius is where we're going with that. / The brightest star in the night sky in the northern hemisphere. / No points there. / Toss up in religion by number of chapters and total number of verses.
S41 E51,Round of 16,Tossup,10,"By number of chapters and total number of verses, what book of the Bible, with 150 chapters, is the longest?",Psalms,Religion,Religion & Mythology,Temple Baptist Academy vs Halls High School,Micah,Temple Baptist Academy,Correct,,,,Correct,10,Temple Baptist Academy,1,,"buzzer name read from ""Meadow""",
S41 E51,Round of 16,Bonus,10,"In the book of Exodus, what is the bread-like substance that God provided the Israelites in the wilderness?",Manna,Religion,Religion & Mythology,Temple Baptist Academy vs Halls High School,,Temple Baptist Academy,Correct,,,,Correct,20,Temple Baptist Academy,1,,,
S41 E51,Round of 16,Tossup,11,"A word meaning ""not moving"" is ""stationary."" Spell ""stationary.""",S-T-A-T-I-O-N-A-R-Y,Spelling,Language Arts,Temple Baptist Academy vs Halls High School,Micah,Temple Baptist Academy,Correct,,,,Correct,10,Temple Baptist Academy,1,,,
S41 E51,Round of 16,Bonus,11,"Ventriloquism is the art of producing vocal sounds that appear to come from another source. Spell ""ventriloquism.""",V-E-N-T-R-I-L-O-Q-U-I-S-M,Spelling,Language Arts,Temple Baptist Academy vs Halls High School,,Temple Baptist Academy,Incorrect,,,,Missed,0,None given,1,,team's spelling left out the O between the L and the Q,
S41 E51,Round of 16,Tossup,12,What is the term for a tax on imported goods?,Tariff,Economics,Social Studies,Temple Baptist Academy vs Halls High School,,Unknown,Correct,,,,Correct,10,Unknown,1,Yes,"buzzer and team not identified in captions; the question and answer run together (""a tax on imported goods like a tariff""); team not identified in captions (captions lines 3265-3269)","So no points on the bonus toss up. / In economics, what is the term for a tax on imported goods like a tariff? / Correct economics. / Bonus. / What country's currency is the ruble?"
S41 E51,Round of 16,Bonus,12,Part 1: What country's currency is the ruble? | Part 2: What country's currency is the rupiah?,Part 1: Russia | Part 2: Indonesia,Economics,Social Studies,Temple Baptist Academy vs Halls High School,,Unknown,Partial,,,,Partial,10,Unknown,2,Yes,team said India for Part 2; team not identified in captions (captions lines 3268-3279),Bonus. / What country's currency is the ruble? / Russia. / Correct for ten. / What country's currency is the rupiah? / India. / That one is actually Indonesia. / Rupee. / This is rupiah. / Indonesia. / Toss up in geology. / What classification of rock is limestone like sedimentary and correct geology.
S41 E51,Round of 16,Tossup,13,What classification of rock is limestone?,Sedimentary,Geology,Science & Technology,Temple Baptist Academy vs Halls High School,,Unknown,Correct,,,,Correct,10,Unknown,1,Yes,buzzer and team not identified in captions; team not identified in captions (captions lines 3278-3281),Toss up in geology. / What classification of rock is limestone like sedimentary and correct geology. / Bonus. / The peak of Mount Chimborazo is the farthest point from Earth's center due to its location along the planet's equatorial bulge.
S41 E51,Round of 16,Bonus,13,The peak of Mount Chimborazo is the farthest point from Earth's center due to its location along the planet's equatorial bulge. In what country is it located?,Ecuador,Geology,Science & Technology,Temple Baptist Academy vs Halls High School,,Unknown,Incorrect,,,,Missed,0,None given,1,Yes,team said Africa; team not identified in captions (captions lines 3280-3288),"Bonus. / The peak of Mount Chimborazo is the farthest point from Earth's center due to its location along the planet's equatorial bulge. / In what country? / I'm not sure. / Africa. / That one is Ecuador. / No points there. / Toss up in math. / Add the numbers three and nine square the result, and then divide by six."
S41 E51,Round of 16,Tossup,14,"Add the numbers 3 and 9, square the result, and then divide by 6. What is the final result?",24,Math,Mathematics,Temple Baptist Academy vs Halls High School,E.J.,Temple Baptist Academy,Correct,,,,Correct,10,Temple Baptist Academy,1,,"buzzer name read from ""Egypt""",
S41 E51,Round of 16,Bonus,14,"A store has a sale discount of 30% off an item priced at $60. At checkout, another 20% is discounted. What is the item's final price before sales tax?",$33.60,Math,Mathematics,Temple Baptist Academy vs Halls High School,,Temple Baptist Academy,Incorrect,,,,Missed,0,None given,1,,team said $36,
S41 E51,Round of 16,Tossup,15,Who was the 19th century Polish composer renowned for virtuosic piano compositions?,Frédéric Chopin,Music,Fine Arts,Temple Baptist Academy vs Halls High School,Joe,Halls High School,Correct,,,,Correct,10,Halls High School,1,,,
S41 E51,Round of 16,Bonus,15,"Which singer-songwriter became the first solo artist to reach the UK top 10 in six separate decades thanks to his 2021 hit ""Cold Heart,"" which interpolated lyrics from ""Rocket Man"" and featured Dua Lipa as guest vocalist?",Elton John,Music,Fine Arts,Temple Baptist Academy vs Halls High School,,Halls High School,Correct,,,,Correct,20,Halls High School,1,,,
S41 E51,Round of 16,Tossup,16,"What is the tense of the verb in the following sentence? ""I will have worn 60 different ties by the end of this season.""",Future perfect,English,Language Arts,Temple Baptist Academy vs Halls High School,,Temple Baptist Academy,Incorrect,Amanda,Halls High School,Correct,Correct,10,Halls High School,1,,"first buzzer not named (answer cut off in captions, probably ""future""); the host re-read the sentence for the steal; no bonus was read after the steal",
S41 E51,Round of 16,Tossup,17,Tenochtitlan was the capital of which empire?,The Aztec Empire,History,Social Studies,Temple Baptist Academy vs Halls High School,Levi,Halls High School,Correct,,,,Correct,10,Halls High School,1,,,
S41 E51,Round of 16,Bonus,17,Who was the fifth century BCE Chinese sage and social philosopher who deeply influenced East Asia over 20 centuries by emphasizing personal and governmental morality?,Confucius,World History,Social Studies,Temple Baptist Academy vs Halls High School,,Halls High School,Correct,,,,Correct,20,Halls High School,1,,,
S41 E51,Round of 16,Tossup,18,The University of Tennessee became famous for pioneering research on human decomposition when Dr. William Bass founded what facility?,The Body Farm,Science,Science & Technology,Temple Baptist Academy vs Halls High School,Levi,Halls High School,Correct,,,,Correct,10,Halls High School,1,,question cut off by the buzz; ending inferred,
S41 E51,Round of 16,Bonus,18,"Who published his influential Systema Naturae in 1735, classifying the natural world into three kingdoms (animal, vegetable and mineral) and including humans within the animal kingdom?",Carl Linnaeus,Science,Science & Technology,Temple Baptist Academy vs Halls High School,,Halls High School,Incorrect,,,,Missed,0,None given,1,,team said Darwin,
S41 E51,Round of 16,Tossup,19,"The ports of Kanazawa, Akita and Vladivostok are all on what body of water?",Sea of Japan,Geography,Social Studies,Temple Baptist Academy vs Halls High School,,Temple Baptist Academy,Incorrect,Levi,Halls High School,Incorrect,Missed,0,None given,1,,"first buzzer's name and answer garbled in captions (""up the cold sea""); Levi said the Black Sea",
S41 E51,Round of 16,Tossup,20,What is the Roman numeral for 224?,CCXXIV,Foreign Language,Foreign Language,Temple Baptist Academy vs Halls High School,,Unknown,Incorrect,,,,Missed,0,None given,1,Yes,"buzzer and team not identified in captions; the answer started ""CCXX"" and the host said it was almost right; no steal captured; team not identified in captions (captions lines 3328-3333)",Toss up in foreign language. / What is the Roman numeral for 224? / A cc x x It's almost got it. / It's cc x IV. / Can't give it to you. / Toss up in sports what is considered the greatest cycling event in the world.
S41 E51,Round of 16,Tossup,21,What is considered the greatest cycling event in the world?,Tour de France,Sports,General & Visual,Temple Baptist Academy vs Halls High School,,Unknown,Correct,,,,Correct,10,Unknown,1,Yes,buzzer and team not identified in captions; team not identified in captions (captions lines 3333-3336),"Toss up in sports what is considered the greatest cycling event in the world. / So tour de France, right. / And the sports bonus. / What is the team name for the athletic program at the University of Pennsylvania?"
S41 E51,Round of 16,Bonus,21,What is the team name for the athletic program at the University of Pennsylvania?,The Quakers,Sports,General & Visual,Temple Baptist Academy vs Halls High School,,Unknown,Incorrect,,,,Missed,0,None given,1,Yes,"team said ""the coal miners""; time ran out before the rest of the bonus; team not identified in captions (captions lines 3335-3374)","And the sports bonus. / What is the team name for the athletic program at the University of Pennsylvania? / Do the coal miners. / Those are the Quakers. / And you don't have time for the rest of the question. / So, no points on the bonus. / Halls is trying to beat Temple Baptist. / One of these two teams will advance to the round of the Educated eight, and we'll find out who is going to be coming up after the break. / Tennessee's Scholar's Bowl 2025. / You're watching Tennessee Scholar's Bowl. / I'm Frank Murphy back from halftime in this third round game, this smart 16 round game between Temple Baptist Academy of Powell and Hall's high school. / Right now, halls has a lead, but anything can happen in our second half of play. / It's not an insurmountable lead, and we'll see what happens when Temple Baptist brings their alternate into the game. / The other Micah, let's say hi to freshman Micah Moreland. / So we got two. / Micah's over there. / Well, what about you, Micah? / Tell us about yourself. / I'm on the soccer team. / Any good? / I don't really know. / You enjoy it, though. / I do. / And what else do you do? / I play violin. / Really? / or do you play classical or do you play jazz? / I mean, you can play anything on violin. / Really? / Anything? / Yeah, yeah. / All right. / Well, good. / I don't you pursue that. / That's the only a freshman. / So you got a lot of time ahead of you yet. / All right, let's get back to it. / Everybody. / Fingers on the buzzer for Tennessee"
S41 E51,Round of 16,Tossup,22,"What type of federal laws, such as the Sherman Act, prohibit ""combinations in restraint of trade""?",Antitrust laws,Government,Social Studies,Temple Baptist Academy vs Halls High School,Micah,Temple Baptist Academy,Correct,,,,Correct,10,Temple Baptist Academy,1,,which Micah is unclear (Temple has two),
S41 E51,Round of 16,Bonus,22,"On the 36th ballot of the 1801 contingent election in the House of Representatives, Thomas Jefferson finally won the presidency over which former New York senator, who had been nominated as Jefferson's running mate?",Aaron Burr,Government,Social Studies,Temple Baptist Academy vs Halls High School,,Temple Baptist Academy,Correct,,,,Correct,20,Temple Baptist Academy,1,,,
S41 E51,Round of 16,Tossup,23,Which ancient Greek philosopher and scientist is considered the founder of comparative anatomy?,Aristotle,Health,Science & Technology,Temple Baptist Academy vs Halls High School,Micah,Temple Baptist Academy,Incorrect,Levi,Halls High School,Incorrect,Missed,0,None given,1,,Micah said Hippocrates; Levi said Galen; which Micah is unclear (Temple has two),
S41 E51,Round of 16,Tossup,24,"If a rectangle's perimeter is 54 and its length is 14, what is its width?",13,Geometry,Mathematics,Temple Baptist Academy vs Halls High School,Micah,Temple Baptist Academy,Incorrect,,Halls High School,Incorrect,Missed,0,None given,1,,"Micah said 9; Halls' steal player not named, answered 13 after the buzzer had sounded so the host could not accept it; which Micah is unclear (Temple has two)",
S41 E51,Round of 16,Tossup,25,What type of oil is the main ingredient in artists' oil paint?,Linseed oil,Art,Fine Arts,Temple Baptist Academy vs Halls High School,Levi,Halls High School,Correct,,,,Correct,10,Halls High School,1,,,
S41 E51,Round of 16,Bonus,25,"Part 1: What is the last name of the French painter who painted ""Olympia"" and ""The Railway""? | Part 2: What is the last name of the French painter famous for his water lilies?",Part 1: Manet | Part 2: Monet,Art,Fine Arts,Temple Baptist Academy vs Halls High School,,Halls High School,Partial,,,,Partial,10,Halls High School,2,,team said Monet for Part 1,
S41 E51,Round of 16,Tossup,26,"Who is mourned as the lost love in Edgar Allan Poe's poem ""The Raven""?",Lenore,Literature,Language Arts,Temple Baptist Academy vs Halls High School,,Unknown,Correct,,,,Correct,10,Unknown,1,Yes,buzzer and team not identified in captions; team not identified in captions (captions lines 3405-3408),"Ten points tossup in literature who is mourned as the lost love. / And Edgar Allan Poe's poem The Raven. / Lenore, right, and a literature bonus. / What novel includes the characters King Louis, Bagheera and Mowgli?"
S41 E51,Round of 16,Bonus,26,"Part 1: What novel includes the characters King Louie, Bagheera and Mowgli? | Part 2: Who wrote it?",Part 1: The Jungle Book | Part 2: Rudyard Kipling,Literature,Language Arts,Temple Baptist Academy vs Halls High School,,Unknown,Correct,,,,Correct,20,Unknown,2,Yes,"bonus team and the deferral are garbled in captions; the answer to Part 2 was ""Kipling"" and the host added ""Rudyard""; team not identified in captions (captions lines 3407-3414)","Lenore, right, and a literature bonus. / What novel includes the characters King Louis, Bagheera and Mowgli? / The Jungle Book is right for ten. / Who wrote it? / Kipling deferred it like a Richard Kipling. / Yeah, Rudyard is right. / I will take that 20 points tossup in U.S. history. / What practice did 19th century abolitionists seek to abolish?"
S41 E51,Round of 16,Tossup,27,What practice did 19th century abolitionists seek to abolish?,Slavery,U.S. History,Social Studies,Temple Baptist Academy vs Halls High School,,Halls High School,Correct,,,,Correct,10,Halls High School,1,,buzzer not named; team from the bonus deferral to Levi,
S41 E51,Round of 16,Bonus,27,Part 1: What advocate shown here gave one of the most famous women's rights and abolitionist speeches of all time at the Women's Rights Convention in Ohio in 1851? | Part 2: What was her famous speech called?,"Part 1: Sojourner Truth | Part 2: ""Ain't I a Woman?""",Visual,General & Visual,Temple Baptist Academy vs Halls High School,Levi,Halls High School,Partial,,,,Partial,10,Halls High School,2,,"Levi said ""I am a woman"" for Part 2",
S41 E51,Round of 16,Tossup,28,"What is the chemical formula for calcium carbonate, the main ingredient in some chewable antacids?",CaCO₃,Chemistry,Science & Technology,Temple Baptist Academy vs Halls High School,Micah,Temple Baptist Academy,Incorrect,Joe,Halls High School,Incorrect,Missed,0,None given,1,,"Micah's answer garbled in captions (""K Clowe""); Joe's answer garbled (""CAC for its"") and the host gave no points; which Micah is unclear (Temple has two)",
S41 E51,Round of 16,Tossup,29,Which online retailer has created more U.S. jobs in the last decade than any other?,Amazon,Economics,Social Studies,Temple Baptist Academy vs Halls High School,Levi,Halls High School,Correct,,,,Correct,10,Halls High School,1,,,
S41 E51,Round of 16,Bonus,29,"Thanks to the end of a two year drought in Spain resulting in a stronger harvest, record high prices are expected to drop as supplies rise of what common ingredient in Mediterranean cuisine that is also used to fry foods, as a salad dressing and in religious rituals?",Olive oil,Economics,Social Studies,Temple Baptist Academy vs Halls High School,,Halls High School,Correct,,,,Correct,20,Halls High School,1,,,
S41 E51,Round of 16,Tossup,30,What is Tennessee's state beverage?,Milk,Miscellaneous,General & Visual,Temple Baptist Academy vs Halls High School,Micah,Temple Baptist Academy,Correct,,,,Correct,10,Temple Baptist Academy,1,,which Micah is unclear (Temple has two),
S41 E51,Round of 16,Bonus,30,Part 1: What is the Tennessee state tree? | Part 2: What is Tennessee's state commercial fish?,Part 1: Tulip poplar | Part 2: Channel catfish,Miscellaneous,General & Visual,Temple Baptist Academy vs Halls High School,,Temple Baptist Academy,Partial,,,,Partial,10,Temple Baptist Academy,2,,"team did not know Part 2; the captions add ""to defend America"" after Part 1, which is garbled",
S41 E51,Round of 16,Tossup,31,What is the Spanish word for 11?,Once,Foreign Language,Foreign Language,Temple Baptist Academy vs Halls High School,Joe,Halls High School,Correct,,,,Correct,10,Halls High School,1,,"answer garbled in captions (""Unsay"")",
S41 E51,Round of 16,Bonus,31,"What is the English translation of the Spanish question ""¿Dónde está la clase de inglés?""",Where is the English class?,Foreign Language,Foreign Language,Temple Baptist Academy vs Halls High School,,Halls High School,Correct,,,,Correct,20,Halls High School,1,,"Spanish phrase reconstructed from the translation (captions: ""Donde esta la class"")",
S41 E51,Round of 16,Tossup,32,What is the only country in the world with three capitals?,South Africa,Geography,Social Studies,Temple Baptist Academy vs Halls High School,Micah,Temple Baptist Academy,Correct,,,,Correct,10,Temple Baptist Academy,1,,which Micah is unclear (Temple has two),
S41 E51,Round of 16,Bonus,32,"Dhaka is the capital of what country, located in the delta of the Padma and Jamuna rivers in the northeastern part of the Indian subcontinent and one of the most densely populated countries in the world?",Bangladesh,Geography,Social Studies,Temple Baptist Academy vs Halls High School,,Temple Baptist Academy,Incorrect,,,,Missed,0,None given,1,,team said India,
S41 E51,Round of 16,Tossup,33,What is the common piece of laboratory glassware consisting of a finger-like length of glass or clear plastic tubing?,Test tube,Science,Science & Technology,Temple Baptist Academy vs Halls High School,,Halls High School,Correct,,,,Correct,10,Halls High School,1,,"buzzer not named; team from ""now for Halls"" on the bonus",
S41 E51,Round of 16,Bonus,33,What term is used to describe the natural movement of particles from an area of higher concentration to an area of lower concentration due to random molecular motion?,Diffusion,Visual,General & Visual,Temple Baptist Academy vs Halls High School,,Halls High School,Incorrect,,,,Missed,0,None given,1,,team said dispersion,
S41 E51,Round of 16,Tossup,34,What base ten number is represented by the base five number 423?,113,Math,Mathematics,Temple Baptist Academy vs Halls High School,,Temple Baptist Academy,Incorrect,Joe,Halls High School,Incorrect,Missed,0,None given,1,,"first buzzer's name and answer garbled in captions (""Like a 20""); Joe said 42.30 per captions",
S41 E51,Round of 16,Tossup,35,"What card-shedding type game, manufactured by Mattel, is similar to the game Crazy Eights?",Uno,Games,General & Visual,Temple Baptist Academy vs Halls High School,Micah,Temple Baptist Academy,Correct,,,,Correct,10,Temple Baptist Academy,1,,"answer inferred from ""Micah Uno"" in captions; which Micah is unclear (Temple has two)",
S41 E51,Round of 16,Bonus,35,"First released in late 2004, what was the name of Sony's first handheld game console?",PlayStation Portable (PSP),Games,General & Visual,Temple Baptist Academy vs Halls High School,,Temple Baptist Academy,Correct,,,,Correct,20,Temple Baptist Academy,1,,,
S41 E51,Round of 16,Tossup,36,Necklace is to bead as mosaic is to what?,Tile,Vocabulary,Language Arts,Temple Baptist Academy vs Halls High School,Joe,Halls High School,Correct,,,,Correct,10,Halls High School,1,,,
S41 E51,Round of 16,Bonus,36,"What nine letter word starting with O means very unpleasant or rude, highly objectionable or offensive?",Obnoxious,Vocabulary,Language Arts,Temple Baptist Academy vs Halls High School,,Halls High School,Correct,,,,Correct,20,Halls High School,1,,,
S41 E51,Round of 16,Tossup,37,"What state was organized between 1784 and 1788 with a constitution and a governor, but was never allowed to actually become a state?",Franklin,U.S. History,Social Studies,Temple Baptist Academy vs Halls High School,Micah,Temple Baptist Academy,Correct,,,,Correct,10,Temple Baptist Academy,1,,which Micah is unclear (Temple has two),
S41 E51,Round of 16,Bonus,37,Which two states were added to the Union during the Civil War?,West Virginia and Nevada,History,Social Studies,Temple Baptist Academy vs Halls High School,,Temple Baptist Academy,Partial,,,,Partial,10,Temple Baptist Academy,1,,team said California and West Virginia,
S41 E51,Round of 16,Tossup,38,A sarcomere is the basic structural unit of which type of tissue?,Muscle tissue,Biology,Science & Technology,Temple Baptist Academy vs Halls High School,,Halls High School,Incorrect,,Temple Baptist Academy,Incorrect,Missed,0,None given,1,,"Halls' first buzzer not named (said plant tissue); Temple's steal answer garbled in captions (""Like a heart"")",
S41 E51,Round of 16,Tossup,39,"In American football, how many points are awarded for a field goal?",Three,Sports,General & Visual,Temple Baptist Academy vs Halls High School,Joe,Halls High School,Correct,,,,Correct,10,Halls High School,1,,,
S41 E51,Round of 16,Bonus,39,"Because the roof of Tropicana Field was damaged by Hurricane Milton, the Tampa Bay Rays will play their 2025 home games at George M. Steinbrenner Field in Tampa, which is the spring training facility for what American League team?",The New York Yankees,Sports,General & Visual,Temple Baptist Academy vs Halls High School,,Halls High School,Incorrect,,,,Missed,0,None given,1,,team said the Dolphins,
S41 E51,Round of 16,Tossup,40,Which gospel writer is also thought to be the author of the Acts of the Apostles?,Luke,Religion,Religion & Mythology,Temple Baptist Academy vs Halls High School,Micah,Temple Baptist Academy,Correct,,,,Correct,10,Temple Baptist Academy,1,,which Micah is unclear (Temple has two),
S41 E51,Round of 16,Bonus,40,"According to the four Gospels, what is the name of the site where Jesus was crucified, just outside Jerusalem's walls, that translates to ""the place of the skull""?",Golgotha,Religion,Religion & Mythology,Temple Baptist Academy vs Halls High School,,Temple Baptist Academy,Correct,,,,Correct,20,Temple Baptist Academy,1,,,
S41 E51,Round of 16,Tossup,41,What is the title of the Arthur Miller play that takes place during the Salem witch trials?,The Crucible,Literature,Language Arts,Temple Baptist Academy vs Halls High School,,Unknown,Correct,,,,Correct,10,Unknown,1,Yes,buzzer and team not identified in captions; team not identified in captions (captions lines 3521-3525),"Golgotha is right for 20 tossup in literature. / What is the title of the Arthur Miller play that takes place during the Salem The Crucible? / Salem witch trials. / Literature bonus which animals were more equal than others? / According to George Orwell's literary work Animal Farm, Pigs and Animal Farm, what was the name of the pig who led the rebellion?"
S41 E51,Round of 16,Bonus,41,"Part 1: In George Orwell's Animal Farm, which animals were ""more equal than others""? | Part 2: In Animal Farm, what was the name of the pig who led the rebellion?",Part 1: Pigs | Part 2: Napoleon,Literature,Language Arts,Temple Baptist Academy vs Halls High School,,Unknown,Correct,,,,Correct,20,Unknown,2,Yes,the exchange on Part 2 is garbled in captions; the host ruled Napoleon correct for 20 points; team not identified in captions (captions lines 3524-3530),"Literature bonus which animals were more equal than others? / According to George Orwell's literary work Animal Farm, Pigs and Animal Farm, what was the name of the pig who led the rebellion? / Napoleon. / It's Napoleon. / No, it's not, it's Napoleon. / Napoleon is right. / For 20 tossup in government, many scientists say the best site for the permanent burial of high level nuclear waste is Yucca mountain."
S41 E51,Round of 16,Tossup,42,Many scientists say the best site for the permanent burial of high level nuclear waste is Yucca Mountain. It is located in what state?,Nevada,Government,Social Studies,Temple Baptist Academy vs Halls High School,,Unknown,Correct,,,,Correct,10,Unknown,1,Yes,"buzzer and team not identified in captions (garbled as ""Latrobe""); team not identified in captions (captions lines 3530-3531)","For 20 tossup in government, many scientists say the best site for the permanent burial of high level nuclear waste is Yucca mountain. / Located in what state?"
S41 E51,Round of 16,Bonus,42,Which four states allowed women to vote before 1900?,"Wyoming, Colorado, Utah, Idaho",Government,Social Studies,Temple Baptist Academy vs Halls High School,,Unknown,Incorrect,,,,Missed,0,None given,1,Yes,"team said Kansas, Oregon, California and New Jersey; team not identified in captions (captions lines 3530-3544)","For 20 tossup in government, many scientists say the best site for the permanent burial of high level nuclear waste is Yucca mountain. / Located in what state? / Latrobe, Nevada. / Right. / And a government bonus, which for states allowed women to vote before 1900. / Oh, Kansas. / Teachers in Oregon. / Answer. / Kansas, Oregon. / California and, new Jersey. / Well, none of those are it. / But it's Wyoming, Colorado, Utah and Idaho. / No points. / Tossup. / In astronomy, the Big Dipper is part of what constellation?"
S41 E51,Round of 16,Tossup,43,The Big Dipper is part of what constellation?,Ursa Major,Astronomy,Science & Technology,Temple Baptist Academy vs Halls High School,Joe,Halls High School,Correct,,,,Correct,10,Halls High School,1,,,
S41 E51,Round of 16,Bonus,43,What are the four smallest planets in our solar system?,"Mercury, Mars, Venus, Earth",Astronomy,Science & Technology,Temple Baptist Academy vs Halls High School,Joe,Halls High School,Correct,,,,Correct,20,Halls High School,1,,,
S41 E51,Round of 16,Tossup,44,"In the first quadrant of the unit circle, if the cosine of an angle is one over two, what is the measure of the angle formed?",60 degrees (pi/3 radians),Pre-Calculus,Mathematics,Temple Baptist Academy vs Halls High School,Amanda,Halls High School,Correct,,,,Correct,10,Halls High School,1,,,
S41 E51,Round of 16,Bonus,44,"What is the process of combining infinitesimal data to describe displacement, area, volume and other concepts?",Integration,Pre-Calculus,Mathematics,Temple Baptist Academy vs Halls High School,,Halls High School,Incorrect,,,,Missed,0,None given,1,,team did not know; the game ended after this bonus,
S41 E53,Round of 8,Tossup,1,The city of Cincinnati is on which river?,The Ohio River,Geography,Social Studies,Farragut High School vs Roane County High School,Lucas,Roane County High School,Correct,,,,Correct,10,Roane County High School,1,,,
S41 E53,Round of 8,Bonus,1,"Part 1: In which time zone is Las Vegas, Nevada? | Part 2: In which time zone is Indianapolis, Indiana?",Part 1: Pacific | Part 2: Eastern,Geography,Social Studies,Farragut High School vs Roane County High School,,Roane County High School,Partial,,,,Partial,10,Roane County High School,2,,team said Central for Part 2,
S41 E53,Round of 8,Tossup,2,"Rounded to the nearest ten, what percentage of the Earth is covered in oceans?",70%,Geology,Science & Technology,Farragut High School vs Roane County High School,Lucas,Roane County High School,Correct,,,,Correct,10,Roane County High School,1,,,
S41 E53,Round of 8,Bonus,2,"As of September 2024, there were an estimated 23,490 active lithium prospecting claims in which U.S. state, which is already the nation's largest producer of gold and second largest producer of silver?",Nevada,Geology,Science & Technology,Farragut High School vs Roane County High School,,Roane County High School,Correct,,,,Correct,20,Roane County High School,1,,,
S41 E53,Round of 8,Tossup,3,"How many syllables are there in total in a haiku, which contains three lines of poetry?",17,Literature,Language Arts,Farragut High School vs Roane County High School,Leighton,Farragut High School,Correct,,,,Correct,10,Farragut High School,1,,"buzzer name read from ""Late""",
S41 E53,Round of 8,Bonus,3,"Part 1: Which Pulitzer Prize winner wrote ""The woods are lovely, dark and deep, but I have promises to keep and miles to go before I sleep""? | Part 2: What is the exact title of the poem?",Part 1: Robert Frost | Part 2: Stopping by Woods on a Snowy Evening,Literature,Language Arts,Farragut High School vs Roane County High School,,Farragut High School,Partial,,,,Partial,10,Farragut High School,2,,"team said ""The Road Not Taken"" for Part 2",
S41 E53,Round of 8,Tossup,4,In which country did the type of dance drama known as kabuki begin?,Japan,Art,Fine Arts,Farragut High School vs Roane County High School,,Farragut High School,Correct,,,,Correct,10,Farragut High School,1,,"buzzer not named; team from ""visual bonus for Farragut""",
S41 E53,Round of 8,Bonus,4,"What is the title of the painting shown here, created in 1818 by the German artist Caspar David Friedrich and considered one of the masterpieces of the Romantic movement?",Wanderer Above the Sea of Fog,Visual,General & Visual,Farragut High School vs Roane County High School,,Farragut High School,Incorrect,,,,Missed,0,None given,1,,"team said ""man on the mountain""",
S41 E53,Round of 8,Tossup,5,Which medical specialty studies changes in the body that cause disease or that are caused by disease?,Pathology,Health,Science & Technology,Farragut High School vs Roane County High School,Leighton,Farragut High School,Correct,,,,Correct,10,Farragut High School,1,,"buzzer name read from ""Latent""",
S41 E53,Round of 8,Bonus,5,The middle ear fills with air that comes from the mouth or nose via what passage?,The Eustachian tube,Health,Science & Technology,Farragut High School vs Roane County High School,,Farragut High School,Incorrect,,,,Missed,0,None given,1,,"team said ""nasal canal""",
S41 E53,Round of 8,Tossup,6,"In economics, what currency is used in Mexico?",The peso,Economics,Social Studies,Farragut High School vs Roane County High School,,Unknown,Correct,,,,Correct,10,Unknown,1,Yes,buzzer and team not identified in captions; team not identified in captions (captions lines 2632-2636),"No points on the bonus toss up. / In economics, what currency is used in Mexico? / Pesos, yes. / And an economics bonus. / What country's official currency is the renminbi?"
S41 E53,Round of 8,Bonus,6,What country's official currency is the renminbi?,China,Economics,Social Studies,Farragut High School vs Roane County High School,,Unknown,Incorrect,,,,Missed,0,None given,1,Yes,team conferred and said Pakistan; team not identified in captions (captions lines 2635-2644),"And an economics bonus. / What country's official currency is the renminbi? / Is it mom? / Not and not India. / Pakistan, I don't think. / I think so you said Zimbabwe. / I don't know, just Pakistan. / Pakistan. / It's actually China. / The renminbi toss up in algebra in the equation three x plus six equals three x."
S41 E53,Round of 8,Tossup,7,"In the equation 3x + 6 = 3x, solve for x.",No solution,Algebra,Mathematics,Farragut High School vs Roane County High School,Lucas,Roane County High School,Correct,,,,Correct,10,Roane County High School,1,,,
S41 E53,Round of 8,Bonus,7,Part 1: What is the reduced slope of the line with the equation 4x + 8y = 0? | Part 2: Name its y-intercept in coordinate form.,"Part 1: -1/2 | Part 2: (0, 0)",Algebra,Mathematics,Farragut High School vs Roane County High School,Lucas,Roane County High School,Correct,,,,Correct,20,Roane County High School,2,,,
S41 E53,Round of 8,Tossup,8,What 12 letter word beginning with B refers to the practice or study of predicting the participants in or outcomes of elimination tournaments or competitions like this one?,Bracketology,Vocabulary,Language Arts,Farragut High School vs Roane County High School,Lucas,Roane County High School,Correct,,,,Correct,10,Roane County High School,1,,,
S41 E53,Round of 8,Bonus,8,Part 1: What eight letter word starting with P means a person who knows and is able to use several languages? | Part 2: Spell that word.,Part 1: Polyglot | Part 2: P-O-L-Y-G-L-O-T,Vocabulary,Language Arts,Farragut High School vs Roane County High School,,Roane County High School,Partial,,,,Partial,10,Roane County High School,2,,"team said ""polygon"" for Part 1; the host gave ""polyglot"" and asked for the spelling",
S41 E53,Round of 8,Tossup,9,In what state is Old Dominion University located?,Virginia,Miscellaneous,General & Visual,Farragut High School vs Roane County High School,Lucas,Roane County High School,Incorrect,,Farragut High School,Correct,Correct,10,Farragut High School,1,,Lucas said Indiana; Farragut's stealing player not named,
S41 E53,Round of 8,Bonus,9,In what city and state is Brown University located?,"Providence, Rhode Island",Miscellaneous,General & Visual,Farragut High School vs Roane County High School,,Farragut High School,Correct,,,,Correct,20,Farragut High School,1,,,
S41 E53,Round of 8,Tossup,10,What is a huge cloud of dust that swirls among the stars?,A nebula,Astronomy,Science & Technology,Farragut High School vs Roane County High School,Armin,Farragut High School,Correct,,,,Correct,10,Farragut High School,1,,,
S41 E53,Round of 8,Bonus,10,"What celestial event occurred on April 8th, 2024, in parts of Texas, Oklahoma, Arkansas, Missouri, Illinois, Kentucky, Indiana, Ohio, Pennsylvania, New York, Vermont, New Hampshire and Maine?",A total solar eclipse,Astronomy,Science & Technology,Farragut High School vs Roane County High School,,Farragut High School,Correct,,,,Correct,20,Farragut High School,1,,,
S41 E53,Round of 8,Tossup,11,"What is the term for trying to get someone to do wrong by offering him or her special favors, bribery or money?",[unclear],Government,Social Studies,Farragut High School vs Roane County High School,,Unknown,Correct,,,,Correct,10,Unknown,1,Yes,"the buzzer and the answer are not in the captions (they jump from the question to the visual bonus); the answer is probably ""corruption"" (captions lines 2678-2680)","toss up in government. / What is the term for trying to get someone to do wrong by offering him or her special favors or bribery, or money and a visual bonus and government look at the screens, please. / On its 1976 bicentennial series of state flags, the US Postal Service made what error on the Tennessee stamp seen here?"
S41 E53,Round of 8,Bonus,11,"On its 1976 bicentennial series of state flags, the U.S. Postal Service made what error on the Tennessee stamp seen here?",The flag is upside down,Visual,General & Visual,Farragut High School vs Roane County High School,,Unknown,Incorrect,,,,Missed,0,None given,1,Yes,team said the banner or bar was on the wrong side; team not identified in captions (captions lines 2679-2687),"What is the term for trying to get someone to do wrong by offering him or her special favors or bribery, or money and a visual bonus and government look at the screens, please. / On its 1976 bicentennial series of state flags, the US Postal Service made what error on the Tennessee stamp seen here? / The banner. / I think that's supposed to be the bar. / Is it on the other side of the thing? / I think some of the bar the bar should be on the other side. / the stamp actually is the flag is actually upside down. / So the whole thing is upside down. / You can't give that to a toss up in geography, the sources of the Tigris and Euphrates rivers are in what country?"
S41 E53,Round of 8,Tossup,12,The sources of the Tigris and Euphrates rivers are in what country?,Turkey,Geography,Social Studies,Farragut High School vs Roane County High School,Armin,Farragut High School,Incorrect,Maddox,Roane County High School,Incorrect,Missed,0,None given,1,,"Armin said Iraq; Maddox's answer garbled in captions (""It makes your iron""), probably Iran; the host gave Turkey",
S41 E53,Round of 8,Tossup,13,What is the term for a verb that requires a direct object to complete its meaning?,Transitive verb,English,Language Arts,Farragut High School vs Roane County High School,Roshan,Farragut High School,Correct,,,,Correct,10,Farragut High School,1,,,
S41 E53,Round of 8,Bonus,13,"Which four words need to be capitalized in the following sentence? ""William the Conqueror was the first Norman king of England.""","William, Conqueror, Norman, England",English,Language Arts,Farragut High School vs Roane County High School,,Farragut High School,Correct,,,,Correct,20,Farragut High School,1,,,
S41 E53,Round of 8,Tossup,14,A platinum award from the Recording Industry Association of America represents sales of how many units?,1 million,Music,Fine Arts,Farragut High School vs Roane County High School,Lucas,Roane County High School,Incorrect,Leighton,Farragut High School,Correct,Correct,10,Farragut High School,1,,"Lucas said 10 million; Leighton's name read from ""Late""",
S41 E53,Round of 8,Bonus,14,"Part 1: If the time signature is six eight, how many beats would a half note get? | Part 2: How many beats would a dotted quarter note get?",Part 1: 4 | Part 2: 3,Music,Fine Arts,Farragut High School vs Roane County High School,,Farragut High School,Correct,,,,Correct,20,Farragut High School,2,,the host's reaction to Part 1 is garbled in captions; he ruled both parts correct for 20 points,
S41 E53,Round of 8,Tossup,15,What prefix means things or activities connected with air or movement through the air?,Aero-,Science,Science & Technology,Farragut High School vs Roane County High School,Roshan,Farragut High School,Correct,,,,Correct,10,Farragut High School,1,,"answer garbled in captions (""arrow"")",
S41 E53,Round of 8,Bonus,15,"Part 1: What chemical element is named after the mythological Greek goddess of the rainbow, who in the Iliad is the female messenger of the gods? | Part 2: What is the name of that mythological Greek goddess?",Part 1: Iridium | Part 2: Iris,Science,Science & Technology,Farragut High School vs Roane County High School,,Farragut High School,Correct,,,,Correct,20,Farragut High School,2,,,
S41 E53,Round of 8,Tossup,16,"Who said, ""I know not what course others may take, but as for me, give me liberty or give me death""?",Patrick Henry,U.S. History,Social Studies,Farragut High School vs Roane County High School,Roshan,Farragut High School,Incorrect,Lucas,Roane County High School,Incorrect,Missed,0,None given,1,,Roshan's answer not captured; Lucas said Thomas Paine,
S41 E53,Round of 8,Tossup,17,What is the value of the base five logarithm of 125?,3,Pre-Calculus,Mathematics,Farragut High School vs Roane County High School,Lucas,Roane County High School,Correct,,,,Correct,10,Roane County High School,1,,,
S41 E53,Round of 8,Bonus,17,What is the value of the tangent of 135 degrees in the unit circle?,-1,Pre-Calculus,Mathematics,Farragut High School vs Roane County High School,Lucas,Roane County High School,Correct,,,,Correct,20,Roane County High School,1,,,
S41 E53,Round of 8,Tossup,18,"According to Reader's Digest, the most misspelled word in Tennessee is ""Parliament."" Spell ""Parliament.""",P-A-R-L-I-A-M-E-N-T,Spelling,Language Arts,Farragut High School vs Roane County High School,Armin,Farragut High School,Correct,,,,Correct,10,Farragut High School,1,,"buzzer name read from ""Ahmed""",
S41 E53,Round of 8,Bonus,18,"Spell ""Brandeis,"" as in Brandeis University in Waltham, Massachusetts.",B-R-A-N-D-E-I-S,Spelling,Language Arts,Farragut High School vs Roane County High School,,Farragut High School,Incorrect,,,,Missed,0,None given,1,,team spelled it B-R-A-N-D-I-C-E,
S41 E53,Round of 8,Tossup,19,"What is the English translation of the Spanish question ""¿Qué hora es?""",What time is it?,Foreign Language,Foreign Language,Farragut High School vs Roane County High School,Roshan,Farragut High School,Correct,,,,Correct,10,Farragut High School,1,,"Spanish phrase reconstructed from the translation (captions: ""K to S"")",
S41 E53,Round of 8,Bonus,19,"Part 1: What is the English translation for the Spanish word ""fuego""? | Part 2: What is the English translation for the Spanish word ""nieve""?",Part 1: Fire | Part 2: Snow,Foreign Language,Foreign Language,Farragut High School vs Roane County High School,,Farragut High School,Correct,,,,Correct,20,Farragut High School,2,,"Spanish words reconstructed from the answers (captions: ""naive"" for nieve)",
S41 E53,Round of 8,Tossup,20,A honeybee getting nectar or pollen from a flower is an example of which type of symbiotic relationship?,Mutualism,Biology,Science & Technology,Farragut High School vs Roane County High School,Roshan,Farragut High School,Incorrect,Maddox,Roane County High School,Correct,Correct,10,Roane County High School,1,,"Roshan said symbiosis; Maddox's name read from ""Matic's""",
S41 E53,Round of 8,Bonus,20,List four of the eight levels of classification in the Linnaean taxonomy system.,"Any four of: domain, kingdom, phylum, class, order, family, genus, species",Biology,Science & Technology,Farragut High School vs Roane County High School,Lucas,Roane County High School,Partial,,,,Partial,15,Roane County High School,1,,"team named order, family and genus plus one wrong item; three counted (15 points)",
S41 E53,Round of 8,Tossup,21,"In 30 BC, Cleopatra killed herself following the defeat of her forces by what future first emperor of Rome?",Octavian (Augustus Caesar),History,Social Studies,Farragut High School vs Roane County High School,,Unknown,Correct,,,,Correct,10,Unknown,1,Yes,buzzer and team not identified in captions; team not identified in captions (captions lines 2769-2772),"In 30 BC, Cleopatra killed herself following the defeat of her forces by what future first Emperor Augustus Caesar? / Yeah, of Rome. / Octavian, later known as Augustus Caesar, and history. / Bonus, which Native American leader known as the last Apache War Chief, fought against both Mexican and American forces in the second half of the 19th century?"
S41 E53,Round of 8,Bonus,21,"Which Native American leader, known as the last Apache war chief, fought against both Mexican and American forces in the second half of the 19th century?",Geronimo,History,Social Studies,Farragut High School vs Roane County High School,,Unknown,Incorrect,,,,Missed,0,None given,1,Yes,team said Sitting Bull; team not identified in captions (captions lines 2772-2777),"Bonus, which Native American leader known as the last Apache War Chief, fought against both Mexican and American forces in the second half of the 19th century? / Sitting bull, sitting bull. / Yeah. / Sitting bull and that was Geronimo I described. / Toss up in art. / What is the term for the style of art that uses shapes, designs, textures and colors in a way Lucas Abstract have to emphasize moods or feelings."
S41 E53,Round of 8,Tossup,22,"What is the term for the style of art that uses shapes, designs, textures and colors in a way that emphasizes moods or feelings?",Abstract art,Art,Fine Arts,Farragut High School vs Roane County High School,Lucas,Roane County High School,Correct,,,,Correct,10,Roane County High School,1,,,
S41 E53,Round of 8,Bonus,22,"A junk dealer discovered a painting on a rolled up canvas in 1962, but his wife thought it wasn't pretty enough to sell, so it hung in their home for about 50 years until one of their children realized that the painting, authenticated in 2024, was an asymmetrical portrait of Dora Maar by what famed Spanish artist known for the Cubism movement?",Pablo Picasso,Art,Fine Arts,Farragut High School vs Roane County High School,,Roane County High School,Incorrect,,,,Missed,0,None given,1,,team had no answer,
S41 E53,Round of 8,Tossup,23,"What poem by Rudyard Kipling contains the famous line ""You're a better man than I am""?",Gunga Din,Literature,Language Arts,Farragut High School vs Roane County High School,Armin,Farragut High School,Incorrect,,,,Missed,0,None given,1,,"the host started this question before halftime and held it for the second half; Armin's answer not captured; steal offered to Roane, no answer captured",
S41 E53,Round of 8,Tossup,24,Which architect designed the Solomon R. Guggenheim Museum building on Fifth Avenue in New York City?,Frank Lloyd Wright,Architecture,Fine Arts,Farragut High School vs Roane County High School,Leighton,Farragut High School,Correct,,,,Correct,10,Farragut High School,1,,"buzzer name read from ""Layton""",
S41 E53,Round of 8,Bonus,24,"The Newgrange mound in Ireland is a Neolithic monument, older than both Stonehenge and the Egyptian pyramids, and was constructed so that the rising sun would illuminate its innermost chamber during what celestial event in December?",The winter solstice,Architecture,Fine Arts,Farragut High School vs Roane County High School,,Farragut High School,Correct,,,,Correct,20,Farragut High School,1,,,
S41 E53,Round of 8,Tossup,25,"Which fault line runs along the borders of West Tennessee, Arkansas and Missouri?",The New Madrid fault,Geology,Science & Technology,Farragut High School vs Roane County High School,Evan,Farragut High School,Correct,,,,Correct,10,Farragut High School,1,,"buzzer name read from ""Seven""; team inferred from the bonus responder",
S41 E53,Round of 8,Bonus,25,"Part 1: What does a paleontologist study? | Part 2: Spell ""paleontologist.""",Part 1: Fossils | Part 2: P-A-L-E-O-N-T-O-L-O-G-I-S-T,Geology,Science & Technology,Farragut High School vs Roane County High School,,Farragut High School,Correct,,,,Correct,20,Farragut High School,2,,spelling garbled in captions; the host ruled it exactly right,
S41 E53,Round of 8,Tossup,26,What is the only crime defined in the U.S. Constitution?,Treason,Government,Social Studies,Farragut High School vs Roane County High School,Lucas,Roane County High School,Correct,,,,Correct,10,Roane County High School,1,,,
S41 E53,Round of 8,Bonus,26,The Ottoman Empire was abolished in 1922 and succeeded by which nation state?,Turkey,Government,Social Studies,Farragut High School vs Roane County High School,,Roane County High School,Correct,,,,Correct,20,Roane County High School,1,,,
S41 E53,Round of 8,Tossup,27,How many minutes are in 2.25 hours?,135,Math,Mathematics,Farragut High School vs Roane County High School,Lucas,Roane County High School,Correct,,,,Correct,10,Roane County High School,1,,,
S41 E53,Round of 8,Bonus,27,"The first term of an arithmetic sequence is 20, and the common difference between terms is -12. What is the 12th term of the sequence?",-112,Math,Mathematics,Farragut High School vs Roane County High School,Lucas,Roane County High School,Correct,,,,Correct,20,Roane County High School,1,,,
S41 E53,Round of 8,Tossup,28,"What is the literal English translation of the Spanish words ""salsa amarilla""?",Yellow sauce,Foreign Language,Foreign Language,Farragut High School vs Roane County High School,,Farragut High School,Incorrect,James,Roane County High School,Incorrect,Missed,0,None given,1,,"Spanish phrase reconstructed from the answer; Farragut's first buzzer garbled in captions (""Maria 11"") said ""yellow salsa"", which the host rejected because it repeats ""salsa""; James said green salsa",
S41 E53,Round of 8,Tossup,29,In what year did the University of Tennessee football team last win the national championship?,1998,Sports,General & Visual,Farragut High School vs Roane County High School,,Roane County High School,Correct,,,,Correct,10,Roane County High School,1,,"buzzer not named; team from ""sports bonus for Roane""",
S41 E53,Round of 8,Bonus,29,"Part 1: What is the current name of the Major League Baseball team in Cleveland, Ohio? | Part 2: What is the current name of the National Football League team in Washington, D.C.?",Part 1: Guardians | Part 2: Commanders,Sports,General & Visual,Farragut High School vs Roane County High School,,Roane County High School,Correct,,,,Correct,20,Roane County High School,2,,,
S41 E53,Round of 8,Tossup,30,What is the common name for H2CO3?,Carbonic acid,Chemistry,Science & Technology,Farragut High School vs Roane County High School,Leighton,Farragut High School,Incorrect,Ethan,Roane County High School,Incorrect,Missed,0,None given,1,,Leighton said hydrochloric acid; Ethan said methanol,
S41 E53,Round of 8,Tossup,31,Which company introduced the first automatic drip coffee maker brand in 1972?,Mr. Coffee,Economics,Social Studies,Farragut High School vs Roane County High School,Leighton,Farragut High School,Incorrect,Maddox,Roane County High School,Incorrect,Missed,0,None given,1,,"Leighton said Keurig (name read from ""Lightning""); Maddox said Folgers",
S41 E53,Round of 8,Tossup,32,Which of the apostles was a tax collector before following Jesus?,Matthew,Religion,Religion & Mythology,Farragut High School vs Roane County High School,Lucas,Roane County High School,Incorrect,Evan,Farragut High School,Incorrect,Missed,0,None given,1,,Lucas said Jeremiah; Evan said Paul,
S41 E53,Round of 8,Tossup,33,"A singer breathes from the diaphragm. Spell ""diaphragm.""",D-I-A-P-H-R-A-G-M,Vocabulary,Language Arts,Farragut High School vs Roane County High School,Ethan,Roane County High School,Correct,,,,Correct,10,Roane County High School,1,,,
S41 E53,Round of 8,Bonus,33,"What seven letter word starting with O means foreboding or foreshadowing, evil or horrible?",Ominous,Vocabulary,Language Arts,Farragut High School vs Roane County High School,,Roane County High School,Correct,,,,Correct,20,Roane County High School,1,,,
S41 E53,Round of 8,Tossup,34,"What rock band, popular in the 70s and 80s, shares its name with a river that forms the boundary between Earth and the underworld in Greek mythology?",Styx,Music,Fine Arts,Farragut High School vs Roane County High School,,Unknown,Correct,,,,Correct,10,Unknown,1,Yes,buzzer and team not identified in captions; team not identified in captions (captions lines 2909-2909),"What rock band popular in the 70s and 80s shares its name with a river that forms the boundary between Earth and the underworld in Greek mythology, Styx and Music Bonus now identify the other half of the famous duo Brooks and Dun Dun."
S41 E53,Round of 8,Bonus,34,Part 1: Identify the other half of the famous duo Brooks and ___. | Part 2: Identify the other half of the famous singing duo Sonny and ___.,Part 1: Dunn | Part 2: Cher,Music,Fine Arts,Farragut High School vs Roane County High School,,Unknown,Partial,,,,Partial,10,Unknown,2,Yes,"team said ""the Sunshine Band"" for Part 2; team not identified in captions (captions lines 2909-2915)","What rock band popular in the 70s and 80s shares its name with a river that forms the boundary between Earth and the underworld in Greek mythology, Styx and Music Bonus now identify the other half of the famous duo Brooks and Dun Dun. / Wreck for ten. / Identify the other half of the famous singing duo Sonny and the Sunshine Band. / And the Sunshine Band. / It's Sonny and Cher. / Toss. / Tossup in physics for everyone in radio broadcasting."
S41 E53,Round of 8,Tossup,35,"In radio broadcasting, what words do the letters AM represent?",Amplitude modulation,Physics,Science & Technology,Farragut High School vs Roane County High School,,Unknown,Correct,,,,Correct,10,Unknown,1,Yes,buzzer and team not identified in captions; team not identified in captions (captions lines 2914-2919),Toss. / Tossup in physics for everyone in radio broadcasting. / What words do the letters Am represent? / Amplitude modulation is right. / Physics bonus. / What is the instrument that has a u shaped tube and measures pressure in a closed system barometer?
S41 E53,Round of 8,Bonus,35,"Part 1: What is the instrument that has a U-shaped tube and measures pressure in a closed system? | Part 2: Who invented the manometer in 1661, in addition to inventing a vacuum pump and an electrostatic generator?",Part 1: Manometer | Part 2: Otto von Guericke,Physics,Science & Technology,Farragut High School vs Roane County High School,,Unknown,Incorrect,,,,Missed,0,None given,2,Yes,"team said barometer and Maxwell; the answer to Part 2 is garbled in captions (""Otto van Gelder key""); team not identified in captions (captions lines 2918-2924)","Physics bonus. / What is the instrument that has a u shaped tube and measures pressure in a closed system barometer? / That's a manometer. / Who invented the manometer in 1661? / In addition to inventing a vacuum pump and an electrostatic generator. / And Maxwell Maxwell. / That's Otto van Gelder key toss up in geography, in which state is Cape Hatteras National Seashore?"
S41 E53,Round of 8,Tossup,36,In which state is Cape Hatteras National Seashore?,North Carolina,Geography,Social Studies,Farragut High School vs Roane County High School,Maddox,Roane County High School,Correct,,,,Correct,10,Roane County High School,1,,,
S41 E53,Round of 8,Bonus,36,Part 1: What geologic oddity shown here was designated as America's first national monument in 1906 by President Theodore Roosevelt? | Part 2: In what Steven Spielberg movie does a character played by Richard Dreyfuss use mashed potatoes to represent Devil's Tower?,Part 1: Devils Tower | Part 2: Close Encounters of the Third Kind,Visual,General & Visual,Farragut High School vs Roane County High School,,Roane County High School,Correct,,,,Correct,20,Roane County High School,2,,,
S41 E53,Round of 8,Tossup,37,What is the more common name for a number that cannot be written as a fraction of two integers?,Irrational number,Math,Mathematics,Farragut High School vs Roane County High School,Leighton,Farragut High School,Incorrect,Lucas,Roane County High School,Correct,Correct,10,Roane County High School,1,,"Leighton said rational (name read from ""Latent"")",
S41 E53,Round of 8,Bonus,37,"Part 1: In a certain geometric progression, the third term is 12 and the fourth term is 48. What is the fifth term in the progression? | Part 2: What is the first term in the progression?",Part 1: 192 | Part 2: 3/4,Math,Mathematics,Farragut High School vs Roane County High School,Lucas,Roane County High School,Partial,,,,Partial,10,Roane County High School,2,,team said 144 for Part 1; the host then asked for the first term,
S41 E53,Round of 8,Tossup,38,Which mythological Greek god was a messenger who wore winged sandals?,Hermes,Mythology,Religion & Mythology,Farragut High School vs Roane County High School,Leighton,Farragut High School,Correct,,,,Correct,10,Farragut High School,1,,"buzzer name read from ""lightning""",
S41 E53,Round of 8,Bonus,38,"What Broadway and movie musical, with a plot similar to a 19th century German short story, is about a mythical Scottish town that appears for one day every 100 years?",Brigadoon,Mythology,Religion & Mythology,Farragut High School vs Roane County High School,,Farragut High School,Incorrect,,,,Missed,0,None given,1,,team had no answer,
S41 E53,Round of 8,Tossup,39,What is the German word for the color black?,Schwarz,Foreign Language,Foreign Language,Farragut High School vs Roane County High School,,Farragut High School,Correct,,,,Correct,10,Farragut High School,1,,"buzzer name garbled in captions (""Look at spots""), probably Leighton; team inferred",
S41 E53,Round of 8,Bonus,39,"What is the literal English translation of the French phrase ""mon chou,"" a term of endearment for someone much loved?",My cabbage,Foreign Language,Foreign Language,Farragut High School vs Roane County High School,,Farragut High School,Incorrect,,,,Missed,0,None given,1,,"team said ""my little something"" and ""my little baby""",
S41 E53,Round of 8,Tossup,40,What temperature in Celsius is equal to 95 degrees Fahrenheit?,35 degrees Celsius,Science,Science & Technology,Farragut High School vs Roane County High School,Roshan,Farragut High School,Incorrect,Lucas,Roane County High School,Correct,Correct,10,Roane County High School,1,,Roshan's answer not captured; no bonus appears in the captions after this steal,
S41 E53,Round of 8,Tossup,41,Who was the Prime Minister of Japan responsible for the bombing of Pearl Harbor in 1941?,Hideki Tojo,History,Social Studies,Farragut High School vs Roane County High School,Armin,Farragut High School,Correct,,,,Correct,10,Farragut High School,1,,"buzzer name read from ""Arman""",
S41 E53,Round of 8,Bonus,41,Which two wives of Henry VIII were cousins and were beheaded five years apart at the Tower of London?,Anne Boleyn and Catherine Howard,History,Social Studies,Farragut High School vs Roane County High School,,Farragut High School,Correct,,,,Correct,20,Farragut High School,1,,team first offered Catherine of Aragon and Anne of Cleves before settling on the right pair,
S41 E53,Round of 8,Tossup,42,"In the U.S., what distinguishes a bench trial?",There is no jury,Government,Social Studies,Farragut High School vs Roane County High School,Lucas,Roane County High School,Correct,,,,Correct,10,Roane County High School,1,,"answer read from ""No. Jury correct""",
S41 E53,Round of 8,Bonus,42,"In 2024, the Louisiana state government began accepting what type of digital payments for state services?",Cryptocurrency,Government,Social Studies,Farragut High School vs Roane County High School,,Roane County High School,Correct,,,,Correct,20,Roane County High School,1,,the host reminded the team to wait for the buzzer before answering,
S41 E53,Round of 8,Tossup,43,One of Shakespeare's plays is titled Two Gentlemen of which city?,Verona,Literature,Language Arts,Farragut High School vs Roane County High School,Evan,Farragut High School,Correct,,,,Correct,10,Farragut High School,1,,"buzzer name read from ""Even""",
S41 E53,Round of 8,Bonus,43,Part 1: Which of Homer's epic poems recounts the arduous journey of a king returning from war? | Part 2: From which war is he returning?,Part 1: The Odyssey | Part 2: The Trojan War,Literature,Language Arts,Farragut High School vs Roane County High School,,Farragut High School,Correct,,,,Correct,20,Farragut High School,2,,,
S41 E53,Round of 8,Tossup,44,"In the 1820s, which Spanish artist painted Saturn Devouring His Son?",Francisco Goya,Art,Fine Arts,Farragut High School vs Roane County High School,Maddox,Roane County High School,Incorrect,Evan,Farragut High School,Incorrect,Missed,0,None given,1,,Maddox said Picasso; Evan said Dalí,
S41 E53,Round of 8,Tossup,45,What is the location of the innominate bone in humans?,The hip (pelvis),Health,Science & Technology,Farragut High School vs Roane County High School,Leighton,Farragut High School,Incorrect,Lucas,Roane County High School,Incorrect,Missed,0,None given,1,,Leighton said the elbow; Lucas said the leg,
S41 E53,Round of 8,Tossup,46,Which inventor was known as the Wizard of Menlo Park?,Thomas Edison,U.S. History,Social Studies,Farragut High School vs Roane County High School,Maddox,Roane County High School,Incorrect,,Farragut High School,Correct,Correct,10,Farragut High School,1,,"Maddox said Tesla (name read from ""Mannix""); Farragut's stealing player not named",
S41 E53,Round of 8,Bonus,46,"Which U.S. president, prior to his presidency, filed a patent for adjustable, buoyant air chambers that would be attached to the sides of a boat, allowing them to navigate shallow waterways?",Abraham Lincoln,History,Social Studies,Farragut High School vs Roane County High School,,Farragut High School,Incorrect,,,,Missed,0,None given,1,,"team's answer garbled in captions (""Thomas Wilson"")",
S41 E53,Round of 8,Tossup,47,What type of conditional statement is the inverse of its converse?,Contrapositive,Geometry,Mathematics,Farragut High School vs Roane County High School,Armin,Farragut High School,Incorrect,Lucas,Roane County High School,Correct,Correct,10,Roane County High School,1,,"Armin's name read from ""Harmon"", answer not captured",
S41 E53,Round of 8,Bonus,47,What number is the midpoint between negative four and positive seven?,3/2 (1.5),Geometry,Mathematics,Farragut High School vs Roane County High School,Lucas,Roane County High School,Correct,,,,Correct,20,Roane County High School,1,,,
S41 E53,Round of 8,Tossup,48,"Who composed the opera Lohengrin, which includes the bridal chorus generally known as ""Here Comes the Bride""?",Richard Wagner,Music,Fine Arts,Farragut High School vs Roane County High School,,Farragut High School,Correct,,,,Correct,10,Farragut High School,1,Yes,"the buzzer is unclear: the captions show ""Lucas"" and a host quip before the answer ""Wagner""; Farragut is inferred from the host's closing remark that even the 20 bonus points would not have been enough for the team still behind (captions lines 3027-3051)","Is that a tossup in music? / Who composed the opera Lohengrin which includes a bridal chorus? / Lucas I would have no idea the answer to that question. / But of course, generally known as Here Comes the Bride. / Bognor. / Yes. / And a music bonus. / What Italian words meaning for two. / That was so close. / And even if he got the 20 points on the bonus, it was not enough, to get us all the way to the top. / And by the way, I do a is for two in Italian. / What a great game that was and how close that was. / Both teams did really, really well and worked hard to get to this point. / But only one of you can advance to the philosophical four, and it's going to be Rome County. / First of all, we're Farragut. / You guys are fantastic, and I hope to have you for many more years on Scholar's Bowl. / We enjoy having it all. / Pretty much all underclassmen on this team, right? / Yeah, absolutely. / You guys are going to do really well in future years. / Meanwhile, Roane County, congratulations with your stylish Frank Murphy pins, you'll have to take take those on now, I guess, to the next round of the philosophical for and we appreciate you guys being here. / We'll see you real soon actually for that game you can keep track of all of our games, all of our players. / Never miss an episode, set your DVR or binge watch past seasons online using the PBS app. / My name is Frank Murphy. / Thank you for watching Tennessee's Scholar's Bowl 2025."
S41 E53,Round of 8,Bonus,48,"What Italian words meaning ""for two"" are used as a musical term?",A due,Music,Fine Arts,Farragut High School vs Roane County High School,,Farragut High School,Incorrect,,,,Missed,0,None given,1,,"time expired; the host gave the answer ""a due""",
S41 E55,Round of 8,Tossup,1,Which group of religious followers did Bloody Mary Tudor persecute because she feared they would revolt?,Protestants,Religion,Religion & Mythology,L&N STEM Academy (Jordan's team) vs Jefferson County High School,Elaine,Jefferson County High School,Incorrect,Jordan,L&N STEM Academy (Jordan's team),Correct,Correct,10,L&N STEM Academy (Jordan's team),1,,"Elaine said Puritans; Jordan's name read from ""Gordon""; the host accepted ""Protestants"" in general",
S41 E55,Round of 8,Bonus,1,"Part 1: In the book of Judges, who was called by the Lord to help free the Israelites from the Philistines and had long hair that gave him strength as a sign of his covenant with the Lord? | Part 2: Who had Samson's hair shaved while he slept in order to make him weak so the Philistines could attack and capture him?",Part 1: Samson | Part 2: Delilah,Religion,Religion & Mythology,L&N STEM Academy (Jordan's team) vs Jefferson County High School,,L&N STEM Academy (Jordan's team),Correct,,,,Correct,20,L&N STEM Academy (Jordan's team),2,,,
S41 E55,Round of 8,Tossup,2,"Who is one of the greatest Roman poets and author of Rome's national epic poem, The Aeneid?",Virgil,Literature,Language Arts,L&N STEM Academy (Jordan's team) vs Jefferson County High School,Jordan,L&N STEM Academy (Jordan's team),Correct,,,,Correct,10,L&N STEM Academy (Jordan's team),1,,,
S41 E55,Round of 8,Bonus,2,"Part 1: What book has the characters Hester Prynne, Arthur Dimmesdale and Roger Chillingworth? | Part 2: Who wrote The Scarlet Letter?",Part 1: The Scarlet Letter | Part 2: Nathaniel Hawthorne,Literature,Language Arts,L&N STEM Academy (Jordan's team) vs Jefferson County High School,,L&N STEM Academy (Jordan's team),Partial,,,,Partial,10,L&N STEM Academy (Jordan's team),2,,team said The Great Gatsby for Part 1,
S41 E55,Round of 8,Tossup,3,What is the term for a hurricane that occurs in the tropical waters of the Western Pacific?,Typhoon,Science,Science & Technology,L&N STEM Academy (Jordan's team) vs Jefferson County High School,Zach,Jefferson County High School,Correct,,,,Correct,10,Jefferson County High School,1,,,
S41 E55,Round of 8,Bonus,3,"A study published in 2024 revealed the lasting effects of a team of gophers that, for only one day in 1983, burrowed into the ash and unearthed bacteria and fungi essential for soil health in the area around what volcano that had erupted in Washington in 1980?",Mount St. Helens,Science,Science & Technology,L&N STEM Academy (Jordan's team) vs Jefferson County High School,Zach,Jefferson County High School,Correct,,,,Correct,20,Jefferson County High School,1,,,
S41 E55,Round of 8,Tossup,4,What is the location of the plantar arch?,The foot,Biology,Science & Technology,L&N STEM Academy (Jordan's team) vs Jefferson County High School,Zach,Jefferson County High School,Correct,,,,Correct,10,Jefferson County High School,1,,answer not spoken in captions (the host just said correct),
S41 E55,Round of 8,Bonus,4,"What is the two word common name for an Acer saccharum tree, the sap of which is used to produce pancake syrup?",Sugar maple,Biology,Science & Technology,L&N STEM Academy (Jordan's team) vs Jefferson County High School,,Jefferson County High School,Incorrect,,,,Missed,0,None given,1,,"team said ""maple tree""",
S41 E55,Round of 8,Tossup,5,What circle of stones in England is 97 feet in diameter?,Stonehenge,Geography,Social Studies,L&N STEM Academy (Jordan's team) vs Jefferson County High School,,Unknown,Correct,,,,Correct,10,Unknown,1,Yes,buzzer and team not identified in captions; team not identified in captions (captions lines 1938-1948),"Is it for the two word phrase tossup in geography? / What circle of stones in England is 97ft second? / Stonehenge in diameter. / Right. / And a geography bonus. / What is the capital of Kansas? / Kansas. / Oklahoma. / Oh, no. / Oh, I'm not sure. / Yes, I am Kansas City."
S41 E55,Round of 8,Bonus,5,Part 1: What is the capital of Kansas? | Part 2: What is the capital of Massachusetts?,Part 1: Topeka | Part 2: Boston,Geography,Social Studies,L&N STEM Academy (Jordan's team) vs Jefferson County High School,,Unknown,Partial,,,,Partial,10,Unknown,2,Yes,team said Kansas City for Part 1; team not identified in captions (captions lines 1948-1958),"Yes, I am Kansas City. / That's Topeka. / What is the capital of Massachusetts? / Augustus, Massachusetts? / No, Boston. / Boston. / Yeah. / Boston is right for ten points. / Tossup. / Now in art. / What is the most distinctive characteristic of the statue of Venus de Milo?"
S41 E55,Round of 8,Tossup,6,What is the most distinctive characteristic of the statue of Venus de Milo?,She has no arms,Art,Fine Arts,L&N STEM Academy (Jordan's team) vs Jefferson County High School,Elaine,Jefferson County High School,Correct,,,,Correct,10,Jefferson County High School,1,,,
S41 E55,Round of 8,Bonus,6,Part 1: Who was the artist shown here in his 1845 self-portrait? | Part 2: What was the title of that famous self-portrait?,Part 1: Gustave Courbet | Part 2: The Desperate Man,Visual,General & Visual,L&N STEM Academy (Jordan's team) vs Jefferson County High School,,Jefferson County High School,Incorrect,,,,Missed,0,None given,2,,"team said Frida Kahlo and ""Insanity""",
S41 E55,Round of 8,Tossup,7,"Finish this expression by Nietzsche: ""What doesn't kill you ...""",Makes you stronger,Vocabulary,Language Arts,L&N STEM Academy (Jordan's team) vs Jefferson County High School,,Jefferson County High School,Correct,,,,Correct,10,Jefferson County High School,1,,buzzer not named; team from the bonus deferral to Eli,
S41 E55,Round of 8,Bonus,7,"Part 1: What nine letter word starting with ""ne"" means very wicked or evil? | Part 2: Spell that word.",Part 1: Nefarious | Part 2: N-E-F-A-R-I-O-U-S,Vocabulary,Language Arts,L&N STEM Academy (Jordan's team) vs Jefferson County High School,Eli,Jefferson County High School,Correct,,,,Correct,20,Jefferson County High School,2,,,
S41 E55,Round of 8,Tossup,8,The perimeter of a square is 48 inches. What is its area?,144 square inches,Geometry,Mathematics,L&N STEM Academy (Jordan's team) vs Jefferson County High School,Jordan,L&N STEM Academy (Jordan's team),Correct,,,,Correct,10,L&N STEM Academy (Jordan's team),1,,,
S41 E55,Round of 8,Bonus,8,"The measures of three angles of a quadrilateral in degrees are 105, 95 and 80. Find the fourth angle measure.",80 degrees,Geometry,Mathematics,L&N STEM Academy (Jordan's team) vs Jefferson County High School,,L&N STEM Academy (Jordan's team),Correct,,,,Correct,20,L&N STEM Academy (Jordan's team),1,,,
S41 E55,Round of 8,Tossup,9,Which planet in our solar system takes longer to rotate on its axis than it takes to orbit the sun?,Venus,Astronomy,Science & Technology,L&N STEM Academy (Jordan's team) vs Jefferson County High School,Zach,Jefferson County High School,Correct,,,,Correct,10,Jefferson County High School,1,,,
S41 E55,Round of 8,Bonus,9,Part 1: Which was the first planet in our solar system discovered on the basis of theoretical calculations? | Part 2: Which was the first planet in our solar system discovered with the aid of a telescope?,Part 1: Neptune | Part 2: Uranus,Astronomy,Science & Technology,L&N STEM Academy (Jordan's team) vs Jefferson County High School,,Jefferson County High School,Partial,,,,Partial,10,Jefferson County High School,2,,team said Uranus for Part 1,
S41 E55,Round of 8,Tossup,10,"What is the word for a one house only legislature, like that in Nebraska?",Unicameral,Government,Social Studies,L&N STEM Academy (Jordan's team) vs Jefferson County High School,Zach,Jefferson County High School,Correct,,,,Correct,10,Jefferson County High School,1,,"question cut off by the buzz; ending inferred from the host's ""we'll take it in Nebraska""",
S41 E55,Round of 8,Bonus,10,"What 14 letter word is used to describe the basic physical systems of a region or nation, which might include transportation and sewage systems or communications networks?",Infrastructure,Government,Social Studies,L&N STEM Academy (Jordan's team) vs Jefferson County High School,,Jefferson County High School,Correct,,,,Correct,20,Jefferson County High School,1,,,
S41 E55,Round of 8,Tossup,11,"What toy that caught on as a fad in the 1950s and is still sold today consists of a plastic ring that is twirled around the waist, limbs or neck?",Hula hoop,Miscellaneous,General & Visual,L&N STEM Academy (Jordan's team) vs Jefferson County High School,Zach,Jefferson County High School,Incorrect,Jordan,L&N STEM Academy (Jordan's team),Correct,Correct,10,L&N STEM Academy (Jordan's team),1,,Zach said Rubik's Cube; the host re-read the question for the steal,
S41 E55,Round of 8,Bonus,11,"What is the name of the prehistoric Native American statue, made of sandstone and depicting a kneeling male figure, that was designated the official state artifact of Tennessee in 2014?",Sandy,Miscellaneous,General & Visual,L&N STEM Academy (Jordan's team) vs Jefferson County High School,,L&N STEM Academy (Jordan's team),Incorrect,,,,Missed,0,None given,1,Yes,"the team said ""the kneeling Indian"" and the host replied ""They call him Sandy"" and moved on without saying points (probably not accepted) (captions lines 2033-2037)","You can consist of a plastic ring that is twirled around the waist, limbs or Jordan hula hoop or neck and miscellaneous bonus. / Now what is the name of the prehistoric native American statue, made of sandstone and depicting a kneeling male figure that was designated the official state artifact of Tennessee in 2014? / The kneeling Indian. / Kneeling Indian. / They call him Sandy and that's up in spelling spell."
S41 E55,Round of 8,Tossup,12,"Spell ""pharynx.""",P-H-A-R-Y-N-X,Spelling,Language Arts,L&N STEM Academy (Jordan's team) vs Jefferson County High School,Dominic,L&N STEM Academy (Jordan's team),Incorrect,Zach,Jefferson County High School,Correct,Correct,10,Jefferson County High School,1,,"Dominic's spelling was wrong (captions: ""P-H-A-R-A-Y""); the definition read with the word is not in the captions",
S41 E55,Round of 8,Bonus,12,"An event causing great and often sudden damage or distress is a calamity. Spell ""calamity.""",C-A-L-A-M-I-T-Y,Spelling,Language Arts,L&N STEM Academy (Jordan's team) vs Jefferson County High School,Eli,Jefferson County High School,Correct,,,,Correct,20,Jefferson County High School,1,,,
S41 E55,Round of 8,Tossup,13,What is the term for the influx of more affluent residents and businesses that change the character of a neighborhood?,Gentrification,Economics,Social Studies,L&N STEM Academy (Jordan's team) vs Jefferson County High School,Dominic,L&N STEM Academy (Jordan's team),Correct,,,,Correct,10,L&N STEM Academy (Jordan's team),1,,,
S41 E55,Round of 8,Bonus,13,"In October 2024, the FDA sent out a recall notice due to an undeclared allergen in 79,200 pounds of Kirkland Signature butter, because the packaging did not include a warning that the butter contains what?",Milk,Economics,Social Studies,L&N STEM Academy (Jordan's team) vs Jefferson County High School,,L&N STEM Academy (Jordan's team),Correct,,,,Correct,20,L&N STEM Academy (Jordan's team),1,,,
S41 E55,Round of 8,Tossup,14,What does the Kelvin scale measure?,Temperature,Science,Science & Technology,L&N STEM Academy (Jordan's team) vs Jefferson County High School,Jordan,L&N STEM Academy (Jordan's team),Incorrect,Max,Jefferson County High School,Correct,Correct,10,Jefferson County High School,1,,"Jordan's answer garbled in captions (""eat temperature""), apparently ""heat""",
S41 E55,Round of 8,Bonus,14,"Who was the scientist shown here who jotted down the symbols for the chemical elements in an order according to their atomic weights, in such a way that they ended up grouped on the page according to known regularities of behavior?",Dmitri Mendeleev,Visual,General & Visual,L&N STEM Academy (Jordan's team) vs Jefferson County High School,,Jefferson County High School,Correct,,,,Correct,20,Jefferson County High School,1,,the host supplied the first name,
S41 E55,Round of 8,Tossup,15,Which British commander surrendered to General George Washington at Yorktown?,Cornwallis,U.S. History,Social Studies,L&N STEM Academy (Jordan's team) vs Jefferson County High School,,Unknown,Correct,,,,Correct,10,Unknown,1,Yes,"buzzer and team not identified in captions, which also swap the question ending and the answer; team not identified in captions (captions lines 2073-2076)","Dmitri Mendeleev, 20 points tossup in U.S. history. / Which British commander surrendered to General Cornwallis? / George Washington at Yorktown, U.S. history. / Bonus, who was the author of the pamphlet that opens with the sentence."
S41 E55,Round of 8,Bonus,15,"Part 1: Who was the author of the pamphlet that opens with the sentence ""These are the times that try men's souls""? | Part 2: The pamphlet is the first of 13 in a series. With what title?",Part 1: Thomas Paine | Part 2: The American Crisis,U.S. History,Social Studies,L&N STEM Academy (Jordan's team) vs Jefferson County High School,,Unknown,Partial,,,,Partial,10,Unknown,2,Yes,team said Common Sense for Part 2; team not identified in captions (captions lines 2076-2094),"Bonus, who was the author of the pamphlet that opens with the sentence. / These are the times that try men's souls. / I've spent, Thomas. / We're fine with that. / Maybe it could be Benjamin Franklin. / I'm pretty sure these could be. / Yeah. / Thomas with Thomas Paine. / Right. / For ten. / The pamphlet is the first of 13 in a series. / With what title? / Common sense. / Common sense. / Or is it the crisis? / It might be the crisis, I'm pretty sure. / I don't know, I'm going to go to common sense. / It's the crisis or the American crisis. / Plus, up now in music, what is the major key for an instrument like a piano?"
S41 E55,Round of 8,Tossup,16,What is the major key for an instrument like a piano when the key signature has no sharps or flats?,C major,Music,Fine Arts,L&N STEM Academy (Jordan's team) vs Jefferson County High School,,L&N STEM Academy (Jordan's team),Incorrect,Max,Jefferson County High School,Correct,Correct,10,Jefferson County High School,1,,"first buzzer not named (said G); Max's name read from ""marks""; no bonus appears in the captions after this steal",
S41 E55,Round of 8,Tossup,17,What type of verb doesn't require a direct object to function correctly?,Intransitive verb,English,Language Arts,L&N STEM Academy (Jordan's team) vs Jefferson County High School,Zach,Jefferson County High School,Incorrect,Dominic,L&N STEM Academy (Jordan's team),Incorrect,Missed,0,None given,1,,Zach said auxiliary; Dominic said gerund,
S41 E55,Round of 8,Tossup,18,What is the absolute value of the complex expression 12 + 5i?,13,Pre-Calculus,Mathematics,L&N STEM Academy (Jordan's team) vs Jefferson County High School,Zach,Jefferson County High School,Correct,,,,Correct,10,Jefferson County High School,1,,,
S41 E55,Round of 8,Bonus,18,"If the cosine ratio of an acute angle is 15/17, what is its tangent ratio?",8/15,Pre-Calculus,Mathematics,L&N STEM Academy (Jordan's team) vs Jefferson County High School,,Jefferson County High School,Correct,,,,Correct,20,Jefferson County High School,1,,,
S41 E55,Round of 8,Tossup,19,What is the process of freezing bodies at the moment of death with the aim of resuscitation?,Cryonics (cryopreservation),Health,Science & Technology,L&N STEM Academy (Jordan's team) vs Jefferson County High School,,L&N STEM Academy (Jordan's team),Incorrect,Eli,Jefferson County High School,Correct,Correct,10,Jefferson County High School,1,,first buzzer not named (said cryogenics); Eli said cryopreservation,
S41 E55,Round of 8,Bonus,19,"What 11 letter word beginning with M is an inflammation of the heart muscle, usually as a result of infection or inflammatory disease?",Myocarditis,Health,Science & Technology,L&N STEM Academy (Jordan's team) vs Jefferson County High School,Zach,Jefferson County High School,Correct,,,,Correct,20,Jefferson County High School,1,,"answer garbled in captions (""Macro""); the host said ""Right"" and gave myocarditis",
S41 E55,Round of 8,Tossup,20,What watershed runs north and south through the peaks of the Rocky Mountains?,The Continental Divide,Geography,Social Studies,L&N STEM Academy (Jordan's team) vs Jefferson County High School,Zach,Jefferson County High School,Correct,,,,Correct,10,Jefferson County High School,1,,,
S41 E55,Round of 8,Bonus,20,"Part 1: What is the capital of the state that also contains the major city of Chicago, Illinois? | Part 2: What is the capital of the state that also contains the major city of Buffalo?",Part 1: Springfield | Part 2: Albany,Geography,Social Studies,L&N STEM Academy (Jordan's team) vs Jefferson County High School,,Jefferson County High School,Correct,,,,Correct,20,Jefferson County High School,2,,,
S41 E55,Round of 8,Tossup,21,"What French phrase that literally means ""outside the work"" is also used in English to describe a small dish served before a meal?",Hors d'oeuvre,Foreign Language,Foreign Language,L&N STEM Academy (Jordan's team) vs Jefferson County High School,Dominic,L&N STEM Academy (Jordan's team),Incorrect,Elaine,Jefferson County High School,Incorrect,Missed,0,None given,1,,"Dominic's answer garbled in captions (""Andre""); Elaine said appetizer",
S41 E55,Round of 8,Tossup,22,What six letter word beginning with T means showy but tacky?,Tawdry,Vocabulary,Language Arts,L&N STEM Academy (Jordan's team) vs Jefferson County High School,Dominic,L&N STEM Academy (Jordan's team),Incorrect,Max,Jefferson County High School,Incorrect,Missed,0,None given,1,,"Dominic's answer read from ""torney on it"" (probably ""tawny, not it""); Max said tacky; the captions before it (""Tasteless. Guardian cheap."") are unexplained",
S41 E55,Round of 8,Tossup,23,"From which Broadway musical is the song ""Defying Gravity""?",Wicked,Art,Fine Arts,L&N STEM Academy (Jordan's team) vs Jefferson County High School,Elaine,Jefferson County High School,Correct,,,,Correct,10,Jefferson County High School,1,,,
S41 E55,Round of 8,Bonus,23,"What was the name of the actor known for his roles in The Great White Hope and Field of Dreams and as the voice of Darth Vader in Star Wars, who died in September 2024 at age 93?",James Earl Jones,Art,Fine Arts,L&N STEM Academy (Jordan's team) vs Jefferson County High School,,Jefferson County High School,Incorrect,,,,Missed,0,None given,1,,team said Morgan Freeman,
S41 E55,Round of 8,Tossup,24,What organic chemical with the formula HCHO is commonly used to preserve biological specimens?,Formaldehyde,Chemistry,Science & Technology,L&N STEM Academy (Jordan's team) vs Jefferson County High School,Zach,Jefferson County High School,Correct,,,,Correct,10,Jefferson County High School,1,,"buzzer name read from ""jack""; team from ""chemistry bonus for Jeffco""",
S41 E55,Round of 8,Bonus,24,The atomic number of chromium is 24. What is chromium's electron configuration?,1s² 2s² 2p⁶ 3s² 3p⁶ 4s¹ 3d⁵,Chemistry,Science & Technology,L&N STEM Academy (Jordan's team) vs Jefferson County High School,,Jefferson County High School,Incorrect,,,,Missed,0,None given,1,,team's answer was right until the last two terms (the 4s1 3d5 anomaly),
S41 E55,Round of 8,Tossup,25,Whose 37 year reign was characterized by Russia's transformation from a medieval state to an empire?,Ivan the Terrible,History,Social Studies,L&N STEM Academy (Jordan's team) vs Jefferson County High School,,Jefferson County High School,Correct,,,,Correct,10,Jefferson County High School,1,,buzzer not named; team from the bonus deferral to Zach,
S41 E55,Round of 8,Bonus,25,Part 1: What was the fortified region that overlooked ancient Athens? | Part 2: What was the most famous of the temples overlooking Athens?,Part 1: The Acropolis | Part 2: The Parthenon,History,Social Studies,L&N STEM Academy (Jordan's team) vs Jefferson County High School,Zach,Jefferson County High School,Partial,,,,Partial,10,Jefferson County High School,2,,team said Parthenon for Part 1,
S41 E55,Round of 8,Tossup,26,"When keeping score in baseball, which letter represents a strikeout?",K,Sports,General & Visual,L&N STEM Academy (Jordan's team) vs Jefferson County High School,Zach,Jefferson County High School,Correct,,,,Correct,10,Jefferson County High School,1,,,
S41 E55,Round of 8,Bonus,26,"In gymnastics, every gymnast starts their routine with what score from which the judges deduct points as the routine progresses?",10,Sports,General & Visual,L&N STEM Academy (Jordan's team) vs Jefferson County High School,,Jefferson County High School,Correct,,,,Correct,20,Jefferson County High School,1,,,
S41 E55,Round of 8,Tossup,27,"Whose first documented composition, a minuet and trio in G major, was composed when he was just five?",Mozart,Music,Fine Arts,L&N STEM Academy (Jordan's team) vs Jefferson County High School,Zach,Jefferson County High School,Correct,,,,Correct,10,Jefferson County High School,1,,,
S41 E55,Round of 8,Bonus,27,"What is the genre of popular music that originated with blues, southern gospel and spirituals, old-time and American folk music forms, including Appalachian, Cajun, Creole and the cowboy western music styles of New Mexico and Texas?",Country music,Music,Fine Arts,L&N STEM Academy (Jordan's team) vs Jefferson County High School,,Jefferson County High School,Incorrect,,,,Missed,0,None given,1,,team said soul,
S41 E55,Round of 8,Tossup,28,What is 600 divided by 25?,24,Math,Mathematics,L&N STEM Academy (Jordan's team) vs Jefferson County High School,Max,Jefferson County High School,Correct,,,,Correct,10,Jefferson County High School,1,,,
S41 E55,Round of 8,Bonus,28,"Given the function shown here, evaluate f(3).",39,Visual,General & Visual,L&N STEM Academy (Jordan's team) vs Jefferson County High School,,Jefferson County High School,Correct,,,,Correct,20,Jefferson County High School,1,,the function was shown on screen and is not in the captions,
S41 E55,Round of 8,Tossup,29,"What is the geological term for a flat, elevated land form?",Plateau,Geology,Science & Technology,L&N STEM Academy (Jordan's team) vs Jefferson County High School,Zach,Jefferson County High School,Correct,,,,Correct,10,Jefferson County High School,1,,,
S41 E55,Round of 8,Bonus,29,"Name four of the ten mountains that could be classified as the Seven Summits, the highest mountains on each of the seven continents.",Any four of the Seven Summits candidates (host credited Mount Everest only),Geology,Science & Technology,L&N STEM Academy (Jordan's team) vs Jefferson County High School,,Jefferson County High School,Partial,,,,Partial,5,Jefferson County High School,1,,the team's list is garbled in captions; the host gave five points for Mount Everest,
S41 E55,Round of 8,Tossup,30,Which military institution is referred to as the Long Gray Line?,West Point,Government,Social Studies,L&N STEM Academy (Jordan's team) vs Jefferson County High School,Jordan,L&N STEM Academy (Jordan's team),Correct,,,,Correct,10,L&N STEM Academy (Jordan's team),1,,,
S41 E55,Round of 8,Bonus,30,Part 1: What do the letters in the abbreviation POTUS represent? | Part 2: What do the letters in the abbreviation FLOTUS represent?,Part 1: President of the United States | Part 2: First Lady of the United States,Government,Social Studies,L&N STEM Academy (Jordan's team) vs Jefferson County High School,,L&N STEM Academy (Jordan's team),Correct,,,,Correct,20,L&N STEM Academy (Jordan's team),2,,,
S41 E55,Round of 8,Tossup,31,Which pillar of Islam is described as sincerely reciting the Muslim profession of faith?,Shahada,Religion,Religion & Mythology,L&N STEM Academy (Jordan's team) vs Jefferson County High School,Dominic,L&N STEM Academy (Jordan's team),Correct,,,,Correct,10,L&N STEM Academy (Jordan's team),1,,"answer garbled in captions (""Shehata"")",
S41 E55,Round of 8,Bonus,31,Which pillar of Islam is described as paying alms or charity tax to benefit the needy?,Zakat,Religion,Religion & Mythology,L&N STEM Academy (Jordan's team) vs Jefferson County High School,,L&N STEM Academy (Jordan's team),Correct,,,,Correct,20,L&N STEM Academy (Jordan's team),1,,,
S41 E55,Round of 8,Tossup,32,Who was the American coauthor of Mastering the Art of French Cooking and host of a TV show called The French Chef?,Julia Child,Literature,Language Arts,L&N STEM Academy (Jordan's team) vs Jefferson County High School,Dominic,L&N STEM Academy (Jordan's team),Correct,,,,Correct,10,L&N STEM Academy (Jordan's team),1,,,
S41 E55,Round of 8,Bonus,32,"Part 1: What play, subtitled ""A Trivial Comedy for Serious People,"" revolves around the characters Algernon Moncrieff, Gwendolen Fairfax, Lady Bracknell, Miss Prism and Canon Chasuble? | Part 2: Who wrote it?",Part 1: The Importance of Being Earnest | Part 2: Oscar Wilde,Literature,Language Arts,L&N STEM Academy (Jordan's team) vs Jefferson County High School,,L&N STEM Academy (Jordan's team),Incorrect,,,,Missed,0,None given,2,Yes,"the captions suggest Part 1 may have been answered correctly (the host says ""Yes, yes ... The Importance of Being Earnest"") but he then says no points on the bonus; Part 2 was answered ""Noel Coward"" after deferring to Dominic (captions lines 2318-2325)","Bonus. / What place, subtitled A Trivial Comedy for Serious People, revolves around the characters Algernon Moncrieff, Gwendolyn Fairfax, Lady Bracknell, Miss Prism and Canon Chasuble. / Yes, yes, Hairspray has held The Importance of Being Earnest, but you can tell me who wrote it. / Noel Coward no. / Defer to Dominic. / Noel Coward, it was Oscar Wilde. / So no points on the bonus tossup in technology. / What are the two numbers used in a binary system?"
S41 E55,Round of 8,Tossup,33,What are the two numbers used in a binary system?,Zero and one,Technology,Science & Technology,L&N STEM Academy (Jordan's team) vs Jefferson County High School,,Unknown,Correct,,,,Correct,10,Unknown,1,Yes,buzzer and team not identified in captions; team not identified in captions (captions lines 2324-2329),"So no points on the bonus tossup in technology. / What are the two numbers used in a binary system? / Exactly zero. / One and a technology bonus. / Now what? / Former NASA engineer who is known for his YouTube videos and Crunch Lab subscription boxes, offered a $10,000 prize in 2024 to anyone who could defeat his rock, paper, scissors robot."
S41 E55,Round of 8,Bonus,33,"Which former NASA engineer, known for his YouTube videos and CrunchLabs subscription boxes, offered a $10,000 prize in 2024 to anyone who could defeat his rock, paper, scissors robot?",Mark Rober,Technology,Science & Technology,L&N STEM Academy (Jordan's team) vs Jefferson County High School,,Unknown,Correct,,,,Correct,20,Unknown,1,Yes,"bonus team not identified; it discussed whether to speed up or slow down and chose to slow down (probably the leading team, Jefferson County); team not identified in captions (captions lines 2329-2333)","Former NASA engineer who is known for his YouTube videos and Crunch Lab subscription boxes, offered a $10,000 prize in 2024 to anyone who could defeat his rock, paper, scissors robot. / Do we want to speed up or slow down? / I think slow down. / Yeah, I think that's fair. / Mark Roper is right for 20 points plus up in biology which blood type is the universal donor Zach."
S41 E55,Round of 8,Tossup,34,Which blood type is the universal donor?,O negative,Biology,Science & Technology,L&N STEM Academy (Jordan's team) vs Jefferson County High School,Zach,Jefferson County High School,Correct,,,,Correct,10,Jefferson County High School,1,,,
S41 E55,Round of 8,Bonus,34,"What is the term for the part of the cell cycle in which replicated chromosomes are separated into two new nuclei, which give rise to genetically identical cells in which the total number of chromosomes is maintained?",Mitosis,Biology,Science & Technology,L&N STEM Academy (Jordan's team) vs Jefferson County High School,,Jefferson County High School,Incorrect,,,,Missed,0,None given,1,,team said prophase,
S41 E55,Round of 8,Tossup,35,"Which U.S. president coined the name ""United Nations""?",Franklin D. Roosevelt (FDR),U.S. History,Social Studies,L&N STEM Academy (Jordan's team) vs Jefferson County High School,Dominic,L&N STEM Academy (Jordan's team),Incorrect,Zach,Jefferson County High School,Correct,Correct,10,Jefferson County High School,1,,"time was called on Dominic before he gave a usable answer (his name read from ""Dynamic""); Zach said FDR",
S41 E55,Round of 8,Bonus,35,"In the 1851 painting shown here, which two future presidents are depicted?",George Washington and James Monroe,Visual,General & Visual,L&N STEM Academy (Jordan's team) vs Jefferson County High School,,Jefferson County High School,Partial,,,,Partial,10,Jefferson County High School,1,,team said George Washington and Jefferson,
S41 E55,Round of 8,Tossup,36,"What earthenware substance has a name that means ""cooked earth""?",Terracotta,Art,Fine Arts,L&N STEM Academy (Jordan's team) vs Jefferson County High School,Zach,Jefferson County High School,Correct,,,,Correct,10,Jefferson County High School,1,,,
S41 E55,Round of 8,Bonus,36,Which four great artists were considered the masters of the Renaissance and were the inspiration for the Teenage Mutant Ninja Turtles?,"Leonardo, Donatello, Raphael and Michelangelo",Art,Fine Arts,L&N STEM Academy (Jordan's team) vs Jefferson County High School,Zach,Jefferson County High School,Correct,,,,Correct,20,Jefferson County High School,1,,,
S41 E55,Round of 8,Tossup,37,"The practice of claiming to have moral standards or beliefs to which one's own behavior does not conform is hypocrisy. Spell ""hypocrisy.""",H-Y-P-O-C-R-I-S-Y,Spelling,Language Arts,L&N STEM Academy (Jordan's team) vs Jefferson County High School,Dominic,L&N STEM Academy (Jordan's team),Incorrect,,Jefferson County High School,Correct,Correct,10,Jefferson County High School,1,,Dominic misspelled it; Jefferson County's stealing player garbled in captions,
S41 E55,Round of 8,Bonus,37,"To give one's good wishes when something special or pleasant has happened is to congratulate. Spell ""congratulate.""",C-O-N-G-R-A-T-U-L-A-T-E,Spelling,Language Arts,L&N STEM Academy (Jordan's team) vs Jefferson County High School,Eli,Jefferson County High School,Correct,,,,Correct,20,Jefferson County High School,1,,,
S41 E55,Round of 8,Tossup,38,What is the value of three over two raised to the negative two power?,4/9,Algebra,Mathematics,L&N STEM Academy (Jordan's team) vs Jefferson County High School,Jordan,L&N STEM Academy (Jordan's team),Correct,,,,Correct,10,L&N STEM Academy (Jordan's team),1,,,
S41 E55,Round of 8,Bonus,38,What is the ninth term of the sequence with a first term of ten and a common difference of four?,42,Algebra,Mathematics,L&N STEM Academy (Jordan's team) vs Jefferson County High School,,L&N STEM Academy (Jordan's team),Incorrect,,,,Missed,0,None given,1,,team said -26,
S41 E55,Round of 8,Tossup,39,A figure skater who tucks in his or her arms and legs during a spin will begin to spin faster due to the conservation of what form of momentum?,Angular (rotational) momentum,Physics,Science & Technology,L&N STEM Academy (Jordan's team) vs Jefferson County High School,Jordan,L&N STEM Academy (Jordan's team),Incorrect,Zach,Jefferson County High School,Correct,Correct,10,Jefferson County High School,1,,"Jordan said centrifugal; Zach answered ""rotational"" at the buzzer; the game ended after this question",
S41 E59,Championship,Tossup,1,What is the name of the inspector relentlessly pursuing Jean Valjean?,Javert,Literature,Language Arts,Webb School of Knoxville (Penny's team) vs Jefferson County High School,Zach,Jefferson County High School,Correct,,,,Correct,10,Jefferson County High School,1,,"answer garbled in captions (""Xavier""); Javert from context",
S41 E59,Championship,Bonus,1,Part 1: Which author created the literary character [unclear]? | Part 2: Which author created the literary character Silas Marner?,Part 1: Washington Irving | Part 2: George Eliot,Literature,Language Arts,Webb School of Knoxville (Penny's team) vs Jefferson County High School,,Jefferson County High School,Incorrect,,,,Missed,0,None given,2,Yes,Part 1 character name lost in captions (team said Victor Hugo; host said Washington Irving) (captions lines 105-117),"And Missouri and literature bonus for Jeff Cohen. / Which author created the literar Oh, what's the guy who wrote that? / Victor Hugo? / It might be Victor Hugo. / That's Washington Irving. / Which author created the literary character Silas Marner? / Oh, Lewis Carroll, I don't know. / Sure. / Yeah, because I'm not sure. / Yeah. / Lewis Carroll that one is George Eliot. / No points on the bonus tossup in geography. / Which of the Great Lakes provides shoreline to the state of Ohio?"
S41 E59,Championship,Tossup,2,Which of the Great Lakes provides shoreline to the state of Ohio?,Lake Erie,Geography,Social Studies,Webb School of Knoxville (Penny's team) vs Jefferson County High School,Max,Jefferson County High School,Correct,,,,Correct,10,Jefferson County High School,1,,,
S41 E59,Championship,Bonus,2,What river is the boundary between Washington and Oregon and is the largest North American river that empties into the Pacific Ocean?,Columbia River,Geography,Social Studies,Webb School of Knoxville (Penny's team) vs Jefferson County High School,,Jefferson County High School,Incorrect,,,,Missed,0,None given,1,,,
S41 E59,Championship,Tossup,3,What type of galaxy is the Milky Way?,Spiral,Astronomy,Science & Technology,Webb School of Knoxville (Penny's team) vs Jefferson County High School,Max,Jefferson County High School,Correct,,,,Correct,10,Jefferson County High School,1,,,
S41 E59,Championship,Bonus,3,What are two of the three forms of energy released by the sun that can disrupt Earth-based communications?,"Any two of: solar flares, prominences, coronal mass ejections",Astronomy,Science & Technology,Webb School of Knoxville (Penny's team) vs Jefferson County High School,,Jefferson County High School,Incorrect,,,,Missed,0,None given,1,,,
S41 E59,Championship,Tossup,4,"In an isosceles right triangle, what is the length of the hypotenuse in radical form with a side of 20?",20√2,Geometry,Mathematics,Webb School of Knoxville (Penny's team) vs Jefferson County High School,Sam,Webb School of Knoxville (Penny's team),Correct,,,,Correct,10,Webb School of Knoxville (Penny's team),1,,,
S41 E59,Championship,Bonus,4,"Part 1: If the diameter of a circle is 16, what is the circumference of the circle? | Part 2: What is its area?",Part 1: 16π | Part 2: 64π,Geometry,Mathematics,Webb School of Knoxville (Penny's team) vs Jefferson County High School,,Webb School of Knoxville (Penny's team),Correct,,,,Correct,20,Webb School of Knoxville (Penny's team),2,,,
S41 E59,Championship,Tossup,5,What is the name of the approximately 555-foot-high marble obelisk in our nation's capital?,Washington Monument,Architecture,Fine Arts,Webb School of Knoxville (Penny's team) vs Jefferson County High School,Zach,Jefferson County High School,Incorrect,Sam,Webb School of Knoxville (Penny's team),Correct,Correct,10,Webb School of Knoxville (Penny's team),1,Yes,"captions ambiguous (""Zach Washington Memorial, right, no chance to steal Sam""); read as Zach (JC) wrong, Sam (Webb) steals; bonus went to Webb (captions lines 149-153)","Now, in architecture, what is the name of the approximately 555ft high marble obelisk in our nation's capital? / Zach Washington Memorial, right, no chance to steal Sam. / The Washington Monument is the exact title and a visual bonus now in architecture for web. / Take a look at the screens. / With a total height just over half a mile high."
S41 E59,Championship,Bonus,5,"Part 1: With a total height just over half a mile high, what is the world's tallest structure shown here? | Part 2: In what city is it located?",Part 1: Burj Khalifa | Part 2: Dubai,Architecture,Fine Arts,Webb School of Knoxville (Penny's team) vs Jefferson County High School,,Webb School of Knoxville (Penny's team),Correct,,,,Correct,20,Webb School of Knoxville (Penny's team),2,,,
S41 E59,Championship,Tossup,6,"Which classic rock band's album titled Escape includes the songs Open Arms, Who's Crying Now, and Don't Stop Believin'?",Journey,Music,Fine Arts,Webb School of Knoxville (Penny's team) vs Jefferson County High School,Zach,Jefferson County High School,Incorrect,Jackson,Webb School of Knoxville (Penny's team),Correct,Correct,10,Webb School of Knoxville (Penny's team),1,,Zach buzzed mid-question with Green Day; question finished for the steal,
S41 E59,Championship,Bonus,6,Which band's 2004 album American Idiot is the basis for a Broadway musical of the same name?,Green Day,Music,Fine Arts,Webb School of Knoxville (Penny's team) vs Jefferson County High School,,Webb School of Knoxville (Penny's team),Correct,,,,Correct,20,Webb School of Knoxville (Penny's team),1,,,
S41 E59,Championship,Tossup,7,In which year did Abraham Lincoln officially issue the Emancipation Proclamation?,1863,U.S. History,Social Studies,Webb School of Knoxville (Penny's team) vs Jefferson County High School,Zach,Jefferson County High School,Correct,,,,Correct,10,Jefferson County High School,1,,"cut off by buzz after ""emancipation""; completed from host's ""proclamation""",
S41 E59,Championship,Bonus,7,Who was the first and only speaker of the House to also serve as president?,James K. Polk,History,Social Studies,Webb School of Knoxville (Penny's team) vs Jefferson County High School,,Jefferson County High School,Incorrect,,,,Missed,0,None given,1,,,
S41 E59,Championship,Tossup,8,What word besides USA has appeared on all first class postage stamps since 2011?,Forever,Government,Social Studies,Webb School of Knoxville (Penny's team) vs Jefferson County High School,Jackson,Webb School of Knoxville (Penny's team),Incorrect,,Jefferson County High School,Incorrect,Missed,0,None given,1,,"steal player name garbled in captions (""Jack"")",
S41 E59,Championship,Tossup,9,What is the French word for Friday?,Vendredi,Foreign Language,Foreign Language,Webb School of Knoxville (Penny's team) vs Jefferson County High School,Zach,Jefferson County High School,Correct,,,,Correct,10,Jefferson County High School,1,,,
S41 E59,Championship,Bonus,9,"What is the English translation of the German phrase ""Wo ist der Flughafen?""",Where is the airport?,Foreign Language,Foreign Language,Webb School of Knoxville (Penny's team) vs Jefferson County High School,Zach,Jefferson County High School,Incorrect,,,,Missed,0,None given,1,,"German phrase reconstructed from captions (""But is there a fluke happen""); host hint: Flughafen = airport",
S41 E59,Championship,Tossup,10,What six letter word beginning with Z means a fervent and even militant proponent of something?,Zealot,Vocabulary,Language Arts,Webb School of Knoxville (Penny's team) vs Jefferson County High School,Zach,Jefferson County High School,Incorrect,Sam,Webb School of Knoxville (Penny's team),Correct,Correct,10,Webb School of Knoxville (Penny's team),1,,"answer garbled in captions (""Zell. It.""); Zealot fits the definition",
S41 E59,Championship,Bonus,10,"Part 1: What nine letter word beginning with S means to supplant or take the place of a person or thing previously in [unclear]? | Part 2: Now spell ""supersede.""",Part 1: Supersede | Part 2: S-U-P-E-R-S-E-D-E,Vocabulary,Language Arts,Webb School of Knoxville (Penny's team) vs Jefferson County High School,Sam,Webb School of Knoxville (Penny's team),Correct,,,,Correct,20,Webb School of Knoxville (Penny's team),2,Yes,"end of Part 1 garbled in captions (""previously in a foreign"") (captions lines 200-202)",For tabular bonus. / What nine letter word beginning with S means to supplant or take the place of a person or thing previously in a foreign that is supersede supersede is right now spell supersede I defer to Sam. / Supersede right 20 points on the bonus tossup in economics.
S41 E59,Championship,Tossup,11,What economic term refers to the amount of goods that consumers want…?,Demand,Economics,Social Studies,Webb School of Knoxville (Penny's team) vs Jefferson County High School,,Unknown,Correct,,,,Correct,10,Unknown,1,Yes,player and team not identified in captions; question cut off by buzz; team not identified in captions (captions lines 202-204),"Supersede right 20 points on the bonus tossup in economics. / What economic term refers to the amount of goods that consumers want for demand? / Correct economics bonus in January 2024, what socialist government put an end to the Petro cryptocurrency that was launched seven years ago to sidestep U.S. sanctions, but which never took off and became embroiled in a graft scandal?"
S41 E59,Championship,Bonus,11,"In January 2024, what socialist government put an end to the Petro cryptocurrency that was launched seven years ago to sidestep U.S. sanctions, but which never took off and became embroiled in a graft scandal?",Venezuela,Economics,Social Studies,Webb School of Knoxville (Penny's team) vs Jefferson County High School,,Unknown,Incorrect,,,,Missed,0,None given,1,Yes,team not identified in captions (captions lines 204-211),"Correct economics bonus in January 2024, what socialist government put an end to the Petro cryptocurrency that was launched seven years ago to sidestep U.S. sanctions, but which never took off and became embroiled in a graft scandal? / Maybe Norway? / Norway? / Socialist. / That's never me. / I'm fine with Norway. / Norway now, Petro implies Petroleum Exporting Countries is Venezuela toss up in health? / What is the term for a blood filled sac formed by a ballooning sac aneurysm in an arterial or venous wall?"
S41 E59,Championship,Tossup,12,What is the term for a blood-filled sac formed by a ballooning in an arterial or venous wall?,Aneurysm,Health,Science & Technology,Webb School of Knoxville (Penny's team) vs Jefferson County High School,,Jefferson County High School,Correct,,,,Correct,10,Jefferson County High School,1,,"buzzer not named; team from ""Health bonus for Jefferson County""",
S41 E59,Championship,Bonus,12,In what city and country did Doctor Christiaan Barnard perform the first successful heart transplant operation?,"Cape Town, South Africa",Health,Science & Technology,Webb School of Knoxville (Penny's team) vs Jefferson County High School,,Jefferson County High School,Incorrect,,,,Missed,0,None given,1,,,
S41 E59,Championship,Tossup,13,A cup and a saucer together weigh 12 ounces. The cup weighs twice as much as the saucer. How much does the cup weigh?,8 ounces,Math,Mathematics,Webb School of Knoxville (Penny's team) vs Jefferson County High School,Sam,Webb School of Knoxville (Penny's team),Correct,,,,Correct,10,Webb School of Knoxville (Penny's team),1,,,
S41 E59,Championship,Bonus,13,"Given the two functions f(x) = 4x + 5 and g(x) = x + 6, evaluate the expression f(g(4)).",45,Math,Mathematics,Webb School of Knoxville (Penny's team) vs Jefferson County High School,,Webb School of Knoxville (Penny's team),Correct,,,,Correct,20,Webb School of Knoxville (Penny's team),1,,,
S41 E59,Championship,Tossup,14,How many encores did Elvis Presley usually give?,Zero,Music,Fine Arts,Webb School of Knoxville (Penny's team) vs Jefferson County High School,,Unknown,Correct,,,,Correct,10,Unknown,1,Yes,player and team not identified in captions; team not identified in captions (captions lines 230-232),"Now in music, how many encores did Elvis Presley usually give? / Zero correct music bonus. / In which state is Elvis Presley's birthplace?"
S41 E59,Championship,Bonus,14,Part 1: In which state is Elvis Presley's birthplace? | Part 2: In which state is Elvis's mansion called Graceland?,Part 1: Mississippi | Part 2: Tennessee,Music,Fine Arts,Webb School of Knoxville (Penny's team) vs Jefferson County High School,,Unknown,Partial,,,,Partial,10,Unknown,2,Yes,team not identified in captions (captions lines 231-244),"Zero correct music bonus. / In which state is Elvis Presley's birthplace? / Memphis. / I think it's Memphis, Tennessee. / Tennessee. / He was born in Tupelo, Mississippi. / In which state is Elvis's mansion called Graceland in Tennessee. / Okay, Tennessee? / Yeah. / In Memphis. / That's right. / Ten points. / Toss up in foreign language. / What is the English translation of the French word école Jacques school."
S41 E59,Championship,Tossup,15,"What is the English translation of the French word ""école""?",School,Foreign Language,Foreign Language,Webb School of Knoxville (Penny's team) vs Jefferson County High School,Zach,Jefferson County High School,Correct,,,,Correct,10,Jefferson County High School,1,,"name garbled in captions (""Jacques""); bonus deferred to Zach",
S41 E59,Championship,Bonus,15,"What is the English translation of the German question ""[unclear: The field costs lettuce]""?",How much does it cost?,Foreign Language,Foreign Language,Webb School of Knoxville (Penny's team) vs Jefferson County High School,Zach,Jefferson County High School,Correct,,,,Correct,20,Jefferson County High School,1,Yes,"German phrase garbled in captions (""The field costs lettuce"") (captions lines 246-252)","And a foreign language bonus. / What is the English translation of the German question? / The field costs lettuce. / How much exactly? / How much does it cost the farmer to Zach? / How much does it cost? / Is right for 20 plus up now in geography, what state not known for cheese heads is America's salmon."
S41 E59,Championship,Tossup,16,"What state, not known for cheeseheads, is America's leading producer of dairy products?",California,Geography,Social Studies,Webb School of Knoxville (Penny's team) vs Jefferson County High School,Sam,Webb School of Knoxville (Penny's team),Correct,,,,Correct,10,Webb School of Knoxville (Penny's team),1,,"buzzer name garbled in captions (""salmon"" = Sam?); bonus went to Webb",
S41 E59,Championship,Bonus,16,What four U.S. states border Mexico?,"California, Arizona, New Mexico, Texas",Geography,Social Studies,Webb School of Knoxville (Penny's team) vs Jefferson County High School,Stephen,Webb School of Knoxville (Penny's team),Correct,,,,Correct,20,Webb School of Knoxville (Penny's team),1,,,
S41 E59,Championship,Tossup,17,Which element has the symbol Pd?,Palladium,Chemistry,Science & Technology,Webb School of Knoxville (Penny's team) vs Jefferson County High School,Penny,Webb School of Knoxville (Penny's team),Correct,,,,Correct,10,Webb School of Knoxville (Penny's team),1,,"symbol read from captions ""P penny""; answer Palladium accepted",
S41 E59,Championship,Bonus,17,What is the electron configuration for the alkali metal potassium in noble gas notation?,[Ar] 4s¹,Chemistry,Science & Technology,Webb School of Knoxville (Penny's team) vs Jefferson County High School,,Webb School of Knoxville (Penny's team),Correct,,,,Correct,20,Webb School of Knoxville (Penny's team),1,,,
S41 E59,Championship,Tossup,18,In which country did parmesan cheese originate?,Italy,Miscellaneous,General & Visual,Webb School of Knoxville (Penny's team) vs Jefferson County High School,Penny,Webb School of Knoxville (Penny's team),Correct,,,,Correct,10,Webb School of Knoxville (Penny's team),1,,,
S41 E59,Championship,Bonus,18,Which member of the Royal family founded the Earthshot Awards to reward solutions to improve the environment?,Prince William,Miscellaneous,General & Visual,Webb School of Knoxville (Penny's team) vs Jefferson County High School,,Webb School of Knoxville (Penny's team),Incorrect,,,,Missed,0,None given,1,,,
S41 E59,Championship,Tossup,19,What is the collection of prayer beads separated into decades?,Rosary,Religion,Religion & Mythology,Webb School of Knoxville (Penny's team) vs Jefferson County High School,Max,Jefferson County High School,Correct,,,,Correct,10,Jefferson County High School,1,,,
S41 E59,Championship,Bonus,19,"What Catholic saint who was born in what is now Macedonia in 1910 established the Missionaries of Charity in India in 1950, was awarded the Nobel Peace Prize in 1979, died in 1997, and was canonized in 2016?",Mother Teresa (Saint Teresa of Calcutta),Religion,Religion & Mythology,Webb School of Knoxville (Penny's team) vs Jefferson County High School,,Jefferson County High School,Correct,,,,Correct,20,Jefferson County High School,1,,,
S41 E59,Championship,Tossup,20,Which Shakespearean play is about the assassination of a Roman emperor?,Julius Caesar,Literature,Language Arts,Webb School of Knoxville (Penny's team) vs Jefferson County High School,,Jefferson County High School,Correct,,,,Correct,10,Jefferson County High School,1,,"buzzer not named; team from ""bonus for Jefferson County""",
S41 E59,Championship,Bonus,20,"The First Folio, which is regarded by many as the most important book in the history of English literature, contains 36 of William Shakespeare's comedies, histories, and tragedies, including which two comedies that have the word night?",Twelfth Night and A Midsummer Night's Dream,Literature,Language Arts,Webb School of Knoxville (Penny's team) vs Jefferson County High School,,Jefferson County High School,Correct,,,,Correct,20,Jefferson County High School,1,,host verdict not captured; answer given matches,
S41 E59,Championship,Tossup,21,Which amendment to the U.S. Constitution says a person cannot be forced to testify against himself?,Fifth Amendment,Government,Social Studies,Webb School of Knoxville (Penny's team) vs Jefferson County High School,Zach,Jefferson County High School,Correct,,,,Correct,10,Jefferson County High School,1,,"name garbled in captions (""Jacques fit"")",
S41 E59,Championship,Bonus,21,"Name the four U.S. presidents who did not make any nominations for Supreme Court appointments, as there were no vacancies while they were in office.","Jimmy Carter, Andrew Johnson, Zachary Taylor, William Henry Harrison",Government,Social Studies,Webb School of Knoxville (Penny's team) vs Jefferson County High School,,Jefferson County High School,Partial,,,,Partial,5,Jefferson County High School,1,,team named only Carter correctly (5 points),
S41 E59,Championship,Tossup,22,How much work is done in a system if a 20 Newton force is applied to move an object four meters?,80 joules,Physics,Science & Technology,Webb School of Knoxville (Penny's team) vs Jefferson County High School,,Unknown,Correct,,,,Correct,10,Unknown,1,Yes,"text garbled and cut off by buzz (""20 Newton stack""); player and team not identified; no bonus because time ran out (captions lines 308-361)","How much work is done in a system? / If a 20 Newton stack, 8080 joules is where I was going with that. / Yeah. / To move an object four meters. / And a physics bonus, which is we don't get to that, because the cash has run out. / This is going to be an exciting game to watch all the way through the end. / In fact, we probably should go over the tiebreaker rules with these two. / Absolutely excellent teams. / Webb School of Knoxville Jefferson High School, the winner receives the Frank Miller Trophy and goes on to well, doesn't go on there. / They just win. / That's the end of it. / It's our last episode of the season on Tennessee Scholar's Bowl 2025. / You're watching Tennessee Scholar's Bowl. / I'm Frank Murphy back from halftime in the championship game for the 2025 season. / Our 41st season on the air. / A very close and exciting game between Webb School of Knoxville and Jefferson County High School of Dandridge. / One of these two teams will win the Frank Miller Memorial Trophy and the cash prize. / The other will be our runner up for the year. / Who's it going to be? / We have no idea. / And in fact, we went over the tiebreaker rules at halftime just in case this game ends in a tie. / That's how close it is. / All right. / We've got some alternates on both sides of the dance. / Let's say hi first to on the website to James Overall who is a senior. / So this is a James. / We'll never see you again after today. / Tell us about yourself. / Hey, I'd like to shout out my Engl"
S41 E59,Championship,Tossup,23,What is the limit of sine x divided by x as x approaches infinity?,0,Pre-Calculus,Mathematics,Webb School of Knoxville (Penny's team) vs Jefferson County High School,Sam,Webb School of Knoxville (Penny's team),Correct,,,,Correct,10,Webb School of Knoxville (Penny's team),1,,,
S41 E59,Championship,Bonus,23,"Part 1: If the sine ratio of an angle is 5/13, what is the cosine ratio of the same angle? | Part 2: If the sine ratio of an angle is 5/13, what is the tangent ratio of the same angle?",Part 1: 12/13 | Part 2: 5/12,Pre-Calculus,Mathematics,Webb School of Knoxville (Penny's team) vs Jefferson County High School,,Webb School of Knoxville (Penny's team),Correct,,,,Correct,20,Webb School of Knoxville (Penny's team),2,,,
S41 E59,Championship,Tossup,24,What 13 letter word describes paintings or other artwork done in shades of only one color or hue?,Monochromatic,Art,Fine Arts,Webb School of Knoxville (Penny's team) vs Jefferson County High School,Amy,Jefferson County High School,Correct,,,,Correct,10,Jefferson County High School,1,,,
S41 E59,Championship,Bonus,24,"Part 1: The Apotheosis of Washington, a fresco depicting George Washington rising to the heavens in glory, is located in what building? | Part 2: Specifically, where in the Capitol is the Apotheosis of Washington?",Part 1: The U.S. Capitol | Part 2: The eye of the rotunda,Art,Fine Arts,Webb School of Knoxville (Penny's team) vs Jefferson County High School,,Jefferson County High School,Partial,,,,Partial,10,Jefferson County High School,2,,,
S41 E59,Championship,Tossup,25,Which figure of speech is used in the following sentence? The snow is a white blanket.,Metaphor,English,Language Arts,Webb School of Knoxville (Penny's team) vs Jefferson County High School,Penny,Webb School of Knoxville (Penny's team),Incorrect,,Jefferson County High School,Correct,Correct,10,Jefferson County High School,1,,stealing player not named,
S41 E59,Championship,Bonus,25,Part 1: Which figure of speech is used in the following sentence? Maria heard the last piece of pie calling her name. | Part 2: Which figure of speech is used in the following sentence? My love is like a red rose.,Part 1: Personification | Part 2: Simile,English,Language Arts,Webb School of Knoxville (Penny's team) vs Jefferson County High School,,Jefferson County High School,Correct,,,,Correct,20,Jefferson County High School,2,,,
S41 E59,Championship,Tossup,26,Which country's capital stands on the site of the ancient Roman capital of Britannia?,England,History,Social Studies,Webb School of Knoxville (Penny's team) vs Jefferson County High School,,Jefferson County High School,Incorrect,James,Webb School of Knoxville (Penny's team),Correct,Correct,10,Webb School of Knoxville (Penny's team),1,Yes,"who buzzed first and who stole is unclear in captions (""Pini. Turkey. No chance to steal web games. Britain""); read as JC wrong, Webb alternate James steals (captions lines 387-396)","For 20 on the bonus toss up in history. / Which country's capital stands on the site of the ancient Roman capital of Britannia? / Pini. / Turkey. / No chance to steal web games. / Britain. / Yeah, it's in London, England. / All right. / And history bonus. / Now, which event led to the US and the USSR setting up a hotline in 1963 to facilitate communication between the US president and the Soviet prime."
S41 E59,Championship,Bonus,26,Which event led to the US and the USSR setting up a hotline in 1963 to facilitate communication between the US president and the Soviet premier?,Cuban Missile Crisis,History,Social Studies,Webb School of Knoxville (Penny's team) vs Jefferson County High School,,Webb School of Knoxville (Penny's team),Correct,,,,Correct,20,Webb School of Knoxville (Penny's team),1,,,
S41 E59,Championship,Tossup,27,"What is the term for a sudden increase in the birth rate, as happened in the US and Britain after World War Two?",Baby boom,Health,Science & Technology,Webb School of Knoxville (Penny's team) vs Jefferson County High School,,Unknown,Correct,,,,Correct,10,Unknown,1,Yes,player and team not identified in captions; team not identified in captions (captions lines 399-406),"Toss up in health. / What is the term for a sudden increase in the birth rate, as happened in the US and Britain? / Baby boom. / Yeah. / After World War two. / Health visual. / Take a look at the screens. / What are the common names for the ossicles, which are the tiny bones, malleus, incus and stapes?"
S41 E59,Championship,Bonus,27,"Part 1: What are the common names for the ossicles, which are the tiny bones malleus, incus and stapes? | Part 2: In what part of the body are they located?","Part 1: Hammer, anvil and stirrup | Part 2: The ear",Health,Science & Technology,Webb School of Knoxville (Penny's team) vs Jefferson County High School,,Unknown,Incorrect,,,,Missed,0,None given,2,Yes,team not identified in captions (captions lines 406-422),"What are the common names for the ossicles, which are the tiny bones, malleus, incus and stapes? / Pelvis. / Oh, yeah. / Pelvis. / Right. / Okay. / You I found with that. / I think so, pelvis bones. / No. / Those common names are hammer, anvil and stirrup. / And what part of the body of they located? / Oh, it's probably the pelvis, right. / Yeah. / Because there's the look at that pelvis. / Now they're in your, in your ear. / They're tiny little bones in your ear. / Toss up in history which American founding document includes the right to life."
S41 E59,Championship,Tossup,28,"Which American founding document includes the right to life, liberty and the pursuit of happiness?",Declaration of Independence,History,Social Studies,Webb School of Knoxville (Penny's team) vs Jefferson County High School,Zach,Jefferson County High School,Incorrect,Penny,Webb School of Knoxville (Penny's team),Correct,Correct,10,Webb School of Knoxville (Penny's team),1,,,
S41 E59,Championship,Bonus,28,"A Tennessee state park in Greene County that was significantly damaged by the flooding of the Nolichucky River during Hurricane Helene honors the birthplace of what man, who was born in 1786, served in Congress and died at the Alamo in 1836?",Davy Crockett,History,Social Studies,Webb School of Knoxville (Penny's team) vs Jefferson County High School,,Webb School of Knoxville (Penny's team),Correct,,,,Correct,20,Webb School of Knoxville (Penny's team),1,,,
S41 E59,Championship,Tossup,29,Which 19th century American composer and bandleader is known as the March King?,John Philip Sousa,Music,Fine Arts,Webb School of Knoxville (Penny's team) vs Jefferson County High School,Amy,Jefferson County High School,Correct,,,,Correct,10,Jefferson County High School,1,,,
S41 E59,Championship,Bonus,29,Part 1: Who wrote the operetta The Mikado? | Part 2: What is the musical term for the introductory music at the beginning of The Mikado?,Part 1: Gilbert and Sullivan | Part 2: Overture,Music,Fine Arts,Webb School of Knoxville (Penny's team) vs Jefferson County High School,,Jefferson County High School,Incorrect,,,,Missed,0,None given,2,,,
S41 E59,Championship,Tossup,30,"The Upper Peninsula of Michigan is separated from the mitten, mostly by Lake Michigan, and partially by which other Great Lake?",Lake Huron,Geography,Social Studies,Webb School of Knoxville (Penny's team) vs Jefferson County High School,,Webb School of Knoxville (Penny's team),Incorrect,,Jefferson County High School,Incorrect,Missed,0,None given,1,,"players not named; teams read from ""Superior, no. Chance to steal, Jefferson County. Ontario""",
S41 E59,Championship,Tossup,31,"In 1983, who became the first American woman and third woman of all time to go into space when she rode on the Challenger?",Sally Ride,Astronomy,Science & Technology,Webb School of Knoxville (Penny's team) vs Jefferson County High School,Sam,Webb School of Knoxville (Penny's team),Correct,,,,Correct,10,Webb School of Knoxville (Penny's team),1,,,
S41 E59,Championship,Bonus,31,"The Jupiter Icy Moons Explorer, known as JUICE, which did a flyby of the Moon and Earth in 2024 and will fly by Venus in 2025 on its way to arrive at Jupiter in 2031, is operated by what agency?",European Space Agency,Astronomy,Science & Technology,Webb School of Knoxville (Penny's team) vs Jefferson County High School,,Webb School of Knoxville (Penny's team),Incorrect,,,,Missed,0,None given,1,,,
S41 E59,Championship,Tossup,32,"To complete the square of x squared minus 16x, what number must be added to the expression?",64,Algebra,Mathematics,Webb School of Knoxville (Penny's team) vs Jefferson County High School,Sam,Webb School of Knoxville (Penny's team),Correct,,,,Correct,10,Webb School of Knoxville (Penny's team),1,,"name garbled in captions (""Psalm"")",
S41 E59,Championship,Bonus,32,Sam was getting 22 miles per gallon before working on the carburetor of his car. Now Sam gets 27.5 miles per gallon. What is the percent of increase?,25%,Algebra,Mathematics,Webb School of Knoxville (Penny's team) vs Jefferson County High School,,Webb School of Knoxville (Penny's team),Correct,,,,Correct,20,Webb School of Knoxville (Penny's team),1,,,
S41 E59,Championship,Tossup,33,Which university has permission from Disney to use Donald Duck as their official mascot?,University of Oregon,Sports,General & Visual,Webb School of Knoxville (Penny's team) vs Jefferson County High School,Sam,Webb School of Knoxville (Penny's team),Correct,,,,Correct,10,Webb School of Knoxville (Penny's team),1,,,
S41 E59,Championship,Bonus,33,Part 1: In what city is the Kentucky Derby held? | Part 2: On what racetrack is the Kentucky Derby held?,"Part 1: Louisville, Kentucky | Part 2: Churchill Downs",Sports,General & Visual,Webb School of Knoxville (Penny's team) vs Jefferson County High School,,Webb School of Knoxville (Penny's team),Correct,,,,Correct,20,Webb School of Knoxville (Penny's team),2,,,
S41 E59,Championship,Tossup,34,In what fictional work is Newspeak the official language?,1984,Literature,Language Arts,Webb School of Knoxville (Penny's team) vs Jefferson County High School,Sam,Webb School of Knoxville (Penny's team),Correct,,,,Correct,10,Webb School of Knoxville (Penny's team),1,,,
S41 E59,Championship,Bonus,34,Part 1: What writer shown here became the first poet to speak at a presidential inauguration? | Part 2: Which vice president is trying to use his top hat to block the sun on the paper?,Part 1: Robert Frost | Part 2: Lyndon B. Johnson,Visual,General & Visual,Webb School of Knoxville (Penny's team) vs Jefferson County High School,,Webb School of Knoxville (Penny's team),Partial,,,,Partial,10,Webb School of Knoxville (Penny's team),2,Yes,which part was missed is unclear (team said Whitman / Keats / Robert Frost for Part 1; host confirmed Lyndon Johnson; 10 points) (captions lines 468-481),What writer shown here became the first poet to speak at a presidential inauguration? / Whitman. / Maybe Keats. / Would you believe Robert Frost? / Which vice president is trying to use his top hat to block the sun on the paper? / That was too bright for frost to read? / Write? / I don't know. / Lyndon Johnson. / Who's winning? / B Johnson is. / Lyndon Johnson is right. / Ten points on the bonus pass up in U.S. history. / What is the first and last name of the person after whom America was named?
S41 E59,Championship,Tossup,35,What is the first and last name of the person after whom America was named?,Amerigo Vespucci,U.S. History,Social Studies,Webb School of Knoxville (Penny's team) vs Jefferson County High School,,Unknown,Correct,,,,Correct,10,Unknown,1,Yes,player and team not identified; host verdict not captured; team not identified in captions (captions lines 480-485),"Ten points on the bonus pass up in U.S. history. / What is the first and last name of the person after whom America was named? / America. / Vespucci. / And a history bonus. / Now, which Medal of Honor recipient and famous pilot was the first to fly across the North American continent in less than 24 hours in 1922 and led the bombing of Tokyo in 1942."
S41 E59,Championship,Bonus,35,Which Medal of Honor recipient and famous pilot was the first to fly across the North American continent in less than 24 hours in 1922 and led the bombing of Tokyo in 1942?,Jimmy Doolittle,History,Social Studies,Webb School of Knoxville (Penny's team) vs Jefferson County High School,,Unknown,Incorrect,,,,Missed,0,None given,1,Yes,team not identified in captions (captions lines 484-489),"And a history bonus. / Now, which Medal of Honor recipient and famous pilot was the first to fly across the North American continent in less than 24 hours in 1922 and led the bombing of Tokyo in 1942. / James Goodyear It's a good James Goodson. / It's maybe James Goodson, it's James Doolittle, no points. / Toss up now in biology. / What 13 letter word beginning with t is the term sac transpiration for the process of plants taking up liquid water and a biology bonus."
S41 E59,Championship,Tossup,36,What 13 letter word beginning with T is the term for the process of plants taking up liquid water?,Transpiration,Biology,Science & Technology,Webb School of Knoxville (Penny's team) vs Jefferson County High School,,Unknown,Correct,,,,Correct,10,Unknown,1,Yes,"player and team not identified (caption token ""sac""); team not identified in captions (captions lines 488-490)","Toss up now in biology. / What 13 letter word beginning with t is the term sac transpiration for the process of plants taking up liquid water and a biology bonus. / Now, which scientist is credited with discovering human Abo blood groups?"
S41 E59,Championship,Bonus,36,Part 1: Which scientist is credited with discovering the human ABO blood groups? | Part 2: Which scientist is credited with discovering penicillin?,Part 1: Karl Landsteiner | Part 2: Alexander Fleming,Biology,Science & Technology,Webb School of Knoxville (Penny's team) vs Jefferson County High School,,Unknown,Partial,,,,Partial,10,Unknown,2,Yes,team not identified in captions (captions lines 489-497),"What 13 letter word beginning with t is the term sac transpiration for the process of plants taking up liquid water and a biology bonus. / Now, which scientist is credited with discovering human Abo blood groups? / Fleming is the antibody. / I don't know Fleming. / That's Carl Lance Steiner, which scientist is credited with discovering penicillin? / Oh, no they don't. / Don't worry. / Edward Lewis Fleming is right. / Ten points on the bonus Alexander Fleming toss up in geography, in which country are the Apennine Mountains located?"
S41 E59,Championship,Tossup,37,In which country are the Apennine Mountains located?,Italy,Geography,Social Studies,Webb School of Knoxville (Penny's team) vs Jefferson County High School,Sam,Webb School of Knoxville (Penny's team),Correct,,,,Correct,10,Webb School of Knoxville (Penny's team),1,,,
S41 E59,Championship,Bonus,37,"On Veterans Day 2024, the US and Australia announced that the Royal Australian Navy had discovered the wreckage of the USS Edsall, which was sunk by the Japanese during World War Two, about 250 miles south-southeast of Christmas Island. In what ocean?",Indian Ocean,Geography,Social Studies,Webb School of Knoxville (Penny's team) vs Jefferson County High School,,Webb School of Knoxville (Penny's team),Incorrect,,,,Missed,0,None given,1,,,
S41 E59,Championship,Tossup,38,"What is the English translation of the Spanish word ""[unclear: Hefei]""?",Bus,Foreign Language,Foreign Language,Webb School of Knoxville (Penny's team) vs Jefferson County High School,,Jefferson County High School,Correct,,,,Correct,10,Jefferson County High School,1,Yes,"Spanish word garbled in captions (""Hefei""); team inferred from Zach answering the bonus (captions lines 507-508)","Toss up. / Now in foreign language, what is the English translation of the Spanish word Hefei?"
S41 E59,Championship,Bonus,38,Part 1: What is the Spanish word for 15? | Part 2: What is the Spanish word for 16?,Part 1: Quince | Part 2: Dieciséis,Foreign Language,Foreign Language,Webb School of Knoxville (Penny's team) vs Jefferson County High School,Zach,Jefferson County High School,Correct,,,,Correct,20,Jefferson County High School,2,,Part 1 answer garbled in captions; both parts accepted (20 points),
S41 E59,Championship,Tossup,39,Spell a nine letter word beginning with P that is a synonym for believable.,P-L-A-U-S-I-B-L-E,Spelling,Language Arts,Webb School of Knoxville (Penny's team) vs Jefferson County High School,Zach,Jefferson County High School,Correct,,,,Correct,10,Jefferson County High School,1,,,
S41 E59,Championship,Bonus,39,"Part 1: What 11 letter word beginning with R means to echo or produce an aftereffect? | Part 2: Now spell ""reverberate.""",Part 1: Reverberate | Part 2: R-E-V-E-R-B-E-R-A-T-E,Spelling,Language Arts,Webb School of Knoxville (Penny's team) vs Jefferson County High School,Amy,Jefferson County High School,Correct,,,,Correct,20,Jefferson County High School,2,,,
S41 E59,Championship,Tossup,40,What kind of legislative bill packages together several measures or diverse subjects into a single bill?,Omnibus bill,Government,Social Studies,Webb School of Knoxville (Penny's team) vs Jefferson County High School,Zach,Jefferson County High School,Correct,,,,Correct,10,Jefferson County High School,1,,,
S41 E59,Championship,Bonus,40,"Who considered a career as a concert pianist before eventually becoming a professor of political science at Stanford, the National Security Advisor in 2001 and Secretary of State in 2005?",Condoleezza Rice,Government,Social Studies,Webb School of Knoxville (Penny's team) vs Jefferson County High School,,Jefferson County High School,Unclear,,,,Unclear,,Jefferson County High School,1,Yes,"host verdict not captured (""Roy Roy welcoming Roy, that's Condoleezza Rice""); team's answer garbled (captions lines 534-538)","Omnibus subjects into a single bill is an omnibus and a government bonus. / Who considered a career as a concert pianist before eventually becoming a professor of political science at Stanford. / The National Security Adviser in 2001 and Secretary of State in 2005. / Roy Roy welcoming Roy, that's Condoleezza Rice toss up in chemistry. / What sweet smelling organic compound."
S41 E59,Championship,Tossup,41,What sweet-smelling organic compound with the chemical formula C4[unclear]?,Diethyl ether,Chemistry,Science & Technology,Webb School of Knoxville (Penny's team) vs Jefferson County High School,Zach,Jefferson County High School,Correct,,,,Correct,10,Jefferson County High School,1,Yes,"question text incomplete: captions cut off at ""C4"" (captions lines 537-540)","Roy Roy welcoming Roy, that's Condoleezza Rice toss up in chemistry. / What sweet smelling organic compound. / Zach diethyl ether with the chemical formula C4. / Oh, is it chemistry bonus commonly called buckyballs."
S41 E59,Championship,Bonus,41,"Commonly called buckyballs, what is the name for C60, which has a cage-like fused ring structure made of 20 hexagons and 12 pentagons and resembles a soccer ball?",Buckminsterfullerene,Chemistry,Science & Technology,Webb School of Knoxville (Penny's team) vs Jefferson County High School,,Jefferson County High School,Incorrect,,,,Missed,0,None given,1,,team gave no answer,
S41 E59,Championship,Tossup,42,"A 120 degree angle is bisected, and those two angles are trisected. What is the measure of each final resulting angle?",20 degrees,Geometry,Mathematics,Webb School of Knoxville (Penny's team) vs Jefferson County High School,Jackson,Webb School of Knoxville (Penny's team),Incorrect,Zach,Jefferson County High School,Correct,Correct,10,Jefferson County High School,1,,"Jackson passed (""I don't know""); question reread for the steal; game ended after this tossup",
