S40 E34,Round of 32,Tossup,29,"Any means of deliberately destroying, wasting or damaging items is called sabotage. Spell ""sabotage.""",S-A-B-O-T-A-G-E,Spelling,Language Arts,Dobyns-Bennett High School (Sachin's team) vs Alcoa High School,,Unknown,Correct,,,,Correct,10,Unknown,1,Yes,buzzer and team not identified in captions; team not identified in captions (captions lines 15515-15518),"For the musical theater people know that one for 20 toss up in spelling any means of deliberately destroying, wasting or damaging items is called sabotage. / Spell. / S A B O T A G E is right and a bonus in spelling. / Presidential elections are quadrennial meaning every four years."
S40 E34,Round of 32,Bonus,29,"Presidential elections are quadrennial, meaning every four years. Spell ""quadrennial.""",Q-U-A-D-R-E-N-N-I-A-L,Spelling,Language Arts,Dobyns-Bennett High School (Sachin's team) vs Alcoa High School,,Unknown,Incorrect,,,,Missed,0,None given,1,Yes,the team spelled Q-U-A-D-R-N-I-A-L (missing an E); team not identified in captions (captions lines 15517-15522),"S A B O T A G E is right and a bonus in spelling. / Presidential elections are quadrennial meaning every four years. / Spell quadrennial Q U A D R N I A L. Well, now you missed it. / There's an e in there instead of an I. / So it's Q U A D R E N I A L. No points on the bonus toss up in health. / What word is used to describe the rate at which body cells use food?"
S40 E34,Round of 32,Tossup,30,What word is used to describe the rate at which body cells use food?,Metabolism,Health,Science & Technology,Dobyns-Bennett High School (Sachin's team) vs Alcoa High School,Claire,Dobyns-Bennett High School (Sachin's team),Correct,,,,Correct,10,Dobyns-Bennett High School (Sachin's team),1,,,
S40 E34,Round of 32,Bonus,30,"Part 1: What part of the body is affected by hepatitis? | Part 2: What internal organ is associated with the medical adjective ""pulmonary""?",Part 1: The liver | Part 2: The lungs,Health,Science & Technology,Dobyns-Bennett High School (Sachin's team) vs Alcoa High School,,Dobyns-Bennett High School (Sachin's team),Correct,,,,Correct,20,Dobyns-Bennett High School (Sachin's team),2,,,
S40 E34,Round of 32,Tossup,31,The legs of a right triangle are 8 and 15 feet. What is the length of the hypotenuse?,17 feet,Geometry,Mathematics,Dobyns-Bennett High School (Sachin's team) vs Alcoa High School,Michael,Dobyns-Bennett High School (Sachin's team),Correct,,,,Correct,10,Dobyns-Bennett High School (Sachin's team),1,,,
S40 E34,Round of 32,Bonus,31,Which regular polygon has an interior angle measure equal to twice the measure of the exterior angle at each vertex?,A hexagon,Geometry,Mathematics,Dobyns-Bennett High School (Sachin's team) vs Alcoa High School,,Dobyns-Bennett High School (Sachin's team),Incorrect,,,,Missed,0,None given,1,,team said triangle,
S40 E34,Round of 32,Tossup,32,What is the term for a female sheep?,Ewe,Miscellaneous,General & Visual,Dobyns-Bennett High School (Sachin's team) vs Alcoa High School,Tripp,Alcoa High School,Incorrect,Adam,Dobyns-Bennett High School (Sachin's team),Correct,Correct,10,Dobyns-Bennett High School (Sachin's team),1,,Tripp's answer is not captured,
S40 E34,Round of 32,Bonus,32,Part 1: What is the geometric shape of a school crossing sign? | Part 2: What is the geometric shape of a speed limit sign?,Part 1: A pentagon | Part 2: A rectangle,Miscellaneous,General & Visual,Dobyns-Bennett High School (Sachin's team) vs Alcoa High School,,Dobyns-Bennett High School (Sachin's team),Partial,,,,Partial,10,Dobyns-Bennett High School (Sachin's team),2,,the team said a triangle for Part 1,
S40 E34,Round of 32,Tossup,33,What is the only river on the African continent that flows north?,The Nile,Geography,Social Studies,Dobyns-Bennett High School (Sachin's team) vs Alcoa High School,Luke,Alcoa High School,Correct,,,,Correct,10,Alcoa High School,1,,,
S40 E34,Round of 32,Bonus,33,"What country is represented by this flag, which depicts an AK-47 and is one of only four national flags to feature a gun or cannon?",Mozambique,Visual,General & Visual,Dobyns-Bennett High School (Sachin's team) vs Alcoa High School,,Alcoa High School,Correct,,,,Correct,20,Alcoa High School,1,,,
S40 E34,Round of 32,Tossup,34,What is the term for the symbols in the language developed by the ancient Egyptians?,Hieroglyphics,Foreign Language,Foreign Language,Dobyns-Bennett High School (Sachin's team) vs Alcoa High School,Sachin,Dobyns-Bennett High School (Sachin's team),Correct,,,,Correct,10,Dobyns-Bennett High School (Sachin's team),1,,,
S40 E34,Round of 32,Bonus,34,"What are the last four letters of the Greek alphabet, in order?","Phi, chi, psi, omega",Foreign Language,Foreign Language,Dobyns-Bennett High School (Sachin's team) vs Alcoa High School,,Dobyns-Bennett High School (Sachin's team),Partial,,,,Partial,15,Dobyns-Bennett High School (Sachin's team),1,,"the team named chi, phi, omega and pi; three counted (15 points)",
S40 E34,Round of 32,Tossup,35,What is the type of reaction when oxygen combines with other elements?,Oxidation,Chemistry,Science & Technology,Dobyns-Bennett High School (Sachin's team) vs Alcoa High School,,Dobyns-Bennett High School (Sachin's team),Incorrect,Tripp,Alcoa High School,Correct,Correct,10,Alcoa High School,1,,Dobyns-Bennett's buzzer is not named (said combustion),
S40 E34,Round of 32,Bonus,35,What do the letters NPK on a container of garden fertilizer represent?,"Nitrogen, phosphorus and potassium",Chemistry,Science & Technology,Dobyns-Bennett High School (Sachin's team) vs Alcoa High School,,Alcoa High School,Partial,,,,Partial,10,Alcoa High School,1,,"the team said sodium, phosphorus and potassium; two counted (ten points)",
S40 E34,Round of 32,Tossup,36,What is the Hebrew word for Sabbath?,Shabbat,Religion,Religion & Mythology,Dobyns-Bennett High School (Sachin's team) vs Alcoa High School,Tripp,Alcoa High School,Incorrect,Sachin,Dobyns-Bennett High School (Sachin's team),Incorrect,Missed,0,None given,1,,"the host did not accept Tripp's attempt (""not exactly""); Sachin said Hanukkah",
S40 E34,Round of 32,Tossup,37,What daily word game gives players six chances to guess?,Wordle,Games,General & Visual,Dobyns-Bennett High School (Sachin's team) vs Alcoa High School,Reed,Alcoa High School,Correct,,,,Correct,10,Alcoa High School,1,,,
S40 E34,Round of 32,Bonus,37,"What game includes 19 tiles that represent five resources, including clay, grain, sheep and wood?",Settlers of Catan,Games,General & Visual,Dobyns-Bennett High School (Sachin's team) vs Alcoa High School,Tripp,Alcoa High School,Correct,,,,Correct,20,Alcoa High School,1,,,
S40 E34,Round of 32,Tossup,38,"What is the term for a hand-operated calculating tool, the slide-bead device that has been used since ancient times?",An abacus,Economics,Social Studies,Dobyns-Bennett High School (Sachin's team) vs Alcoa High School,Claire,Dobyns-Bennett High School (Sachin's team),Incorrect,Luke,Alcoa High School,Incorrect,Missed,0,None given,1,,"Claire said ""mandible""; Luke said ""Chinese calculator""",
S40 E34,Round of 32,Tossup,39,"Who was the fearless Norse warrior who slew a murderous troll, in an Old English poem?",Beowulf,Literature,Language Arts,Dobyns-Bennett High School (Sachin's team) vs Alcoa High School,Tripp,Alcoa High School,Incorrect,Sachin,Dobyns-Bennett High School (Sachin's team),Correct,Correct,10,Dobyns-Bennett High School (Sachin's team),1,,Tripp said Leif Ericson,
S40 E34,Round of 32,Bonus,39,"Part 1: What is the name of the monstrous character that Beowulf slays in a mead hall? | Part 2: According to Beowulf, what is better than mourning a death?",Part 1: Grendel | Part 2: Revenge (avenging it),Literature,Language Arts,Dobyns-Bennett High School (Sachin's team) vs Alcoa High School,,Dobyns-Bennett High School (Sachin's team),Correct,,,,Correct,20,Dobyns-Bennett High School (Sachin's team),2,,,
S40 E34,Round of 32,Tossup,40,What are the single-celled reproductive units on the underside of fern leaves?,Spores,Biology,Science & Technology,Dobyns-Bennett High School (Sachin's team) vs Alcoa High School,Claire,Dobyns-Bennett High School (Sachin's team),Correct,,,,Correct,10,Dobyns-Bennett High School (Sachin's team),1,,,
S40 E34,Round of 32,Bonus,40,What are the pairs of tiny holes on the sides of the abdomen and thorax that a grasshopper breathes through?,Spiracles,Biology,Science & Technology,Dobyns-Bennett High School (Sachin's team) vs Alcoa High School,,Dobyns-Bennett High School (Sachin's team),Incorrect,,,,Missed,0,None given,1,,"team said ""mouth"" and the host called it a good guess",
S40 E34,Round of 32,Tossup,41,Find the value of x if 4x + 5 + 6x − 5 = 100.,x = 10,Algebra,Mathematics,Dobyns-Bennett High School (Sachin's team) vs Alcoa High School,Claire,Dobyns-Bennett High School (Sachin's team),Correct,,,,Correct,10,Dobyns-Bennett High School (Sachin's team),1,,,
S40 E34,Round of 32,Bonus,41,"For the quadratic equation y = x² − 4x + 5, what is the axis of symmetry?",x = 2,Algebra,Mathematics,Dobyns-Bennett High School (Sachin's team) vs Alcoa High School,,Dobyns-Bennett High School (Sachin's team),Correct,,,,Correct,20,Dobyns-Bennett High School (Sachin's team),1,,,
S40 E34,Round of 32,Tossup,42,What is the term for the upper triangular part of a wall at the end of a pitched roof?,A gable,Architecture,Fine Arts,Dobyns-Bennett High School (Sachin's team) vs Alcoa High School,Sachin,Dobyns-Bennett High School (Sachin's team),Correct,,,,Correct,10,Dobyns-Bennett High School (Sachin's team),1,,,
S40 E34,Round of 32,Bonus,42,Which word designates both an elaborate design suggesting flowers or foliage in Moorish architecture and a ballet position with the arms and one leg extended?,Arabesque,Architecture,Fine Arts,Dobyns-Bennett High School (Sachin's team) vs Alcoa High School,,Dobyns-Bennett High School (Sachin's team),Incorrect,,,,Missed,0,None given,1,,"team said ""pirouette"" and then gave no answer",
S40 E34,Round of 32,Tossup,43,The FBI operates under the jurisdiction of which cabinet-level government department?,The Department of Justice,Government,Social Studies,Dobyns-Bennett High School (Sachin's team) vs Alcoa High School,Tripp,Alcoa High School,Incorrect,Sachin,Dobyns-Bennett High School (Sachin's team),Incorrect,Missed,0,None given,1,,Tripp said Homeland Security; Sachin said the Department of the Interior,
S40 E34,Round of 32,Tossup,44,What seven letter word beginning with T is used to mean oppressive rule by absolute authority?,Tyranny,Vocabulary,Language Arts,Dobyns-Bennett High School (Sachin's team) vs Alcoa High School,Tripp,Alcoa High School,Incorrect,Sachin,Dobyns-Bennett High School (Sachin's team),Correct,Correct,10,Dobyns-Bennett High School (Sachin's team),1,,"Tripp said ""tyrannical""",
S40 E34,Round of 32,Bonus,44,Part 1: What ten letter word beginning with L is a commissioned naval officer and could also mean a deputy or substitute acting for a superior? | Part 2: Spell that word.,Part 1: Lieutenant | Part 2: L-I-E-U-T-E-N-A-N-T,Vocabulary,Language Arts,Dobyns-Bennett High School (Sachin's team) vs Alcoa High School,,Dobyns-Bennett High School (Sachin's team),Partial,,,,Partial,10,Dobyns-Bennett High School (Sachin's team),2,Yes,"the host said ""Correct"" for Part 1 but ended with ""no points on the bonus"" after the team spelled it with an extra N; treated as ten points for Part 1 (captions lines 15640-15650)","Is it, And a vocabulary bonus. / What ten letter word beginning with l is a commissioned naval officer and could also mean a deputy or substitute acting for a superior. / Lieutenant. / Correct. / Now spell it Lieutenant O. I don't know if it's that. / No, this is written again. / Answer l i e u t e n n but a n t. It's one too many ns in there in the middle. / Yeah. / It's just a it's L I E U T E N A N T no points on the bonus, but a toss up. / Now for all players in astronomy. / What is the term for a dying stars explosion with so much energy, Sachin."
S40 E34,Round of 32,Tossup,45,What is the term for a dying star's explosion with so much energy that heavy metals are formed?,A supernova,Astronomy,Science & Technology,Dobyns-Bennett High School (Sachin's team) vs Alcoa High School,Sachin,Dobyns-Bennett High School (Sachin's team),Correct,,,,Correct,10,Dobyns-Bennett High School (Sachin's team),1,,,
S40 E34,Round of 32,Bonus,45,Earth's magnetosphere is made up of invisible lines of magnetic field that radiate out into space from where on the earth?,The North Pole and the South Pole,Astronomy,Science & Technology,Dobyns-Bennett High School (Sachin's team) vs Alcoa High School,,Dobyns-Bennett High School (Sachin's team),Correct,,,,Correct,20,Dobyns-Bennett High School (Sachin's team),1,,the game ended on the next tossup,
S40 E35,Round of 32,Tossup,1,In what sport do teams compete for the Stanley Cup?,Hockey,Sports,General & Visual,Jefferson County High School (Evan's team) vs Unicoi County High School,Evan,Jefferson County High School (Evan's team),Correct,,,,Correct,10,Jefferson County High School (Evan's team),1,,,
S40 E35,Round of 32,Bonus,1,"As of the start of the 2024 season, which Major League Baseball team has never been in a World Series?",The Seattle Mariners,Sports,General & Visual,Jefferson County High School (Evan's team) vs Unicoi County High School,,Jefferson County High School (Evan's team),Incorrect,,,,Missed,0,None given,1,,the team passed,
S40 E35,Round of 32,Tossup,2,On what day each year does Mexico celebrate its declaration of independence from Spain?,September 16,History,Social Studies,Jefferson County High School (Evan's team) vs Unicoi County High School,Brian,Unicoi County High School,Incorrect,Katy,Jefferson County High School (Evan's team),Incorrect,Missed,0,None given,1,,Brian said Cinco de Mayo; Katie said October 3rd,
S40 E35,Round of 32,Tossup,3,What word describes a work or type of writing that ridicules human vice and folly?,Satire,Vocabulary,Language Arts,Jefferson County High School (Evan's team) vs Unicoi County High School,Eli,Jefferson County High School (Evan's team),Correct,,,,Correct,10,Jefferson County High School (Evan's team),1,,,
S40 E35,Round of 32,Bonus,3,"Part 1: In Through the Looking-Glass, the author combined what two words to coin the new word ""chortle""? | Part 2: Who wrote Through the Looking-Glass?",Part 1: Chuckle and snort | Part 2: Lewis Carroll,Vocabulary,Language Arts,Jefferson County High School (Evan's team) vs Unicoi County High School,,Jefferson County High School (Evan's team),Partial,,,,Partial,10,Jefferson County High School (Evan's team),2,,the team passed on Part 2,
S40 E35,Round of 32,Tossup,4,What are the breathing organs of fish?,Gills,Biology,Science & Technology,Jefferson County High School (Evan's team) vs Unicoi County High School,Evan,Jefferson County High School (Evan's team),Correct,,,,Correct,10,Jefferson County High School (Evan's team),1,,,
S40 E35,Round of 32,Bonus,4,"What is Tennessee's official sport fish shown here, often referred to as the ""bronzeback,"" which will fight harder ounce for ounce than any other species of sport fish in Tennessee?",The smallmouth bass,Visual,General & Visual,Jefferson County High School (Evan's team) vs Unicoi County High School,,Jefferson County High School (Evan's team),Incorrect,,,,Missed,0,None given,1,,team said largemouth bass,
S40 E35,Round of 32,Tossup,5,Solve for x if (2/3)x + 14 = 2.,x = −18,Algebra,Mathematics,Jefferson County High School (Evan's team) vs Unicoi County High School,Emily,Unicoi County High School,Incorrect,,,,Missed,0,None given,1,,Emily said -8; no Jefferson County answer captured,
S40 E35,Round of 32,Tossup,6,What is the name of the Islamic mausoleum at Agra which serves as a memorial to the wife of Shah Jahan?,The Taj Mahal,Architecture,Fine Arts,Jefferson County High School (Evan's team) vs Unicoi County High School,Zach,Jefferson County High School (Evan's team),Correct,,,,Correct,10,Jefferson County High School (Evan's team),1,,,
S40 E35,Round of 32,Bonus,6,Name the cathedral located in Red Square that has nine domes shaped like onions and painted bright colors.,Saint Basil's Cathedral,Architecture,Fine Arts,Jefferson County High School (Evan's team) vs Unicoi County High School,,Jefferson County High School (Evan's team),Incorrect,,,,Missed,0,None given,1,,the team passed,
S40 E35,Round of 32,Tossup,7,The obverse and reverse of the Great Seal of the United States are printed on the back of what denomination of currency?,The one dollar bill,Economics,Social Studies,Jefferson County High School (Evan's team) vs Unicoi County High School,Leah,Unicoi County High School,Correct,,,,Correct,10,Unicoi County High School,1,,"Leah said ""U.S. dollars"" and the host accepted the one dollar bill",
S40 E35,Round of 32,Bonus,7,Part 1: What country's official currency is the renminbi? | Part 2: What country's official currency is the zloty?,Part 1: China | Part 2: Poland,Economics,Social Studies,Jefferson County High School (Evan's team) vs Unicoi County High School,,Unicoi County High School,Incorrect,,,,Missed,0,None given,2,,the team said Saudi Arabia and Taiwan,
S40 E35,Round of 32,Tossup,8,"In the sentence ""Marcia gave Jan the book,"" what grammatical role does the word ""Jan"" play?",Indirect object,Grammar,Language Arts,Jefferson County High School (Evan's team) vs Unicoi County High School,Brian,Unicoi County High School,Incorrect,Evan,Jefferson County High School (Evan's team),Correct,Correct,10,Jefferson County High School (Evan's team),1,,Brian gave no usable answer,
S40 E35,Round of 32,Bonus,8,"A person who studies birds is an ornithologist. What type of clause is the phrase ""who studies birds""?",An adjective clause,Grammar,Language Arts,Jefferson County High School (Evan's team) vs Unicoi County High School,,Jefferson County High School (Evan's team),Incorrect,,,,Missed,0,None given,1,,"team said ""dependent""",
S40 E35,Round of 32,Tossup,9,Which form of energy is possessed by an object that is currently at rest?,Potential energy,Physics,Science & Technology,Jefferson County High School (Evan's team) vs Unicoi County High School,Emily,Unicoi County High School,Correct,,,,Correct,10,Unicoi County High School,1,,,
S40 E35,Round of 32,Bonus,9,Name four of the six simple machines.,"Any four of: inclined plane, lever, pulley, screw, wedge, wheel and axle",Physics,Science & Technology,Jefferson County High School (Evan's team) vs Unicoi County High School,,Unicoi County High School,Partial,,,,Partial,5,Unicoi County High School,1,,"the team named lever, fulcrum and load; the host counted lever (five points) and said the judges might add more",
S40 E35,Round of 32,Tossup,10,Which English word is actually a German word for a school that prepares children for first grade?,Kindergarten,Foreign Language,Foreign Language,Jefferson County High School (Evan's team) vs Unicoi County High School,Emily,Unicoi County High School,Correct,,,,Correct,10,Unicoi County High School,1,,,
S40 E35,Round of 32,Bonus,10,"Editorial articles throughout the world asked why many social media posts about the 2023 Titan submersible disaster seem to derive pleasure from the misfortune of others, which is known as what 13 letter German word?",Schadenfreude,Foreign Language,Foreign Language,Jefferson County High School (Evan's team) vs Unicoi County High School,,Unicoi County High School,Correct,,,,Correct,20,Unicoi County High School,1,,,
S40 E35,Round of 32,Tossup,11,Which singer who was eliminated from The X Factor and put into a band mentored by Simon Cowell recently topped the charts as a solo artist?,Harry Styles,Music,Fine Arts,Jefferson County High School (Evan's team) vs Unicoi County High School,Leah,Unicoi County High School,Incorrect,Katy,Jefferson County High School (Evan's team),Correct,Correct,10,Jefferson County High School (Evan's team),1,,"Leah said One Direction; Katie's steal name is read from ""Katy's Ring""",
S40 E35,Round of 32,Bonus,11,"Who is the iconic trumpet player shown here, one of the most influential figures in jazz, for whom the New Orleans International Airport was named in 2001?",Louis Armstrong,Visual,General & Visual,Jefferson County High School (Evan's team) vs Unicoi County High School,,Jefferson County High School (Evan's team),Correct,,,,Correct,20,Jefferson County High School (Evan's team),1,,,
S40 E35,Round of 32,Tossup,12,"What was the name of the tax passed by Parliament in 1765, placed on playing cards, publications and legal documents?",The Stamp Act,History,Social Studies,Jefferson County High School (Evan's team) vs Unicoi County High School,Brian,Unicoi County High School,Correct,,,,Correct,10,Unicoi County High School,1,,the host said he answered before being called on but accepted it,
S40 E35,Round of 32,Bonus,12,Which U.S. president is credited with lobbying Congress to lower tariffs while instituting a federal income tax in 1913 and asking Congress to declare war on Germany in 1917?,Woodrow Wilson,History,Social Studies,Jefferson County High School (Evan's team) vs Unicoi County High School,,Unicoi County High School,Incorrect,,,,Missed,0,None given,1,,team said Teddy Roosevelt,
S40 E35,Round of 32,Tossup,13,A large statue in Knoxville memorializes which award-winning author of Roots?,Alex Haley,Literature,Language Arts,Jefferson County High School (Evan's team) vs Unicoi County High School,Emily,Unicoi County High School,Incorrect,,,,Missed,0,None given,1,,Emily said Frederick Douglass; no Jefferson County answer captured,
S40 E35,Round of 32,Tossup,14,What is the lustrous gray metalloid element with the symbol Sb?,Antimony,Chemistry,Science & Technology,Jefferson County High School (Evan's team) vs Unicoi County High School,Evan,Jefferson County High School (Evan's team),Incorrect,,,,Missed,0,None given,1,,"Evan gave a number (11, then ten) and blanked; no Unicoi answer",
S40 E35,Round of 32,Tossup,15,What is the value of the cotangent of 3π/4?,−1,Pre-Calculus,Mathematics,Jefferson County High School (Evan's team) vs Unicoi County High School,,,No Buzz,,,,Missed,0,None given,1,,nobody got it; the host gave the answer,
S40 E35,Round of 32,Tossup,16,"What is the ninth month of the Islamic calendar, observed by Muslims worldwide as a month of fasting, prayer, reflection and community?",Ramadan,Religion,Religion & Mythology,Jefferson County High School (Evan's team) vs Unicoi County High School,,Jefferson County High School (Evan's team),Correct,,,,Correct,10,Jefferson County High School (Evan's team),1,,buzzer not named; Jefferson County from the bonus,
S40 E35,Round of 32,Bonus,16,"Part 1: What Christian holy day is a day of fasting and repentance and is the beginning of the liturgical season of Lent? | Part 2: What day is the most important and oldest festival of the Christian church, celebrating the resurrection of Jesus Christ?",Part 1: Ash Wednesday | Part 2: Easter,Religion,Religion & Mythology,Jefferson County High School (Evan's team) vs Unicoi County High School,,Jefferson County High School (Evan's team),Correct,,,,Correct,20,Jefferson County High School (Evan's team),2,,,
S40 E35,Round of 32,Tossup,17,What river forms the boundary between Virginia and Maryland?,The Potomac River,Geography,Social Studies,Jefferson County High School (Evan's team) vs Unicoi County High School,Brian,Unicoi County High School,Correct,,,,Correct,10,Unicoi County High School,1,,,
S40 E35,Round of 32,Bonus,17,"Which four state capitals have the word ""city"" in their name?","Salt Lake City, Carson City, Jefferson City and Oklahoma City",Geography,Social Studies,Jefferson County High School (Evan's team) vs Unicoi County High School,,Unicoi County High School,Partial,,,,Partial,5,Unicoi County High School,1,,the team named Kansas City and Salt Lake City; only Salt Lake City counted,
S40 E35,Round of 32,Tossup,18,What are words that have different meanings but are spelled and pronounced the same?,Homonyms,Grammar,Language Arts,Jefferson County High School (Evan's team) vs Unicoi County High School,,Unicoi County High School,Incorrect,Zach,Jefferson County High School (Evan's team),Correct,Correct,10,Jefferson County High School (Evan's team),1,,Unicoi's buzzer is not named (said synonyms),
S40 E35,Round of 32,Bonus,18,"What figure of speech compares two things using the words ""like"" or ""as"" to create a new meaning?",A simile,Grammar,Language Arts,Jefferson County High School (Evan's team) vs Unicoi County High School,,Jefferson County High School (Evan's team),Correct,,,,Correct,20,Jefferson County High School (Evan's team),1,,,
S40 E35,Round of 32,Tossup,19,"Valentina Tereshkova made history on June 16, 1963 by becoming what?",The first woman in space,Astronomy,Science & Technology,Jefferson County High School (Evan's team) vs Unicoi County High School,,,No Buzz,,,,Missed,0,None given,1,,the buzzer sounded before anyone answered; the first half ended after this question,
S40 E35,Round of 32,Tossup,20,Who invented a system of writing for the Cherokee language?,Sequoyah,History,Social Studies,Jefferson County High School (Evan's team) vs Unicoi County High School,Galen,Unicoi County High School,Correct,,,,Correct,10,Unicoi County High School,1,,,
S40 E35,Round of 32,Bonus,20,"In 2023, the Cherokee Tribe continued to lobby for a nonvoting seat in the U.S. House of Representatives, as promised by a treaty. Name four of the current six non-voting seats in the House.","Any four of: American Samoa, Guam, Northern Mariana Islands, Puerto Rico, U.S. Virgin Islands, Washington, D.C.",Government,Social Studies,Jefferson County High School (Evan's team) vs Unicoi County High School,Brian,Unicoi County High School,Partial,,,,Partial,15,Unicoi County High School,1,,"the team named American Samoa, the U.S. Virgin Islands, Cuba and Puerto Rico; Cuba did not count (15 points)",
S40 E35,Round of 32,Tossup,21,Which cartoonist created The Simpsons?,Matt Groening,Art,Fine Arts,Jefferson County High School (Evan's team) vs Unicoi County High School,Evan,Jefferson County High School (Evan's team),Correct,,,,Correct,10,Jefferson County High School (Evan's team),1,,,
S40 E35,Round of 32,Bonus,21,"The webcomic Heart and Brain, drawn by Nick Seluk, is found on a website named for what other webcomic starring a blue creature named Lars?",The Awkward Yeti,Art,Fine Arts,Jefferson County High School (Evan's team) vs Unicoi County High School,,Jefferson County High School (Evan's team),Incorrect,,,,Missed,0,None given,1,,"the team said ""blue giant"" or similar",
S40 E35,Round of 32,Tossup,22,Swedish video game developer Mojang Studios is best known for developing what?,Minecraft,Economics,Social Studies,Jefferson County High School (Evan's team) vs Unicoi County High School,Zach,Jefferson County High School (Evan's team),Correct,,,,Correct,10,Jefferson County High School (Evan's team),1,,,
S40 E35,Round of 32,Bonus,22,Which two men created one of the first commercially successful personal computers and founded Apple Inc.?,Steve Jobs and Steve Wozniak,Economics,Social Studies,Jefferson County High School (Evan's team) vs Unicoi County High School,,Jefferson County High School (Evan's team),Partial,,,,Partial,10,Jefferson County High School (Evan's team),1,,the team said Steve Jobs and Tim Cook; Steve Jobs counted,
S40 E35,Round of 32,Tossup,23,"A period of forced seclusion is quarantine. Spell ""quarantine.""",Q-U-A-R-A-N-T-I-N-E,Spelling,Language Arts,Jefferson County High School (Evan's team) vs Unicoi County High School,Zach,Jefferson County High School (Evan's team),Correct,,,,Correct,10,Jefferson County High School (Evan's team),1,,,
S40 E35,Round of 32,Bonus,23,"Ignominious means deserving or causing public disgrace or shame. Spell ""ignominious.""",I-G-N-O-M-I-N-I-O-U-S,Spelling,Language Arts,Jefferson County High School (Evan's team) vs Unicoi County High School,,Jefferson County High School (Evan's team),Correct,,,,Correct,20,Jefferson County High School (Evan's team),1,,the captain deferred,
S40 E35,Round of 32,Tossup,24,In which U.S. state have the most Tyrannosaurus rex fossils been discovered?,Montana,Geology,Science & Technology,Jefferson County High School (Evan's team) vs Unicoi County High School,Evan,Jefferson County High School (Evan's team),Incorrect,Emily,Unicoi County High School,Incorrect,Missed,0,None given,1,,"Evan said Mississippi; Emily said ""Mexico""",
S40 E35,Round of 32,Tossup,25,The area of a triangle is 70 square meters. What is the length of the altitude to a 14 meter base?,10 meters,Geometry,Mathematics,Jefferson County High School (Evan's team) vs Unicoi County High School,Evan,Jefferson County High School (Evan's team),Correct,,,,Correct,10,Jefferson County High School (Evan's team),1,,"the captions show ""1110 meters"" (probably Evan answering ""10 meters"")",
S40 E35,Round of 32,Bonus,25,"Two lines intersect, forming four angles, one angle measuring 65 degrees. Give the measures of the other three angles.","115, 65 and 115 degrees",Geometry,Mathematics,Jefferson County High School (Evan's team) vs Unicoi County High School,,Jefferson County High School (Evan's team),Incorrect,,,,Missed,0,None given,1,,"the team said 25, 65 and 25",
S40 E35,Round of 32,Tossup,26,How many different colors are on an original Rubik's Cube?,Six,Miscellaneous,General & Visual,Jefferson County High School (Evan's team) vs Unicoi County High School,Emily,Unicoi County High School,Correct,,,,Correct,10,Unicoi County High School,1,,,
S40 E35,Round of 32,Bonus,26,"With digits arranged in a circular layout and a finger hole in the wheel for each digit, what is the common term for the type of telephone shown here?",A rotary phone,Visual,General & Visual,Jefferson County High School (Evan's team) vs Unicoi County High School,,Unicoi County High School,Incorrect,,,,Missed,0,None given,1,,"team said ""dial phone"" or ""old round dial""",
S40 E35,Round of 32,Tossup,27,"In 1893, which nation became the first self-governing country to pass women's suffrage?",New Zealand,Geography,Social Studies,Jefferson County High School (Evan's team) vs Unicoi County High School,Evan,Jefferson County High School (Evan's team),Correct,,,,Correct,10,Jefferson County High School (Evan's team),1,,"the captions show ""11"" for the buzzer name",
S40 E35,Round of 32,Bonus,27,"If the time in Auckland, New Zealand, is 18 hours ahead of Knoxville, what day and time is it in Auckland when it is 5:30 p.m. on a Wednesday in Knoxville?",11:30 a.m. on Thursday,Geography,Social Studies,Jefferson County High School (Evan's team) vs Unicoi County High School,,Jefferson County High School (Evan's team),Incorrect,,,,Missed,0,None given,1,,team said Tuesday at 8:30,
S40 E35,Round of 32,Tossup,28,"What are the French words for ""the window""?",La fenêtre,Foreign Language,Foreign Language,Jefferson County High School (Evan's team) vs Unicoi County High School,,,No Buzz,,,,Missed,0,None given,1,,nobody answered; the host gave the answer,
S40 E35,Round of 32,Tossup,29,"What is the common term for arteries in the head becoming blocked or rupturing, resulting in the death of nervous tissue?",A stroke,Health,Science & Technology,Jefferson County High School (Evan's team) vs Unicoi County High School,Zach,Jefferson County High School (Evan's team),Correct,,,,Correct,10,Jefferson County High School (Evan's team),1,,,
S40 E35,Round of 32,Bonus,29,What company that analyzes customers' saliva samples derives its name from the number of chromosome pairs in each human cell?,23andMe,Health,Science & Technology,Jefferson County High School (Evan's team) vs Unicoi County High School,,Jefferson County High School (Evan's team),Correct,,,,Correct,20,Jefferson County High School (Evan's team),1,,,
S40 E35,Round of 32,Tossup,30,What was the name given to the domestic programs that President Lyndon Johnson outlined in his 1965 State of the Union address?,The Great Society,U.S. History,Social Studies,Jefferson County High School (Evan's team) vs Unicoi County High School,Reagan,Jefferson County High School (Evan's team),Correct,,,,Correct,10,Jefferson County High School (Evan's team),1,,,
S40 E35,Round of 32,Bonus,30,"Daniel Ellsberg, who died in 2023, famously gave The New York Times, The Washington Post and others a top secret 1971 study, the ""Report of the Office of the Secretary of Defense Vietnam Task Force,"" more commonly known as what?",The Pentagon Papers,U.S. History,Social Studies,Jefferson County High School (Evan's team) vs Unicoi County High School,,Jefferson County High School (Evan's team),Correct,,,,Correct,20,Jefferson County High School (Evan's team),1,,,
S40 E35,Round of 32,Tossup,31,What is the term for the interval between the first and eighth tone of a musical scale?,An octave,Music,Fine Arts,Jefferson County High School (Evan's team) vs Unicoi County High School,Emily,Unicoi County High School,Correct,,,,Correct,10,Unicoi County High School,1,,,
S40 E35,Round of 32,Bonus,31,Part 1: Who composed the New World Symphony? | Part 2: Who composed the opera Aida?,Part 1: Antonín Dvořák | Part 2: Giuseppe Verdi,Music,Fine Arts,Jefferson County High School (Evan's team) vs Unicoi County High School,,Unicoi County High School,Incorrect,,,,Missed,0,None given,2,,the team gave a wrong answer for Part 1 and none for Part 2,
S40 E35,Round of 32,Tossup,32,Which astronomical event cannot last longer than 7 minutes and 32 seconds?,A total solar eclipse,Science,Science & Technology,Jefferson County High School (Evan's team) vs Unicoi County High School,Brian,Unicoi County High School,Correct,,,,Correct,10,Unicoi County High School,1,,"Brian said ""solar eclipse"" and the host accepted it",
S40 E35,Round of 32,Bonus,32,Name four of the five major layers that make up the Earth's atmosphere.,"Any four of: troposphere, stratosphere, mesosphere, thermosphere, exosphere",Science,Science & Technology,Jefferson County High School (Evan's team) vs Unicoi County High School,,Unicoi County High School,Partial,,,,Partial,5,Unicoi County High School,1,,"the team named the ozonosphere, lithosphere, ionosphere and stratosphere; only the stratosphere counted",
S40 E35,Round of 32,Tossup,33,"In Greek mythology, what is the name of the winged horse?",Pegasus,Mythology,Religion & Mythology,Jefferson County High School (Evan's team) vs Unicoi County High School,Brian,Unicoi County High School,Correct,,,,Correct,10,Unicoi County High School,1,,,
S40 E35,Round of 32,Bonus,33,Part 1: Archaeologists examining the ruins of Pompeii discovered a fresco depicting a mythological hunter enraptured by his own reflection. Who was the hunter? | Part 2: Who was the mountain nymph in love with him?,Part 1: Narcissus | Part 2: Echo,Mythology,Religion & Mythology,Jefferson County High School (Evan's team) vs Unicoi County High School,,Unicoi County High School,Incorrect,,,,Missed,0,None given,2,,the team gave no answer for Part 1 and a wrong answer for Part 2,
S40 E35,Round of 32,Tossup,34,"Which amphitheater was completed in 80 A.D. to accommodate 50,000 spectators at gladiator games?",The Colosseum,History,Social Studies,Jefferson County High School (Evan's team) vs Unicoi County High School,Zach,Jefferson County High School (Evan's team),Incorrect,Galen,Unicoi County High School,Correct,Correct,10,Unicoi County High School,1,,Zach said the Circus Maximus,
S40 E35,Round of 32,Bonus,34,Part 1: Who led the Carthaginian army depicted in this image of one of the greatest military achievements in ancient warfare? | Part 2: What mountain range did they cross in this major event of the Second Punic War?,Part 1: Hannibal | Part 2: The Alps,Visual,General & Visual,Jefferson County High School (Evan's team) vs Unicoi County High School,,Unicoi County High School,Correct,,,,Correct,20,Unicoi County High School,2,,,
S40 E35,Round of 32,Tossup,35,Convert the base five number 1101 into base ten.,151,Math,Mathematics,Jefferson County High School (Evan's team) vs Unicoi County High School,,,No Buzz,,,,Missed,0,None given,1,,nobody answered; the host gave the answer,
S40 E35,Round of 32,Tossup,36,Which of Jesus Christ's apostles is the patron saint of impossible causes and the namesake for a nationally known children's research hospital in Memphis?,Saint Jude,Religion,Religion & Mythology,Jefferson County High School (Evan's team) vs Unicoi County High School,Emily,Unicoi County High School,Incorrect,Noah,Jefferson County High School (Evan's team),Correct,Correct,10,Jefferson County High School (Evan's team),1,,Emily said Saint Peter,
S40 E35,Round of 32,Bonus,36,Name four of the ten plagues inflicted upon Egypt to convince Pharaoh to free the Israelite slaves.,"Any four of: water to blood, frogs, lice, flies, death of livestock, boils, hail, locusts, darkness, death of the firstborn",Religion,Religion & Mythology,Jefferson County High School (Evan's team) vs Unicoi County High School,,Jefferson County High School (Evan's team),Correct,,,,Correct,20,Jefferson County High School (Evan's team),1,,"the team named water to blood, frogs, locusts, boils and the death of the firstborn; the host accepted all of them",
S40 E35,Round of 32,Tossup,37,The National Park Service operates under the jurisdiction of which cabinet-level government department?,The Department of the Interior,Government,Social Studies,Jefferson County High School (Evan's team) vs Unicoi County High School,Brian,Unicoi County High School,Incorrect,,,,Missed,0,None given,1,,Brian said the Department of Defense; no Jefferson County answer captured,
S40 E35,Round of 32,Tossup,38,What seven letter word beginning with P means swearing under oath to something that is not true?,Perjury,Vocabulary,Language Arts,Jefferson County High School (Evan's team) vs Unicoi County High School,Brian,Unicoi County High School,Incorrect,,,,Missed,0,None given,1,,Brian had no answer and the game ended,
S40 E36,Round of 32,Tossup,1,"If blue litmus paper turns red, what does this indicate?",The presence of an acid,Chemistry,Science & Technology,Corbin High School (KY) vs Hardin Valley Academy (David's team),David,Hardin Valley Academy (David's team),Correct,,,,Correct,10,Hardin Valley Academy (David's team),1,,,
S40 E36,Round of 32,Bonus,1,Part 1: Name the compound H2O2. | Part 2: Name the compound NH3.,Part 1: Hydrogen peroxide | Part 2: Ammonia,Chemistry,Science & Technology,Corbin High School (KY) vs Hardin Valley Academy (David's team),,Hardin Valley Academy (David's team),Correct,,,,Correct,20,Hardin Valley Academy (David's team),2,,,
S40 E36,Round of 32,Tossup,2,What Tennessee state song was written in 1967?,"""Rocky Top""",Music,Fine Arts,Corbin High School (KY) vs Hardin Valley Academy (David's team),Zach,Hardin Valley Academy (David's team),Correct,,,,Correct,10,Hardin Valley Academy (David's team),1,,,
S40 E36,Round of 32,Bonus,2,"What British pop singer, whose parents were Albanian immigrants, was granted Albanian citizenship in 2022 because of the popularity of her songs such as ""Levitating"" and ""Don't Start Now""?",Dua Lipa,Music,Fine Arts,Corbin High School (KY) vs Hardin Valley Academy (David's team),,Hardin Valley Academy (David's team),Correct,,,,Correct,20,Hardin Valley Academy (David's team),1,,,
S40 E36,Round of 32,Tossup,3,What swimming pool game shares a name with a Venetian merchant?,Marco Polo,Games,General & Visual,Corbin High School (KY) vs Hardin Valley Academy (David's team),Zach,Hardin Valley Academy (David's team),Correct,,,,Correct,10,Hardin Valley Academy (David's team),1,,,
S40 E36,Round of 32,Bonus,3,What board game involves players conquering their enemies' territory by building an army on adjacent territories?,Risk,Games,General & Visual,Corbin High School (KY) vs Hardin Valley Academy (David's team),,Hardin Valley Academy (David's team),Correct,,,,Correct,20,Hardin Valley Academy (David's team),1,,,
S40 E36,Round of 32,Tossup,4,The Great Barrier Reef is located off the coast of which continent?,Australia,Geography,Social Studies,Corbin High School (KY) vs Hardin Valley Academy (David's team),Zach,Hardin Valley Academy (David's team),Correct,,,,Correct,10,Hardin Valley Academy (David's team),1,,,
S40 E36,Round of 32,Bonus,4,Name two of the South American countries that the equator runs through.,"Any two of: Ecuador, Colombia, Brazil",Geography,Social Studies,Corbin High School (KY) vs Hardin Valley Academy (David's team),,Hardin Valley Academy (David's team),Correct,,,,Correct,20,Hardin Valley Academy (David's team),1,,,
S40 E36,Round of 32,Tossup,5,"What kind of noun is ""humility""?",An abstract noun,Vocabulary,Language Arts,Corbin High School (KY) vs Hardin Valley Academy (David's team),Zach,Hardin Valley Academy (David's team),Correct,,,,Correct,10,Hardin Valley Academy (David's team),1,,,
S40 E36,Round of 32,Bonus,5,Part 1: What nine letter word that begins with the letter I means unbiased or fair? | Part 2: What five letter word that begins with the letter I means an expression peculiar to a language?,Part 1: Impartial | Part 2: Idiom,Vocabulary,Language Arts,Corbin High School (KY) vs Hardin Valley Academy (David's team),,Hardin Valley Academy (David's team),Correct,,,,Correct,20,Hardin Valley Academy (David's team),2,,,
S40 E36,Round of 32,Tossup,6,Who first measured the density of solid objects by submerging them?,Archimedes,Physics,Science & Technology,Corbin High School (KY) vs Hardin Valley Academy (David's team),Zach,Hardin Valley Academy (David's team),Correct,,,,Correct,10,Hardin Valley Academy (David's team),1,,,
S40 E36,Round of 32,Bonus,6,Ohm's law is represented by the equation E = IR. Name two of the three words that these variables represent.,"Any two of: voltage, current, resistance",Physics,Science & Technology,Corbin High School (KY) vs Hardin Valley Academy (David's team),,Hardin Valley Academy (David's team),Correct,,,,Correct,20,Hardin Valley Academy (David's team),1,,,
S40 E36,Round of 32,Tossup,7,Solve for x if 18 = 3 − 5x.,x = −3,Algebra,Mathematics,Corbin High School (KY) vs Hardin Valley Academy (David's team),David,Hardin Valley Academy (David's team),Incorrect,Will,Corbin High School (KY),Correct,Correct,10,Corbin High School (KY),1,,David said 3,
S40 E36,Round of 32,Bonus,7,"Evaluate the expression ax + ay if a = 3.2, x = 5.3 and y = 4.7.",32,Visual,General & Visual,Corbin High School (KY) vs Hardin Valley Academy (David's team),Hudson,Corbin High School (KY),Incorrect,,,,Missed,0,None given,1,,"Will designated Hudson, who said 15.8",
S40 E36,Round of 32,Tossup,8,Who was appointed by Pope Paul III as chief architect of St. Peter's Basilica?,Michelangelo,Art,Fine Arts,Corbin High School (KY) vs Hardin Valley Academy (David's team),Zach,Hardin Valley Academy (David's team),Correct,,,,Correct,10,Hardin Valley Academy (David's team),1,,,
S40 E36,Round of 32,Bonus,8,"A detective known as the Indiana Jones of the art world found and returned a priceless statue that was stolen from a French museum in 1973. The statue was of what mythological Roman god of agriculture, wine and fertility?",Bacchus,Art,Fine Arts,Corbin High School (KY) vs Hardin Valley Academy (David's team),,Hardin Valley Academy (David's team),Correct,,,,Correct,20,Hardin Valley Academy (David's team),1,,,
S40 E36,Round of 32,Tossup,9,Who was president of the United States when NASA was established?,Dwight D. Eisenhower,U.S. History,Social Studies,Corbin High School (KY) vs Hardin Valley Academy (David's team),Sam,Corbin High School (KY),Incorrect,Zach,Hardin Valley Academy (David's team),Correct,Correct,10,Hardin Valley Academy (David's team),1,,Sam said Kennedy,
S40 E36,Round of 32,Bonus,9,Which two of the state quarters released in the early 21st century highlight the birth of aviation with the Wright Brothers' first airplane?,Ohio and North Carolina,U.S. History,Social Studies,Corbin High School (KY) vs Hardin Valley Academy (David's team),,Hardin Valley Academy (David's team),Correct,,,,Correct,20,Hardin Valley Academy (David's team),1,,,
S40 E36,Round of 32,Tossup,10,What ten letter word beginning with A means someone or something presented in a story in opposition to the principal character?,Antagonist,Literature,Language Arts,Corbin High School (KY) vs Hardin Valley Academy (David's team),Zach,Hardin Valley Academy (David's team),Incorrect,Jasper,Corbin High School (KY),Correct,Correct,10,Corbin High School (KY),1,,Zach buzzed early (his answer is garbled in the captions),
S40 E36,Round of 32,Bonus,10,"What type of poetry is a form of narrative verse typically following a pattern of rhymed quatrains, like ""The Rime of the Ancient Mariner""?",A ballad,Literature,Language Arts,Corbin High School (KY) vs Hardin Valley Academy (David's team),,Corbin High School (KY),Incorrect,,,,Missed,0,None given,1,,"team said ""ode""",
S40 E36,Round of 32,Tossup,11,"Sugars, starches and fiber are what type of macronutrient found in certain foods?",Carbohydrates,Health,Science & Technology,Corbin High School (KY) vs Hardin Valley Academy (David's team),Sam,Corbin High School (KY),Correct,,,,Correct,10,Corbin High School (KY),1,,,
S40 E36,Round of 32,Bonus,11,"Part 1: What branch of medical science is the study of the incidence, distribution and control of disease in a population? | Part 2: What field of medicine deals with the digestive system?",Part 1: Epidemiology | Part 2: Gastroenterology,Health,Science & Technology,Corbin High School (KY) vs Hardin Valley Academy (David's team),,Corbin High School (KY),Incorrect,,,,Missed,0,None given,2,,"the captions give no clear ruling on Part 1 (the host says ""that would be epidemiology"") but end with ""no points on the bonus""; Sam answered Part 2 ""astronomics""",
S40 E36,Round of 32,Tossup,12,A two-dimensional space is divided into quadrants. What is three-dimensional space divided into?,Octants,Geometry,Mathematics,Corbin High School (KY) vs Hardin Valley Academy (David's team),Zach,Hardin Valley Academy (David's team),Correct,,,,Correct,10,Hardin Valley Academy (David's team),1,,"Zach said ""octets"" and the host accepted it",
S40 E36,Round of 32,Bonus,12,Two angles are complementary. One is 54 degrees larger than the other angle. What are the measures of both angles?,18 and 72 degrees,Geometry,Mathematics,Corbin High School (KY) vs Hardin Valley Academy (David's team),,Hardin Valley Academy (David's team),Incorrect,,,,Missed,0,None given,1,,the team said 63 and 27,
S40 E36,Round of 32,Tossup,13,What religion's practices are based on the Torah or Mosaic Law?,Judaism,Religion,Religion & Mythology,Corbin High School (KY) vs Hardin Valley Academy (David's team),Zach,Hardin Valley Academy (David's team),Correct,,,,Correct,10,Hardin Valley Academy (David's team),1,,,
S40 E36,Round of 32,Bonus,13,"Part 1: Known for its five looming towers and grand porticos, the great temple of Angkor Wat is sacred for followers of which religion? | Part 2: In what country is Angkor Wat located?",Part 1: Buddhism | Part 2: Cambodia,Religion,Religion & Mythology,Corbin High School (KY) vs Hardin Valley Academy (David's team),,Hardin Valley Academy (David's team),Incorrect,,,,Missed,0,None given,2,,the team said Hinduism and India,
S40 E36,Round of 32,Tossup,14,"What body of water is bordered by Texas, Louisiana and Florida?",The Gulf of Mexico,Geography,Social Studies,Corbin High School (KY) vs Hardin Valley Academy (David's team),Sam,Corbin High School (KY),Correct,,,,Correct,10,Corbin High School (KY),1,,,
S40 E36,Round of 32,Bonus,14,Part 1: What island nation is represented by the flag shown here? | Part 2: What is its capital?,Part 1: Jamaica | Part 2: Kingston,Visual,General & Visual,Corbin High School (KY) vs Hardin Valley Academy (David's team),,Corbin High School (KY),Correct,,,,Correct,20,Corbin High School (KY),2,,,
S40 E36,Round of 32,Tossup,15,"What does the French expression ""prêt-à-porter"" mean?",Ready to wear,Foreign Language,Foreign Language,Corbin High School (KY) vs Hardin Valley Academy (David's team),Zach,Hardin Valley Academy (David's team),Incorrect,Will,Corbin High School (KY),Incorrect,Missed,0,None given,1,,"Zach said ""store""; Will's answer was ""it's good""",
S40 E36,Round of 32,Tossup,16,What is the upward force in a liquid?,Buoyancy,Science,Science & Technology,Corbin High School (KY) vs Hardin Valley Academy (David's team),Zach,Hardin Valley Academy (David's team),Correct,,,,Correct,10,Hardin Valley Academy (David's team),1,,,
S40 E36,Round of 32,Bonus,16,Part 1: Which metal is the primary component in the ore hematite? | Part 2: Which metal is the primary component in the ore galena?,Part 1: Iron | Part 2: Lead,Science,Science & Technology,Corbin High School (KY) vs Hardin Valley Academy (David's team),,Hardin Valley Academy (David's team),Partial,,,,Partial,10,Hardin Valley Academy (David's team),2,,the team said aluminum or gallium for Part 2,
S40 E36,Round of 32,Tossup,17,Koalas rely on what tree for habitat and food?,The eucalyptus,Biology,Science & Technology,Corbin High School (KY) vs Hardin Valley Academy (David's team),Zach,Hardin Valley Academy (David's team),Correct,,,,Correct,10,Hardin Valley Academy (David's team),1,,,
S40 E36,Round of 32,Bonus,17,"Although it saw record growth in 2022 after years of coral bleaching, scientists are still concerned about marine heatwaves, pollution and coral-eating crown-of-thorns starfish at what reef, the world's largest?",The Great Barrier Reef,Biology,Science & Technology,Corbin High School (KY) vs Hardin Valley Academy (David's team),,Hardin Valley Academy (David's team),Correct,,,,Correct,20,Hardin Valley Academy (David's team),1,,,
S40 E36,Round of 32,Tossup,18,What is the Tennessee state wild animal?,The raccoon,Miscellaneous,General & Visual,Corbin High School (KY) vs Hardin Valley Academy (David's team),Zach,Hardin Valley Academy (David's team),Correct,,,,Correct,10,Hardin Valley Academy (David's team),1,,,
S40 E36,Round of 32,Bonus,18,Part 1: What is the state gem of Tennessee? | Part 2: What is the Tennessee state reptile?,Part 1: The Tennessee River pearl | Part 2: The eastern box turtle,Miscellaneous,General & Visual,Corbin High School (KY) vs Hardin Valley Academy (David's team),,Hardin Valley Academy (David's team),Incorrect,,,,Missed,0,None given,2,,"the team debated pearl and sapphire for Part 1 and said salamander for Part 2; the host ended with ""no points on the bonus""",
S40 E36,Round of 32,Tossup,19,What is a rule or regulation issued by the president that has the force of law?,An executive order,Government,Social Studies,Corbin High School (KY) vs Hardin Valley Academy (David's team),Zach,Hardin Valley Academy (David's team),Incorrect,Sam,Corbin High School (KY),Correct,Correct,10,Corbin High School (KY),1,,Zach's answer is not captured,
S40 E36,Round of 32,Bonus,19,In 1801 it took 35 House ballots before Thomas Jefferson won the presidency. Who was the opponent who tied him in the Electoral College?,Aaron Burr,Government,Social Studies,Corbin High School (KY) vs Hardin Valley Academy (David's team),,Corbin High School (KY),Correct,,,,Correct,20,Corbin High School (KY),1,,"the captions give ""35 ballots"" and ""34 times""",
S40 E36,Round of 32,Tossup,20,"Spell ""fluorescent.""",F-L-U-O-R-E-S-C-E-N-T,Spelling,Language Arts,Corbin High School (KY) vs Hardin Valley Academy (David's team),Zach,Hardin Valley Academy (David's team),Correct,,,,Correct,10,Hardin Valley Academy (David's team),1,,,
S40 E36,Round of 32,Bonus,20,"Someone who exercises a compelling charm which inspires devotion in others is charismatic. Spell ""charismatic.""",C-H-A-R-I-S-M-A-T-I-C,Spelling,Language Arts,Corbin High School (KY) vs Hardin Valley Academy (David's team),Zach,Hardin Valley Academy (David's team),Correct,,,,Correct,20,Hardin Valley Academy (David's team),1,,David deferred to Zach,
S40 E36,Round of 32,Tossup,21,In which mountain chain is Mount Everest?,The Himalayas,Geology,Science & Technology,Corbin High School (KY) vs Hardin Valley Academy (David's team),Zach,Hardin Valley Academy (David's team),Correct,,,,Correct,10,Hardin Valley Academy (David's team),1,,,
S40 E36,Round of 32,Bonus,21,What stone is said to have been given to Abraham by Gabriel and kept at the Kaaba in Mecca?,The Black Stone,Geology,Science & Technology,Corbin High School (KY) vs Hardin Valley Academy (David's team),Zainab,Hardin Valley Academy (David's team),Correct,,,,Correct,20,Hardin Valley Academy (David's team),1,,"David deferred to Zainab; the captions garble the answer (""Loxton"")",
S40 E36,Round of 32,Tossup,22,What is the value of sin²x + cos²x?,1,Pre-Calculus,Mathematics,Corbin High School (KY) vs Hardin Valley Academy (David's team),Zach,Hardin Valley Academy (David's team),Correct,,,,Correct,10,Hardin Valley Academy (David's team),1,,,
S40 E36,Round of 32,Bonus,22,Part 1: What is the limit of sin x as x approaches infinity? | Part 2: What is the limit of (sin x)/x as x approaches infinity?,Part 1: Does not exist | Part 2: 0,Pre-Calculus,Mathematics,Corbin High School (KY) vs Hardin Valley Academy (David's team),,Hardin Valley Academy (David's team),Correct,,,,Correct,20,Hardin Valley Academy (David's team),2,,,
S40 E36,Round of 32,Tossup,23,What is the name for a decorative strip of wood across the top of a wall?,Molding,Architecture,Fine Arts,Corbin High School (KY) vs Hardin Valley Academy (David's team),Sam,Corbin High School (KY),Incorrect,Zach,Hardin Valley Academy (David's team),Incorrect,Missed,0,None given,1,,"Sam said portico; Zach said ""a panel""",
S40 E36,Round of 32,Tossup,24,What is a sum of money paid regularly by a company to its investors out of its profits?,A dividend,Economics,Social Studies,Corbin High School (KY) vs Hardin Valley Academy (David's team),Sam,Corbin High School (KY),Incorrect,Zach,Hardin Valley Academy (David's team),Correct,Correct,10,Hardin Valley Academy (David's team),1,,"Sam said ""interest""; the bonus was not read because the first half ended",
S40 E36,Round of 32,Tossup,25,What is the study of language and its structure called?,Linguistics,English,Language Arts,Corbin High School (KY) vs Hardin Valley Academy (David's team),Zach,Hardin Valley Academy (David's team),Correct,,,,Correct,10,Hardin Valley Academy (David's team),1,,,
S40 E36,Round of 32,Bonus,25,"What is the term for a word like ""buzz"" that has a sound that imitates or suggests its meaning?",Onomatopoeia,English,Language Arts,Corbin High School (KY) vs Hardin Valley Academy (David's team),Ryan,Hardin Valley Academy (David's team),Correct,,,,Correct,20,Hardin Valley Academy (David's team),1,,David deferred to Ryan,
S40 E36,Round of 32,Tossup,26,What is the term for a substance that increases the rate of a chemical reaction?,A catalyst,Chemistry,Science & Technology,Corbin High School (KY) vs Hardin Valley Academy (David's team),Zach,Hardin Valley Academy (David's team),Correct,,,,Correct,10,Hardin Valley Academy (David's team),1,,,
S40 E36,Round of 32,Bonus,26,Give the electron configuration in exponential form for sodium.,1s² 2s² 2p⁶ 3s¹,Chemistry,Science & Technology,Corbin High School (KY) vs Hardin Valley Academy (David's team),,Hardin Valley Academy (David's team),Correct,,,,Correct,20,Hardin Valley Academy (David's team),1,,,
S40 E36,Round of 32,Tossup,27,Who was the mythological Greek goddess of love?,Aphrodite,Mythology,Religion & Mythology,Corbin High School (KY) vs Hardin Valley Academy (David's team),Will,Corbin High School (KY),Correct,,,,Correct,10,Corbin High School (KY),1,,,
S40 E36,Round of 32,Bonus,27,"When Mauna Loa erupted in 2022, many native Hawaiians traveled to the volcano to make sacrifices in honor of what mythological goddess of volcanoes and fire?",Pele,Mythology,Religion & Mythology,Corbin High School (KY) vs Hardin Valley Academy (David's team),Korina,Corbin High School (KY),Correct,,,,Correct,20,Corbin High School (KY),1,,Will designated Korina,
S40 E36,Round of 32,Tossup,28,What song was the marching song of the Northern troops during the Civil War?,"""The Battle Hymn of the Republic""",Music,Fine Arts,Corbin High School (KY) vs Hardin Valley Academy (David's team),Zach,Hardin Valley Academy (David's team),Correct,,,,Correct,10,Hardin Valley Academy (David's team),1,,,
S40 E36,Round of 32,Bonus,28,"Part 1: What popular singer-songwriter became the youngest person to sweep the four main Grammy categories in 2020 with her hit ""Bad Guy""? | Part 2: What was the title song for the 25th installment of the James Bond film franchise, written and sung by that artist?","Part 1: Billie Eilish | Part 2: ""No Time to Die""",Music,Fine Arts,Corbin High School (KY) vs Hardin Valley Academy (David's team),,Hardin Valley Academy (David's team),Correct,,,,Correct,20,Hardin Valley Academy (David's team),2,,,
S40 E36,Round of 32,Tossup,29,"Thomas Jefferson insisted that the legislative building in Washington be called the Capitol. Spell ""Capitol.""",C-A-P-I-T-O-L,U.S. History,Social Studies,Corbin High School (KY) vs Hardin Valley Academy (David's team),Zainab,Hardin Valley Academy (David's team),Correct,,,,Correct,10,Hardin Valley Academy (David's team),1,,,
S40 E36,Round of 32,Bonus,29,"Part 1: The funeral procession for which president traveled down Broadway in New York City on April 25, 1865, as shown here? | Part 2: The photo also shows what six-and-a-half-year-old boy who would become the nation's 26th president?",Part 1: Abraham Lincoln | Part 2: Theodore Roosevelt,Visual,General & Visual,Corbin High School (KY) vs Hardin Valley Academy (David's team),,Hardin Valley Academy (David's team),Correct,,,,Correct,20,Hardin Valley Academy (David's team),2,,,
S40 E36,Round of 32,Tossup,30,By what name did Dr. Frankenstein refer to his monster in the novel Frankenstein?,Adam,Literature,Language Arts,Corbin High School (KY) vs Hardin Valley Academy (David's team),Zach,Hardin Valley Academy (David's team),Correct,,,,Correct,10,Hardin Valley Academy (David's team),1,,,
S40 E36,Round of 32,Bonus,30,Part 1: What novel did Jules Verne write about a traveler who makes a wager to circumnavigate the earth? | Part 2: What is the name of the protagonist?,Part 1: Around the World in Eighty Days | Part 2: Phileas Fogg,Literature,Language Arts,Corbin High School (KY) vs Hardin Valley Academy (David's team),,Hardin Valley Academy (David's team),Correct,,,,Correct,20,Hardin Valley Academy (David's team),2,,,
S40 E36,Round of 32,Tossup,31,What is the illusion caused by the refraction of light in which distant objects appear to be floating in the air?,A mirage,Science,Science & Technology,Corbin High School (KY) vs Hardin Valley Academy (David's team),Zach,Hardin Valley Academy (David's team),Correct,,,,Correct,10,Hardin Valley Academy (David's team),1,,,
S40 E36,Round of 32,Bonus,31,In what geologic era did forests appear and dominate the land?,The Paleozoic era,Science,Science & Technology,Corbin High School (KY) vs Hardin Valley Academy (David's team),,Hardin Valley Academy (David's team),Incorrect,,,,Missed,0,None given,1,,"the team debated Paleolithic, Cenozoic and Cretaceous",
S40 E36,Round of 32,Tossup,32,What is 875 divided by 25?,35,Math,Mathematics,Corbin High School (KY) vs Hardin Valley Academy (David's team),Zach,Hardin Valley Academy (David's team),Correct,,,,Correct,10,Hardin Valley Academy (David's team),1,,,
S40 E36,Round of 32,Bonus,32,What number is six factorial equal to?,720,Math,Mathematics,Corbin High School (KY) vs Hardin Valley Academy (David's team),,Hardin Valley Academy (David's team),Correct,,,,Correct,20,Hardin Valley Academy (David's team),1,,,
S40 E36,Round of 32,Tossup,33,"Translate ""casa de azúcar"" from Spanish to English.",House of sugar,Foreign Language,Foreign Language,Corbin High School (KY) vs Hardin Valley Academy (David's team),Zach,Hardin Valley Academy (David's team),Correct,,,,Correct,10,Hardin Valley Academy (David's team),1,,"the captions show ""covers sugar""",
S40 E36,Round of 32,Bonus,33,Name two of the European countries where Catalan is spoken.,"Any two of: Andorra, Spain, France, Italy",Foreign Language,Foreign Language,Corbin High School (KY) vs Hardin Valley Academy (David's team),,Hardin Valley Academy (David's team),Correct,,,,Correct,20,Hardin Valley Academy (David's team),1,,the team said Andorra and Spain,
S40 E36,Round of 32,Tossup,34,Of what country is Caracas the capital city?,Venezuela,Geography,Social Studies,Corbin High School (KY) vs Hardin Valley Academy (David's team),Zach,Hardin Valley Academy (David's team),Correct,,,,Correct,10,Hardin Valley Academy (David's team),1,,,
S40 E36,Round of 32,Bonus,34,Part 1: Which Great Lake is the smallest in terms of surface area? | Part 2: Which Great Lake is the smallest by volume?,Part 1: Lake Ontario | Part 2: Lake Erie,Geography,Social Studies,Corbin High School (KY) vs Hardin Valley Academy (David's team),,Hardin Valley Academy (David's team),Correct,,,,Correct,20,Hardin Valley Academy (David's team),2,,,
S40 E36,Round of 32,Tossup,35,"What is a type of sculpture, made of wood and steel, in which objects are suspended and balanced to be moved by currents of air?",A mobile,Art,Fine Arts,Corbin High School (KY) vs Hardin Valley Academy (David's team),Zach,Hardin Valley Academy (David's team),Incorrect,,,,Missed,0,None given,1,,"Zach said ""relief""; no Corbin answer captured",
S40 E36,Round of 32,Tossup,36,What is the brightest star seen in the night sky?,Sirius,Astronomy,Science & Technology,Corbin High School (KY) vs Hardin Valley Academy (David's team),,Unknown,Correct,,,,Correct,10,Unknown,1,Yes,buzzer and team not identified in captions; team not identified in captions (captions lines 14517-14520),"What is the brightest star seen in the night sky? / Serious. / bonus now for in astronomy for all you. / In 1736, the astronomer Anders Celsius confirmed Newton's theory that the Earth is not a sphere."
S40 E36,Round of 32,Bonus,36,"In 1736, the astronomer Anders Celsius confirmed Newton's theory that the Earth is not a sphere. What shape is it?",An ellipsoid (oblate spheroid),Astronomy,Science & Technology,Corbin High School (KY) vs Hardin Valley Academy (David's team),,Unknown,Incorrect,,,,Missed,0,None given,1,Yes,"the team answered ""ellipse"" and only worked out ""ellipsoid"" in discussion after the answer was locked; team not identified in captions (captions lines 14519-14530)","bonus now for in astronomy for all you. / In 1736, the astronomer Anders Celsius confirmed Newton's theory that the Earth is not a sphere. / But what shape ellipse? / I don't know. / Lips and lips, isn't it? / Looks three square and ellipsoid. / And that's Ellipse. / No, Ellipse would be two dimensional. / You just figured out ellipsoid is the right answer. / We also would have taken Oblate spheroid. / But most people say ellipsoid. / No points toss up in health, in psychology, what is the innate and typically fixed pattern of behavior in animals or in response to certain stimuli?"
S40 E36,Round of 32,Tossup,37,"In psychology, what is the innate and typically fixed pattern of behavior in animals in response to certain stimuli?",Instinct,Health,Science & Technology,Corbin High School (KY) vs Hardin Valley Academy (David's team),Ryan,Hardin Valley Academy (David's team),Correct,,,,Correct,10,Hardin Valley Academy (David's team),1,,,
S40 E36,Round of 32,Bonus,37,"According to a 2018 report from UCLA's World Policy Analysis Center, what are the only two countries in the OECD where paid sick leave is not guaranteed?",The United States and South Korea,Health,Science & Technology,Corbin High School (KY) vs Hardin Valley Academy (David's team),,Hardin Valley Academy (David's team),Partial,,,,Partial,10,Hardin Valley Academy (David's team),1,,the team said the U.S. and Canada; the U.S. counted,
S40 E36,Round of 32,Tossup,38,"In what city would you find the Church of the Holy Sepulchre, believed to be the location of Jesus' resurrection?",Jerusalem,Religion,Religion & Mythology,Corbin High School (KY) vs Hardin Valley Academy (David's team),Zach,Hardin Valley Academy (David's team),Correct,,,,Correct,10,Hardin Valley Academy (David's team),1,,,
S40 E36,Round of 32,Bonus,38,Part 1: Who is the artist in the self-portrait shown here? | Part 2: This 1907 self-portrait was painted at the beginning of which artistic stage of the artist's career?,Part 1: Pablo Picasso | Part 2: Cubism,Visual,General & Visual,Corbin High School (KY) vs Hardin Valley Academy (David's team),,Hardin Valley Academy (David's team),Correct,,,,Correct,20,Hardin Valley Academy (David's team),2,,,
S40 E36,Round of 32,Tossup,39,"Who uttered the famous words ""I have not yet begun to fight"" when asked by the British to surrender?",John Paul Jones,History,Social Studies,Corbin High School (KY) vs Hardin Valley Academy (David's team),David,Hardin Valley Academy (David's team),Incorrect,,,,Missed,0,None given,1,,David's answer is not captured; no Corbin answer,
S40 E36,Round of 32,Tossup,40,"What profession entitles its members to use the term ""Esquire"" following their name?",Attorney,Vocabulary,Language Arts,Corbin High School (KY) vs Hardin Valley Academy (David's team),,Hardin Valley Academy (David's team),Correct,,,,Correct,10,Hardin Valley Academy (David's team),1,,buzzer not named; Hardin Valley from the bonus,
S40 E36,Round of 32,Bonus,40,"Part 1: Identify the meaning of the prefix ""macro-."" | Part 2: Identify the meaning of the prefix ""poly-.""",Part 1: Large | Part 2: Many,Vocabulary,Language Arts,Corbin High School (KY) vs Hardin Valley Academy (David's team),,Hardin Valley Academy (David's team),Correct,,,,Correct,20,Hardin Valley Academy (David's team),2,,,
S40 E36,Round of 32,Tossup,41,"Podbean, Riverside.fm and Buzzsprout are intended for creating what?",Podcasts,Technology,Science & Technology,Corbin High School (KY) vs Hardin Valley Academy (David's team),,Unknown,Correct,,,,Correct,10,Unknown,1,Yes,buzzer and team not identified in captions; team not identified in captions (captions lines 14564-14564),"Many, many also write 20 points to toss up now in technology Podbean, Riverside FM and Buzz Sprout podcast are intended for creating podcasts and a technology bonus in the world of podcasting."
S40 E36,Round of 32,Bonus,41,"In the world of podcasting, what does RSS stand for?",Really Simple Syndication,Technology,Science & Technology,Corbin High School (KY) vs Hardin Valley Academy (David's team),,Unknown,Incorrect,,,,Missed,0,None given,1,Yes,"the team guessed ""recording studio session""; team not identified in captions (captions lines 14564-14570)","Many, many also write 20 points to toss up now in technology Podbean, Riverside FM and Buzz Sprout podcast are intended for creating podcasts and a technology bonus in the world of podcasting. / RSS stands for what Studios session? / Sure, let's go with it. / I've heard Orion recording studio session. / Oh, we used to actually use this for blogs in the old days too. / It's really simple. / Syndication RSS toss up now in geometry in a parallelogram ABCD if angle a has a measure of 50 degrees, what is the measure of angle D Zach."
S40 E36,Round of 32,Tossup,42,"In parallelogram ABCD, if angle A has a measure of 50 degrees, what is the measure of angle D?",130 degrees,Geometry,Mathematics,Corbin High School (KY) vs Hardin Valley Academy (David's team),Zach,Hardin Valley Academy (David's team),Correct,,,,Correct,10,Hardin Valley Academy (David's team),1,,,
S40 E36,Round of 32,Bonus,42,An angle with the value of 5x − 10 is an obtuse angle. What is the range of the value of x?,20 < x < 38,Geometry,Mathematics,Corbin High School (KY) vs Hardin Valley Academy (David's team),,Hardin Valley Academy (David's team),Incorrect,,,,Missed,0,None given,1,,the team gave only one bound (36),
S40 E36,Round of 32,Tossup,43,What is the name of the scale that has intervals of half steps?,The chromatic scale,Music,Fine Arts,Corbin High School (KY) vs Hardin Valley Academy (David's team),Zach,Hardin Valley Academy (David's team),Correct,,,,Correct,10,Hardin Valley Academy (David's team),1,,,
S40 E36,Round of 32,Bonus,43,"Part 1: With a time signature of 12/8, how many beats does a dotted half note get? | Part 2: With a time signature of 2/2, what note gets one beat?",Part 1: Six | Part 2: A half note,Music,Fine Arts,Corbin High School (KY) vs Hardin Valley Academy (David's team),,Hardin Valley Academy (David's team),Correct,,,,Correct,20,Hardin Valley Academy (David's team),2,,,
S40 E36,Round of 32,Tossup,44,BMW originally produced engines for what type of transportation?,Airplanes,Economics,Social Studies,Corbin High School (KY) vs Hardin Valley Academy (David's team),Zach,Hardin Valley Academy (David's team),Correct,,,,Correct,10,Hardin Valley Academy (David's team),1,,,
S40 E36,Round of 32,Bonus,44,Part 1: The European Central Bank is responsible for the monetary policy of what group of member countries? | Part 2: In what city is the European Central Bank headquartered?,Part 1: The European Union (eurozone) | Part 2: Frankfurt,Economics,Social Studies,Corbin High School (KY) vs Hardin Valley Academy (David's team),,Hardin Valley Academy (David's team),Correct,,,,Correct,20,Hardin Valley Academy (David's team),2,,,
S40 E36,Round of 32,Tossup,45,The Iliad tells the story of which war?,The Trojan War,Literature,Language Arts,Corbin High School (KY) vs Hardin Valley Academy (David's team),Zach,Hardin Valley Academy (David's team),Correct,,,,Correct,10,Hardin Valley Academy (David's team),1,,,
S40 E36,Round of 32,Bonus,45,Part 1: Both Virgil and Homer told about the most beautiful woman in the world being seduced and taken away by a foreign prince. Who was the woman? | Part 2: Who was the prince?,Part 1: Helen of Troy | Part 2: Paris,Literature,Language Arts,Corbin High School (KY) vs Hardin Valley Academy (David's team),,Hardin Valley Academy (David's team),Partial,,,,Partial,10,Hardin Valley Academy (David's team),2,,the team said Pygmalion for Part 1,
S40 E36,Round of 32,Tossup,46,"What marine crustaceans with external shells attach themselves permanently to a variety of things, even whales?",Barnacles,Biology,Science & Technology,Corbin High School (KY) vs Hardin Valley Academy (David's team),David,Hardin Valley Academy (David's team),Correct,,,,Correct,10,Hardin Valley Academy (David's team),1,,,
S40 E36,Round of 32,Bonus,46,Part 1: What seven letter word beginning with A means the white part of a chicken egg? | Part 2: Spell that word.,Part 1: Albumen (albumin) | Part 2: A-L-B-U-M-I-N,Biology,Science & Technology,Corbin High School (KY) vs Hardin Valley Academy (David's team),,Hardin Valley Academy (David's team),Partial,,,,Partial,10,Hardin Valley Academy (David's team),2,,"Zainab was deferred to and said ""alveoli"" for Part 1; Zach then spelled albumin correctly",
S40 E36,Round of 32,Tossup,47,What is the procedure that allows a U.S. city to expand its physical boundaries to include a nearby area that is not yet part of a larger city?,Annexation,Government,Social Studies,Corbin High School (KY) vs Hardin Valley Academy (David's team),Sam,Corbin High School (KY),Correct,,,,Correct,10,Corbin High School (KY),1,,the game ended before the bonus could be read,
S40 E37,Round of 32,Tossup,1,In which direction from Central America is the Tropic of Cancer?,North,Geography,Social Studies,Hardin Valley Academy (Zoe's team) vs Greeneville High School (Angus's team),,Greeneville High School (Angus's team),Incorrect,Zoe,Hardin Valley Academy (Zoe's team),Correct,Correct,10,Hardin Valley Academy (Zoe's team),1,,"Greeneville's buzzer is not named (said ""straight south""); the captions show ""Incorrect"" after Zoe's ""north"", but the bonus followed, so Zoe's steal is treated as correct",
S40 E37,Round of 32,Bonus,1,"Part 1: What is the capital of Argentina? | Part 2: What does ""Buenos Aires"" mean in English?","Part 1: Buenos Aires | Part 2: ""Good air"" (fair winds)",Geography,Social Studies,Hardin Valley Academy (Zoe's team) vs Greeneville High School (Angus's team),,Hardin Valley Academy (Zoe's team),Partial,,,,Partial,10,Hardin Valley Academy (Zoe's team),2,,"no answer for Part 1; the team said ""good air"" for Part 2",
S40 E37,Round of 32,Tossup,2,What was the name of Peter Pan's friend who sewed his shadow back on?,Wendy,Literature,Language Arts,Hardin Valley Academy (Zoe's team) vs Greeneville High School (Angus's team),Zoe,Hardin Valley Academy (Zoe's team),Correct,,,,Correct,10,Hardin Valley Academy (Zoe's team),1,,,
S40 E37,Round of 32,Bonus,2,"In A Tale of Two Cities by Charles Dickens, what are the two cities?",London and Paris,Literature,Language Arts,Hardin Valley Academy (Zoe's team) vs Greeneville High School (Angus's team),,Hardin Valley Academy (Zoe's team),Partial,,,,Partial,10,Hardin Valley Academy (Zoe's team),1,,the team named Paris but not the other city; the host gave London and awarded ten points,
S40 E37,Round of 32,Tossup,3,What is the medical term for the collarbone?,The clavicle,Health,Science & Technology,Hardin Valley Academy (Zoe's team) vs Greeneville High School (Angus's team),Trey,Greeneville High School (Angus's team),Incorrect,,,,Missed,0,None given,1,,"Trey's answer is garbled in the captions (""trick?""); no Hardin Valley answer captured",
S40 E37,Round of 32,Tossup,4,What word describes the number two in the function y = 2 cos x?,The amplitude,Pre-Calculus,Mathematics,Hardin Valley Academy (Zoe's team) vs Greeneville High School (Angus's team),Emma,Greeneville High School (Angus's team),Incorrect,,Hardin Valley Academy (Zoe's team),Incorrect,Missed,0,None given,1,,"Emma said ""coefficient""; the Hardin Valley steal answer is garbled (""factors"")",
S40 E37,Round of 32,Tossup,5,"What is another name for the G clef in music, which is used on the upper staff?",The treble clef,Music,Fine Arts,Hardin Valley Academy (Zoe's team) vs Greeneville High School (Angus's team),Trey,Greeneville High School (Angus's team),Correct,,,,Correct,10,Greeneville High School (Angus's team),1,,,
S40 E37,Round of 32,Bonus,5,Part 1: Which instrument in an orchestra is traditionally the first to sound a note for tuning just before a concert? | Part 2: What note does that instrument play for tuning?,Part 1: The oboe | Part 2: A,Music,Fine Arts,Hardin Valley Academy (Zoe's team) vs Greeneville High School (Angus's team),,Greeneville High School (Angus's team),Incorrect,,,,Missed,0,None given,2,,the team said trumpet and then D,
S40 E37,Round of 32,Tossup,6,Tennessee became the 16th state in what year?,1796,U.S. History,Social Studies,Hardin Valley Academy (Zoe's team) vs Greeneville High School (Angus's team),Emma,Greeneville High School (Angus's team),Incorrect,Zoe,Hardin Valley Academy (Zoe's team),Incorrect,Missed,0,None given,1,,Emma said 1760; Zoe said 1794,
S40 E37,Round of 32,Tossup,7,A pyromaniac would likely be charged with what crime?,Arson,Vocabulary,Language Arts,Hardin Valley Academy (Zoe's team) vs Greeneville High School (Angus's team),Emma,Greeneville High School (Angus's team),Incorrect,Zoe,Hardin Valley Academy (Zoe's team),Correct,Correct,10,Hardin Valley Academy (Zoe's team),1,,"Emma said ""a fire"" and was asked what crime",
S40 E37,Round of 32,Bonus,7,"Part 1: What nine letter word beginning with the letter J means prudent, fair or sound in judgment? | Part 2: What six letter word beginning with the letter J means a decrepit car?",Part 1: Judicious | Part 2: Jalopy,Vocabulary,Language Arts,Hardin Valley Academy (Zoe's team) vs Greeneville High School (Angus's team),,Hardin Valley Academy (Zoe's team),Incorrect,,,,Missed,0,None given,2,,"the team said ""judicial"" and ""junk box""",
S40 E37,Round of 32,Tossup,8,"Minnesota's approximately 11,000 lakes were formed by what action?",Glaciers,Geology,Science & Technology,Hardin Valley Academy (Zoe's team) vs Greeneville High School (Angus's team),Trey,Greeneville High School (Angus's team),Correct,,,,Correct,10,Greeneville High School (Angus's team),1,,"the captions show ""Trade glaciers"" and ""bonus now for Hardin Valley"", but the bonus deferral is to Trey (""Defer furniture""), so this is read as Trey for Greeneville",
S40 E37,Round of 32,Bonus,8,"This statue in the U.S. Capitol's National Statuary Hall Collection represents which general who was elected governor of an independent state that North Carolina declared to be in revolt, received a full pardon in 1788 and became the first governor of Tennessee in 1796?",John Sevier,Visual,General & Visual,Hardin Valley Academy (Zoe's team) vs Greeneville High School (Angus's team),Trey,Greeneville High School (Angus's team),Correct,,,,Correct,20,Greeneville High School (Angus's team),1,,"Angus deferred to Trey (captions: ""Defer furniture"")",
S40 E37,Round of 32,Tossup,9,"According to second century writings known as the Protoevangelium and church tradition, who is the mother of the Virgin Mary?",Saint Anne,Religion,Religion & Mythology,Hardin Valley Academy (Zoe's team) vs Greeneville High School (Angus's team),Trey,Greeneville High School (Angus's team),Incorrect,,,,Missed,0,None given,1,,Trey said Mary Magdalene; no Hardin Valley answer captured,
S40 E37,Round of 32,Tossup,10,In what building in Vatican City is Michelangelo's The Creation of Adam?,The Sistine Chapel,Art,Fine Arts,Hardin Valley Academy (Zoe's team) vs Greeneville High School (Angus's team),Trey,Greeneville High School (Angus's team),Correct,,,,Correct,10,Greeneville High School (Angus's team),1,,,
S40 E37,Round of 32,Bonus,10,"What is the process of drawing, painting or engraving using numerous small dots or specks?",Stippling,Art,Fine Arts,Hardin Valley Academy (Zoe's team) vs Greeneville High School (Angus's team),,Greeneville High School (Angus's team),Incorrect,,,,Missed,0,None given,1,,team said pointillism,
S40 E37,Round of 32,Tossup,11,Which agricultural researcher developed hundreds of peanut byproducts?,George Washington Carver,Economics,Social Studies,Hardin Valley Academy (Zoe's team) vs Greeneville High School (Angus's team),Trey,Greeneville High School (Angus's team),Correct,,,,Correct,10,Greeneville High School (Angus's team),1,,,
S40 E37,Round of 32,Bonus,11,"Part 1: When Alcoa separated into two companies, one kept the name Alcoa. What is the new name of the fabrication business that has a facility in Alcoa, Tennessee? | Part 2: What was the original name of the company represented by the syllables of the word Alcoa?",Part 1: Arconic | Part 2: The Aluminum Company of America,Economics,Social Studies,Hardin Valley Academy (Zoe's team) vs Greeneville High School (Angus's team),,Greeneville High School (Angus's team),Incorrect,,,,Missed,0,None given,2,,the team gave no answer for Part 1 and a joke answer for Part 2,
S40 E37,Round of 32,Tossup,12,Which Greek letter looks like an upside-down V?,Lambda,Foreign Language,Foreign Language,Hardin Valley Academy (Zoe's team) vs Greeneville High School (Angus's team),Trey,Greeneville High School (Angus's team),Incorrect,Zoe,Hardin Valley Academy (Zoe's team),Correct,Correct,10,Hardin Valley Academy (Zoe's team),1,,Trey said delta,
S40 E37,Round of 32,Bonus,12,Name the first and last letters of the Greek alphabet.,Alpha and omega,Foreign Language,Foreign Language,Hardin Valley Academy (Zoe's team) vs Greeneville High School (Angus's team),,Hardin Valley Academy (Zoe's team),Correct,,,,Correct,20,Hardin Valley Academy (Zoe's team),1,,the host noted Zoe studies Greek,
S40 E37,Round of 32,Tossup,13,"When testing a substance with litmus paper, what color does the paper turn if the substance is a base?",Blue,Chemistry,Science & Technology,Hardin Valley Academy (Zoe's team) vs Greeneville High School (Angus's team),,Hardin Valley Academy (Zoe's team),Incorrect,,,,Missed,0,None given,1,,Hardin Valley's buzzer is not named (said red); the host did not allow a Greeneville steal because the players conferred,
S40 E37,Round of 32,Tossup,14,Solve for x: 6 − 4x = x − 4.,x = 2,Algebra,Mathematics,Hardin Valley Academy (Zoe's team) vs Greeneville High School (Angus's team),Trey,Greeneville High School (Angus's team),Incorrect,Jake,Hardin Valley Academy (Zoe's team),Correct,Correct,10,Hardin Valley Academy (Zoe's team),1,,Trey said 10/3,
S40 E37,Round of 32,Bonus,14,"In the quadratic equation y = x² − 4x + 5, what is the equation of the axis of symmetry?",x = 2,Algebra,Mathematics,Hardin Valley Academy (Zoe's team) vs Greeneville High School (Angus's team),,Hardin Valley Academy (Zoe's team),Incorrect,,,,Missed,0,None given,1,,"Zoe deferred to Jake, who said negative two",
S40 E37,Round of 32,Tossup,15,"What World War I hero was born in Pall Mall in Fentress County, Tennessee, in 1887?",Alvin C. York,Miscellaneous,General & Visual,Hardin Valley Academy (Zoe's team) vs Greeneville High School (Angus's team),Trey,Greeneville High School (Angus's team),Correct,,,,Correct,10,Greeneville High School (Angus's team),1,,,
S40 E37,Round of 32,Bonus,15,Part 1: Which element has a density about one third of steel and the atomic number 13? | Part 2: What is its chemical symbol?,Part 1: Aluminum | Part 2: Al,Visual,General & Visual,Hardin Valley Academy (Zoe's team) vs Greeneville High School (Angus's team),,Greeneville High School (Angus's team),Partial,,,,Partial,10,Greeneville High School (Angus's team),2,,the team said sodium for Part 1,
S40 E37,Round of 32,Tossup,16,Which of the Great Lakes provides shoreline to the state of Ohio?,Lake Erie,Geography,Social Studies,Hardin Valley Academy (Zoe's team) vs Greeneville High School (Angus's team),Emma,Greeneville High School (Angus's team),Correct,,,,Correct,10,Greeneville High School (Angus's team),1,,,
S40 E37,Round of 32,Bonus,16,Name the four U.S. states that call themselves commonwealths.,"Virginia, Pennsylvania, Massachusetts and Kentucky",Geography,Social Studies,Hardin Valley Academy (Zoe's team) vs Greeneville High School (Angus's team),,Greeneville High School (Angus's team),Partial,,,,Partial,10,Greeneville High School (Angus's team),1,,"the team named Virginia, West Virginia, Ohio, New Jersey and Pennsylvania; Virginia and Pennsylvania counted (five points each)",
S40 E37,Round of 32,Tossup,17,"In The Crucible, for what offense is John Proctor arrested?",Witchcraft,Literature,Language Arts,Hardin Valley Academy (Zoe's team) vs Greeneville High School (Angus's team),Zoe,Hardin Valley Academy (Zoe's team),Correct,,,,Correct,10,Hardin Valley Academy (Zoe's team),1,,,
S40 E37,Round of 32,Bonus,17,Part 1: Who created the character referred to in the title of Bruce Springsteen's 1995 album The Ghost of Tom Joad? | Part 2: In what book does that character appear?,Part 1: John Steinbeck | Part 2: The Grapes of Wrath,Literature,Language Arts,Hardin Valley Academy (Zoe's team) vs Greeneville High School (Angus's team),,Hardin Valley Academy (Zoe's team),Incorrect,,,,Missed,0,None given,2,,the team said Edgar Allan Poe and then (Jake deferred to) The Cat in the Hat,
S40 E37,Round of 32,Tossup,18,What is the process by which different kinds of living organisms developed and diversified from earlier forms?,Evolution,Biology,Science & Technology,Hardin Valley Academy (Zoe's team) vs Greeneville High School (Angus's team),Jake,Hardin Valley Academy (Zoe's team),Correct,,,,Correct,10,Hardin Valley Academy (Zoe's team),1,,,
S40 E37,Round of 32,Bonus,18,"In 2022, Canada blocked the expansion of an iron ore mine in the Arctic that would have increased shipping, which makes narwhals stay away from the area. Generations of hunters have relied on narwhal hunting because one ounce of narwhal skin has as much of what vitamin as an ounce of oranges?",Vitamin C,Biology,Science & Technology,Hardin Valley Academy (Zoe's team) vs Greeneville High School (Angus's team),,Hardin Valley Academy (Zoe's team),Correct,,,,Correct,20,Hardin Valley Academy (Zoe's team),1,,,
S40 E37,Round of 32,Tossup,19,What classification of rock is limestone?,Sedimentary,Geology,Science & Technology,Hardin Valley Academy (Zoe's team) vs Greeneville High School (Angus's team),Skyler,Greeneville High School (Angus's team),Correct,,,,Correct,10,Greeneville High School (Angus's team),1,,,
S40 E37,Round of 32,Bonus,19,"In 2023, researchers re-examined a fossil that had been in a museum's collection for 150 years, over an inch across, the largest known flower fossil, preserved for over 34 million years in what substance that forms from fossilized tree resin?",Amber,Geology,Science & Technology,Hardin Valley Academy (Zoe's team) vs Greeneville High School (Angus's team),,Greeneville High School (Angus's team),Correct,,,,Correct,20,Greeneville High School (Angus's team),1,,,
S40 E37,Round of 32,Tossup,20,"In the song ""Frosty the Snowman,"" what item is used as Frosty's nose?",A button,Music,Fine Arts,Hardin Valley Academy (Zoe's team) vs Greeneville High School (Angus's team),,Greeneville High School (Angus's team),Incorrect,,,,Missed,0,None given,1,,Greeneville's buzzer is not named (said carrot); the host would not allow a Hardin Valley steal because Jake whispered the answer to Zoe; the first half ended after this question,
S40 E37,Round of 32,Tossup,21,"In the United States, what distinguishes a bench trial?",There is no jury,Government,Social Studies,Hardin Valley Academy (Zoe's team) vs Greeneville High School (Angus's team),Trey,Greeneville High School (Angus's team),Correct,,,,Correct,10,Greeneville High School (Angus's team),1,,,
S40 E37,Round of 32,Bonus,21,Part 1: What branch of the U.S. government is responsible for conducting foreign policy? | Part 2: Which branch of the U.S. government is responsible for impeaching federal officials?,Part 1: The executive branch | Part 2: The legislative branch,Government,Social Studies,Hardin Valley Academy (Zoe's team) vs Greeneville High School (Angus's team),,Greeneville High School (Angus's team),Partial,,,,Partial,10,Greeneville High School (Angus's team),2,,"the team said ""the Department of State"" for Part 1",
S40 E37,Round of 32,Tossup,22,"In Greek mythology, who was the god of music, poetry and purity?",Apollo,Mythology,Religion & Mythology,Hardin Valley Academy (Zoe's team) vs Greeneville High School (Angus's team),Zoe,Hardin Valley Academy (Zoe's team),Correct,,,,Correct,10,Hardin Valley Academy (Zoe's team),1,,,
S40 E37,Round of 32,Bonus,22,"In Roman mythology, who was the two-faced god of beginnings, transitions, time and doorways?",Janus,Mythology,Religion & Mythology,Hardin Valley Academy (Zoe's team) vs Greeneville High School (Angus's team),,Hardin Valley Academy (Zoe's team),Correct,,,,Correct,20,Hardin Valley Academy (Zoe's team),1,,"the captions show ""Janis""",
S40 E37,Round of 32,Tossup,23,Which branch of physics deals with the properties of light?,Optics,Physics,Science & Technology,Hardin Valley Academy (Zoe's team) vs Greeneville High School (Angus's team),Angus,Greeneville High School (Angus's team),Incorrect,Jake,Hardin Valley Academy (Zoe's team),Incorrect,Missed,0,None given,1,,"Angus said ""theoretical""; Jake said ""the quantum""",
S40 E37,Round of 32,Tossup,24,What is the product of the cube root of 27 and the square root of 121?,33,Math,Mathematics,Hardin Valley Academy (Zoe's team) vs Greeneville High School (Angus's team),Trey,Greeneville High School (Angus's team),Correct,,,,Correct,10,Greeneville High School (Angus's team),1,,,
S40 E37,Round of 32,Bonus,24,The sum of two numbers is 76 and their difference is 20. What are the two numbers?,48 and 28,Visual,General & Visual,Hardin Valley Academy (Zoe's team) vs Greeneville High School (Angus's team),,Greeneville High School (Angus's team),Correct,,,,Correct,20,Greeneville High School (Angus's team),1,,,
S40 E37,Round of 32,Tossup,25,What children's game begins with a searcher counting while all the other players hide?,Hide and seek,Games,General & Visual,Hardin Valley Academy (Zoe's team) vs Greeneville High School (Angus's team),Angus,Greeneville High School (Angus's team),Correct,,,,Correct,10,Greeneville High School (Angus's team),1,,,
S40 E37,Round of 32,Bonus,25,What is a popular playground game in which players toss a small object onto a pattern of rectangles outlined on the ground and then jump through the spaces and retrieve the object?,Hopscotch,Games,General & Visual,Hardin Valley Academy (Zoe's team) vs Greeneville High School (Angus's team),,Greeneville High School (Angus's team),Correct,,,,Correct,20,Greeneville High School (Angus's team),1,,,
S40 E37,Round of 32,Tossup,26,"Of the original 13 states, how was their numerical order determined?",The order in which they ratified the Constitution,History,Social Studies,Hardin Valley Academy (Zoe's team) vs Greeneville High School (Angus's team),Trey,Greeneville High School (Angus's team),Correct,,,,Correct,10,Greeneville High School (Angus's team),1,,,
S40 E37,Round of 32,Bonus,26,"What retired Army general served as National Security Advisor, Chairman of the Joint Chiefs of Staff and the first African-American Secretary of State, from 2001 to 2005?",Colin Powell,History,Social Studies,Hardin Valley Academy (Zoe's team) vs Greeneville High School (Angus's team),,Greeneville High School (Angus's team),Incorrect,,,,Missed,0,None given,1,,"the team said ""Leslie"", ""Obama"" and ""Ben Franklin""",
S40 E37,Round of 32,Tossup,27,"What is the function of the word ""part"" in the sentence ""The Hobbit is not part of the Lord of the Rings trilogy""?",A predicate noun,Grammar,Language Arts,Hardin Valley Academy (Zoe's team) vs Greeneville High School (Angus's team),Trey,Greeneville High School (Angus's team),Incorrect,Jake,Hardin Valley Academy (Zoe's team),Incorrect,Missed,0,None given,1,,Trey said a noun; Jake said a preposition,
S40 E37,Round of 32,Tossup,28,"In human dietary needs, calcium is to bones as what mineral is to hemoglobin?",Iron,Health,Science & Technology,Hardin Valley Academy (Zoe's team) vs Greeneville High School (Angus's team),Zoe,Hardin Valley Academy (Zoe's team),Correct,,,,Correct,10,Hardin Valley Academy (Zoe's team),1,,,
S40 E37,Round of 32,Bonus,28,Which part of the body has the metacarpal bones?,The hand,Health,Science & Technology,Hardin Valley Academy (Zoe's team) vs Greeneville High School (Angus's team),,Hardin Valley Academy (Zoe's team),Incorrect,,,,Missed,0,None given,1,,"the team said ""fingers""; the host said the phalanges are the fingers and the hand has the metacarpals",
S40 E37,Round of 32,Tossup,29,What is the term for a small piece of code that is capable of replicating itself and spreading to other computers?,A computer virus,Technology,Science & Technology,Hardin Valley Academy (Zoe's team) vs Greeneville High School (Angus's team),Jake,Hardin Valley Academy (Zoe's team),Incorrect,Trey,Greeneville High School (Angus's team),Correct,Correct,10,Greeneville High School (Angus's team),1,,"Jake said ""a loop""",
S40 E37,Round of 32,Bonus,29,"In 2023, a 13-year-old boy in Michigan saved his eight-year-old sister from an attempted abduction by wounding the alleged kidnapper using what weapon that many associate with Link from the Legend of Zelda and David from the Bible?",A slingshot,Technology,Science & Technology,Hardin Valley Academy (Zoe's team) vs Greeneville High School (Angus's team),,Greeneville High School (Angus's team),Correct,,,,Correct,20,Greeneville High School (Angus's team),1,,,
S40 E37,Round of 32,Tossup,30,What are the two dimensions in a two-dimensional painting?,Length and width,Art,Fine Arts,Hardin Valley Academy (Zoe's team) vs Greeneville High School (Angus's team),Trey,Greeneville High School (Angus's team),Incorrect,Jake,Hardin Valley Academy (Zoe's team),Correct,Correct,10,Hardin Valley Academy (Zoe's team),1,,"Trey said ""front and back""",
S40 E37,Round of 32,Bonus,30,Who is the artist in the self-portrait shown here?,Rembrandt van Rijn,Visual,General & Visual,Hardin Valley Academy (Zoe's team) vs Greeneville High School (Angus's team),,Hardin Valley Academy (Zoe's team),Incorrect,,,,Missed,0,None given,1,,"team said Dr. Seuss, then Van Gogh",
S40 E37,Round of 32,Tossup,31,Accra is the capital of which African country?,Ghana,Geography,Social Studies,Hardin Valley Academy (Zoe's team) vs Greeneville High School (Angus's team),Jake,Hardin Valley Academy (Zoe's team),Incorrect,,Greeneville High School (Angus's team),Incorrect,Missed,0,None given,1,,Jake said Niger; Greeneville's stealer is not named and said Eritrea,
S40 E37,Round of 32,Tossup,32,What is the name for a pair of rhyming lines in a poem?,A couplet,Literature,Language Arts,Hardin Valley Academy (Zoe's team) vs Greeneville High School (Angus's team),Jake,Hardin Valley Academy (Zoe's team),Incorrect,Skyler,Greeneville High School (Angus's team),Incorrect,Missed,0,None given,1,,"Jake said ""line scheme""; Skyler said ""stanza""",
S40 E37,Round of 32,Tossup,33,"When amino acids are joined together to make proteins, what type of bond joins them?",A peptide bond,Chemistry,Science & Technology,Hardin Valley Academy (Zoe's team) vs Greeneville High School (Angus's team),Emma,Greeneville High School (Angus's team),Incorrect,,,,Missed,0,None given,1,,"Emma said ionic; a Hardin Valley player said covalent before being called on, so the host could not accept it",
S40 E37,Round of 32,Tossup,34,"Three angles of a quadrilateral are 60, 120 and 70 degrees. What is the measure of the fourth angle?",110 degrees,Geometry,Mathematics,Hardin Valley Academy (Zoe's team) vs Greeneville High School (Angus's team),Skyler,Greeneville High School (Angus's team),Correct,,,,Correct,10,Greeneville High School (Angus's team),1,,,
S40 E37,Round of 32,Bonus,34,"In a certain geometric progression, the third term is six and the fourth term is 18. Find the sixth term of the progression.",162,Geometry,Mathematics,Hardin Valley Academy (Zoe's team) vs Greeneville High School (Angus's team),,Greeneville High School (Angus's team),Incorrect,,,,Missed,0,None given,1,,"the team's answer is garbled in the captions (""336"")",
S40 E37,Round of 32,Tossup,35,What is the name for an architectural drawing of a building's exterior?,An elevation,Architecture,Fine Arts,Hardin Valley Academy (Zoe's team) vs Greeneville High School (Angus's team),Trey,Greeneville High School (Angus's team),Incorrect,,,,Missed,0,None given,1,,Trey said blueprints; no Hardin Valley answer captured,
S40 E37,Round of 32,Tossup,36,What monetary unit replaced the guilder in the Netherlands?,The euro,Economics,Social Studies,Hardin Valley Academy (Zoe's team) vs Greeneville High School (Angus's team),Trey,Greeneville High School (Angus's team),Correct,,,,Correct,10,Greeneville High School (Angus's team),1,,,
S40 E37,Round of 32,Bonus,36,"Part 1: What company is credited with developing the world's first smartphone, which featured a touch screen, email capability and built-in apps including a calculator and sketchpad? | Part 2: What was the name of that phone?",Part 1: IBM | Part 2: The IBM Simon,Economics,Social Studies,Hardin Valley Academy (Zoe's team) vs Greeneville High School (Angus's team),,Greeneville High School (Angus's team),Incorrect,,,,Missed,0,None given,2,,the team said Apple and BlackBerry,
S40 E37,Round of 32,Tossup,37,"The word ""data"" is the plural of what Latin word meaning ""fact""?",Datum,Foreign Language,Foreign Language,Hardin Valley Academy (Zoe's team) vs Greeneville High School (Angus's team),Jake,Hardin Valley Academy (Zoe's team),Incorrect,Angus,Greeneville High School (Angus's team),Incorrect,Missed,0,None given,1,,"Jake said ""debt""; Angus said ""status""",
S40 E37,Round of 32,Tossup,38,What is the name for any rod-shaped bacterium?,A bacillus,Biology,Science & Technology,Hardin Valley Academy (Zoe's team) vs Greeneville High School (Angus's team),Angus,Greeneville High School (Angus's team),Incorrect,,,,Missed,0,None given,1,,Angus said phylum; no Hardin Valley answer captured,
S40 E37,Round of 32,Tossup,39,In which layer of the atmosphere is the ozone layer found?,The stratosphere,Astronomy,Science & Technology,Hardin Valley Academy (Zoe's team) vs Greeneville High School (Angus's team),Jake,Hardin Valley Academy (Zoe's team),Correct,,,,Correct,10,Hardin Valley Academy (Zoe's team),1,,,
S40 E37,Round of 32,Bonus,39,"Although Jupiter's 92 moons were briefly thought to be the most in our solar system, 62 more moons were discovered in 2023 orbiting which planet, bringing its total to 145?",Saturn,Astronomy,Science & Technology,Hardin Valley Academy (Zoe's team) vs Greeneville High School (Angus's team),,Hardin Valley Academy (Zoe's team),Correct,,,,Correct,20,Hardin Valley Academy (Zoe's team),1,,,
S40 E37,Round of 32,Tossup,40,Which university has permission from Disney to use Donald Duck as its official mascot?,The University of Oregon,Sports,General & Visual,Hardin Valley Academy (Zoe's team) vs Greeneville High School (Angus's team),Emma,Greeneville High School (Angus's team),Correct,,,,Correct,10,Greeneville High School (Angus's team),1,,,
S40 E37,Round of 32,Bonus,40,"Part 1: Which college bowl game is played in Memphis, Tennessee? | Part 2: Which college bowl game is played in Nashville, Tennessee?",Part 1: The Liberty Bowl | Part 2: The Music City Bowl,Sports,General & Visual,Hardin Valley Academy (Zoe's team) vs Greeneville High School (Angus's team),,Greeneville High School (Angus's team),Correct,,,,Correct,20,Greeneville High School (Angus's team),2,,,
S40 E37,Round of 32,Tossup,41,What is the name for both the drought period in the Great Plains that lasted from 1932 to 1936 and the section of the Great Plains affected by the drought and wind erosion?,The Dust Bowl,U.S. History,Social Studies,Hardin Valley Academy (Zoe's team) vs Greeneville High School (Angus's team),Emma,Greeneville High School (Angus's team),Incorrect,,,,Missed,0,None given,1,,"Emma gave a wrong answer (""great drought""); the host did not allow a Hardin Valley steal because the players conferred",
S40 E37,Round of 32,Tossup,42,"To go back on one's word is to renege. Spell ""renege.""",R-E-N-E-G-E,Spelling,Language Arts,Hardin Valley Academy (Zoe's team) vs Greeneville High School (Angus's team),Angus,Greeneville High School (Angus's team),Incorrect,Jake,Hardin Valley Academy (Zoe's team),Incorrect,Missed,0,None given,1,,Angus spelled R-E-N-E-G; Jake spelled R-E-N-A-G-E,
S40 E37,Round of 32,Tossup,43,What is the name for the small glass containers used for bacterial cultures?,A Petri dish,Science,Science & Technology,Hardin Valley Academy (Zoe's team) vs Greeneville High School (Angus's team),Jake,Hardin Valley Academy (Zoe's team),Incorrect,Skyler,Greeneville High School (Angus's team),Correct,Correct,10,Greeneville High School (Angus's team),1,,Jake had no answer,
S40 E37,Round of 32,Bonus,43,"Part 1: What type of scientist studies the composition, structure, properties and reactions of substances? | Part 2: What type of scientist studies weather and the atmosphere?",Part 1: A chemist | Part 2: A meteorologist,Science,Science & Technology,Hardin Valley Academy (Zoe's team) vs Greeneville High School (Angus's team),,Greeneville High School (Angus's team),Correct,,,,Correct,20,Greeneville High School (Angus's team),2,,,
S40 E37,Round of 32,Tossup,44,The statement (a + b) + c = a + (b + c) illustrates which property of addition?,The associative property,Algebra,Mathematics,Hardin Valley Academy (Zoe's team) vs Greeneville High School (Angus's team),Trey,Greeneville High School (Angus's team),Incorrect,Jake,Hardin Valley Academy (Zoe's team),Incorrect,Missed,0,None given,1,,Trey buzzed too soon and was stopped; Jake said commutative,
S40 E37,Round of 32,Tossup,45,"What is the meaning of the musical term ""poco a poco""?",Little by little,Music,Fine Arts,Hardin Valley Academy (Zoe's team) vs Greeneville High School (Angus's team),Jake,Hardin Valley Academy (Zoe's team),Incorrect,Trey,Greeneville High School (Angus's team),Incorrect,Missed,0,None given,1,,"Jake said ""quieter""; Trey said ""faster and faster""",
S40 E37,Round of 32,Tossup,46,"Finish the military slogan: ""The few, the proud, the ...""",The Marines,Government,Social Studies,Hardin Valley Academy (Zoe's team) vs Greeneville High School (Angus's team),Zoe,Hardin Valley Academy (Zoe's team),Correct,,,,Correct,10,Hardin Valley Academy (Zoe's team),1,,,
S40 E37,Round of 32,Bonus,46,Identify each word in the acronym of the international group NATO.,North Atlantic Treaty Organization,Government,Social Studies,Hardin Valley Academy (Zoe's team) vs Greeneville High School (Angus's team),,Hardin Valley Academy (Zoe's team),Partial,,,,Partial,15,Hardin Valley Academy (Zoe's team),1,,"the team said ""North Atlantic Trade Organization""; three of four words counted (15 points); the game ended after this bonus",
S40 E38,Round of 32,Tossup,1,"Also called Emancipation Day, what is the holiday that commemorates the date in 1865 ... [cut off by the buzzer]?",Juneteenth,History,Social Studies,Webb School of Knoxville (Penny's team) vs Happy Valley High School (Tyler's team),Jackson,Webb School of Knoxville (Penny's team),Correct,,,,Correct,10,Webb School of Knoxville (Penny's team),1,,,
S40 E38,Round of 32,Bonus,1,"Part 1: On February 12, 1849, which president, who was a Tennessean, became the first to have his photo taken while serving in office? | Part 2: What does the K in his name stand for?",Part 1: James K. Polk | Part 2: Knox,History,Social Studies,Webb School of Knoxville (Penny's team) vs Happy Valley High School (Tyler's team),,Webb School of Knoxville (Penny's team),Partial,,,,Partial,10,Webb School of Knoxville (Penny's team),2,Yes,"the captions are unclear on whether Part 1 earned points (""Zachary Taylor ... Oh no, it's Polk. James K. Polk ... now ten more points if you could tell me what the K stands for""); treated as Part 1 missed and Part 2 (""Knox"") right (captions lines 13161-13168)","Commemorates the date in 1865 and a history bonus now for Web On February 12th, 1849, which president, who was a Tennessean, became the first to have his photo taken while serving in office? / Zachary Taylor Jackson was presented with a James Oh no, it's Pocket's James kapok. / It was in 1849, yet now ten more points. / If you could tell me what the K stands for. / KINLEY Would you believe? / Knox Okay, yeah. / James Knox. / Polk Toss up everyone in music in which section of the band is a glockenspiel?"
S40 E38,Round of 32,Tossup,2,In which section of the band is a glockenspiel?,The percussion section,Music,Fine Arts,Webb School of Knoxville (Penny's team) vs Happy Valley High School (Tyler's team),Mackenzie,Happy Valley High School (Tyler's team),Correct,,,,Correct,10,Happy Valley High School (Tyler's team),1,,,
S40 E38,Round of 32,Bonus,2,"Part 1: What popular song begins ""I don't want a lot for Christmas, there is just one thing I need""? | Part 2: Who co-wrote and sang the original recording of the song?","Part 1: ""All I Want for Christmas Is You"" | Part 2: Mariah Carey",Music,Fine Arts,Webb School of Knoxville (Penny's team) vs Happy Valley High School (Tyler's team),,Happy Valley High School (Tyler's team),Partial,,,,Partial,10,Happy Valley High School (Tyler's team),2,,"the team gave ""All for Christmas"" (accepted) and then said Aretha Franklin",
S40 E38,Round of 32,Tossup,3,Oxidation occurs at what electrode?,The anode,Physics,Science & Technology,Webb School of Knoxville (Penny's team) vs Happy Valley High School (Tyler's team),,,No Buzz,,,,Missed,0,None given,1,,nobody answered; the host gave the answer,
S40 E38,Round of 32,Tossup,4,Who became king because he could pull a sword out of a stone?,King Arthur,Literature,Language Arts,Webb School of Knoxville (Penny's team) vs Happy Valley High School (Tyler's team),James,Webb School of Knoxville (Penny's team),Correct,,,,Correct,10,Webb School of Knoxville (Penny's team),1,,,
S40 E38,Round of 32,Bonus,4,"Part 1: Which work of literature is associated with this first line: ""It was a bright cold day in April, and the clocks were striking thirteen""? | Part 2: Who is its author?",Part 1: 1984 | Part 2: George Orwell,Literature,Language Arts,Webb School of Knoxville (Penny's team) vs Happy Valley High School (Tyler's team),,Webb School of Knoxville (Penny's team),Partial,,,,Partial,10,Webb School of Knoxville (Penny's team),2,,"the team said ""James Bond"" for Part 1",
S40 E38,Round of 32,Tossup,5,What is the process in which the legitimacy of a will is established?,Probate,Government,Social Studies,Webb School of Knoxville (Penny's team) vs Happy Valley High School (Tyler's team),Penny,Webb School of Knoxville (Penny's team),Incorrect,,,,Missed,0,None given,1,,"Penny said ""revision""; no Happy Valley answer captured",
S40 E38,Round of 32,Tossup,6,Which state is the Cornhusker State?,Nebraska,Geography,Social Studies,Webb School of Knoxville (Penny's team) vs Happy Valley High School (Tyler's team),Jackson,Webb School of Knoxville (Penny's team),Correct,,,,Correct,10,Webb School of Knoxville (Penny's team),1,,,
S40 E38,Round of 32,Bonus,6,The borders of which four U.S. states meet at the Four Corners Monument?,"Arizona, New Mexico, Colorado and Utah",Geography,Social Studies,Webb School of Knoxville (Penny's team) vs Happy Valley High School (Tyler's team),,Webb School of Knoxville (Penny's team),Correct,,,,Correct,20,Webb School of Knoxville (Penny's team),1,,,
S40 E38,Round of 32,Tossup,7,Where in a cell is the cell's genetic material located?,The nucleus,Health,Science & Technology,Webb School of Knoxville (Penny's team) vs Happy Valley High School (Tyler's team),,Unknown,Correct,,,,Correct,10,Unknown,1,Yes,buzzer and team not identified in captions; team not identified in captions (captions lines 13199-13202),"Toss up now in health, where in a cell is the cell's genetic material located on the nucleus is right now. / You get a health bonus on the screen. / Take a look, please. / Which region of the brain that is highlighted in this image is responsible for regulating vital functions like breathing and heart rate by the common."
S40 E38,Round of 32,Bonus,7,Which region of the brain highlighted in this image is responsible for regulating vital functions like breathing and heart rate?,The medulla oblongata,Visual,General & Visual,Webb School of Knoxville (Penny's team) vs Happy Valley High School (Tyler's team),,Unknown,Incorrect,,,,Missed,0,None given,1,Yes,"team said ""brain stem""; team not identified in captions (captions lines 13202-13206)","Which region of the brain that is highlighted in this image is responsible for regulating vital functions like breathing and heart rate by the common. / Yeah. / Yeah. / Try that brain stem while was looking for a medulla oblongata that we highlighted on that. / Plus up now in art what toy has a silver screen, Two knobs and silver powder."
S40 E38,Round of 32,Tossup,8,"What toy has a silver screen, two knobs and silver powder inside to draw pictures?",Etch A Sketch,Art,Fine Arts,Webb School of Knoxville (Penny's team) vs Happy Valley High School (Tyler's team),Mackenzie,Happy Valley High School (Tyler's team),Correct,,,,Correct,10,Happy Valley High School (Tyler's team),1,,,
S40 E38,Round of 32,Bonus,8,The artist Kandinsky is considered the first practitioner of what style of art?,Abstract art,Art,Fine Arts,Webb School of Knoxville (Penny's team) vs Happy Valley High School (Tyler's team),,Happy Valley High School (Tyler's team),Incorrect,,,,Missed,0,None given,1,,team said realism,
S40 E38,Round of 32,Tossup,9,What is the Spanish word for Saturday?,Sábado,Foreign Language,Foreign Language,Webb School of Knoxville (Penny's team) vs Happy Valley High School (Tyler's team),Jackson,Webb School of Knoxville (Penny's team),Correct,,,,Correct,10,Webb School of Knoxville (Penny's team),1,,,
S40 E38,Round of 32,Bonus,9,Part 1: What is the Spanish word for yesterday? | Part 2: What is the Spanish word for tomorrow?,Part 1: Ayer | Part 2: Mañana,Foreign Language,Foreign Language,Webb School of Knoxville (Penny's team) vs Happy Valley High School (Tyler's team),Sam,Webb School of Knoxville (Penny's team),Correct,,,,Correct,20,Webb School of Knoxville (Penny's team),2,,Penny deferred to Sam for both parts,
S40 E38,Round of 32,Tossup,10,What is the square root of 4 cubed?,8,Math,Mathematics,Webb School of Knoxville (Penny's team) vs Happy Valley High School (Tyler's team),Sam,Webb School of Knoxville (Penny's team),Correct,,,,Correct,10,Webb School of Knoxville (Penny's team),1,,,
S40 E38,Round of 32,Bonus,10,Solve the equation 6 − (8y + 8) = 2 − 8 for the variable y.,y = 1/2,Visual,General & Visual,Webb School of Knoxville (Penny's team) vs Happy Valley High School (Tyler's team),,Webb School of Knoxville (Penny's team),Correct,,,,Correct,20,Webb School of Knoxville (Penny's team),1,,,
S40 E38,Round of 32,Tossup,11,What citrus soft drink was invented in Tennessee?,Mountain Dew,Economics,Social Studies,Webb School of Knoxville (Penny's team) vs Happy Valley High School (Tyler's team),Penny,Webb School of Knoxville (Penny's team),Correct,,,,Correct,10,Webb School of Knoxville (Penny's team),1,,,
S40 E38,Round of 32,Bonus,11,"Part 1: What product or service uses the slogan ""Capture and share the world's moments""? | Part 2: What product or service uses the slogan ""Real people, real videos""?",Part 1: Instagram | Part 2: TikTok,Economics,Social Studies,Webb School of Knoxville (Penny's team) vs Happy Valley High School (Tyler's team),,Webb School of Knoxville (Penny's team),Incorrect,,,,Missed,0,None given,2,,the team said Kodak and YouTube,
S40 E38,Round of 32,Tossup,12,The first 500 mile automotive race on a closed track took place in what city?,Indianapolis,Sports,General & Visual,Webb School of Knoxville (Penny's team) vs Happy Valley High School (Tyler's team),James,Webb School of Knoxville (Penny's team),Correct,,,,Correct,10,Webb School of Knoxville (Penny's team),1,,,
S40 E38,Round of 32,Bonus,12,"Part 1: In which competitive sport is a lower score the more favorable outcome? | Part 2: In a typical professional golf round, how many holes make up a complete round of golf?",Part 1: Golf | Part 2: 18,Sports,General & Visual,Webb School of Knoxville (Penny's team) vs Happy Valley High School (Tyler's team),,Webb School of Knoxville (Penny's team),Correct,,,,Correct,20,Webb School of Knoxville (Penny's team),2,,,
S40 E38,Round of 32,Tossup,13,Who is the scientist whose name is given to the laboratory burner?,Robert Bunsen,Chemistry,Science & Technology,Webb School of Knoxville (Penny's team) vs Happy Valley High School (Tyler's team),Penny,Webb School of Knoxville (Penny's team),Correct,,,,Correct,10,Webb School of Knoxville (Penny's team),1,,,
S40 E38,Round of 32,Bonus,13,Name two of the three classes of electrolytes.,"Any two of: acids, bases, salts",Chemistry,Science & Technology,Webb School of Knoxville (Penny's team) vs Happy Valley High School (Tyler's team),,Webb School of Knoxville (Penny's team),Incorrect,,,,Missed,0,None given,1,,"the team said ""chemical, organic and artificial""",
S40 E38,Round of 32,Tossup,14,What ten letter word beginning with O means having total absolute power?,Omnipotent,Vocabulary,Language Arts,Webb School of Knoxville (Penny's team) vs Happy Valley High School (Tyler's team),Tyler,Happy Valley High School (Tyler's team),Correct,,,,Correct,10,Happy Valley High School (Tyler's team),1,,the host accepted Tyler's pronunciation,
S40 E38,Round of 32,Bonus,14,What five letter word beginning with A means highly capable or skilled?,Adept,Vocabulary,Language Arts,Webb School of Knoxville (Penny's team) vs Happy Valley High School (Tyler's team),,Happy Valley High School (Tyler's team),Incorrect,,,,Missed,0,None given,1,,"team said ""able""",
S40 E38,Round of 32,Tossup,15,"Considered one of the most viewed films in history, what is the subject of the Zapruder film?",President John F. Kennedy,U.S. History,Social Studies,Webb School of Knoxville (Penny's team) vs Happy Valley High School (Tyler's team),James,Webb School of Knoxville (Penny's team),Correct,,,,Correct,10,Webb School of Knoxville (Penny's team),1,,"James answered ""JFK""",
S40 E38,Round of 32,Bonus,15,"Part 1: In 2022 the death of a 96-year-old princess was announced by the only royal residence in the United States, which is located in what city? | Part 2: What is the name of the Hawaiian royal residence, now a museum?",Part 1: Honolulu | Part 2: Iolani Palace,U.S. History,Social Studies,Webb School of Knoxville (Penny's team) vs Happy Valley High School (Tyler's team),,Webb School of Knoxville (Penny's team),Incorrect,,,,Missed,0,None given,2,,"the team said Los Angeles and ""the palace of Honolulu""",
S40 E38,Round of 32,Tossup,16,"Which amendment in the Bill of Rights states ""Excessive bail shall not be required, nor excessive fines imposed""?",The Eighth Amendment,Government,Social Studies,Webb School of Knoxville (Penny's team) vs Happy Valley High School (Tyler's team),Jackson,Webb School of Knoxville (Penny's team),Incorrect,,,,Missed,0,None given,1,,Jackson said the Ninth Amendment; the host gave the answer and no Happy Valley answer is captured,
S40 E38,Round of 32,Tossup,17,"What is a broad style of music characterized by complex harmonies, syncopated rhythms and a heavy emphasis on improvisation that started in New Orleans?",Jazz,Music,Fine Arts,Webb School of Knoxville (Penny's team) vs Happy Valley High School (Tyler's team),James,Webb School of Knoxville (Penny's team),Correct,,,,Correct,10,Webb School of Knoxville (Penny's team),1,,,
S40 E38,Round of 32,Bonus,17,"What is the genre of popular music that originated with blues, Southern gospel and spirituals (plus Appalachian, Cajun and Western styles)?",Country music,Music,Fine Arts,Webb School of Knoxville (Penny's team) vs Happy Valley High School (Tyler's team),,Webb School of Knoxville (Penny's team),Incorrect,,,,Missed,0,None given,1,,"the team said ""old time"" music",
S40 E38,Round of 32,Tossup,18,What is the only gemstone to come from a living creature?,The pearl,Geology,Science & Technology,Webb School of Knoxville (Penny's team) vs Happy Valley High School (Tyler's team),Tyler,Happy Valley High School (Tyler's team),Correct,,,,Correct,10,Happy Valley High School (Tyler's team),1,,,
S40 E38,Round of 32,Bonus,18,Name two of the three hardest known naturally occurring substances.,"Any two of: diamond, moissanite and a third substance (garbled in the captions)",Geology,Science & Technology,Webb School of Knoxville (Penny's team) vs Happy Valley High School (Tyler's team),,Happy Valley High School (Tyler's team),Incorrect,,,,Missed,0,None given,1,,"the team's answers are garbled (""obsidian and bedrock""); the host said none counted",
S40 E38,Round of 32,Tossup,19,Tongue twisters usually involve what figure of speech?,Alliteration,English,Language Arts,Webb School of Knoxville (Penny's team) vs Happy Valley High School (Tyler's team),James,Webb School of Knoxville (Penny's team),Correct,,,,Correct,10,Webb School of Knoxville (Penny's team),1,,,
S40 E38,Round of 32,Bonus,19,"What figure of speech is used to make a comparison by describing one thing in terms of another, without using the words ""like"" or ""as""?",A metaphor,English,Language Arts,Webb School of Knoxville (Penny's team) vs Happy Valley High School (Tyler's team),,Webb School of Knoxville (Penny's team),Correct,,,,Correct,20,Webb School of Knoxville (Penny's team),1,,,
S40 E38,Round of 32,Tossup,20,What conic section graph will result from the equation 4x² + 9y² = 36?,An ellipse,Pre-Calculus,Mathematics,Webb School of Knoxville (Penny's team) vs Happy Valley High School (Tyler's team),Sam,Webb School of Knoxville (Penny's team),Correct,,,,Correct,10,Webb School of Knoxville (Penny's team),1,,,
S40 E38,Round of 32,Bonus,20,"If the sine ratio of an angle is 5/13, what is the cosine ratio of the same angle?",12/13,Pre-Calculus,Mathematics,Webb School of Knoxville (Penny's team) vs Happy Valley High School (Tyler's team),,Webb School of Knoxville (Penny's team),Correct,,,,Correct,20,Webb School of Knoxville (Penny's team),1,,,
S40 E38,Round of 32,Tossup,21,Who was dictator of the USSR during World War II?,Joseph Stalin,History,Social Studies,Webb School of Knoxville (Penny's team) vs Happy Valley High School (Tyler's team),Penny,Webb School of Knoxville (Penny's team),Correct,,,,Correct,10,Webb School of Knoxville (Penny's team),1,,,
S40 E38,Round of 32,Bonus,21,In 1909 it took five months before the world knew that which explorer had reached the North Pole?,Robert Peary,History,Social Studies,Webb School of Knoxville (Penny's team) vs Happy Valley High School (Tyler's team),,Webb School of Knoxville (Penny's team),Incorrect,,,,Missed,0,None given,1,,team said Ernest Hemingway,
S40 E38,Round of 32,Tossup,22,"What is the soft, bland, custard-like food product that is made from soybeans?",Tofu,Miscellaneous,General & Visual,Webb School of Knoxville (Penny's team) vs Happy Valley High School (Tyler's team),Penny,Webb School of Knoxville (Penny's team),Correct,,,,Correct,10,Webb School of Knoxville (Penny's team),1,,,
S40 E38,Round of 32,Bonus,22,"Part 1: In folklore, what is the cloaked skeletal creature carrying a scythe? | Part 2: In folklore, what is the elderly bearded man wearing a robe and sash and carrying an hourglass?",Part 1: The Grim Reaper | Part 2: Father Time,Miscellaneous,General & Visual,Webb School of Knoxville (Penny's team) vs Happy Valley High School (Tyler's team),,Webb School of Knoxville (Penny's team),Correct,,,,Correct,20,Webb School of Knoxville (Penny's team),2,,,
S40 E38,Round of 32,Tossup,23,"What word for a unit of measurement of length is derived from the Latin word ""uncia,"" meaning one twelfth?",Inch,Science,Science & Technology,Webb School of Knoxville (Penny's team) vs Happy Valley High School (Tyler's team),Penny,Webb School of Knoxville (Penny's team),Correct,,,,Correct,10,Webb School of Knoxville (Penny's team),1,,"the first half ended after this question, so no bonus was read",
S40 E38,Round of 32,Tossup,24,"The person in a hotel who books guest services is a concierge. Spell ""concierge.""",C-O-N-C-I-E-R-G-E,Spelling,Language Arts,Webb School of Knoxville (Penny's team) vs Happy Valley High School (Tyler's team),Penny,Webb School of Knoxville (Penny's team),Correct,,,,Correct,10,Webb School of Knoxville (Penny's team),1,,,
S40 E38,Round of 32,Bonus,24,"Part 1: Spell ""discrete,"" meaning distinct, discontinuous and countable. | Part 2: Spell ""discreet,"" meaning prudent, protective and circumspect.",Part 1: D-I-S-C-R-E-T-E | Part 2: D-I-S-C-R-E-E-T,Spelling,Language Arts,Webb School of Knoxville (Penny's team) vs Happy Valley High School (Tyler's team),,Webb School of Knoxville (Penny's team),Partial,,,,Partial,10,Webb School of Knoxville (Penny's team),2,,the team spelled D-I-S-C-R-E-E-T for both parts,
S40 E38,Round of 32,Tossup,25,What religious movement of the 1500s led to the Reformation?,Protestantism (as accepted),Religion,Religion & Mythology,Webb School of Knoxville (Penny's team) vs Happy Valley High School (Tyler's team),,Unknown,Correct,,,,Correct,10,Unknown,1,Yes,buzzer and team not identified in captions; team not identified in captions (captions lines 13410-13412),"All right, toss up. / Now, in religion, what religious movement of the 1500s led to the Reformation. / Protestantism and a religion bonus made from wood removed during the Truman era renovation."
S40 E38,Round of 32,Bonus,25,"Part 1: Made from wood removed during the Truman-era renovation, what holiday symbol was added to the White House archives in 2022 to celebrate Hanukkah? | Part 2: In 1979, who became the first president to light a menorah in the White House?",Part 1: A menorah | Part 2: Jimmy Carter,Religion,Religion & Mythology,Webb School of Knoxville (Penny's team) vs Happy Valley High School (Tyler's team),,Unknown,Partial,,,,Partial,10,Unknown,2,Yes,the team said George W. Bush for Part 2; team not identified in captions (captions lines 13412-13422),"Protestantism and a religion bonus made from wood removed during the Truman era renovation. / What holiday symbol was added to the White House archives in 2022 to celebrate Hanukkah like a menorah? / Correct. / And in 1979, who became the first president to light a menorah in the White House? / This 79 would not be a George W Bush. / In 79, Jimmy Carter was president. / Toss up now in geography. / In which ocean is the Gulfstream Penny Atlantic? / That's right. / Geography bonus for Webb. / Tina Turner, Quentin Tarantino, Morgan Freeman and Al Gore Jr were all born in what state?"
S40 E38,Round of 32,Tossup,26,In which ocean is the Gulf Stream?,The Atlantic Ocean,Geography,Social Studies,Webb School of Knoxville (Penny's team) vs Happy Valley High School (Tyler's team),Penny,Webb School of Knoxville (Penny's team),Correct,,,,Correct,10,Webb School of Knoxville (Penny's team),1,,,
S40 E38,Round of 32,Bonus,26,"Tina Turner, Quentin Tarantino, Morgan Freeman and Al Gore Jr. were all born in what state?",Tennessee,Geography,Social Studies,Webb School of Knoxville (Penny's team) vs Happy Valley High School (Tyler's team),,Webb School of Knoxville (Penny's team),Incorrect,,,,Missed,0,None given,1,,"the team's answer is garbled in the captions (""southeast ... New Mexico""); the host said no",
S40 E38,Round of 32,Tossup,27,What is the term for the shape of the human DNA molecule?,A double helix,Biology,Science & Technology,Webb School of Knoxville (Penny's team) vs Happy Valley High School (Tyler's team),Penny,Webb School of Knoxville (Penny's team),Correct,,,,Correct,10,Webb School of Knoxville (Penny's team),1,,,
S40 E38,Round of 32,Bonus,27,Part 1: What plant is depicted on the national flag shown here? | Part 2: What nation does that flag represent?,Part 1: A cedar tree | Part 2: Lebanon,Visual,General & Visual,Webb School of Knoxville (Penny's team) vs Happy Valley High School (Tyler's team),,Webb School of Knoxville (Penny's team),Partial,,,,Partial,10,Webb School of Knoxville (Penny's team),2,,"the team said ""fir"" for Part 1",
S40 E38,Round of 32,Tossup,28,"Gilbert Stuart, an American painter of the 18th century, is most noted for his portrait of which president?",George Washington,Art,Fine Arts,Webb School of Knoxville (Penny's team) vs Happy Valley High School (Tyler's team),Penny,Webb School of Knoxville (Penny's team),Correct,,,,Correct,10,Webb School of Knoxville (Penny's team),1,,"buzzer name read from ""Kenny""",
S40 E38,Round of 32,Bonus,28,A Vincent van Gogh exhibition in London selling ear-shaped erasers was criticized for being insensitive to the artist's mental illness. Van Gogh's self-mutilation happened after an argument with which French post-impressionist artist known for his paintings of French Polynesia?,Paul Gauguin,Art,Fine Arts,Webb School of Knoxville (Penny's team) vs Happy Valley High School (Tyler's team),,Webb School of Knoxville (Penny's team),Incorrect,,,,Missed,0,None given,1,,team said Monet,
S40 E38,Round of 32,Tossup,29,What was the name of the son of Zeus and Hera who was the god of war in Greek mythology?,Ares,Mythology,Religion & Mythology,Webb School of Knoxville (Penny's team) vs Happy Valley High School (Tyler's team),James,Webb School of Knoxville (Penny's team),Correct,,,,Correct,10,Webb School of Knoxville (Penny's team),1,,,
S40 E38,Round of 32,Bonus,29,"The world's first robot tour guide inside a cave is welcoming visitors in Alistrati Cave in northern Greece. The robot is named for which mythological character, the daughter of Zeus and Demeter, who was abducted by Pluto to be his wife?",Persephone,Mythology,Religion & Mythology,Webb School of Knoxville (Penny's team) vs Happy Valley High School (Tyler's team),,Webb School of Knoxville (Penny's team),Correct,,,,Correct,20,Webb School of Knoxville (Penny's team),1,,"the answer is garbled in the captions (""Demeter for 74 70?"") and the host said right for 20 points",
S40 E38,Round of 32,Tossup,30,During whose presidency did Thomas Jefferson serve as secretary of state?,George Washington,History,Social Studies,Webb School of Knoxville (Penny's team) vs Happy Valley High School (Tyler's team),Penny,Webb School of Knoxville (Penny's team),Correct,,,,Correct,10,Webb School of Knoxville (Penny's team),1,,,
S40 E38,Round of 32,Bonus,30,This famous painting by John Trumbull shows the Committee of Five presenting their draft of the Declaration of Independence to the Second Continental Congress. Name four of the five members of the drafting committee.,"Any four of: Thomas Jefferson, Benjamin Franklin, John Adams, Robert Livingston, Roger Sherman",Visual,General & Visual,Webb School of Knoxville (Penny's team) vs Happy Valley High School (Tyler's team),,Webb School of Knoxville (Penny's team),Partial,,,,Partial,10,Webb School of Knoxville (Penny's team),1,,"the team named Jefferson, Franklin, Madison and John Jay; Jefferson and Franklin counted",
S40 E38,Round of 32,Tossup,31,What is the name of Elvis Presley's colonial revival style house?,Graceland,Architecture,Fine Arts,Webb School of Knoxville (Penny's team) vs Happy Valley High School (Tyler's team),Penny,Webb School of Knoxville (Penny's team),Correct,,,,Correct,10,Webb School of Knoxville (Penny's team),1,,,
S40 E38,Round of 32,Bonus,31,What type of civic buildings did Andrew Carnegie donate money to build in the 19th century?,Libraries,Architecture,Fine Arts,Webb School of Knoxville (Penny's team) vs Happy Valley High School (Tyler's team),,Webb School of Knoxville (Penny's team),Correct,,,,Correct,20,Webb School of Knoxville (Penny's team),1,,,
S40 E38,Round of 32,Tossup,32,Which planet has Phobos and Deimos as its satellites?,Mars,Astronomy,Science & Technology,Webb School of Knoxville (Penny's team) vs Happy Valley High School (Tyler's team),James,Webb School of Knoxville (Penny's team),Correct,,,,Correct,10,Webb School of Knoxville (Penny's team),1,,,
S40 E38,Round of 32,Bonus,32,"The mnemonic phrase ""My very educated mother just served us nachos"" stands for what?",The eight planets in order from the sun,Astronomy,Science & Technology,Webb School of Knoxville (Penny's team) vs Happy Valley High School (Tyler's team),,Webb School of Knoxville (Penny's team),Incorrect,,,,Missed,0,None given,1,Yes,"the captions show the team asking whether it needed the order and the host saying ""that's what we're looking for"" but no ruling or answer is stated; treated as missed (captions lines 13469-13477)",James Mars Right in Astronomy Bonus The mnemonic phrase My very educated mother just served us nachos stands for what Mercury are the Mercury? / The order of the solar. / Do you need the order? / Know the order of the planets? / Yes. / That's what we're looking for. / The eight planets in order. / Toss up now in literature. / Who wrote the Little House on the Prairie Books?
S40 E38,Round of 32,Tossup,33,Who wrote the Little House on the Prairie books?,Laura Ingalls Wilder,Literature,Language Arts,Webb School of Knoxville (Penny's team) vs Happy Valley High School (Tyler's team),Penny,Webb School of Knoxville (Penny's team),Correct,,,,Correct,10,Webb School of Knoxville (Penny's team),1,,,
S40 E38,Round of 32,Bonus,33,"Who wrote the novels Death on the Nile, The ABC Murders and Crooked House?",Agatha Christie,Literature,Language Arts,Webb School of Knoxville (Penny's team) vs Happy Valley High School (Tyler's team),,Webb School of Knoxville (Penny's team),Correct,,,,Correct,20,Webb School of Knoxville (Penny's team),1,,,
S40 E38,Round of 32,Tossup,34,"What element's name was suggested by Lavoisier and derived from two Greek words meaning ""water former""?",Hydrogen,Chemistry,Science & Technology,Webb School of Knoxville (Penny's team) vs Happy Valley High School (Tyler's team),Henry,Webb School of Knoxville (Penny's team),Correct,,,,Correct,10,Webb School of Knoxville (Penny's team),1,,,
S40 E38,Round of 32,Bonus,34,"In 2022, a new analysis of a 4,000 year old toolkit that was found near Stonehenge in 1801 indicates it was used by a skilled craftsperson to hammer sheets of what chemical element with atomic number 79?",Gold,Chemistry,Science & Technology,Webb School of Knoxville (Penny's team) vs Happy Valley High School (Tyler's team),,Webb School of Knoxville (Penny's team),Correct,,,,Correct,20,Webb School of Knoxville (Penny's team),1,,,
S40 E38,Round of 32,Tossup,35,What branch of the U.S. Department of the Treasury collects income taxes and enforces related tax laws?,The Internal Revenue Service (IRS),Economics,Social Studies,Webb School of Knoxville (Penny's team) vs Happy Valley High School (Tyler's team),Henry,Webb School of Knoxville (Penny's team),Correct,,,,Correct,10,Webb School of Knoxville (Penny's team),1,,,
S40 E38,Round of 32,Bonus,35,"In 2022, Ralph Lauren announced a new fashion collection to celebrate the traditions and history of Atlanta HBCUs, Morehouse College and Spelman College. What does HBCU stand for?",Historically Black College and University,Economics,Social Studies,Webb School of Knoxville (Penny's team) vs Happy Valley High School (Tyler's team),,Webb School of Knoxville (Penny's team),Correct,,,,Correct,20,Webb School of Knoxville (Penny's team),1,,,
S40 E38,Round of 32,Tossup,36,What is the men's track and field competition consisting of ten events in two days?,The decathlon,Sports,General & Visual,Webb School of Knoxville (Penny's team) vs Happy Valley High School (Tyler's team),Penny,Webb School of Knoxville (Penny's team),Incorrect,,,,Missed,0,None given,1,,Penny's answer is garbled in the captions; no Happy Valley answer captured,
S40 E38,Round of 32,Tossup,37,What is the pigment in blood that colors it red?,Hemoglobin,Health,Science & Technology,Webb School of Knoxville (Penny's team) vs Happy Valley High School (Tyler's team),Alex,Webb School of Knoxville (Penny's team),Correct,,,,Correct,10,Webb School of Knoxville (Penny's team),1,,,
S40 E38,Round of 32,Bonus,37,Name two of the three types of muscles in the human body.,"Any two of: skeletal, smooth, cardiac",Health,Science & Technology,Webb School of Knoxville (Penny's team) vs Happy Valley High School (Tyler's team),,Webb School of Knoxville (Penny's team),Correct,,,,Correct,20,Webb School of Knoxville (Penny's team),1,,the team said skeletal and smooth,
S40 E38,Round of 32,Tossup,38,"What commonly used ten letter Spanish word that starts with A is defined as a person who is very knowledgeable and enthusiastic about an activity, subject or pastime?",Aficionado,Foreign Language,Foreign Language,Webb School of Knoxville (Penny's team) vs Happy Valley High School (Tyler's team),,,No Buzz,,,,Missed,0,None given,1,,nobody answered; the host gave the answer,
S40 E38,Round of 32,Tossup,39,"If the hypotenuse of a 45-45-90 triangle is ten, what is its leg length?",5√2,Geometry,Mathematics,Webb School of Knoxville (Penny's team) vs Happy Valley High School (Tyler's team),Henry,Webb School of Knoxville (Penny's team),Correct,,,,Correct,10,Webb School of Knoxville (Penny's team),1,,,
S40 E38,Round of 32,Bonus,39,How many total degrees are in the interior angles of a convex decagon?,"1,440 degrees",Geometry,Mathematics,Webb School of Knoxville (Penny's team) vs Happy Valley High School (Tyler's team),,Webb School of Knoxville (Penny's team),Correct,,,,Correct,20,Webb School of Knoxville (Penny's team),1,,,
S40 E38,Round of 32,Tossup,40,What city was targeted by the first wartime use of an atomic bomb?,Hiroshima,History,Social Studies,Webb School of Knoxville (Penny's team) vs Happy Valley High School (Tyler's team),James,Webb School of Knoxville (Penny's team),Correct,,,,Correct,10,Webb School of Knoxville (Penny's team),1,,,
S40 E38,Round of 32,Bonus,40,"In 1836, Sam Houston led Texans to victory over General Santa Anna at the Battle of San Jacinto. The Texans rallied to what famous war cry?","""Remember the Alamo""",History,Social Studies,Webb School of Knoxville (Penny's team) vs Happy Valley High School (Tyler's team),,Webb School of Knoxville (Penny's team),Correct,,,,Correct,20,Webb School of Knoxville (Penny's team),1,,,
S40 E38,Round of 32,Tossup,41,What is the term for the stick used by conductors to enhance the movements for musicians?,A baton,Music,Fine Arts,Webb School of Knoxville (Penny's team) vs Happy Valley High School (Tyler's team),Alex,Webb School of Knoxville (Penny's team),Correct,,,,Correct,10,Webb School of Knoxville (Penny's team),1,,,
S40 E38,Round of 32,Bonus,41,Part 1: What is the lowest pitch on a correctly tuned violin? | Part 2: What is the lowest note on a flute?,Part 1: G | Part 2: Middle C,Music,Fine Arts,Webb School of Knoxville (Penny's team) vs Happy Valley High School (Tyler's team),,Webb School of Knoxville (Penny's team),Partial,,,,Partial,10,Webb School of Knoxville (Penny's team),2,,the team said B-flat for Part 2,
S40 E38,Round of 32,Tossup,42,What does a barometer measure?,Air pressure,Science,Science & Technology,Webb School of Knoxville (Penny's team) vs Happy Valley High School (Tyler's team),Alex,Webb School of Knoxville (Penny's team),Correct,,,,Correct,10,Webb School of Knoxville (Penny's team),1,,,
S40 E38,Round of 32,Bonus,42,Part 1: What kind of clouds are lowest to the Earth's surface? | Part 2: What kind of clouds are highest in the sky?,Part 1: Stratus | Part 2: Cirrus,Science,Science & Technology,Webb School of Knoxville (Penny's team) vs Happy Valley High School (Tyler's team),Alex,Webb School of Knoxville (Penny's team),Partial,,,,Partial,10,Webb School of Knoxville (Penny's team),2,,the team said cumulus for Part 1; Alex answered Part 2,
S40 E38,Round of 32,Tossup,43,What is the term for a word that is spelled the same way forward or backward?,A palindrome,Vocabulary,Language Arts,Webb School of Knoxville (Penny's team) vs Happy Valley High School (Tyler's team),Mackenzie,Happy Valley High School (Tyler's team),Incorrect,Alex,Webb School of Knoxville (Penny's team),Correct,Correct,10,Webb School of Knoxville (Penny's team),1,,"Mackenzie's answer is not captured; the host gave a hint (""like noon or madam"")",
S40 E38,Round of 32,Bonus,43,Part 1: What ten letter verb beginning with A means to combine or unite to form one organization or structure? | Part 2: Spell that word.,Part 1: Amalgamate | Part 2: A-M-A-L-G-A-M-A-T-E,Vocabulary,Language Arts,Webb School of Knoxville (Penny's team) vs Happy Valley High School (Tyler's team),James,Webb School of Knoxville (Penny's team),Partial,,,,Partial,10,Webb School of Knoxville (Penny's team),2,,"the team said ""aggregate"" for Part 1; James spelled amalgamate",
S40 E38,Round of 32,Tossup,44,What is the collection of the Scriptures of Islam called?,The Quran,Religion,Religion & Mythology,Webb School of Knoxville (Penny's team) vs Happy Valley High School (Tyler's team),Tyler,Happy Valley High School (Tyler's team),Correct,,,,Correct,10,Happy Valley High School (Tyler's team),1,,"Tyler answered ""Koran"" (an accepted spelling)",
S40 E38,Round of 32,Bonus,44,"In 2023, delegates to the Southern Baptist Convention voted to expel five Southern Baptist churches, including Saddleback, over which issue?",Having women as pastors,Religion,Religion & Mythology,Webb School of Knoxville (Penny's team) vs Happy Valley High School (Tyler's team),Mackenzie,Happy Valley High School (Tyler's team),Incorrect,,,,Missed,0,None given,1,,"the captions say 2020; Tyler deferred to Mackenzie, who said abortion",
S40 E38,Round of 32,Tossup,45,What is the capital of Switzerland?,Bern,Geography,Social Studies,Webb School of Knoxville (Penny's team) vs Happy Valley High School (Tyler's team),Penny,Webb School of Knoxville (Penny's team),Incorrect,,,,Missed,0,None given,1,,Penny's answer is garbled in the captions; no Happy Valley answer captured,
S40 E38,Round of 32,Tossup,46,What Italian city is home to the Uffizi Gallery?,Florence,Art,Fine Arts,Webb School of Knoxville (Penny's team) vs Happy Valley High School (Tyler's team),Penny,Webb School of Knoxville (Penny's team),Incorrect,,,,Missed,0,None given,1,,Penny said Milan; no Happy Valley answer captured; the game ended on the clock,
S40 E39,Round of 32,Tossup,1,Which type of matter has volume but no definite shape?,Liquid,Science,Science & Technology,Happy Valley High School (Levi's team) vs Webb School of Knoxville (Steven's team),Andrea,Webb School of Knoxville (Steven's team),Incorrect,,Happy Valley High School (Levi's team),Correct,Correct,10,Happy Valley High School (Levi's team),1,,"Andrea's answer is garbled in the captions (probably ""gas""); the Happy Valley steal (""thick liquid"") was accepted and the steal buzzer is not named",
S40 E39,Round of 32,Bonus,1,Part 1: What is the term for the bouncing back of waves that strike a surface? | Part 2: What is the term for the change in direction of a wave as it passes from one medium to another?,Part 1: Reflection | Part 2: Refraction,Science,Science & Technology,Happy Valley High School (Levi's team) vs Webb School of Knoxville (Steven's team),,Happy Valley High School (Levi's team),Incorrect,,,,Missed,0,None given,2,,"the team said ""reverberation"" for Part 1; the Part 2 answer is garbled in the captions (appears to be ""reverberation"" again) and the host gave both answers",
S40 E39,Round of 32,Tossup,2,What is the Spanish word for wolves?,Lobos,Foreign Language,Foreign Language,Happy Valley High School (Levi's team) vs Webb School of Knoxville (Steven's team),Ella,Happy Valley High School (Levi's team),Correct,,,,Correct,10,Happy Valley High School (Levi's team),1,,,
S40 E39,Round of 32,Bonus,2,What Spanish word literally means a person who kills and is used for bullfighters?,Matador,Foreign Language,Foreign Language,Happy Valley High School (Levi's team) vs Webb School of Knoxville (Steven's team),Ella,Happy Valley High School (Levi's team),Correct,,,,Correct,20,Happy Valley High School (Levi's team),1,,"a player blurted ""matador"" first; Levi then deferred to Ella, who repeated it, and the host moved on (accepted for 20)",
S40 E39,Round of 32,Tossup,3,"In a circle, a 5 centimeter radius bisects an 8 centimeter chord. Find the distance of the chord from the circle center.",3 centimeters,Geometry,Mathematics,Happy Valley High School (Levi's team) vs Webb School of Knoxville (Steven's team),,,No Buzz,,,,Missed,0,None given,1,,nobody buzzed; the host gave the answer,
S40 E39,Round of 32,Tossup,4,In which family of instruments are the triangle and chimes?,Percussion,Music,Fine Arts,Happy Valley High School (Levi's team) vs Webb School of Knoxville (Steven's team),Andrea,Webb School of Knoxville (Steven's team),Correct,,,,Correct,10,Webb School of Knoxville (Steven's team),1,,,
S40 E39,Round of 32,Bonus,4,What is this musical symbol and what does it indicate?,A fermata; the note is held as long as the player or conductor chooses,Visual,General & Visual,Happy Valley High School (Levi's team) vs Webb School of Knoxville (Steven's team),Andrea,Webb School of Knoxville (Steven's team),Correct,,,,Correct,20,Webb School of Knoxville (Steven's team),1,,"Steven deferred to Andrea; the host called it ""the most accurate description of a fermata"" and gave 20 points",
S40 E39,Round of 32,Tossup,5,Which U.S. agency was created in 1865 to combat the rise of counterfeit currency following the Civil War?,The U.S. Secret Service,Economics,Social Studies,Happy Valley High School (Levi's team) vs Webb School of Knoxville (Steven's team),,Webb School of Knoxville (Steven's team),Incorrect,Nick,Happy Valley High School (Levi's team),Incorrect,Missed,0,None given,1,,"Webb's buzzer is not named (the answer given was ""U.S. Mint""); Nick said ""the National Treasury""",
S40 E39,Round of 32,Tossup,6,Lepidoptera refers to which animals?,Butterflies (and moths),Biology,Science & Technology,Happy Valley High School (Levi's team) vs Webb School of Knoxville (Steven's team),Ella,Happy Valley High School (Levi's team),Correct,,,,Correct,10,Happy Valley High School (Levi's team),1,,,
S40 E39,Round of 32,Bonus,6,"Part 1: In which phylum are lobsters? | Part 2: In which phylum are toads, or amphibians?",Part 1: Arthropoda (arthropods) | Part 2: Chordata (chordates),Biology,Science & Technology,Happy Valley High School (Levi's team) vs Webb School of Knoxville (Steven's team),,Happy Valley High School (Levi's team),Incorrect,,,,Missed,0,None given,2,,"the team said ""crustacean"" for Part 1; the Part 2 answer is garbled in the captions and the host gave ""chordate""",
S40 E39,Round of 32,Tossup,7,"What is the term for an introduction to a poem, play or novel, such as The Canterbury Tales?",A prologue,Vocabulary,Language Arts,Happy Valley High School (Levi's team) vs Webb School of Knoxville (Steven's team),Ella,Happy Valley High School (Levi's team),Correct,,,,Correct,10,Happy Valley High School (Levi's team),1,,,
S40 E39,Round of 32,Bonus,7,Part 1: What is the term for a fear of open spaces? | Part 2: What is the term for a fear of heights?,Part 1: Agoraphobia | Part 2: Acrophobia,Vocabulary,Language Arts,Happy Valley High School (Levi's team) vs Webb School of Knoxville (Steven's team),,Happy Valley High School (Levi's team),Partial,,,,Partial,10,Happy Valley High School (Levi's team),2,,"Levi answered Part 2 ""agoraphobia"" without deferring while Ella supplied ""acrophobia""; the host first awarded the points, but after a halftime challenge ten points were subtracted from Happy Valley, so only Part 1 counts",
S40 E39,Round of 32,Tossup,8,"In literature, which war was the setting for The Diary of Anne Frank?",World War II,Literature,Language Arts,Happy Valley High School (Levi's team) vs Webb School of Knoxville (Steven's team),,Happy Valley High School (Levi's team),Correct,,,,Correct,10,Happy Valley High School (Levi's team),1,,buzzer not named (the bonus was Happy Valley's),
S40 E39,Round of 32,Bonus,8,"Part 1: A rare first edition of what classic 1937 novel featuring Bilbo Baggins was found in a Scottish charity shop in 2023 and sold for £10,000? | Part 2: Who wrote it?",Part 1: The Hobbit | Part 2: J.R.R. Tolkien,Literature,Language Arts,Happy Valley High School (Levi's team) vs Webb School of Knoxville (Steven's team),Nick,Happy Valley High School (Levi's team),Correct,,,,Correct,20,Happy Valley High School (Levi's team),2,,Levi deferred to Nick for both parts,
S40 E39,Round of 32,Tossup,9,How many colored dots are on a Twister mat?,24,Games,General & Visual,Happy Valley High School (Levi's team) vs Webb School of Knoxville (Steven's team),Nicholas,Webb School of Knoxville (Steven's team),Incorrect,Levi,Happy Valley High School (Levi's team),Incorrect,Missed,0,None given,1,,Nicholas said 25 and Levi said 12,
S40 E39,Round of 32,Tossup,10,Who was the second president of the United States?,John Adams,U.S. History,Social Studies,Happy Valley High School (Levi's team) vs Webb School of Knoxville (Steven's team),Steven,Webb School of Knoxville (Steven's team),Correct,,,,Correct,10,Webb School of Knoxville (Steven's team),1,,,
S40 E39,Round of 32,Bonus,10,"Part 1: The women seen here on the east steps of the U.S. Capitol are celebrating the passage of the 19th Amendment, which granted what? | Part 2: In what year was it ratified?",Part 1: Women's suffrage (the right to vote) | Part 2: 1920,Visual,General & Visual,Happy Valley High School (Levi's team) vs Webb School of Knoxville (Steven's team),,Webb School of Knoxville (Steven's team),Correct,,,,Correct,20,Webb School of Knoxville (Steven's team),2,,"the team first said ""suffrage"" and the host asked for the full answer (""women's right to vote""); after some hesitation they said 1920",
S40 E39,Round of 32,Tossup,11,Which element has the symbol Pd?,Palladium,Chemistry,Science & Technology,Happy Valley High School (Levi's team) vs Webb School of Knoxville (Steven's team),Nicholas,Webb School of Knoxville (Steven's team),Incorrect,Ella,Happy Valley High School (Levi's team),Correct,Correct,10,Happy Valley High School (Levi's team),1,,Nicholas said lead; the steal name is garbled in the captions (read as Ella); the host reminded players not to talk to each other on tossups,
S40 E39,Round of 32,Bonus,11,What type of chemical reaction occurs between a fuel and an oxidizing agent to release energy?,Combustion,Chemistry,Science & Technology,Happy Valley High School (Levi's team) vs Webb School of Knoxville (Steven's team),,Happy Valley High School (Levi's team),Correct,,,,Correct,20,Happy Valley High School (Levi's team),1,,Levi was to answer or defer,
S40 E39,Round of 32,Tossup,12,"What five letter word beginning with I describes phrases such as ""make the bed"" or ""change your mind""?",Idiom,English,Language Arts,Happy Valley High School (Levi's team) vs Webb School of Knoxville (Steven's team),Steven,Webb School of Knoxville (Steven's team),Correct,,,,Correct,10,Webb School of Knoxville (Steven's team),1,,,
S40 E39,Round of 32,Bonus,12,"What figure of speech did Carl Sandburg use when he wrote ""Pigs so thin the farmer had to tie knots in their tails to keep them from crawling through the cracks""?",Hyperbole,English,Language Arts,Happy Valley High School (Levi's team) vs Webb School of Knoxville (Steven's team),,Webb School of Knoxville (Steven's team),Correct,,,,Correct,20,Webb School of Knoxville (Steven's team),1,,,
S40 E39,Round of 32,Tossup,13,"Using the six numbers 6, 8, 13, 19, 20 and 23, what is the median of the data set?",16,Algebra,Mathematics,Happy Valley High School (Levi's team) vs Webb School of Knoxville (Steven's team),Levi,Happy Valley High School (Levi's team),Incorrect,Andrea,Webb School of Knoxville (Steven's team),Incorrect,Missed,0,None given,1,,Levi said 13 and Andrea said 19,
S40 E39,Round of 32,Tossup,14,What annual seven-day celebration of African and African-American culture was created in 1966?,Kwanzaa,Religion,Religion & Mythology,Happy Valley High School (Levi's team) vs Webb School of Knoxville (Steven's team),Nicholas,Webb School of Knoxville (Steven's team),Correct,,,,Correct,10,Webb School of Knoxville (Steven's team),1,,,
S40 E39,Round of 32,Bonus,14,"In 2020, soldiers confessed that they were part of a campaign to exterminate the Rohingya Muslim minority in what nation, formerly known as Burma?",Myanmar,Religion,Religion & Mythology,Happy Valley High School (Levi's team) vs Webb School of Knoxville (Steven's team),,Webb School of Knoxville (Steven's team),Incorrect,,,,Missed,0,None given,1,,"the team's answer is garbled in the captions (appears to be ""Cambodia"")",
S40 E39,Round of 32,Tossup,15,In which city is Tennessee Tech University located?,Cookeville,Geography,Social Studies,Happy Valley High School (Levi's team) vs Webb School of Knoxville (Steven's team),Nicholas,Webb School of Knoxville (Steven's team),Correct,,,,Correct,10,Webb School of Knoxville (Steven's team),1,,,
S40 E39,Round of 32,Bonus,15,Part 1: On which continent is the Amazon River located? | Part 2: On which continent is the Volga River located?,Part 1: South America | Part 2: Europe,Geography,Social Studies,Happy Valley High School (Levi's team) vs Webb School of Knoxville (Steven's team),,Webb School of Knoxville (Steven's team),Correct,,,,Correct,20,Webb School of Knoxville (Steven's team),2,Yes,"the captions show the team answering ""Africa"" for the Amazon part, yet the host awarded 20 points (""we'll take that as right""); scored Correct because the halftime tie at 230-230 only works if this bonus earned 20, so the Amazon answer is probably garbled in the captions (captions lines 12728-12733)","And the geography bonus for everyone. / On which continent is the Amazon River located? / Africa. / This is a bonus for web site. / On which continent is the Volga River located Europe. / Yeah, we'll take that as right 20 points toss up in geology, which of the three main categories of rock is always formed from one of the two other types?"
S40 E39,Round of 32,Tossup,16,Which of the three main categories of rock is always formed from one of the two other types?,Metamorphic rock,Geology,Science & Technology,Happy Valley High School (Levi's team) vs Webb School of Knoxville (Steven's team),Nick,Happy Valley High School (Levi's team),Correct,,,,Correct,10,Happy Valley High School (Levi's team),1,,,
S40 E39,Round of 32,Bonus,16,What 2000 BC cromlech on the Salisbury Plain of England has evenly spaced stone uprights with horizontal lintels set up in a circular pattern?,Stonehenge,Geology,Science & Technology,Happy Valley High School (Levi's team) vs Webb School of Knoxville (Steven's team),,Happy Valley High School (Levi's team),Correct,,,,Correct,20,Happy Valley High School (Levi's team),1,,,
S40 E39,Round of 32,Tossup,17,"In Greek mythology, what was the name of the River of Forgetfulness?",The River Lethe,Mythology,Religion & Mythology,Happy Valley High School (Levi's team) vs Webb School of Knoxville (Steven's team),Ella,Happy Valley High School (Levi's team),Incorrect,Andrea,Webb School of Knoxville (Steven's team),Correct,Correct,10,Webb School of Knoxville (Steven's team),1,,Ella said the River Styx; Andrea spelled L-E-T-H-E,
S40 E39,Round of 32,Bonus,17,Which mythological titan stole fire from the Greek gods and gave it to humanity?,Prometheus,Mythology,Religion & Mythology,Happy Valley High School (Levi's team) vs Webb School of Knoxville (Steven's team),,Webb School of Knoxville (Steven's team),Correct,,,,Correct,20,Webb School of Knoxville (Steven's team),1,,Steven was to answer or defer,
S40 E39,Round of 32,Tossup,18,"Queen Mary I, sometimes called Bloody Mary, was a member of what family that ruled England from 1485 to 1603?",The Tudors,History,Social Studies,Happy Valley High School (Levi's team) vs Webb School of Knoxville (Steven's team),,Happy Valley High School (Levi's team),Correct,,,,Correct,10,Happy Valley High School (Levi's team),1,,buzzer not named; the host reminded the player to wait to be called on,
S40 E39,Round of 32,Bonus,18,"A house in Sussex that was listed for sale at £2.25 million in 2023 had been given by Henry VIII to which woman, his fourth wife, as part of their annulment settlement?",Anne of Cleves,History,Social Studies,Happy Valley High School (Levi's team) vs Webb School of Knoxville (Steven's team),Ella,Happy Valley High School (Levi's team),Correct,,,,Correct,20,Happy Valley High School (Levi's team),1,,Levi was to answer or defer; Ella answered,
S40 E39,Round of 32,Tossup,19,What was the principal craft of Sir Christopher Wren?,Architecture,Art,Fine Arts,Happy Valley High School (Levi's team) vs Webb School of Knoxville (Steven's team),Daisy,Webb School of Knoxville (Steven's team),Incorrect,Levi,Happy Valley High School (Levi's team),Incorrect,Missed,0,None given,1,,Daisy said watercolor and Levi said oil,
S40 E39,Round of 32,Tossup,20,How many judges are currently serving on the United States Supreme Court?,Nine,Government,Social Studies,Happy Valley High School (Levi's team) vs Webb School of Knoxville (Steven's team),,Webb School of Knoxville (Steven's team),Correct,,,,Correct,10,Webb School of Knoxville (Steven's team),1,,buzzer not named (the bonus was Webb's),
S40 E39,Round of 32,Bonus,20,Part 1: What agency overseen by Congress is represented by the letters FCC? | Part 2: What agency regulated by the Department of Transportation is represented by the letters ICC?,Part 1: Federal Communications Commission | Part 2: Interstate Commerce Commission,Government,Social Studies,Happy Valley High School (Levi's team) vs Webb School of Knoxville (Steven's team),,Webb School of Knoxville (Steven's team),Incorrect,,,,Missed,0,None given,2,,"Steven deferred to Daisy, who said ""Federal Change Commission"" for Part 1; the Part 2 answer was ""Interstate Communications""",
S40 E39,Round of 32,Tossup,21,"Who is credited with inventing the kinetoscope, a forerunner of the motion picture projector?",Thomas Edison,Technology,Science & Technology,Happy Valley High School (Levi's team) vs Webb School of Knoxville (Steven's team),Steven,Webb School of Knoxville (Steven's team),Correct,,,,Correct,10,Webb School of Knoxville (Steven's team),1,,,
S40 E39,Round of 32,Bonus,21,"Since 2005, Oak Ridge National Laboratory has deployed four supercomputers, each the world's fastest in its time. Name two of those four ORNL supercomputers.","Any two of: Jaguar, Titan, Summit, Frontier",Technology,Science & Technology,Happy Valley High School (Levi's team) vs Webb School of Knoxville (Steven's team),Nicholas,Webb School of Knoxville (Steven's team),Correct,,,,Correct,20,Webb School of Knoxville (Steven's team),1,,"Steven deferred to Nicholas, who said Frontier and Summit",
S40 E39,Round of 32,Tossup,22,"Spell the word ""misspell.""",M-I-S-S-P-E-L-L,Spelling,Language Arts,Happy Valley High School (Levi's team) vs Webb School of Knoxville (Steven's team),Ella,Happy Valley High School (Levi's team),Correct,,,,Correct,10,Happy Valley High School (Levi's team),1,,,
S40 E39,Round of 32,Bonus,22,"A person who claims neither faith nor disbelief in God is an agnostic. Spell ""agnostic.""",A-G-N-O-S-T-I-C,Spelling,Language Arts,Happy Valley High School (Levi's team) vs Webb School of Knoxville (Steven's team),,Happy Valley High School (Levi's team),Correct,,,,Correct,20,Happy Valley High School (Levi's team),1,,Levi deferred; the teammate who spelled it is not named in the captions,
S40 E39,Round of 32,Tossup,23,What is the time signature for a waltz?,3/4 time,Music,Fine Arts,Happy Valley High School (Levi's team) vs Webb School of Knoxville (Steven's team),Nicholas,Webb School of Knoxville (Steven's team),Correct,,,,Correct,10,Webb School of Knoxville (Steven's team),1,,,
S40 E39,Round of 32,Bonus,23,"Which English singer-songwriter was cleared of copyright infringement when a New York jury decided he didn't steal key components of Marvin Gaye's 1973 song ""Let's Get It On"" when creating his 2014 hit ""Thinking Out Loud""?",Ed Sheeran,Music,Fine Arts,Happy Valley High School (Levi's team) vs Webb School of Knoxville (Steven's team),Nicholas,Webb School of Knoxville (Steven's team),Correct,,,,Correct,20,Webb School of Knoxville (Steven's team),1,,Steven deferred to Nicholas; the first half ended after this bonus,
S40 E39,Round of 32,Tossup,24,Which Olympic sport uses rings and parallel bars?,Gymnastics,Sports,General & Visual,Happy Valley High School (Levi's team) vs Webb School of Knoxville (Steven's team),Anna,Webb School of Knoxville (Steven's team),Correct,,,,Correct,10,Webb School of Knoxville (Steven's team),1,,,
S40 E39,Round of 32,Bonus,24,"Part 1: In football, what separates the two teams at the beginning of each play? | Part 2: What is the term for when a defensive player catches a pass from the offensive team?",Part 1: The line of scrimmage | Part 2: An interception,Sports,General & Visual,Happy Valley High School (Levi's team) vs Webb School of Knoxville (Steven's team),,Webb School of Knoxville (Steven's team),Correct,,,,Correct,20,Webb School of Knoxville (Steven's team),2,,,
S40 E39,Round of 32,Tossup,25,What are the last three words of Dr. Martin Luther King Jr.'s famous speech?,"""Free at last""",U.S. History,Social Studies,Happy Valley High School (Levi's team) vs Webb School of Knoxville (Steven's team),Nick,Happy Valley High School (Levi's team),Incorrect,,,,Missed,0,None given,1,,"Nick said ""I have a dream""; the host offered Webb a steal but no steal answer appears in the captions and no bonus was read",
S40 E39,Round of 32,Tossup,26,What is the word for a human embryo after eight weeks of development?,A fetus,Health,Science & Technology,Happy Valley High School (Levi's team) vs Webb School of Knoxville (Steven's team),,Webb School of Knoxville (Steven's team),Correct,,,,Correct,10,Webb School of Knoxville (Steven's team),1,,buzzer not named (the bonus was Webb's),
S40 E39,Round of 32,Bonus,26,Part 1: Which vitamin is beneficial for both bone health and muscle strength? | Part 2: What is another name for ascorbic acid?,Part 1: Vitamin D | Part 2: Vitamin C,Health,Science & Technology,Happy Valley High School (Levi's team) vs Webb School of Knoxville (Steven's team),,Webb School of Knoxville (Steven's team),Partial,,,,Partial,10,Webb School of Knoxville (Steven's team),2,Yes,"the captions are jumbled on Part 1 (""vitamin K ... I mean D""; the host said ""that's fine"") while the host's closing line is ""that's ten points""; scored as Part 2 (vitamin C) only, but Part 1 may also have been credited (captions lines 12858-12867)","After eight weeks of development and a fetus is right for ten bonus Now in health, Which vitamin is beneficial for both bone health and muscle strength? / Stephen To answer a defer, vitamin D is bone health and muscle strength. / A vitamin K, That's fine. / I mean D what is another name for ascorbic acid? / Vitamin C? / Yeah. / Okay. / Yes, that's ten points. / Tossup in literature. / In theater."
S40 E39,Round of 32,Tossup,27,"In theater, what is the term for a monologue in which a character expresses their thoughts aloud?",A soliloquy,Literature,Language Arts,Happy Valley High School (Levi's team) vs Webb School of Knoxville (Steven's team),,Webb School of Knoxville (Steven's team),Correct,,,,Correct,10,Webb School of Knoxville (Steven's team),1,,buzzer not named (the bonus was Webb's),
S40 E39,Round of 32,Bonus,27,"Part 1: What novel includes the characters King Louie, Bagheera and Mowgli? | Part 2: Who wrote The Jungle Book?",Part 1: The Jungle Book | Part 2: Rudyard Kipling,Literature,Language Arts,Happy Valley High School (Levi's team) vs Webb School of Knoxville (Steven's team),,Webb School of Knoxville (Steven's team),Partial,,,,Partial,10,Webb School of Knoxville (Steven's team),2,,"Steven deferred to Andrea for Part 1; the Part 2 answer was ""Jack London""",
S40 E39,Round of 32,Tossup,28,What type of number is the square root of a negative number?,An imaginary number,Math,Mathematics,Happy Valley High School (Levi's team) vs Webb School of Knoxville (Steven's team),Steven,Webb School of Knoxville (Steven's team),Correct,,,,Correct,10,Webb School of Knoxville (Steven's team),1,,,
S40 E39,Round of 32,Bonus,28,Give the prime factorization of 800.,2^5 x 5^2,Visual,General & Visual,Happy Valley High School (Levi's team) vs Webb School of Knoxville (Steven's team),,Webb School of Knoxville (Steven's team),Incorrect,,,,Missed,0,None given,1,Yes,"Steven deferred to Anna, who began ""two ...""; the host said ""you have to get right to it quickly"" and gave the answer; treated as missed (time ran out) but no ruling is stated (captions lines 12882-12888)","In a math visual, take a look at the screens. / Please give the prime factorization of 800. / Stephen deferred to Anna. / 2. / Yeah, you have to get right to it quickly. / It's two to the fifth power times, five to the second power plus eight for everyone. / Now in Miscellaneous Garmin, TomTom and Magellan all make devices that use what type of technology."
S40 E39,Round of 32,Tossup,29,"Garmin, TomTom and Magellan all make devices that use what type of technology?",GPS (Global Positioning System),Miscellaneous,General & Visual,Happy Valley High School (Levi's team) vs Webb School of Knoxville (Steven's team),,Happy Valley High School (Levi's team),Correct,,,,Correct,10,Happy Valley High School (Levi's team),1,,buzzer and answer are not captured; the bonus was Happy Valley's,
S40 E39,Round of 32,Bonus,29,Part 1: What does GPS stand for? | Part 2: Which division of the U.S. Armed Forces operates the constellation of up to 30 satellites in the GPS system?,Part 1: Global Positioning System | Part 2: The U.S. Space Force,Miscellaneous,General & Visual,Happy Valley High School (Levi's team) vs Webb School of Knoxville (Steven's team),,Happy Valley High School (Levi's team),Partial,,,,Partial,10,Happy Valley High School (Levi's team),2,,"Levi deferred to a teammate for Part 1; the team said ""Air Force"" for Part 2 and the host said the question was updated and the Space Force now operates GPS",
S40 E39,Round of 32,Tossup,30,What is the largest island on Earth that is not a continent?,Greenland,Geography,Social Studies,Happy Valley High School (Levi's team) vs Webb School of Knoxville (Steven's team),Steven,Webb School of Knoxville (Steven's team),Correct,,,,Correct,10,Webb School of Knoxville (Steven's team),1,,,
S40 E39,Round of 32,Bonus,30,In which country is Skellig Michael located (a rugged island that saw a spike in visitors along the Ring of Kerry after scenes from Star Wars: The Last Jedi were filmed there)?,Ireland,Geography,Social Studies,Happy Valley High School (Levi's team) vs Webb School of Knoxville (Steven's team),,Webb School of Knoxville (Steven's team),Unclear,,,,Unclear,,Webb School of Knoxville (Steven's team),1,Yes,"the team's answer is unclear (""either, like, Ireland or New Zealand""); the host's next words are ""Now it's Ireland"" (which may be ""No, it's Ireland"") (captions lines 12901-12906)","Steven Greenland and geography bonus for Web, the rugged island of Skellig Michael was responsible for a spike in visitors along the ring of Kerry after scenes from Star Wars The Last Jedi were filmed there. / In which country is Skellig Michael located to either like Ireland or New Zealand. / Now it's Ireland. / And if you want to know Michael is spelled Michael. / But that's the way they say it over there. / When I went to visit Tossup in astronomy, what famous Italian astronomer was the first to discover the rings of Saturn in 1610?"
S40 E39,Round of 32,Tossup,31,What famous Italian astronomer was the first to discover the rings of Saturn in 1610?,Galileo Galilei,Astronomy,Science & Technology,Happy Valley High School (Levi's team) vs Webb School of Knoxville (Steven's team),Anna,Webb School of Knoxville (Steven's team),Correct,,,,Correct,10,Webb School of Knoxville (Steven's team),1,,,
S40 E39,Round of 32,Bonus,31,What is the name of the dwarf planet between the orbits of Mars and Jupiter?,Ceres,Astronomy,Science & Technology,Happy Valley High School (Levi's team) vs Webb School of Knoxville (Steven's team),,Webb School of Knoxville (Steven's team),Unclear,,,,Unclear,,Webb School of Knoxville (Steven's team),1,Yes,"the team said ""Ceres"" with an odd pronunciation (""Sersi""); the host said he didn't know if he could take it and spelled C-E-R-E-S; no clear ruling in the captions (captions lines 12907-12910)","Anna Galileo Is it astronomy bonus now for Webb? / What is the name of the dwarf planet between the orbits of Mars and Jupiter? / Sersi Sersi And it know it's a series, so I don't if I can take that C E R E S toss up for one in vocabulary. / What seven letter word beginning with C means brief and to the point, Anna?"
S40 E39,Round of 32,Tossup,32,What seven letter word beginning with C means brief and to the point?,Concise,Vocabulary,Language Arts,Happy Valley High School (Levi's team) vs Webb School of Knoxville (Steven's team),Anna,Webb School of Knoxville (Steven's team),Correct,,,,Correct,10,Webb School of Knoxville (Steven's team),1,,,
S40 E39,Round of 32,Bonus,32,"Part 1: What 11 letter word means involving or producing a harsh, discordant mixture of sounds? | Part 2: Spell that word.",Part 1: Cacophonous | Part 2: C-A-C-O-P-H-O-N-O-U-S,Vocabulary,Language Arts,Happy Valley High School (Levi's team) vs Webb School of Knoxville (Steven's team),,Webb School of Knoxville (Steven's team),Partial,,,,Partial,10,Webb School of Knoxville (Steven's team),2,,"the team said ""cacophony"" for Part 1; Andrea spelled ""cacophonous"" correctly for Part 2",
S40 E39,Round of 32,Tossup,33,Change 5π/6 to degrees.,150 degrees,Pre-Calculus,Mathematics,Happy Valley High School (Levi's team) vs Webb School of Knoxville (Steven's team),Andrea,Webb School of Knoxville (Steven's team),Correct,,,,Correct,10,Webb School of Knoxville (Steven's team),1,,,
S40 E39,Round of 32,Bonus,33,What trigonometric function is the result of the quotient of cosine x divided by sine x?,Cotangent x,Pre-Calculus,Mathematics,Happy Valley High School (Levi's team) vs Webb School of Knoxville (Steven's team),,Webb School of Knoxville (Steven's team),Correct,,,,Correct,20,Webb School of Knoxville (Steven's team),1,,,
S40 E39,Round of 32,Tossup,34,Under what king in the first century B.C. was the Western Wall (Wailing Wall) built?,King Herod,Religion,Religion & Mythology,Happy Valley High School (Levi's team) vs Webb School of Knoxville (Steven's team),Andrea,Webb School of Knoxville (Steven's team),Incorrect,Ella,Happy Valley High School (Levi's team),Incorrect,Missed,0,None given,1,,"Andrea said Solomon and Ella said David; the host said ""King Herod Agrippa specifically, but we would've taken Herod""",
S40 E39,Round of 32,Tossup,35,What is the standard name for a tax levied on the beneficiary share of an estate?,Inheritance tax,Economics,Social Studies,Happy Valley High School (Levi's team) vs Webb School of Knoxville (Steven's team),,Unknown,Correct,,,,Correct,10,Unknown,1,Yes,buzzer and team not named; the host reminded the player to wait to be called on; team not identified in captions (captions lines 12929-12934),"King Herod Agrippa specifically, but we would've taken Herod for that toss up in economics. / What is the standard name for a tax levied on the beneficiary share of an estate inheritance tax? / Yeah. / I'd make sure I've called on you all the way, but that is right. / An economics bonus. / What is an economic system based on supply and demand With little or no government control?"
S40 E39,Round of 32,Bonus,35,Part 1: What is an economic system based on supply and demand with little or no government control? | Part 2: What is the term for money that can be invested in business?,Part 1: Free market (a free-market economy) | Part 2: Capital,Economics,Social Studies,Happy Valley High School (Levi's team) vs Webb School of Knoxville (Steven's team),,Unknown,Partial,,,,Partial,10,Unknown,2,Yes,"the team said ""capitalism"" for Part 1 (the host wanted ""free market"") and ""capital"" for Part 2; team not identified in captions (captions lines 12933-12943)","An economics bonus. / What is an economic system based on supply and demand With little or no government control? / Capitalism. / Capitalism? / Well, free market is the specific system. / What is the term for money that can be invested in business? / The Okay, it's capital. / Sure. / Capital It is capital. / Ten points. / Toss up now in astronomy, which planet in our solar system is nearest the sun theory and a visual bonus."
S40 E39,Round of 32,Tossup,36,Which planet in our solar system is nearest the Sun?,Mercury,Astronomy,Science & Technology,Happy Valley High School (Levi's team) vs Webb School of Knoxville (Steven's team),,Unknown,Correct,,,,Correct,10,Unknown,1,Yes,buzzer and team not named; the answer is garbled in the captions; team not identified in captions (captions lines 12943-12945),"Toss up now in astronomy, which planet in our solar system is nearest the sun theory and a visual bonus. / Now take a look at the screens, please. / Which gas giant seen in this image is the largest planet in our solar system."
S40 E39,Round of 32,Bonus,36,Which gas giant seen in this image is the largest planet in our solar system?,Jupiter,Visual,General & Visual,Happy Valley High School (Levi's team) vs Webb School of Knoxville (Steven's team),,Unknown,Correct,,,,Correct,20,Unknown,1,Yes,team not identified in captions (captions lines 12945-12949),"Which gas giant seen in this image is the largest planet in our solar system. / Jupiter. / Jupiter. / Right. / For 20 toss up now in foreign language, Chaucer's Canterbury Tales were written in what kind of English?"
S40 E39,Round of 32,Tossup,37,Chaucer's Canterbury Tales were written in what kind of English?,Middle English,Foreign Language,Foreign Language,Happy Valley High School (Levi's team) vs Webb School of Knoxville (Steven's team),Andrea,Webb School of Knoxville (Steven's team),Correct,,,,Correct,10,Webb School of Knoxville (Steven's team),1,,,
S40 E39,Round of 32,Bonus,37,"How do you say ""my grandmother's house"" in Spanish?",La casa de mi abuela,Foreign Language,Foreign Language,Happy Valley High School (Levi's team) vs Webb School of Knoxville (Steven's team),Anna,Webb School of Knoxville (Steven's team),Correct,,,,Correct,20,Webb School of Knoxville (Steven's team),1,,Steven deferred to Anna,
S40 E39,Round of 32,Tossup,38,What is the repeal by Congress of Presidential actions called?,A legislative veto,Government,Social Studies,Happy Valley High School (Levi's team) vs Webb School of Knoxville (Steven's team),Levi,Happy Valley High School (Levi's team),Incorrect,Steven,Webb School of Knoxville (Steven's team),Incorrect,Missed,0,None given,1,,"Levi said ""veto"" and the host asked for more; Steven said ""congressional veto,"" which the host called close but the term is ""legislative veto""",
S40 E39,Round of 32,Tossup,39,What famous building in western North Carolina is an example of the Chateauesque architectural style?,The Biltmore (Biltmore Estate),Architecture,Fine Arts,Happy Valley High School (Levi's team) vs Webb School of Knoxville (Steven's team),Andrea,Webb School of Knoxville (Steven's team),Correct,,,,Correct,10,Webb School of Knoxville (Steven's team),1,,,
S40 E39,Round of 32,Bonus,39,"What is the term for a roof structure that projects vertically beyond the plane of a pitched roof, often containing a window?",A dormer,Architecture,Fine Arts,Happy Valley High School (Levi's team) vs Webb School of Knoxville (Steven's team),,Webb School of Knoxville (Steven's team),Correct,,,,Correct,20,Webb School of Knoxville (Steven's team),1,,,
S40 E39,Round of 32,Tossup,40,Which U.S. president dedicated the Statue of Liberty in 1886?,Grover Cleveland,U.S. History,Social Studies,Happy Valley High School (Levi's team) vs Webb School of Knoxville (Steven's team),Steven,Webb School of Knoxville (Steven's team),Incorrect,Levi,Happy Valley High School (Levi's team),Incorrect,Missed,0,None given,1,,Steven said Jackson and Levi said McKinley,
S40 E39,Round of 32,Tossup,41,What is the term used to identify the point of no disturbance of a standing wave?,A node,Physics,Science & Technology,Happy Valley High School (Levi's team) vs Webb School of Knoxville (Steven's team),Levi,Happy Valley High School (Levi's team),Incorrect,Nolan,Webb School of Knoxville (Steven's team),Incorrect,Missed,0,None given,1,,"Levi said ""trough"" and Nolan said ""null point""",
S40 E39,Round of 32,Tossup,42,"Simile, metaphor and personification are known as what?",Figures of speech,Literature,Language Arts,Happy Valley High School (Levi's team) vs Webb School of Knoxville (Steven's team),Ella,Happy Valley High School (Levi's team),Correct,,,,Correct,10,Happy Valley High School (Levi's team),1,,"Ella said ""forms of speech,"" which the host accepted",
S40 E39,Round of 32,Bonus,42,"Part 1: What is the name of the story that ends with a sled dog named Buck running through the pale moonlight, singing ""a song of the younger world, which is the song of the pack""? | Part 2: Who wrote it?",Part 1: The Call of the Wild | Part 2: Jack London,Literature,Language Arts,Happy Valley High School (Levi's team) vs Webb School of Knoxville (Steven's team),,Happy Valley High School (Levi's team),Correct,,,,Correct,20,Happy Valley High School (Levi's team),2,,,
S40 E39,Round of 32,Tossup,43,Simplify the number negative two thirds raised to the negative fourth power.,81/16,Math,Mathematics,Happy Valley High School (Levi's team) vs Webb School of Knoxville (Steven's team),,,No Buzz,,,,Missed,0,None given,1,,time ran out; the host gave the answer,
S40 E39,Round of 32,Tossup,44,"What American country music singer-songwriter is known for ""Whiskey Lullaby"" and ""Perfect Storm""?",Brad Paisley,Music,Fine Arts,Happy Valley High School (Levi's team) vs Webb School of Knoxville (Steven's team),Nick,Happy Valley High School (Levi's team),Correct,,,,Correct,10,Happy Valley High School (Levi's team),1,,,
S40 E39,Round of 32,Bonus,44,"Part 1: What is the title of the classic country song that begins ""Blame it all on my roots, I showed up in boots""? | Part 2: Which country music superstar had an award-winning hit with that song?","Part 1: ""Friends in Low Places"" | Part 2: Garth Brooks",Music,Fine Arts,Happy Valley High School (Levi's team) vs Webb School of Knoxville (Steven's team),,Happy Valley High School (Levi's team),Correct,,,,Correct,20,Happy Valley High School (Levi's team),2,,Levi deferred to Nick for Part 1 and answered Part 2 himself,
S40 E39,Round of 32,Tossup,45,The Grand Canyon was formed by what river?,The Colorado River,Geography,Social Studies,Happy Valley High School (Levi's team) vs Webb School of Knoxville (Steven's team),Nolan,Webb School of Knoxville (Steven's team),Correct,,,,Correct,10,Webb School of Knoxville (Steven's team),1,,,
S40 E39,Round of 32,Bonus,45,Part 1: The world's longest known cave system is a national park only 190 miles from Knoxville. What national park is it? | Part 2: In what state is it located?,Part 1: Mammoth Cave National Park | Part 2: Kentucky,Geography,Social Studies,Happy Valley High School (Levi's team) vs Webb School of Knoxville (Steven's team),,Webb School of Knoxville (Steven's team),Partial,,,,Partial,10,Webb School of Knoxville (Steven's team),2,,"Steven deferred to Anna, who said ""Cave National Park"" (the host wanted ""Mammoth"")",
S40 E39,Round of 32,Tossup,46,Which blood type is the universal donor?,O negative,Biology,Science & Technology,Happy Valley High School (Levi's team) vs Webb School of Knoxville (Steven's team),Steven,Webb School of Knoxville (Steven's team),Correct,,,,Correct,10,Webb School of Knoxville (Steven's team),1,,"the captions render the buzzer as ""Semen"" (read as Steven); the game ended after the following bonus",
S40 E39,Round of 32,Bonus,46,Part 1: What is the only bird able to fly backwards? | Part 2: [not read; time ran out],Part 1: The hummingbird | Part 2: (not read),Biology,Science & Technology,Happy Valley High School (Levi's team) vs Webb School of Knoxville (Steven's team),,Webb School of Knoxville (Steven's team),Partial,,,,Partial,10,Webb School of Knoxville (Steven's team),2,,the host said the second half of the bonus was not reached,
S40 E40,Round of 32,Tossup,1,Ventifacts are rocks that have been weathered by what type of erosion?,Wind erosion,Geology,Science & Technology,Seymour High School (Timothy's team) vs Maryville High School (Aaron's team),John,Maryville High School (Aaron's team),Incorrect,Timothy,Seymour High School (Timothy's team),Incorrect,Missed,0,None given,1,,"the captions render ""ventifacts"" as ""vintage facts""; John said water and Timothy said chemical; the host noted ""vent"" is a hint to wind",
S40 E40,Round of 32,Tossup,2,"What is the angle measure, in pi radians, in quadrant two with a sine of one half?",5π/6,Pre-Calculus,Mathematics,Seymour High School (Timothy's team) vs Maryville High School (Aaron's team),Thomas,Maryville High School (Aaron's team),Incorrect,Eli,Seymour High School (Timothy's team),Incorrect,Missed,0,None given,1,,"Thomas said 150 degrees (the host wanted radians) and Eli said ""three over two""",
S40 E40,Round of 32,Tossup,3,How many points are on a backgammon board?,24,Games,General & Visual,Seymour High School (Timothy's team) vs Maryville High School (Aaron's team),Aaron,Maryville High School (Aaron's team),Incorrect,Eli,Seymour High School (Timothy's team),Incorrect,Missed,0,None given,1,,Aaron said 52 and Eli said 64,
S40 E40,Round of 32,Tossup,4,Numismatics is the study or collection of what?,Currency (coins and other money),Economics,Social Studies,Seymour High School (Timothy's team) vs Maryville High School (Aaron's team),Aaron,Maryville High School (Aaron's team),Incorrect,Timothy,Seymour High School (Timothy's team),Incorrect,Missed,0,None given,1,,"Aaron said coins and Timothy said dollars; the host said it covers all currency, not just coins",
S40 E40,Round of 32,Tossup,5,What is the literal translation of the name of the archipelago at the southern tip of South America known as Tierra del Fuego?,Land of Fire,Foreign Language,Foreign Language,Seymour High School (Timothy's team) vs Maryville High School (Aaron's team),Aaron,Maryville High School (Aaron's team),Correct,,,,Correct,10,Maryville High School (Aaron's team),1,,,
S40 E40,Round of 32,Bonus,5,"What is the Spanish word for ""listen to us""?",Escúchanos,Foreign Language,Foreign Language,Seymour High School (Timothy's team) vs Maryville High School (Aaron's team),,Maryville High School (Aaron's team),Correct,,,,Correct,20,Maryville High School (Aaron's team),1,,"the points value is garbled in the captions (""points""); the host accepted the answer (""that sounds like what I'm listening for""), scored 20",
S40 E40,Round of 32,Tossup,6,What is the descriptive term for a disease or condition that is present at birth but not hereditary?,Congenital,Health,Science & Technology,Seymour High School (Timothy's team) vs Maryville High School (Aaron's team),John,Maryville High School (Aaron's team),Correct,,,,Correct,10,Maryville High School (Aaron's team),1,,,
S40 E40,Round of 32,Bonus,6,"Part 1: The Black Death wreaked havoc across Europe, Asia and North Africa in the 1300s. What was the name of the plague? | Part 2: How was it mainly spread?",Part 1: The bubonic plague | Part 2: By rats (fleas on rats),Health,Science & Technology,Seymour High School (Timothy's team) vs Maryville High School (Aaron's team),,Maryville High School (Aaron's team),Correct,,,,Correct,20,Maryville High School (Aaron's team),2,,,
S40 E40,Round of 32,Tossup,7,What type of oil is the main ingredient in artists' oil paint?,Linseed oil,Art,Fine Arts,Seymour High School (Timothy's team) vs Maryville High School (Aaron's team),Eli,Seymour High School (Timothy's team),Incorrect,Aaron,Maryville High School (Aaron's team),Incorrect,Missed,0,None given,1,,Eli said crude oil and Aaron said vegetable oil; the host said it is specifically linseed oil,
S40 E40,Round of 32,Tossup,8,What is the vertical line that divides a staff into measures?,A bar line (measure line),Music,Fine Arts,Seymour High School (Timothy's team) vs Maryville High School (Aaron's team),Matthew,Maryville High School (Aaron's team),Correct,,,,Correct,10,Maryville High School (Aaron's team),1,,"Matthew said ""a bar""; the host accepted it",
S40 E40,Round of 32,Bonus,8,"Part 1: In the game of horseshoes, what is the term for the situation shown here? | Part 2: How many points is that worth?",Part 1: A leaner | Part 2: One point (in the official rules),Visual,General & Visual,Seymour High School (Timothy's team) vs Maryville High School (Aaron's team),,Maryville High School (Aaron's team),Incorrect,,,,Missed,0,None given,2,,"the team said ""ringer"" for Part 1 and ""zero"" for Part 2; the host said house rules may vary but gave no points",
S40 E40,Round of 32,Tossup,9,Which American is credited with inventing bifocal lenses?,Benjamin Franklin,U.S. History,Social Studies,Seymour High School (Timothy's team) vs Maryville High School (Aaron's team),Eli,Seymour High School (Timothy's team),Correct,,,,Correct,10,Seymour High School (Timothy's team),1,,,
S40 E40,Round of 32,Bonus,9,"Who said, ""I know not what course others may take, but as for me, give me liberty or give me death""?",Patrick Henry,U.S. History,Social Studies,Seymour High School (Timothy's team) vs Maryville High School (Aaron's team),,Seymour High School (Timothy's team),Correct,,,,Correct,20,Seymour High School (Timothy's team),1,,,
S40 E40,Round of 32,Tossup,10,"In the Iliad, who kills Hector?",Achilles,Literature,Language Arts,Seymour High School (Timothy's team) vs Maryville High School (Aaron's team),John,Maryville High School (Aaron's team),Correct,,,,Correct,10,Maryville High School (Aaron's team),1,,,
S40 E40,Round of 32,Bonus,10,Part 1: Which Irish author wrote The Chronicles of Narnia? | Part 2: Which Irish author wrote Dracula?,Part 1: C.S. Lewis | Part 2: Bram Stoker,Literature,Language Arts,Seymour High School (Timothy's team) vs Maryville High School (Aaron's team),,Maryville High School (Aaron's team),Correct,,,,Correct,20,Maryville High School (Aaron's team),2,,,
S40 E40,Round of 32,Tossup,11,"What term refers to the process of heating a compound to a high temperature without melting, under a restricted supply of ambient oxygen?",Calcination,Chemistry,Science & Technology,Seymour High School (Timothy's team) vs Maryville High School (Aaron's team),Timothy,Seymour High School (Timothy's team),Incorrect,Aaron,Maryville High School (Aaron's team),Incorrect,Missed,0,None given,1,,"Timothy said sublimation; Aaron's steal answer is garbled in the captions (""berimation"")",
S40 E40,Round of 32,Tossup,12,What is the decimal value of 1.2 squared subtracted from one squared?,-0.44,Math,Mathematics,Seymour High School (Timothy's team) vs Maryville High School (Aaron's team),Thomas,Maryville High School (Aaron's team),Incorrect,,Seymour High School (Timothy's team),Incorrect,Missed,0,None given,1,,Thomas said .04 and Seymour's steal (buzzer not named) was .004,
S40 E40,Round of 32,Tossup,13,What is the name of the group of over 100 bishops and archbishops of the Roman Catholic Church who advise the pope and elect new popes?,The College of Cardinals,Religion,Religion & Mythology,Seymour High School (Timothy's team) vs Maryville High School (Aaron's team),Matthew,Maryville High School (Aaron's team),Incorrect,Eli,Seymour High School (Timothy's team),Incorrect,Missed,0,None given,1,,"Matthew said ""cardinals"" (the host wanted the name of the group) and Eli said ""clergy""",
S40 E40,Round of 32,Tossup,14,"What is the form of government, starting with A, derived from the Greek words for ""rule of the best,"" in which power is held by the nobility?",Aristocracy,Government,Social Studies,Seymour High School (Timothy's team) vs Maryville High School (Aaron's team),Matthew,Maryville High School (Aaron's team),Incorrect,Ty,Seymour High School (Timothy's team),Correct,Correct,10,Seymour High School (Timothy's team),1,,Matthew said autocracy,
S40 E40,Round of 32,Bonus,14,"In 2022, the death of 22-year-old Mahsa Amini in custody ignited protests in Iran. For what crime was she arrested by Iran's morality police?",Not wearing her headscarf (hijab) properly,Government,Social Studies,Seymour High School (Timothy's team) vs Maryville High School (Aaron's team),Ty,Seymour High School (Timothy's team),Incorrect,,,,Missed,0,None given,1,,"Timothy deferred to Ty, who said she wasn't wearing proper religious attire and then ""burka""; the host would not accept it because the answer is specifically her headscarf",
S40 E40,Round of 32,Tossup,15,What is the study of secret codes and ciphers?,Cryptology,Vocabulary,Language Arts,Seymour High School (Timothy's team) vs Maryville High School (Aaron's team),Timothy,Seymour High School (Timothy's team),Correct,,,,Correct,10,Seymour High School (Timothy's team),1,,,
S40 E40,Round of 32,Bonus,15,Part 1: What four letter word that ends in X means a medium sized wildcat with a short tail? | Part 2: What four letter word that ends in X means a mineral variety of agate and a precious stone?,Part 1: Lynx | Part 2: Onyx,Vocabulary,Language Arts,Seymour High School (Timothy's team) vs Maryville High School (Aaron's team),,Seymour High School (Timothy's team),Correct,,,,Correct,20,Seymour High School (Timothy's team),2,,,
S40 E40,Round of 32,Tossup,16,What is the term for cone bearing trees?,Coniferous (conifers),Science,Science & Technology,Seymour High School (Timothy's team) vs Maryville High School (Aaron's team),Timothy,Seymour High School (Timothy's team),Correct,,,,Correct,10,Seymour High School (Timothy's team),1,,"the host accepted ""coniferous"" (""or conifers is how we say"")",
S40 E40,Round of 32,Bonus,16,Part 1: What branch of science is the study of the behavior of matter at extremely low temperatures? | Part 2: What branch of science is the study of how plants and animals pass on characteristics to their offspring?,Part 1: Cryogenics | Part 2: Genetics,Science,Science & Technology,Seymour High School (Timothy's team) vs Maryville High School (Aaron's team),,Seymour High School (Timothy's team),Partial,,,,Partial,10,Seymour High School (Timothy's team),2,,"the team said ""condensed matter"" for Part 1",
S40 E40,Round of 32,Tossup,17,In which state is the Eastern Band of Cherokee Indians based?,North Carolina,Geography,Social Studies,Seymour High School (Timothy's team) vs Maryville High School (Aaron's team),Matthew,Maryville High School (Aaron's team),Correct,,,,Correct,10,Maryville High School (Aaron's team),1,,,
S40 E40,Round of 32,Bonus,17,"Part 1: Microgreens and baby greens are being grown in underground greenhouses on the Pine Ridge Indian Reservation, which is mostly located in what state? | Part 2: Which Native American tribe resides on the Pine Ridge Reservation?",Part 1: South Dakota | Part 2: The Oglala Lakota Nation,Geography,Social Studies,Seymour High School (Timothy's team) vs Maryville High School (Aaron's team),,Maryville High School (Aaron's team),Incorrect,,,,Missed,0,None given,2,,"the team said Oklahoma for Part 1 and, after deferring to Matthew, ""the Sioux tribe"" for Part 2",
S40 E40,Round of 32,Tossup,18,Who is the current commissioner of the National Basketball Association?,Adam Silver,Sports,General & Visual,Seymour High School (Timothy's team) vs Maryville High School (Aaron's team),John,Maryville High School (Aaron's team),Correct,,,,Correct,10,Maryville High School (Aaron's team),1,,,
S40 E40,Round of 32,Bonus,18,"Which NBA team holds the record for the most consecutive NBA championships, with eight from 1959 to 1966?",The Boston Celtics,Sports,General & Visual,Seymour High School (Timothy's team) vs Maryville High School (Aaron's team),Thomas,Maryville High School (Aaron's team),Correct,,,,Correct,20,Maryville High School (Aaron's team),1,,the captain deferred to Thomas,
S40 E40,Round of 32,Tossup,19,Which explorer is credited as the first European to reach Alaska?,Captain James Cook (the host's answer),History,Social Studies,Seymour High School (Timothy's team) vs Maryville High School (Aaron's team),Aaron,Maryville High School (Aaron's team),Incorrect,Timothy,Seymour High School (Timothy's team),Incorrect,Missed,0,None given,1,,"Aaron said Drake; Timothy's answer is garbled in the captions (""John""); the host said the answer was Captain James Cook",
S40 E40,Round of 32,Tossup,20,"What type of mythical creature, found in the folklore of multiple European cultures, is often described as a metaphysical, supernatural or preternatural spirit, similar to Tinkerbell?",A fairy,Mythology,Religion & Mythology,Seymour High School (Timothy's team) vs Maryville High School (Aaron's team),John,Maryville High School (Aaron's team),Correct,,,,Correct,10,Maryville High School (Aaron's team),1,,,
S40 E40,Round of 32,Bonus,20,"In Greek mythology, who was the emissary and messenger of the gods, often presented as the son of Zeus?",Hermes,Mythology,Religion & Mythology,Seymour High School (Timothy's team) vs Maryville High School (Aaron's team),,Maryville High School (Aaron's team),Correct,,,,Correct,20,Maryville High School (Aaron's team),1,,,
S40 E40,Round of 32,Tossup,21,"Which of a cat, a camel, a chicken or a crocodile has the longest lifespan of the four?",The crocodile,Biology,Science & Technology,Seymour High School (Timothy's team) vs Maryville High School (Aaron's team),John,Maryville High School (Aaron's team),Correct,,,,Correct,10,Maryville High School (Aaron's team),1,,,
S40 E40,Round of 32,Bonus,21,"What is the name for tropical plants with non-branching trunks topped by a group of leaf fronds, with highly toxic seeds and a fossil record dating back to the early Permian period?",Cycads,Biology,Science & Technology,Seymour High School (Timothy's team) vs Maryville High School (Aaron's team),,Maryville High School (Aaron's team),Incorrect,,,,Missed,0,None given,1,,"the team said ""palms""",
S40 E40,Round of 32,Tossup,22,The middle segment of a triangle measures 25.5 inches. How long is the triangle side that runs parallel to it?,51 inches,Geometry,Mathematics,Seymour High School (Timothy's team) vs Maryville High School (Aaron's team),Aaron,Maryville High School (Aaron's team),Correct,,,,Correct,10,Maryville High School (Aaron's team),1,,,
S40 E40,Round of 32,Bonus,22,Give the arithmetic mean and the geometric mean of 4 and 9.,Arithmetic mean 6.5; geometric mean 6,Visual,General & Visual,Seymour High School (Timothy's team) vs Maryville High School (Aaron's team),,Maryville High School (Aaron's team),Partial,,,,Partial,10,Maryville High School (Aaron's team),1,,"Aaron deferred to a teammate who then said ""6.5 and 48"" (the captions' ""48"" is probably the number given for the geometric mean); the host gave the arithmetic mean credit and said the geometric mean is 6",
S40 E40,Round of 32,Tossup,23,"In Tennessee, which group of motorcyclists is required to wear helmets?",All of them,Miscellaneous,General & Visual,Seymour High School (Timothy's team) vs Maryville High School (Aaron's team),Matthew,Maryville High School (Aaron's team),Incorrect,Eli,Seymour High School (Timothy's team),Incorrect,Missed,0,None given,1,,Matthew said none of them and Eli said underage riders,
S40 E40,Round of 32,Tossup,24,What is the name for the amount individuals are allowed to subtract for themselves and their dependents before paying their income tax?,An exemption (personal exemption),Economics,Social Studies,Seymour High School (Timothy's team) vs Maryville High School (Aaron's team),Aaron,Maryville High School (Aaron's team),Incorrect,,Seymour High School (Timothy's team),Incorrect,Missed,0,None given,1,Yes,"Aaron said ""deductible""; Seymour's steal buzzer and answer are not captured but the host's explanation (""not a deduction"") suggests Seymour said ""deduction"" (captions lines 12264-12270)","The opposite of none of them toss up in economics. / What is the name for the amount individuals are allowed to subtract for themselves and their dependents before paying their income tax Arowyn. / Deductible. / Not that you can steal Seymour. / No, for yourself, you claim an exemption for yourself and your family members, not a deduction. / That's something else pass up in English. / he was as brave as a lion is an example of what type?"
S40 E40,Round of 32,Tossup,25,"""He was as brave as a lion"" is an example of what type of figure of speech?",A simile,English,Language Arts,Seymour High School (Timothy's team) vs Maryville High School (Aaron's team),Aaron,Maryville High School (Aaron's team),Correct,,,,Correct,10,Maryville High School (Aaron's team),1,,,
S40 E40,Round of 32,Bonus,25,"What sentence part answers ""to whom"" or ""for whom""?",An indirect object,English,Language Arts,Seymour High School (Timothy's team) vs Maryville High School (Aaron's team),,Maryville High School (Aaron's team),Incorrect,,,,Missed,0,None given,1,,"the team said ""preposition""",
S40 E40,Round of 32,Tossup,26,What specific instrument conclusively proved the existence of black holes?,The Hubble (Space) Telescope,Astronomy,Science & Technology,Seymour High School (Timothy's team) vs Maryville High School (Aaron's team),Eli,Seymour High School (Timothy's team),Incorrect,,,,Missed,0,None given,1,,"Eli said ""telescope"" and the host wanted more; the first half ended before a steal could be offered",
S40 E40,Round of 32,Tossup,27,What is the process of applying a coating of zinc to metals such as iron and steel to prevent rusting?,Galvanization,Chemistry,Science & Technology,Seymour High School (Timothy's team) vs Maryville High School (Aaron's team),Timothy,Seymour High School (Timothy's team),Incorrect,John,Maryville High School (Aaron's team),Incorrect,Missed,0,None given,1,,Timothy said electrolysis and John said stainless steel,
S40 E40,Round of 32,Tossup,28,"Whose most famous paintings include ""Convergence"" and ""Number 5, 1948""?",Jackson Pollock,Art,Fine Arts,Seymour High School (Timothy's team) vs Maryville High School (Aaron's team),Eli,Seymour High School (Timothy's team),Incorrect,Thomas,Maryville High School (Aaron's team),Incorrect,Missed,0,None given,1,,Eli said Monet and Thomas said Andy Warhol,
S40 E40,Round of 32,Tossup,29,How many representatives serve in the Tennessee General Assembly?,99 (House members),Government,Social Studies,Seymour High School (Timothy's team) vs Maryville High School (Aaron's team),Eli,Seymour High School (Timothy's team),Incorrect,Thomas,Maryville High School (Aaron's team),Incorrect,Missed,0,None given,1,,Eli said 100 and Thomas said 135,
S40 E40,Round of 32,Tossup,30,"""Colonel"" is a military rank. Spell ""colonel.""",C-O-L-O-N-E-L,Spelling,Language Arts,Seymour High School (Timothy's team) vs Maryville High School (Aaron's team),Timothy,Seymour High School (Timothy's team),Correct,,,,Correct,10,Seymour High School (Timothy's team),1,,,
S40 E40,Round of 32,Bonus,30,Part 1: What U.S. military award shown here was originally established by George Washington in 1782 and redesigned in 1932? | Part 2: Who receives the award?,Part 1: The Purple Heart | Part 2: Active-duty military members wounded or killed in action,Visual,General & Visual,Seymour High School (Timothy's team) vs Maryville High School (Aaron's team),,Seymour High School (Timothy's team),Partial,,,,Partial,10,Seymour High School (Timothy's team),2,,"the team said ""injured veterans"" for Part 2; the host said the award goes to those wounded or killed in action",
S40 E40,Round of 32,Tossup,31,"On average, how many minutes and seconds does it take for light to travel from the Sun to the Earth?",About 8 minutes 19-20 seconds,Physics,Science & Technology,Seymour High School (Timothy's team) vs Maryville High School (Aaron's team),John,Maryville High School (Aaron's team),Incorrect,Timothy,Seymour High School (Timothy's team),Incorrect,Missed,0,None given,1,,John said 7 minutes 30 seconds and Timothy said 8 minutes 30 seconds,
S40 E40,Round of 32,Tossup,32,"What is negative two thirds raised to the negative two power, as a fraction?",9/4,Algebra,Mathematics,Seymour High School (Timothy's team) vs Maryville High School (Aaron's team),Timothy,Seymour High School (Timothy's team),Correct,,,,Correct,10,Seymour High School (Timothy's team),1,,,
S40 E40,Round of 32,Bonus,32,"For y = x² - 4x + 3, what are the two values of x when y equals zero?",x = 3 and x = 1,Algebra,Mathematics,Seymour High School (Timothy's team) vs Maryville High School (Aaron's team),,Seymour High School (Timothy's team),Incorrect,,,,Missed,0,None given,1,,the team said negative four and one,
S40 E40,Round of 32,Tossup,33,What part of the backboard does an air ball touch?,None of it,Sports,General & Visual,Seymour High School (Timothy's team) vs Maryville High School (Aaron's team),Thomas,Maryville High School (Aaron's team),Correct,,,,Correct,10,Maryville High School (Aaron's team),1,,,
S40 E40,Round of 32,Bonus,33,What North Carolina school used the Blue Devil logo shown here from 1966 to 1971?,Duke University,Visual,General & Visual,Seymour High School (Timothy's team) vs Maryville High School (Aaron's team),Thomas,Maryville High School (Aaron's team),Correct,,,,Correct,20,Maryville High School (Aaron's team),1,,the captain deferred to Thomas,
S40 E40,Round of 32,Tossup,34,Which U.S. state borders both the Atlantic Ocean and the Great Lakes?,New York,Geography,Social Studies,Seymour High School (Timothy's team) vs Maryville High School (Aaron's team),Eli,Seymour High School (Timothy's team),Incorrect,Thomas,Maryville High School (Aaron's team),Correct,Correct,10,Maryville High School (Aaron's team),1,,Eli said Michigan,
S40 E40,Round of 32,Bonus,34,Part 1: What is the capital of New York? | Part 2: What is the capital of New Jersey?,Part 1: Albany | Part 2: Trenton,Geography,Social Studies,Seymour High School (Timothy's team) vs Maryville High School (Aaron's team),,Maryville High School (Aaron's team),Correct,,,,Correct,20,Maryville High School (Aaron's team),2,,,
S40 E40,Round of 32,Tossup,35,What novel did Alice Walker write about a Black Southern woman?,The Color Purple,Literature,Language Arts,Seymour High School (Timothy's team) vs Maryville High School (Aaron's team),Aaron,Maryville High School (Aaron's team),Correct,,,,Correct,10,Maryville High School (Aaron's team),1,,,
S40 E40,Round of 32,Bonus,35,"Part 1: What novel involves a killer shark unleashing chaos on a beach community off Cape Cod, in which a local sheriff, a marine biologist and an old seafarer hunt the beast to save the village? | Part 2: Who wrote the novel?",Part 1: Jaws | Part 2: Peter Benchley,Literature,Language Arts,Seymour High School (Timothy's team) vs Maryville High School (Aaron's team),,Maryville High School (Aaron's team),Partial,,,,Partial,10,Maryville High School (Aaron's team),2,,the team said Stephen King for Part 2,
S40 E40,Round of 32,Tossup,36,"What activity forms drumlins, eskers and hanging valleys?",The movement of glaciers,Geology,Science & Technology,Seymour High School (Timothy's team) vs Maryville High School (Aaron's team),John,Maryville High School (Aaron's team),Incorrect,Timothy,Seymour High School (Timothy's team),Incorrect,Missed,0,None given,1,,John said erosion and Timothy said earthquakes,
S40 E40,Round of 32,Tossup,37,What naturally occurring protein molecule speeds up chemical reactions in all plants and animals?,An enzyme,Biology,Science & Technology,Seymour High School (Timothy's team) vs Maryville High School (Aaron's team),John,Maryville High School (Aaron's team),Correct,,,,Correct,10,Maryville High School (Aaron's team),1,,,
S40 E40,Round of 32,Bonus,37,"In 2023, scientists revived microscopic roundworms found in organic matter that had been frozen for 46,000 years in the permafrost of what vast Russian region encompassing most of northern Asia?",Siberia,Biology,Science & Technology,Seymour High School (Timothy's team) vs Maryville High School (Aaron's team),,Maryville High School (Aaron's team),Correct,,,,Correct,20,Maryville High School (Aaron's team),1,,,
S40 E40,Round of 32,Tossup,38,What is the word for a closing phrase or harmonic sequence that ends a self-contained musical passage?,A cadence,Music,Fine Arts,Seymour High School (Timothy's team) vs Maryville High School (Aaron's team),Aaron,Maryville High School (Aaron's team),Incorrect,,,,Missed,0,None given,1,,"Aaron said ""coda""; the host offered Seymour a steal but no steal answer is captured; the host was looking for ""cadence""",
S40 E40,Round of 32,Tossup,39,Which U.S. president survived two assassination attempts by women?,Gerald Ford,U.S. History,Social Studies,Seymour High School (Timothy's team) vs Maryville High School (Aaron's team),Matthew,Maryville High School (Aaron's team),Incorrect,Timothy,Seymour High School (Timothy's team),Correct,Correct,10,Seymour High School (Timothy's team),1,,Matthew said Andrew Jackson,
S40 E40,Round of 32,Bonus,39,Which Medal of Honor recipient and famous pilot was the first to fly across the North American continent in less than 24 hours in 1922 and led the bombing of Tokyo in 1942?,James (Jimmy) Doolittle,U.S. History,Social Studies,Seymour High School (Timothy's team) vs Maryville High School (Aaron's team),,Seymour High School (Timothy's team),Incorrect,,,,Missed,0,None given,1,,"the team's answer is garbled in the captions (""John ...""); the host gave Doolittle",
S40 E40,Round of 32,Tossup,40,What is a deep fried ball or patty shaped fritter in Middle Eastern culture and cuisine?,Falafel,Foreign Language,Foreign Language,Seymour High School (Timothy's team) vs Maryville High School (Aaron's team),Thomas,Maryville High School (Aaron's team),Correct,,,,Correct,10,Maryville High School (Aaron's team),1,,,
S40 E40,Round of 32,Bonus,40,What Latin phrase is used in English to say something is done to a sickening degree?,Ad nauseam,Foreign Language,Foreign Language,Seymour High School (Timothy's team) vs Maryville High School (Aaron's team),,Maryville High School (Aaron's team),Correct,,,,Correct,20,Maryville High School (Aaron's team),1,,,
S40 E40,Round of 32,Tossup,41,What law states that the pressure of a gas increases as its volume decreases?,Boyle's law,Science,Science & Technology,Seymour High School (Timothy's team) vs Maryville High School (Aaron's team),Aaron,Maryville High School (Aaron's team),Correct,,,,Correct,10,Maryville High School (Aaron's team),1,,"the captions render the answer as ""Boils""",
S40 E40,Round of 32,Bonus,41,Part 1: What is the 11 letter plural word for the science or practice of traveling through the air? | Part 2: Spell that word.,Part 1: Aeronautics | Part 2: A-E-R-O-N-A-U-T-I-C-S,Science,Science & Technology,Seymour High School (Timothy's team) vs Maryville High School (Aaron's team),,Maryville High School (Aaron's team),Correct,,,,Correct,20,Maryville High School (Aaron's team),2,,"the first answer is garbled in the captions; the host accepted ""aeronautics"" for ten and the spelling for ten more",
S40 E40,Round of 32,Tossup,42,Give the slope of the line represented by the equation x - 3y = 2.,1/3,Algebra,Mathematics,Seymour High School (Timothy's team) vs Maryville High School (Aaron's team),Thomas,Maryville High School (Aaron's team),Correct,,,,Correct,10,Maryville High School (Aaron's team),1,,,
S40 E40,Round of 32,Bonus,42,"What prevents the set of points (4, -3), (5, 2) and (4, 7) from being a function?",Two points share the same x-value (4) with different y-values,Algebra,Mathematics,Seymour High School (Timothy's team) vs Maryville High School (Aaron's team),,Maryville High School (Aaron's team),Correct,,,,Correct,20,Maryville High School (Aaron's team),1,,"the answer is garbled in the captions; the host said ""that's correct""",
S40 E40,Round of 32,Tossup,43,What are structures that are built to cross or span physical obstacles without blocking the way underneath?,Bridges,Architecture,Fine Arts,Seymour High School (Timothy's team) vs Maryville High School (Aaron's team),John,Maryville High School (Aaron's team),Correct,,,,Correct,10,Maryville High School (Aaron's team),1,,,
S40 E40,Round of 32,Bonus,43,"A 75 mile long mirrored skyscraper that will house 5 million people is planned for the Saudi Arabian desert on the coast of which body of water, surrounded by Egypt, Sudan, Yemen and Saudi Arabia, south of the Sinai Peninsula?",The Red Sea,Architecture,Fine Arts,Seymour High School (Timothy's team) vs Maryville High School (Aaron's team),,Maryville High School (Aaron's team),Correct,,,,Correct,20,Maryville High School (Aaron's team),1,,Aaron was to answer or defer; the exact words of the answer are garbled in the captions,
S40 E40,Round of 32,Tossup,44,What city is considered the de facto capital of the European Union?,Brussels,Geography,Social Studies,Seymour High School (Timothy's team) vs Maryville High School (Aaron's team),,Seymour High School (Timothy's team),Correct,,,,Correct,10,Seymour High School (Timothy's team),1,,buzzer not named (the bonus was Seymour's),
S40 E40,Round of 32,Bonus,44,Name four of the African countries that the equator runs through.,"Any four of: Gabon, Republic of the Congo, Democratic Republic of the Congo, Uganda, Kenya, Somalia, São Tomé and Príncipe",Geography,Social Studies,Seymour High School (Timothy's team) vs Maryville High School (Aaron's team),Eli,Seymour High School (Timothy's team),Partial,,,,Partial,5,Seymour High School (Timothy's team),1,,"Timothy began ""Guinea"" and then deferred to Eli, who said Equatorial Guinea, Chad, Sudan and Congo; only Congo counted, for 5 points",
S40 E40,Round of 32,Tossup,45,"A singer breathes from the diaphragm. Spell ""diaphragm.""",D-I-A-P-H-R-A-G-M,Vocabulary,Language Arts,Seymour High School (Timothy's team) vs Maryville High School (Aaron's team),Aaron,Maryville High School (Aaron's team),Correct,,,,Correct,10,Maryville High School (Aaron's team),1,,"the captions render the speaker as ""Irwin"" and cut off the spelling; the host said it was right",
S40 E40,Round of 32,Bonus,45,"Part 1: What nine letter word beginning with AB means a person, animal or plant that has been in a country or region from earliest times? | Part 2: Spell that word.",Part 1: Aborigine | Part 2: A-B-O-R-I-G-I-N-E,Vocabulary,Language Arts,Seymour High School (Timothy's team) vs Maryville High School (Aaron's team),,Maryville High School (Aaron's team),Incorrect,,,,Missed,0,None given,2,,"the team said ""absinthe"" for Part 1; Aaron deferred to Matthew, who spelled it A-B-B-A-R-I-G-I-N-I-E",
S40 E40,Round of 32,Tossup,46,Which blood vessels penetrate the tissue and allow the exchange between the blood and interstitial fluid?,Capillaries,Health,Science & Technology,Seymour High School (Timothy's team) vs Maryville High School (Aaron's team),Timothy,Seymour High School (Timothy's team),Correct,,,,Correct,10,Seymour High School (Timothy's team),1,,,
S40 E40,Round of 32,Bonus,46,Which part of the body is affected by colitis?,The colon,Health,Science & Technology,Seymour High School (Timothy's team) vs Maryville High School (Aaron's team),,Seymour High School (Timothy's team),Correct,,,,Correct,20,Seymour High School (Timothy's team),1,,"the team's answer is not captured; the host said ""right""",
S40 E40,Round of 32,Tossup,47,What is the name of the day celebrated in the U.S. on the last Friday in April to promote the planting of trees?,Arbor Day,Miscellaneous,General & Visual,Seymour High School (Timothy's team) vs Maryville High School (Aaron's team),John,Maryville High School (Aaron's team),Correct,,,,Correct,10,Maryville High School (Aaron's team),1,,,
S40 E40,Round of 32,Bonus,47,Which member of the Royal Family founded the Earthshot Awards to reward solutions to improve the environment?,Prince William,Miscellaneous,General & Visual,Seymour High School (Timothy's team) vs Maryville High School (Aaron's team),,Maryville High School (Aaron's team),Incorrect,,,,Missed,0,None given,1,,Aaron answered Princess Diana,
S40 E40,Round of 32,Tossup,48,What is the name of Japan's traditional animistic religion?,Shinto,Religion,Religion & Mythology,Seymour High School (Timothy's team) vs Maryville High School (Aaron's team),John,Maryville High School (Aaron's team),Correct,,,,Correct,10,Maryville High School (Aaron's team),1,,,
S40 E40,Round of 32,Bonus,48,What is the Jewish festival that celebrates the harvest and commemorates the period when the Jews wandered in the wilderness?,Sukkot,Religion,Religion & Mythology,Seymour High School (Timothy's team) vs Maryville High School (Aaron's team),,Maryville High School (Aaron's team),Incorrect,,,,Missed,0,None given,1,,"the team said Hanukkah and then began to correct themselves, but the host would not take it",
S40 E41,Round of 32,Tossup,1,What name was given to President Franklin Roosevelt's collection of political and economic policies aimed at resolving the crises of the thirties?,The New Deal,U.S. History,Social Studies,Maryville High School (Abby's team) vs Halls High School,Abby,Maryville High School (Abby's team),Correct,,,,Correct,10,Maryville High School (Abby's team),1,,,
S40 E41,Round of 32,Bonus,1,"Which president's second inaugural speech included, ""With malice toward none, with charity for all, with firmness in the right, let us strive on to finish the work we are in, to achieve and cherish a just and lasting peace""?",Abraham Lincoln,U.S. History,Social Studies,Maryville High School (Abby's team) vs Halls High School,,Maryville High School (Abby's team),Incorrect,,,,Missed,0,None given,1,,the team said Ronald Reagan,
S40 E41,Round of 32,Tossup,2,What term refers to the angular distance north or south of the equator?,Latitude,Geography,Social Studies,Maryville High School (Abby's team) vs Halls High School,Ali,Maryville High School (Abby's team),Correct,,,,Correct,10,Maryville High School (Abby's team),1,,,
S40 E41,Round of 32,Bonus,2,"In 2023, hundreds of Venezuelan migrants were stranded in a desolate stretch of which desert when they were stopped from crossing the northern border of Chile into Peru?",The Atacama Desert,Geography,Social Studies,Maryville High School (Abby's team) vs Halls High School,,Maryville High School (Abby's team),Incorrect,,,,Missed,0,None given,1,,the team said the Sahara,
S40 E41,Round of 32,Tossup,3,What is the particle that possesses only a fraction of the charge of an electron and seems to be a constituent of baryons and mesons?,A quark,Chemistry,Science & Technology,Maryville High School (Abby's team) vs Halls High School,Benjamin,Halls High School,Correct,,,,Correct,10,Halls High School,1,,,
S40 E41,Round of 32,Bonus,3,Name the periodic trend that measures how much energy is required to remove an electron from an atom.,Ionization energy,Chemistry,Science & Technology,Maryville High School (Abby's team) vs Halls High School,,Halls High School,Incorrect,,,,Missed,0,None given,1,,the team had no answer,
S40 E41,Round of 32,Tossup,4,What seven letter word beginning with E means a pithy saying or remark expressing an idea in a clever and amusing way?,Epigram,Vocabulary,Language Arts,Maryville High School (Abby's team) vs Halls High School,,,No Buzz,,,,Missed,0,None given,1,Yes,"a player apparently blurted ""epigram"" after teammates looked at each other, and the host threw the question out (""we had more of a look in at each other""); no points were awarded and no bonus was read (captions lines 11589-11592)","What seven letter word beginning with E means a pithy saying or remark expressing an idea in a clever and amusing way. / Oops, sorry. / Yeah, it's an enthusiastic epigram, but we had more of a look in at each other, so I have to throw that question out anyway, since you didn't get it. / Plus a for all players in arts in the 1960s, the co-founder of the Children's Television Workshop asked what puppeteer to create a family of characters to populate."
S40 E41,Round of 32,Tossup,5,"In the 1960s, the co-founder of the Children's Television Workshop asked what puppeteer to create a family of characters to populate Sesame Street?",Jim Henson,Art,Fine Arts,Maryville High School (Abby's team) vs Halls High School,Benjamin,Halls High School,Correct,,,,Correct,10,Halls High School,1,,,
S40 E41,Round of 32,Bonus,5,"Name four of the six types of birds mentioned in the song ""The Twelve Days of Christmas.""","Any four of: partridge, turtle doves, French hens, calling birds, geese, swans",Art,Fine Arts,Maryville High School (Abby's team) vs Halls High School,,Halls High School,Partial,,,,Partial,15,Halls High School,1,,"the team first said ""chicken"" (rejected) and then named partridge, turtle dove and French hen, which the host accepted for 15 points; Benjamin said he did not have a fourth",
S40 E41,Round of 32,Tossup,6,Which country is the world's largest producer of corn?,The United States,Economics,Social Studies,Maryville High School (Abby's team) vs Halls High School,Joe Nicholas,Halls High School,Correct,,,,Correct,10,Halls High School,1,,,
S40 E41,Round of 32,Bonus,6,Part 1: Which U.S. currency bill has a picture of the White House? | Part 2: Which U.S. currency bill has a picture of the Lincoln Memorial?,Part 1: The $20 bill | Part 2: The $5 bill,Economics,Social Studies,Maryville High School (Abby's team) vs Halls High School,,Halls High School,Correct,,,,Correct,20,Halls High School,2,,the team first said $1 and then changed to $20 for Part 1,
S40 E41,Round of 32,Tossup,7,What is negative three raised to the fourth power divided by negative three squared?,9,Math,Mathematics,Maryville High School (Abby's team) vs Halls High School,Ali,Maryville High School (Abby's team),Correct,,,,Correct,10,Maryville High School (Abby's team),1,,,
S40 E41,Round of 32,Bonus,7,"The perimeter of a rectangle is 48 inches. If the length is ten inches more than the width, give both dimensions.","Length 17 inches, width 7 inches",Visual,General & Visual,Maryville High School (Abby's team) vs Halls High School,,Maryville High School (Abby's team),Incorrect,,,,Missed,0,None given,1,,the team said 12 and 2,
S40 E41,Round of 32,Tossup,8,What is a substance such as vitamin C or E that removes potentially damaging oxidizing agents in a living organism?,An antioxidant,Health,Science & Technology,Maryville High School (Abby's team) vs Halls High School,Ali,Maryville High School (Abby's team),Incorrect,,,,Missed,0,None given,1,,"Ali said ""antibodies""; no Halls steal answer captured",
S40 E41,Round of 32,Tossup,9,"The mistake was made inadvertently. Spell ""inadvertently.""",I-N-A-D-V-E-R-T-E-N-T-L-Y,Spelling,Language Arts,Maryville High School (Abby's team) vs Halls High School,Abby,Maryville High School (Abby's team),Incorrect,Sophia,Halls High School,Incorrect,Missed,0,None given,1,,both spelled it with an A (I-N-A-D-V-E-R-T-A-N-T-L-Y),
S40 E41,Round of 32,Tossup,10,What annual event is called the Frozen Four?,The NCAA (men's) ice hockey championship,Sports,General & Visual,Maryville High School (Abby's team) vs Halls High School,Ethan,Halls High School,Incorrect,,,,Missed,0,None given,1,,"Ethan buzzed early and said ""Stanley Cup""; no Maryville steal answer captured",
S40 E41,Round of 32,Tossup,11,Which Italian explorer traveled to China in 1275 and remained to serve Kublai Khan for 17 years?,Marco Polo,History,Social Studies,Maryville High School (Abby's team) vs Halls High School,Abby,Maryville High School (Abby's team),Incorrect,Joe Nicholas,Halls High School,Correct,Correct,10,Halls High School,1,,Abby buzzed early and said Columbus; the host finished the question for the steal,
S40 E41,Round of 32,Bonus,11,Which African general who used war elephants crossed the Pyrenees and the Alps to take Rome by surprise?,Hannibal,History,Social Studies,Maryville High School (Abby's team) vs Halls High School,,Halls High School,Correct,,,,Correct,20,Halls High School,1,,,
S40 E41,Round of 32,Tossup,12,What is the main sacred text of Zoroastrianism?,The Avesta,Religion,Religion & Mythology,Maryville High School (Abby's team) vs Halls High School,Benjamin,Halls High School,Incorrect,,,,Missed,0,None given,1,,"Benjamin said ""Bible""; no Maryville steal answer captured",
S40 E41,Round of 32,Tossup,13,What is the process of breaking down glucose and sugars that releases energy without using oxygen?,Fermentation,Science,Science & Technology,Maryville High School (Abby's team) vs Halls High School,Tanya,Maryville High School (Abby's team),Incorrect,Ethan,Halls High School,Incorrect,Missed,0,None given,1,,Tanya buzzed early and said hydrolysis; Ethan said ATP synthesis,
S40 E41,Round of 32,Tossup,14,The Lion King has similarities to which Shakespeare play?,Hamlet,Literature,Language Arts,Maryville High School (Abby's team) vs Halls High School,Joe Nicholas,Halls High School,Correct,,,,Correct,10,Halls High School,1,,,
S40 E41,Round of 32,Bonus,14,All Quiet on the Western Front is about a boy who excitedly looks forward to a swaggering victory march but finds himself in a nightmare of bloodshed and chaos during which war?,World War I,Literature,Language Arts,Maryville High School (Abby's team) vs Halls High School,,Halls High School,Correct,,,,Correct,20,Halls High School,1,,,
S40 E41,Round of 32,Tossup,15,Beethoven was the name of a famous composer and the name of a famous movie dog. Of what breed?,A Saint Bernard,Miscellaneous,General & Visual,Maryville High School (Abby's team) vs Halls High School,Abby,Maryville High School (Abby's team),Correct,,,,Correct,10,Maryville High School (Abby's team),1,,,
S40 E41,Round of 32,Bonus,15,Part 1: What was the middle name of President William J. Clinton? | Part 2: What was the middle name of President John F. Kennedy?,Part 1: Jefferson | Part 2: Fitzgerald,Miscellaneous,General & Visual,Maryville High School (Abby's team) vs Halls High School,,Maryville High School (Abby's team),Partial,,,,Partial,10,Maryville High School (Abby's team),2,,"the team said ""John"" for Part 1",
S40 E41,Round of 32,Tossup,16,"Which document begins, ""When in the course of human events""?",The Declaration of Independence,Government,Social Studies,Maryville High School (Abby's team) vs Halls High School,Joe Nicholas,Halls High School,Correct,,,,Correct,10,Halls High School,1,,,
S40 E41,Round of 32,Bonus,16,Part 1: What did the three stars on the Tennessee flag shown here represent? | Part 2: What does the blue circle represent?,"Part 1: West, Middle and East Tennessee (the three grand divisions) | Part 2: The unity of the three grand divisions",Visual,General & Visual,Maryville High School (Abby's team) vs Halls High School,,Halls High School,Correct,,,,Correct,20,Halls High School,2,,"the team said the circle was a river, then ""the unity between the three""; the host accepted it",
S40 E41,Round of 32,Tossup,17,What nine letter word beginning with the letter R means prolonged sound caused by vibration or reflection?,Resonance,Physics,Science & Technology,Maryville High School (Abby's team) vs Halls High School,Sophia,Halls High School,Correct,,,,Correct,10,Halls High School,1,,,
S40 E41,Round of 32,Bonus,17,Name the two properties that define a vector.,Direction and magnitude,Physics,Science & Technology,Maryville High School (Abby's team) vs Halls High School,,Halls High School,Correct,,,,Correct,20,Halls High School,1,,,
S40 E41,Round of 32,Tossup,18,"What is the literal English translation of the Spanish phrase ""salsa amarilla""?",Yellow sauce,Foreign Language,Foreign Language,Maryville High School (Abby's team) vs Halls High School,Tanya,Maryville High School (Abby's team),Incorrect,Ethan,Halls High School,Incorrect,Missed,0,None given,1,,"Tanya said ""yellow salsa"" (the host said salsa was already given as the word to translate) and Ethan said ""dancing with Maria""",
S40 E41,Round of 32,Tossup,19,What is the name of the crowning feature of a column?,The capital,Architecture,Fine Arts,Maryville High School (Abby's team) vs Halls High School,Sophia,Halls High School,Incorrect,,,,Missed,0,None given,1,,"Sophia said ""buttress""; no Maryville steal answer captured",
S40 E41,Round of 32,Tossup,20,Which Canadian province borders New Hampshire?,Quebec,Geography,Social Studies,Maryville High School (Abby's team) vs Halls High School,Ali,Maryville High School (Abby's team),Correct,,,,Correct,10,Maryville High School (Abby's team),1,,,
S40 E41,Round of 32,Bonus,20,What are the two longest rivers in Africa?,The Nile and the Congo,Geography,Social Studies,Maryville High School (Abby's team) vs Halls High School,Ali,Maryville High School (Abby's team),Correct,,,,Correct,20,Maryville High School (Abby's team),1,,Abby deferred to Ali,
S40 E41,Round of 32,Tossup,21,What is the term for an underwater mountain formed by volcanic activity?,A seamount,Geology,Science & Technology,Maryville High School (Abby's team) vs Halls High School,,,No Buzz,,,,Missed,0,None given,1,,nobody buzzed; the host gave the answer,
S40 E41,Round of 32,Tossup,22,Phototropism is the reaction or movement of a plant to the stimulus of what?,Light,Biology,Science & Technology,Maryville High School (Abby's team) vs Halls High School,Ali,Maryville High School (Abby's team),Correct,,,,Correct,10,Maryville High School (Abby's team),1,,,
S40 E41,Round of 32,Bonus,22,"Part 1: In addition to a herd and a memory, what is a group of elephants called? | Part 2: What is a group of frogs called?",Part 1: A parade | Part 2: An army,Biology,Science & Technology,Maryville High School (Abby's team) vs Halls High School,,Maryville High School (Abby's team),Incorrect,,,,Missed,0,None given,2,Yes,"the captions show ""a gang? / A parade?"" after the elephant question and ""a gang? / An army"" after the frog question, then ""of points on the bonus"" (probably ""no points""); scored as missed, but one part may have been credited (captions lines 11725-11729)","And biology bonus in addition to a heard and a memory, what is a group of elephants called a gang? / A parade? / What is a group of frogs called a gang? / An army of points on the bonus toss up in mythology. / What was the name of the mythological fire goddess of Mont Ulloa, as well as the name of the greatest Brazilian, Abbie?"
S40 E41,Round of 32,Tossup,23,"What was the name of the mythological fire goddess of Mauna Loa, as well as the name of the greatest Brazilian soccer player?",Pele,Mythology,Religion & Mythology,Maryville High School (Abby's team) vs Halls High School,Abby,Maryville High School (Abby's team),Incorrect,Sophia,Halls High School,Correct,Correct,10,Halls High School,1,,"Abby's answer is garbled in the captions (""Tafiti"")",
S40 E41,Round of 32,Bonus,23,Part 1: Which creature in Greek mythology was half man and half bull? | Part 2: Who are the heroes that accompany Jason on his quest for the Golden Fleece?,Part 1: The Minotaur | Part 2: The Argonauts,Mythology,Religion & Mythology,Maryville High School (Abby's team) vs Halls High School,,Halls High School,Correct,,,,Correct,20,Halls High School,2,,,
S40 E41,Round of 32,Tossup,24,"Which chess piece can move in all directions, but only one space per turn?",The king,Games,General & Visual,Maryville High School (Abby's team) vs Halls High School,Ethan,Halls High School,Incorrect,,,,Missed,0,None given,1,,"Ethan said queen; Abby declined the steal (""never mind""); the host said king would have scored; the first half ended",
S40 E41,Round of 32,Tossup,25,"What artifact of American history contains the inscription ""Proclaim liberty throughout all the land unto all the inhabitants thereof""?",The Liberty Bell,U.S. History,Social Studies,Maryville High School (Abby's team) vs Halls High School,Ethan,Halls High School,Incorrect,Qaswa,Maryville High School (Abby's team),Incorrect,Missed,0,None given,1,,Ethan said the Declaration of Independence and Qaswa said the Constitution,
S40 E41,Round of 32,Tossup,26,Find the exact value of the expression tangent 45 degrees times cosine 150 degrees.,Negative square root of 3 over 2,Pre-Calculus,Mathematics,Maryville High School (Abby's team) vs Halls High School,,,No Buzz,,,,Missed,0,None given,1,,nobody answered in time; the host scolded players for looking at each other's papers,
S40 E41,Round of 32,Tossup,27,What is the term for the relatively calm center of a hurricane or typhoon?,The eye,Science,Science & Technology,Maryville High School (Abby's team) vs Halls High School,Ali,Maryville High School (Abby's team),Correct,,,,Correct,10,Maryville High School (Abby's team),1,,"the captions render the answer as ""I""",
S40 E41,Round of 32,Bonus,27,"What is the simplest ketone shown here, a volatile, flammable, colorless liquid used in laboratories as a solvent and as a component of nail polish removers?",Acetone,Visual,General & Visual,Maryville High School (Abby's team) vs Halls High School,,Maryville High School (Abby's team),Correct,,,,Correct,20,Maryville High School (Abby's team),1,,Abby was to answer or defer,
S40 E41,Round of 32,Tossup,28,What Chinese military treatise written by Sun Tzu in the fifth century B.C. has 13 chapters?,The Art of War,Literature,Language Arts,Maryville High School (Abby's team) vs Halls High School,Ethan,Halls High School,Correct,,,,Correct,10,Halls High School,1,,,
S40 E41,Round of 32,Bonus,28,"Who wrote in his book Walden, ""If a man does not keep pace with his companions, perhaps it is because he hears a different drummer""?",Henry David Thoreau,Literature,Language Arts,Maryville High School (Abby's team) vs Halls High School,,Halls High School,Correct,,,,Correct,20,Halls High School,1,,,
S40 E41,Round of 32,Tossup,29,"What famous singer died on August 16, 1977, four weeks after the release of his album Moody Blue?",Elvis Presley,Music,Fine Arts,Maryville High School (Abby's team) vs Halls High School,Ethan,Halls High School,Correct,,,,Correct,10,Halls High School,1,,,
S40 E41,Round of 32,Bonus,29,"Part 1: What does the musical term legato mean? | Part 2: What does the musical term ""a tempo"" mean?",Part 1: Smooth or connected | Part 2: Resume the previous tempo,Music,Fine Arts,Maryville High School (Abby's team) vs Halls High School,,Halls High School,Partial,,,,Partial,10,Halls High School,2,,"the team could not answer Part 1; for Part 2 they said ""back to the standard rhythm,"" which the host accepted (the captions render the term as ""tempo"")",
S40 E41,Round of 32,Tossup,30,Which form do most working Americans receive from their employers to show their income and the amount of tax withheld?,A W-2,Economics,Social Studies,Maryville High School (Abby's team) vs Halls High School,Ethan,Halls High School,Correct,,,,Correct,10,Halls High School,1,,,
S40 E41,Round of 32,Bonus,30,Part 1: What is the official currency of the South African Common Monetary Area? | Part 2: What is the official currency of South Korea?,Part 1: The rand | Part 2: The won,Economics,Social Studies,Maryville High School (Abby's team) vs Halls High School,,Halls High School,Incorrect,,,,Missed,0,None given,2,,"the team said dollars for Part 1 and had no answer (the captions show ""Don?"") for Part 2",
S40 E41,Round of 32,Tossup,31,What is the term for forms of the same element that contain equal numbers of protons but different numbers of neutrons in their nuclei?,Isotopes,Chemistry,Science & Technology,Maryville High School (Abby's team) vs Halls High School,,Halls High School,Incorrect,Abby,Maryville High School (Abby's team),Correct,Correct,10,Maryville High School (Abby's team),1,,"the Halls buzzer is not named (it buzzed in early and said something like ""even iron""); the host finished reading the question for Abby's steal",
S40 E41,Round of 32,Bonus,31,What is calcium's electron configuration in exponential form?,1s2 2s2 2p6 3s2 3p6 4s2,Chemistry,Science & Technology,Maryville High School (Abby's team) vs Halls High School,,Maryville High School (Abby's team),Incorrect,,,,Missed,0,None given,1,,"Abby was to answer or defer; the team's answer (""2s3p"") was wrong",
S40 E41,Round of 32,Tossup,32,What ten letter adjective beginning with the letter M means excessively careful of small and minor details?,Meticulous,Vocabulary,Language Arts,Maryville High School (Abby's team) vs Halls High School,Qaswa,Maryville High School (Abby's team),Correct,,,,Correct,10,Maryville High School (Abby's team),1,,,
S40 E41,Round of 32,Bonus,32,A cruciverbalist is someone skilled at creating or solving what?,Crossword puzzles,Vocabulary,Language Arts,Maryville High School (Abby's team) vs Halls High School,,Maryville High School (Abby's team),Incorrect,,,,Missed,0,None given,1,Yes,"the team said ""a word puzzle"" and the host said ""well, specifically ... a crossword puzzle""; scored as missed, but the host may have accepted it (captions lines 11840-11842)","And a vocabulary bonus A crusive verbalalist is someone skilled at creating or solving what a word puzzle. / Well, specifically, The crusi makes it a crossword puzzle. / Crusiverbalist Toss up now in music for all players, how many total keys are on a grand piano?"
S40 E41,Round of 32,Tossup,33,How many total keys are on a grand piano?,88,Music,Fine Arts,Maryville High School (Abby's team) vs Halls High School,Ethan,Halls High School,Correct,,,,Correct,10,Halls High School,1,,,
S40 E41,Round of 32,Bonus,33,"Part 1: Commemorated in a hit song, the Edmund Fitzgerald, shown here, sank in what body of water during a storm on November 10, 1975, killing all 29 men aboard? | Part 2: Which Canadian singer-songwriter, who died in 2023, considered the wreck of the Edmund Fitzgerald to be his finest work?",Part 1: Lake Superior | Part 2: Gordon Lightfoot,Visual,General & Visual,Maryville High School (Abby's team) vs Halls High School,,Halls High School,Incorrect,,,,Missed,0,None given,2,,"the team said Lake Michigan, then Justin Bieber and Scrooge McDuck (jokes) for Part 2",
S40 E41,Round of 32,Tossup,34,"What is the term for the violation, sometimes called piracy, that occurs when a copyrighted work is reproduced, distributed, performed or publicly displayed without the permission of the owner?",Copyright infringement,Government,Social Studies,Maryville High School (Abby's team) vs Halls High School,Abby,Maryville High School (Abby's team),Incorrect,Ethan,Halls High School,Incorrect,Missed,0,None given,1,,"Abby buzzed early and said ""copyright""; Ethan's steal answer is not captured but the host said ""you didn't get it either""",
S40 E41,Round of 32,Tossup,35,What type of inscribed angle intercepts a semicircle?,A right angle,Geometry,Mathematics,Maryville High School (Abby's team) vs Halls High School,,,No Buzz,,,,Missed,0,None given,1,,nobody answered; the host gave the answer,
S40 E41,Round of 32,Tossup,36,"What is the term for a program or file that is intentionally harmful to a computer, network or server?",Malware,Technology,Science & Technology,Maryville High School (Abby's team) vs Halls High School,Joe Nicholas,Halls High School,Correct,,,,Correct,10,Halls High School,1,,,
S40 E41,Round of 32,Bonus,36,"Which programming language, first released in 1995, is still commonly used for developing mobile applications for Android devices?",Java,Technology,Science & Technology,Maryville High School (Abby's team) vs Halls High School,,Halls High School,Incorrect,,,,Missed,0,None given,1,,the team said Linux,
S40 E41,Round of 32,Tossup,37,What is the national language of Pakistan?,Urdu,Foreign Language,Foreign Language,Maryville High School (Abby's team) vs Halls High School,Qaswa,Maryville High School (Abby's team),Correct,,,,Correct,10,Maryville High School (Abby's team),1,,,
S40 E41,Round of 32,Bonus,37,"What is the English translation of the Spanish phrase ""cinturón de seguridad""?",A seatbelt,Foreign Language,Foreign Language,Maryville High School (Abby's team) vs Halls High School,,Maryville High School (Abby's team),Incorrect,,,,Missed,0,None given,1,,"the team's answer is garbled in the captions (""three days of summer""); the host said it means seatbelt",
S40 E41,Round of 32,Tossup,38,"What structure in Jerusalem is a relic of the Temple of Herod, which was destroyed in 70 A.D.?",The Western (Wailing) Wall,Religion,Religion & Mythology,Maryville High School (Abby's team) vs Halls High School,Joe Nicholas,Halls High School,Correct,,,,Correct,10,Halls High School,1,,,
S40 E41,Round of 32,Bonus,38,What is the term for the group of books removed from the Bible by King James?,The Apocrypha,Religion,Religion & Mythology,Maryville High School (Abby's team) vs Halls High School,,Halls High School,Incorrect,,,,Missed,0,None given,1,,"the team said ""the forbidden texts""",
S40 E41,Round of 32,Tossup,39,"What body of water has a name that means ""middle of the earth""?",The Mediterranean Sea,Geography,Social Studies,Maryville High School (Abby's team) vs Halls High School,Joe Nicholas,Halls High School,Correct,,,,Correct,10,Halls High School,1,,,
S40 E41,Round of 32,Bonus,39,Name two of the four major deserts on the North American continent.,"Any two of: Mojave, Great Basin, Chihuahuan, Sonoran",Geography,Social Studies,Maryville High School (Abby's team) vs Halls High School,,Halls High School,Partial,,,,Partial,5,Halls High School,1,,"the team named only the Mojave, for five points, and had no second answer",
S40 E41,Round of 32,Tossup,40,Who is the author of The Prince and the Pauper?,Mark Twain,Literature,Language Arts,Maryville High School (Abby's team) vs Halls High School,Abby,Maryville High School (Abby's team),Correct,,,,Correct,10,Maryville High School (Abby's team),1,,,
S40 E41,Round of 32,Bonus,40,"In 2022, the Brooklyn Public Library celebrated its 125th anniversary by listing its 125 most borrowed books. Which book about Max, who dresses in a wolf suit, chases his dog with a fork and turns his bedroom into a jungle, was number one on the library's list?",Where the Wild Things Are,Literature,Language Arts,Maryville High School (Abby's team) vs Halls High School,,Maryville High School (Abby's team),Correct,,,,Correct,20,Maryville High School (Abby's team),1,,,
S40 E41,Round of 32,Tossup,41,What type of igneous rock solidifies below the Earth's surface?,Intrusive igneous rock,Geology,Science & Technology,Maryville High School (Abby's team) vs Halls High School,Abby,Maryville High School (Abby's team),Incorrect,Joe Nicholas,Halls High School,Incorrect,Missed,0,None given,1,,Abby said granite and Joe Nicholas said obsidian,
S40 E41,Round of 32,Tossup,42,"What is the term for an introduction to a poem, play or novel, such as The Canterbury Tales?",A prologue,Vocabulary,Language Arts,Maryville High School (Abby's team) vs Halls High School,Ali,Maryville High School (Abby's team),Correct,,,,Correct,10,Maryville High School (Abby's team),1,,,
S40 E41,Round of 32,Bonus,42,Part 1: What ten letter word starting with C means of or like a corpse? | Part 2: Spell that word.,Part 1: Cadaverous | Part 2: C-A-D-A-V-E-R-O-U-S,Vocabulary,Language Arts,Maryville High School (Abby's team) vs Halls High School,,Maryville High School (Abby's team),Correct,,,,Correct,20,Maryville High School (Abby's team),2,,,
S40 E41,Round of 32,Tossup,43,In which city are Major League Baseball and National Football League teams each named for a different bird?,Baltimore,Sports,General & Visual,Maryville High School (Abby's team) vs Halls High School,Abby,Maryville High School (Abby's team),Incorrect,Joe Nicholas,Halls High School,Correct,Correct,10,Halls High School,1,,"Abby buzzed and said ""sorry"" (no answer); the host noted the Ravens and the Orioles",
S40 E41,Round of 32,Bonus,43,Name the four NBA teams in California.,"Golden State Warriors, Sacramento Kings, Los Angeles Clippers and Los Angeles Lakers",Sports,General & Visual,Maryville High School (Abby's team) vs Halls High School,,Halls High School,Partial,,,,Partial,5,Halls High School,1,,"the team named only the Golden State Warriors, for five points",
S40 E41,Round of 32,Tossup,44,The assassination of the Archduke of what country was one of the chain of events that led to World War I?,Austria-Hungary,History,Social Studies,Maryville High School (Abby's team) vs Halls High School,,Halls High School,Incorrect,Ali,Maryville High School (Abby's team),Correct,Correct,10,Maryville High School (Abby's team),1,,"the Halls buzzer is not named (it said ""Austria"" and the host wanted the full answer); the host accepted Ali's ""Austria-Hungary""",
S40 E41,Round of 32,Bonus,44,Name four of the states that made up the Barbary states of North Africa.,"Algiers, Tripoli, Tunis and Morocco",History,Social Studies,Maryville High School (Abby's team) vs Halls High School,,Maryville High School (Abby's team),Incorrect,,,,Missed,0,None given,1,,the team said Sudan and Egypt; the game ended after this bonus,
S40 E42,Round of 32,Tossup,1,"Which order includes lemurs, monkeys, apes and people?",Primates,Biology,Science & Technology,Maryville High School (Mohammed's team) vs Oliver Springs High School (Tristan's team),Costin,Maryville High School (Mohammed's team),Incorrect,Tristan,Oliver Springs High School (Tristan's team),Incorrect,Missed,0,None given,1,,Costin said species and Tristan said kingdom,
S40 E42,Round of 32,Tossup,2,"With punctuation if necessary, spell the word ""your"" in the following sentence: ""I like the way you're answering these questions.""",Y-O-U-'-R-E,English,Language Arts,Maryville High School (Mohammed's team) vs Oliver Springs High School (Tristan's team),Olivia,Maryville High School (Mohammed's team),Correct,,,,Correct,10,Maryville High School (Mohammed's team),1,,"the host said the spelling should be ""you're"" and accepted Olivia's answer",
S40 E42,Round of 32,Bonus,2,"Part 1: Is the following sentence in active voice or passive voice: ""They are paid on Fridays""? | Part 2: Is the following sentence in active voice or passive voice: ""The movie is being made in Hollywood""?",Part 1: Passive voice | Part 2: Passive voice,English,Language Arts,Maryville High School (Mohammed's team) vs Oliver Springs High School (Tristan's team),,Maryville High School (Mohammed's team),Correct,,,,Correct,20,Maryville High School (Mohammed's team),2,,,
S40 E42,Round of 32,Tossup,3,What is the product of the secant of an angle times the cosine of that angle?,1,Pre-Calculus,Mathematics,Maryville High School (Mohammed's team) vs Oliver Springs High School (Tristan's team),Patrick,Maryville High School (Mohammed's team),Correct,,,,Correct,10,Maryville High School (Mohammed's team),1,,,
S40 E42,Round of 32,Bonus,3,What is the exact value of cotangent of pi over three?,Square root of 3 over 3,Pre-Calculus,Mathematics,Maryville High School (Mohammed's team) vs Oliver Springs High School (Tristan's team),,Maryville High School (Mohammed's team),Incorrect,,,,Missed,0,None given,1,,"Mohammed deferred to Olivia, who said square root of three over two; the host said she was on the right track",
S40 E42,Round of 32,Tossup,4,What is Michelangelo's David holding in his left hand?,A slingshot,Art,Fine Arts,Maryville High School (Mohammed's team) vs Oliver Springs High School (Tristan's team),Mohammed,Maryville High School (Mohammed's team),Correct,,,,Correct,10,Maryville High School (Mohammed's team),1,,,
S40 E42,Round of 32,Bonus,4,What are the three primary colors of light? (all or nothing),"Red, blue and green",Art,Fine Arts,Maryville High School (Mohammed's team) vs Oliver Springs High School (Tristan's team),,Maryville High School (Mohammed's team),Incorrect,,,,Missed,0,None given,1,,"Mohammed deferred to Olivia, who said red, yellow and blue",
S40 E42,Round of 32,Tossup,5,"What river runs through Paris, France?",The Seine,Geography,Social Studies,Maryville High School (Mohammed's team) vs Oliver Springs High School (Tristan's team),Patrick,Maryville High School (Mohammed's team),Correct,,,,Correct,10,Maryville High School (Mohammed's team),1,,,
S40 E42,Round of 32,Bonus,5,Part 1: What is the capital of Nevada? | Part 2: What is the capital of Alabama?,Part 1: Carson City | Part 2: Montgomery,Geography,Social Studies,Maryville High School (Mohammed's team) vs Oliver Springs High School (Tristan's team),,Maryville High School (Mohammed's team),Correct,,,,Correct,20,Maryville High School (Mohammed's team),2,,Mohammed deferred to Patrick for Part 1,
S40 E42,Round of 32,Tossup,6,What branch of science deals with the physical and biological properties and phenomena of the sea?,Oceanography,Geology,Science & Technology,Maryville High School (Mohammed's team) vs Oliver Springs High School (Tristan's team),Patrick,Maryville High School (Mohammed's team),Incorrect,,,,Missed,0,None given,1,,"Patrick said ""marine bio-""; no Oliver Springs steal answer captured",
S40 E42,Round of 32,Tossup,7,Who was the first wife of King Charles the Third?,"Diana, Princess of Wales",History,Social Studies,Maryville High School (Mohammed's team) vs Oliver Springs High School (Tristan's team),Mohammed,Maryville High School (Mohammed's team),Incorrect,,,,Missed,0,None given,1,,"Mohammed said ""Mary""; no Oliver Springs steal answer captured (the host joked that nobody remembers Princess Diana)",
S40 E42,Round of 32,Tossup,8,"In the Catholic Church, the bishop of Rome is more commonly known as what?",The Pope,Religion,Religion & Mythology,Maryville High School (Mohammed's team) vs Oliver Springs High School (Tristan's team),Mohammed,Maryville High School (Mohammed's team),Incorrect,Jonah,Oliver Springs High School (Tristan's team),Correct,Correct,10,Oliver Springs High School (Tristan's team),1,,"Mohammed said ""the archbishop""",
S40 E42,Round of 32,Bonus,8,"Who is the stateswoman shown here, the first female British prime minister and the longest serving of the 20th century, nicknamed the Iron Lady?",Margaret Thatcher,Visual,General & Visual,Maryville High School (Mohammed's team) vs Oliver Springs High School (Tristan's team),,Oliver Springs High School (Tristan's team),Correct,,,,Correct,20,Oliver Springs High School (Tristan's team),1,,,
S40 E42,Round of 32,Tossup,9,What is the simplified form of baseball for children that uses a flexible bat and ball and a flexible tube as a tee?,T-ball,Sports,General & Visual,Maryville High School (Mohammed's team) vs Oliver Springs High School (Tristan's team),Patrick,Maryville High School (Mohammed's team),Correct,,,,Correct,10,Maryville High School (Mohammed's team),1,,the captions place Patrick's name in the middle of the question (he buzzed early); the bonus was Maryville's,
S40 E42,Round of 32,Bonus,9,"Part 1: Which Major League Baseball player holds the record for the most career home runs, with 762? | Part 2: Who held the record before, with 755 home runs?",Part 1: Barry Bonds | Part 2: Hank Aaron,Sports,General & Visual,Maryville High School (Mohammed's team) vs Oliver Springs High School (Tristan's team),,Maryville High School (Mohammed's team),Incorrect,,,,Missed,0,None given,2,,the team said Hank Aaron for Part 1 and Babe Ruth for Part 2,
S40 E42,Round of 32,Tossup,10,Which video game company was originally founded in 1889 to sell Hanafuda playing cards?,Nintendo,Economics,Social Studies,Maryville High School (Mohammed's team) vs Oliver Springs High School (Tristan's team),Tristan,Oliver Springs High School (Tristan's team),Correct,,,,Correct,10,Oliver Springs High School (Tristan's team),1,,,
S40 E42,Round of 32,Bonus,10,Part 1: Which country's currency is the ruble? | Part 2: Which country's currency is the rupiah (R-U-P-I-A-H)?,Part 1: Russia | Part 2: Indonesia,Economics,Social Studies,Maryville High School (Mohammed's team) vs Oliver Springs High School (Tristan's team),,Oliver Springs High School (Tristan's team),Partial,,,,Partial,10,Oliver Springs High School (Tristan's team),2,,the team said India for Part 2,
S40 E42,Round of 32,Tossup,11,"Regarding radio waves and broadcasting, FM stands for what?",Frequency modulation,Physics,Science & Technology,Maryville High School (Mohammed's team) vs Oliver Springs High School (Tristan's team),Costin,Maryville High School (Mohammed's team),Correct,,,,Correct,10,Maryville High School (Mohammed's team),1,,,
S40 E42,Round of 32,Bonus,11,How much work is done in a system if a 20 Newton force is used to move an object four meters?,80 joules,Physics,Science & Technology,Maryville High School (Mohammed's team) vs Oliver Springs High School (Tristan's team),Costin,Maryville High School (Mohammed's team),Correct,,,,Correct,20,Maryville High School (Mohammed's team),1,,"the captain first said 88 and then deferred to Costin, who said 80 joules; the host accepted it for 20",
S40 E42,Round of 32,Tossup,12,What is the title of the novel by John Green that narrates the story of a 16 year old girl diagnosed with cancer?,The Fault in Our Stars,Literature,Language Arts,Maryville High School (Mohammed's team) vs Oliver Springs High School (Tristan's team),Olivia,Maryville High School (Mohammed's team),Correct,,,,Correct,10,Maryville High School (Mohammed's team),1,,,
S40 E42,Round of 32,Bonus,12,Part 1: Who is the tenant narrator at Thrushcross Grange in Wuthering Heights? | Part 2: Who is the narrator of Black Beauty?,Part 1: Mr. Lockwood | Part 2: Black Beauty (the horse),Literature,Language Arts,Maryville High School (Mohammed's team) vs Oliver Springs High School (Tristan's team),,Maryville High School (Mohammed's team),Partial,,,,Partial,10,Maryville High School (Mohammed's team),2,,"the team could not answer Part 1 (a guess of ""David"" was given); Costin answered Part 2 after a deferral",
S40 E42,Round of 32,Tossup,13,What is the product of the cube root of 125 times the square root of 169?,65,Math,Mathematics,Maryville High School (Mohammed's team) vs Oliver Springs High School (Tristan's team),Patrick,Maryville High School (Mohammed's team),Incorrect,,,,Missed,0,None given,1,,"Patrick said 85; no Oliver Springs steal answer captured (""no time right now"")",
S40 E42,Round of 32,Tossup,14,What musical instrument originating in Trinidad and Tobago is made from oil drums?,Steel drums,Music,Fine Arts,Maryville High School (Mohammed's team) vs Oliver Springs High School (Tristan's team),Olivia,Maryville High School (Mohammed's team),Correct,,,,Correct,10,Maryville High School (Mohammed's team),1,,"the captions render the buzzer as ""Lydia""",
S40 E42,Round of 32,Bonus,14,Which two iconic songs did Dolly Parton write within days of each other for an album that she released in February 1974?,"""Jolene"" and ""I Will Always Love You""",Music,Fine Arts,Maryville High School (Mohammed's team) vs Oliver Springs High School (Tristan's team),,Maryville High School (Mohammed's team),Partial,,,,Partial,10,Maryville High School (Mohammed's team),1,Yes,"the team said ""Jolene"" and ""9 to 5""; the host said Jolene was right and 9 to 5 came out later, but no point value is stated; scored 10 (captions lines 11070-11077)","Yeah, music bonus now for Maryville. / Which two iconic songs did Dolly Parton write within Days of Each Other for an album that she released in February 1974? / Jolene and Nine to Five? / Doing the same album range Jolene and 9 to 5. / Jolene is right 9 to 5 came out later. / I Will Always Love You. / Her most famous song she probably wrote on the same day as Jolene. / She thinks maybe we're on the same piece of paper toss up in US history, which president, on the day after his inauguration in 1977, granted an unconditional pardon to, Patrick?"
S40 E42,Round of 32,Tossup,15,"Which president, on the day after his inauguration in 1977, granted an unconditional pardon to hundreds of thousands of men who evaded the draft during the Vietnam War?",Jimmy Carter,U.S. History,Social Studies,Maryville High School (Mohammed's team) vs Oliver Springs High School (Tristan's team),Patrick,Maryville High School (Mohammed's team),Incorrect,Jackson,Oliver Springs High School (Tristan's team),Correct,Correct,10,Oliver Springs High School (Tristan's team),1,,Patrick buzzed early and said Gerald Ford,
S40 E42,Round of 32,Bonus,15,Part 1: Who was the first female secretary of state for the U.S.? | Part 2: Under which president did she serve?,Part 1: Madeleine Albright | Part 2: Bill Clinton,U.S. History,Social Studies,Maryville High School (Mohammed's team) vs Oliver Springs High School (Tristan's team),,Oliver Springs High School (Tristan's team),Incorrect,,,,Missed,0,None given,2,,"the team ran out of time on Part 1 and guessed ""Obama"" for Part 2",
S40 E42,Round of 32,Tossup,16,"Which precious metal, more valuable than gold, has atomic number 78?",Platinum,Chemistry,Science & Technology,Maryville High School (Mohammed's team) vs Oliver Springs High School (Tristan's team),Olivia,Maryville High School (Mohammed's team),Correct,,,,Correct,10,Maryville High School (Mohammed's team),1,,,
S40 E42,Round of 32,Bonus,16,Expand the expression (x - 3) cubed.,x^3 - 9x^2 + 27x - 27,Visual,General & Visual,Maryville High School (Mohammed's team) vs Oliver Springs High School (Tristan's team),,Maryville High School (Mohammed's team),Incorrect,,,,Missed,0,None given,1,,"the team answered ""x cubed minus nine x squared plus 26..."" and gave up; the host said they were close",
S40 E42,Round of 32,Tossup,17,What nine letter word beginning with V describes someone who takes the law into their own hands to punish persons?,Vigilante,Vocabulary,Language Arts,Maryville High School (Mohammed's team) vs Oliver Springs High School (Tristan's team),Olivia,Maryville High School (Mohammed's team),Correct,,,,Correct,10,Maryville High School (Mohammed's team),1,,,
S40 E42,Round of 32,Bonus,17,"Part 1: What bird can be used to describe the personal characteristics of a vain, self-conscious, strutting person? | Part 2: What small furry mammal can be used to describe the personal characteristics of a sneaky and sly person?",Part 1: A peacock | Part 2: A weasel,Vocabulary,Language Arts,Maryville High School (Mohammed's team) vs Oliver Springs High School (Tristan's team),,Maryville High School (Mohammed's team),Partial,,,,Partial,10,Maryville High School (Mohammed's team),2,,"the team said ""rooster"" for Part 1",
S40 E42,Round of 32,Tossup,18,"Who was president of the United States when Taylor Swift was born on December 13, 1989?",George H.W. Bush,Government,Social Studies,Maryville High School (Mohammed's team) vs Oliver Springs High School (Tristan's team),Mohammed,Maryville High School (Mohammed's team),Correct,,,,Correct,10,Maryville High School (Mohammed's team),1,,,
S40 E42,Round of 32,Bonus,18,"In 2023, Mexico expressed concern to the U.S. that the deployment of floating barriers could violate the water treaty of 1944 and the Boundary Treaty of 1970. That requires what river to remain unobstructed?",The Rio Grande,Government,Social Studies,Maryville High School (Mohammed's team) vs Oliver Springs High School (Tristan's team),,Maryville High School (Mohammed's team),Correct,,,,Correct,20,Maryville High School (Mohammed's team),1,,,
S40 E42,Round of 32,Tossup,19,"In Edvard Munch's The Scream, the figure is on a path overlooking what?",A fjord,Art,Fine Arts,Maryville High School (Mohammed's team) vs Oliver Springs High School (Tristan's team),Costin,Maryville High School (Mohammed's team),Correct,,,,Correct,10,Maryville High School (Mohammed's team),1,,,
S40 E42,Round of 32,Bonus,19,What type of art is a sculptural method in which sculpted pieces are bonded to a solid background of the same material to give the impression that they have been raised above the background plane?,Relief,Art,Fine Arts,Maryville High School (Mohammed's team) vs Oliver Springs High School (Tristan's team),,Maryville High School (Mohammed's team),Incorrect,,,,Missed,0,None given,1,,"the team said ""collage""",
S40 E42,Round of 32,Tossup,20,Who married King Henry the Eighth days after Anne Boleyn's execution and was the only one of the six wives to give birth to a male heir?,Jane Seymour,History,Social Studies,Maryville High School (Mohammed's team) vs Oliver Springs High School (Tristan's team),Mohammed,Maryville High School (Mohammed's team),Incorrect,,,,Missed,0,None given,1,,"Mohammed buzzed early and said ""Catherine""; no Oliver Springs steal answer captured",
S40 E42,Round of 32,Tossup,21,Excel is compatible with presentation files from which Microsoft program?,PowerPoint,Technology,Science & Technology,Maryville High School (Mohammed's team) vs Oliver Springs High School (Tristan's team),Patrick,Maryville High School (Mohammed's team),Incorrect,Tristan,Oliver Springs High School (Tristan's team),Correct,Correct,10,Oliver Springs High School (Tristan's team),1,,Patrick buzzed early and said Excel (the captions' question text is garbled); the first half ended before a bonus could be read,
S40 E42,Round of 32,Tossup,22,"What mythological leader of the Titans overthrew his father, Uranus?",Cronus,Mythology,Religion & Mythology,Maryville High School (Mohammed's team) vs Oliver Springs High School (Tristan's team),Costin,Maryville High School (Mohammed's team),Correct,,,,Correct,10,Maryville High School (Mohammed's team),1,,,
S40 E42,Round of 32,Bonus,22,Part 1: What mythical reptile is reputed to be a serpent king who causes death to those who look into its eyes? | Part 2: In which Harry Potter book and film is there a basilisk hidden below Hogwarts?,Part 1: A basilisk | Part 2: Chamber of Secrets,Mythology,Religion & Mythology,Maryville High School (Mohammed's team) vs Oliver Springs High School (Tristan's team),,Maryville High School (Mohammed's team),Partial,,,,Partial,10,Maryville High School (Mohammed's team),2,,"the team's Part 1 answer is garbled in the captions and the host said ""I'm talking about the basilisk""; Mohammed deferred to Olivia",
S40 E42,Round of 32,Tossup,23,What shape is represented on a graph by the equation x squared minus four y squared equals 16?,A hyperbola,Algebra,Mathematics,Maryville High School (Mohammed's team) vs Oliver Springs High School (Tristan's team),Patrick,Maryville High School (Mohammed's team),Correct,,,,Correct,10,Maryville High School (Mohammed's team),1,,Patrick buzzed early,
S40 E42,Round of 32,Bonus,23,What is the simplified value of i plus i squared plus i cubed plus i to the fourth power?,0,Algebra,Mathematics,Maryville High School (Mohammed's team) vs Oliver Springs High School (Tristan's team),,Maryville High School (Mohammed's team),Correct,,,,Correct,20,Maryville High School (Mohammed's team),1,,the team debated one and zero before settling on zero,
S40 E42,Round of 32,Tossup,24,What is the literary term for a play on words?,A pun,Miscellaneous,General & Visual,Maryville High School (Mohammed's team) vs Oliver Springs High School (Tristan's team),Costin,Maryville High School (Mohammed's team),Incorrect,,,,Missed,0,None given,1,,"Costin said ""idiom""; no Oliver Springs steal answer captured",
S40 E42,Round of 32,Tossup,25,"Scranton, Allentown and Erie are all cities in what state?",Pennsylvania,Geography,Social Studies,Maryville High School (Mohammed's team) vs Oliver Springs High School (Tristan's team),Mohammed,Maryville High School (Mohammed's team),Correct,,,,Correct,10,Maryville High School (Mohammed's team),1,,,
S40 E42,Round of 32,Bonus,25,"What is the tiny, landlocked country in the Eastern Pyrenees mountains between France and Spain?",Andorra,Geography,Social Studies,Maryville High School (Mohammed's team) vs Oliver Springs High School (Tristan's team),,Maryville High School (Mohammed's team),Incorrect,,,,Missed,0,None given,1,,"the team could not answer (""I'm blanking"")",
S40 E42,Round of 32,Tossup,26,What eleven letter word beginning with P is the name for the thin sac that completely encloses the heart?,The pericardium,Health,Science & Technology,Maryville High School (Mohammed's team) vs Oliver Springs High School (Tristan's team),Olivia,Maryville High School (Mohammed's team),Incorrect,,,,Missed,0,None given,1,,Olivia buzzed early and her answer is not captured; no Oliver Springs steal answer captured,
S40 E42,Round of 32,Tossup,27,"A male who does not marry is a bachelor. Spell ""bachelor.""",B-A-C-H-E-L-O-R,Spelling,Language Arts,Maryville High School (Mohammed's team) vs Oliver Springs High School (Tristan's team),Mohammed,Maryville High School (Mohammed's team),Correct,,,,Correct,10,Maryville High School (Mohammed's team),1,,,
S40 E42,Round of 32,Bonus,27,"When a couple ties the knot they are engaging in matrimony. Spell ""matrimony.""",M-A-T-R-I-M-O-N-Y,Spelling,Language Arts,Maryville High School (Mohammed's team) vs Oliver Springs High School (Tristan's team),Olivia,Maryville High School (Mohammed's team),Correct,,,,Correct,20,Maryville High School (Mohammed's team),1,,Mohammed deferred to Olivia,
S40 E42,Round of 32,Tossup,28,Who laid out the chemical periodic table and predicted the properties of undiscovered elements?,Dmitri Mendeleev,Chemistry,Science & Technology,Maryville High School (Mohammed's team) vs Oliver Springs High School (Tristan's team),Costin,Maryville High School (Mohammed's team),Correct,,,,Correct,10,Maryville High School (Mohammed's team),1,,,
S40 E42,Round of 32,Bonus,28,"Native fishermen in Indonesia have been affected by waters turning murky from sediment and polluted by cyanide and diesel fuel flowing from open pit mining for what element with atomic number 28, used in batteries for electric vehicles and mobile phones?",Nickel,Chemistry,Science & Technology,Maryville High School (Mohammed's team) vs Oliver Springs High School (Tristan's team),,Maryville High School (Mohammed's team),Incorrect,,,,Missed,0,None given,1,,the team said cobalt,
S40 E42,Round of 32,Tossup,29,"In August 2023, an estimated 1.5 million people attended the closing mass celebrated by Pope Francis at World Youth Day in what European capital?",Lisbon,Religion,Religion & Mythology,Maryville High School (Mohammed's team) vs Oliver Springs High School (Tristan's team),Costin,Maryville High School (Mohammed's team),Incorrect,Jonah,Oliver Springs High School (Tristan's team),Incorrect,Missed,0,None given,1,,"Costin buzzed early and said ""Hajj""; Jonah said Rome",
S40 E42,Round of 32,Tossup,30,What is the museum in Paris that has a glass roof in the shape of a pyramid?,The Louvre,Art,Fine Arts,Maryville High School (Mohammed's team) vs Oliver Springs High School (Tristan's team),Olivia,Maryville High School (Mohammed's team),Correct,,,,Correct,10,Maryville High School (Mohammed's team),1,,,
S40 E42,Round of 32,Bonus,30,"Who is the artist shown here who depicted themes related to Mexican history, society and politics, one of the best known proponents of the Mexican muralism movement credited with the reintroduction of fresco painting into modern art and architecture?",Diego Rivera,Visual,General & Visual,Maryville High School (Mohammed's team) vs Oliver Springs High School (Tristan's team),,Maryville High School (Mohammed's team),Correct,,,,Correct,20,Maryville High School (Mohammed's team),1,,,
S40 E42,Round of 32,Tossup,31,Name the science and art of extracting metals from their ores and modifying them for use.,Metallurgy,Science,Science & Technology,Maryville High School (Mohammed's team) vs Oliver Springs High School (Tristan's team),Olivia,Maryville High School (Mohammed's team),Correct,,,,Correct,10,Maryville High School (Mohammed's team),1,,,
S40 E42,Round of 32,Bonus,31,Part 1: Who invented the astronomical telescope? | Part 2: Who discovered why objects float on water?,Part 1: Galileo Galilei | Part 2: Archimedes,Science,Science & Technology,Maryville High School (Mohammed's team) vs Oliver Springs High School (Tristan's team),,Maryville High School (Mohammed's team),Correct,,,,Correct,20,Maryville High School (Mohammed's team),2,,,
S40 E42,Round of 32,Tossup,32,What kind of mania describes a person with a compulsion to steal?,Kleptomania,Vocabulary,Language Arts,Maryville High School (Mohammed's team) vs Oliver Springs High School (Tristan's team),Costin,Maryville High School (Mohammed's team),Correct,,,,Correct,10,Maryville High School (Mohammed's team),1,,,
S40 E42,Round of 32,Bonus,32,"Part 1: What six letter word beginning with L, a verb or an adjective, means extremely generous or extravagant? | Part 2: What six letter word beginning with L, a verb or a noun, means to express sorrow or to grieve?",Part 1: Lavish | Part 2: Lament,Vocabulary,Language Arts,Maryville High School (Mohammed's team) vs Oliver Springs High School (Tristan's team),,Maryville High School (Mohammed's team),Correct,,,,Correct,20,Maryville High School (Mohammed's team),2,,,
S40 E42,Round of 32,Tossup,33,"In a rectangle, a diagonal measures 20 feet and the length is 16 feet. What is the width?",12 feet,Geometry,Mathematics,Maryville High School (Mohammed's team) vs Oliver Springs High School (Tristan's team),Olivia,Maryville High School (Mohammed's team),Incorrect,,,,Missed,0,None given,1,,Olivia said 10 feet; no Oliver Springs steal answer captured,
S40 E42,Round of 32,Tossup,34,What is the ballet term for a 360 degree turn on one foot?,A pirouette,Music,Fine Arts,Maryville High School (Mohammed's team) vs Oliver Springs High School (Tristan's team),Olivia,Maryville High School (Mohammed's team),Correct,,,,Correct,10,Maryville High School (Mohammed's team),1,,,
S40 E42,Round of 32,Bonus,34,"Part 1: What musical includes the songs ""Surrey with the Fringe on Top"" and ""People Will Say We're in Love""? | Part 2: What play was it based on?",Part 1: Oklahoma! | Part 2: Green Grow the Lilacs,Music,Fine Arts,Maryville High School (Mohammed's team) vs Oliver Springs High School (Tristan's team),,Maryville High School (Mohammed's team),Incorrect,,,,Missed,0,None given,2,,the team said Jesus Christ Superstar/Chicago (Olivia) for Part 1 and The Taming of the Shrew for Part 2,
S40 E42,Round of 32,Tossup,35,What is the word for a government ruled by men only?,Patriarchy,Government,Social Studies,Maryville High School (Mohammed's team) vs Oliver Springs High School (Tristan's team),Tristan,Oliver Springs High School (Tristan's team),Correct,,,,Correct,10,Oliver Springs High School (Tristan's team),1,,,
S40 E42,Round of 32,Bonus,35,What is the two step process for a person to serve in the President's cabinet?,"Nominated by the president, then confirmed (ratified) by the Senate",Government,Social Studies,Maryville High School (Mohammed's team) vs Oliver Springs High School (Tristan's team),,Oliver Springs High School (Tristan's team),Incorrect,,,,Missed,0,None given,1,,"the team said only ""the Senate""",
S40 E42,Round of 32,Tossup,36,A satirical April Fools news story warned of the real dangers of dihydrogen monoxide. What is dihydrogen monoxide?,Water,Chemistry,Science & Technology,Maryville High School (Mohammed's team) vs Oliver Springs High School (Tristan's team),Costin,Maryville High School (Mohammed's team),Correct,,,,Correct,10,Maryville High School (Mohammed's team),1,,,
S40 E42,Round of 32,Bonus,36,Part 1: Which of the noble gases is the third most abundant gas in Earth's atmosphere and has atomic number 18? | Part 2: What is its chemical symbol?,Part 1: Argon | Part 2: Ar,Visual,General & Visual,Maryville High School (Mohammed's team) vs Oliver Springs High School (Tristan's team),,Maryville High School (Mohammed's team),Correct,,,,Correct,20,Maryville High School (Mohammed's team),2,,,
S40 E42,Round of 32,Tossup,37,Which Shakespearean play is about the assassination of a Roman emperor?,Julius Caesar,Literature,Language Arts,Maryville High School (Mohammed's team) vs Oliver Springs High School (Tristan's team),Mohammed,Maryville High School (Mohammed's team),Correct,,,,Correct,10,Maryville High School (Mohammed's team),1,,,
S40 E42,Round of 32,Bonus,37,"Part 1: Which Shakespearean play contains the line ""All the world's a stage""? | Part 2: Which Shakespearean play contains the line ""Now is the winter of our discontent""?",Part 1: As You Like It | Part 2: Richard III,Literature,Language Arts,Maryville High School (Mohammed's team) vs Oliver Springs High School (Tristan's team),,Maryville High School (Mohammed's team),Incorrect,,,,Missed,0,None given,2,,the team said Much Ado About Nothing for Part 1 and King Lear for Part 2,
S40 E42,Round of 32,Tossup,38,"In 1853, the U.S. added more than 29,000 square miles to Arizona and New Mexico through which purchase?",The Gadsden Purchase,Geography,Social Studies,Maryville High School (Mohammed's team) vs Oliver Springs High School (Tristan's team),Olivia,Maryville High School (Mohammed's team),Correct,,,,Correct,10,Maryville High School (Mohammed's team),1,,,
S40 E42,Round of 32,Bonus,38,"In 2023, in response to moves by Iran to seize two oil tankers, the U.S. Navy increased patrols in the Persian Gulf region through what busy merchant ship passageway?",The Strait of Hormuz,Geography,Social Studies,Maryville High School (Mohammed's team) vs Oliver Springs High School (Tristan's team),,Maryville High School (Mohammed's team),Incorrect,,,,Missed,0,None given,1,,the team said the Suez Canal,
S40 E42,Round of 32,Tossup,39,In what year did the University of Tennessee football team last win a national championship?,1998,Sports,General & Visual,Maryville High School (Mohammed's team) vs Oliver Springs High School (Tristan's team),Patrick,Maryville High School (Mohammed's team),Incorrect,Jonah,Oliver Springs High School (Tristan's team),Correct,Correct,10,Oliver Springs High School (Tristan's team),1,,Patrick buzzed early and said 1996,
S40 E42,Round of 32,Bonus,39,The Texas A&M Aggies of the SEC play their home games in what city?,College Station,Sports,General & Visual,Maryville High School (Mohammed's team) vs Oliver Springs High School (Tristan's team),,Oliver Springs High School (Tristan's team),Correct,,,,Correct,20,Oliver Springs High School (Tristan's team),1,,,
S40 E42,Round of 32,Tossup,40,Those who signed the Mayflower Compact settled where?,Plymouth,History,Social Studies,Maryville High School (Mohammed's team) vs Oliver Springs High School (Tristan's team),Costin,Maryville High School (Mohammed's team),Correct,,,,Correct,10,Maryville High School (Mohammed's team),1,,,
S40 E42,Round of 32,Bonus,40,Part 1: Which of the 13 American colonies was founded first? | Part 2: Which of the 13 American colonies was founded last?,Part 1: Virginia | Part 2: Georgia,History,Social Studies,Maryville High School (Mohammed's team) vs Oliver Springs High School (Tristan's team),,Maryville High School (Mohammed's team),Correct,,,,Correct,20,Maryville High School (Mohammed's team),2,,,
S40 E42,Round of 32,Tossup,41,What type of farming depends on natural substances rather than synthetic materials?,Organic farming,Biology,Science & Technology,Maryville High School (Mohammed's team) vs Oliver Springs High School (Tristan's team),Patrick,Maryville High School (Mohammed's team),Correct,,,,Correct,10,Maryville High School (Mohammed's team),1,,,
S40 E42,Round of 32,Bonus,41,"Part 1: What term beginning with M names the part of the cell cycle in which replicated chromosomes are separated into two new nuclei, giving genetically identical cells with the total number of chromosomes maintained? | Part 2: What term beginning with M names the type of cell division that results in four daughter cells, each with half the number of chromosomes of the parent cell?",Part 1: Mitosis | Part 2: Meiosis,Biology,Science & Technology,Maryville High School (Mohammed's team) vs Oliver Springs High School (Tristan's team),,Maryville High School (Mohammed's team),Partial,,,,Partial,10,Maryville High School (Mohammed's team),2,,"the team said ""metaphase"" for Part 1 after Patrick deferred to Costin",
S40 E42,Round of 32,Tossup,42,"What is the French term for a food cutting technique that produces uniform, thin strips of vegetables, also described as a matchstick cut?",Julienne,Foreign Language,Foreign Language,Maryville High School (Mohammed's team) vs Oliver Springs High School (Tristan's team),Olivia,Maryville High School (Mohammed's team),Incorrect,Tristan,Oliver Springs High School (Tristan's team),Incorrect,Missed,0,None given,1,,"Olivia said ""mandolin"" and Tristan said ""fillet""",
S40 E42,Round of 32,Tossup,43,Solve for x if 30 divided by x equals 5.,x = 6,Algebra,Mathematics,Maryville High School (Mohammed's team) vs Oliver Springs High School (Tristan's team),Costin,Maryville High School (Mohammed's team),Correct,,,,Correct,10,Maryville High School (Mohammed's team),1,,the game ended before the bonus could be read,
S40 E43,Round of 32,Tossup,1,What puzzle game has players complete lines of blocks by moving differently shaped pieces that descend onto the playing field?,Tetris,Games,General & Visual,Scott County High School (Brylan's team) vs Knoxville Catholic High School,James,Knoxville Catholic High School,Incorrect,Connor,Scott County High School (Brylan's team),Correct,Correct,10,Scott County High School (Brylan's team),1,,James buzzed early and said Scrabble,
S40 E43,Round of 32,Bonus,1,"Part 1: What fantasy action adventure Nintendo game's latest release is subtitled Tears of the Kingdom? | Part 2: Who is the original creator of The Legend of Zelda, who also created Super Mario Brothers?",Part 1: The Legend of Zelda | Part 2: Shigeru Miyamoto,Games,General & Visual,Scott County High School (Brylan's team) vs Knoxville Catholic High School,,Scott County High School (Brylan's team),Partial,,,,Partial,10,Scott County High School (Brylan's team),2,,"Connor's Part 2 answer is garbled in the captions (""Minascory""); the host said ""Miyamoto"" would have been enough",
S40 E43,Round of 32,Tossup,2,What is the area in a desert surrounding a well or natural spring?,An oasis,Geography,Social Studies,Scott County High School (Brylan's team) vs Knoxville Catholic High School,Alvaro,Knoxville Catholic High School,Correct,,,,Correct,10,Knoxville Catholic High School,1,,,
S40 E43,Round of 32,Bonus,2,"Which has a longer coastline, Maine or California?",Maine (by about 51 miles),Geography,Social Studies,Scott County High School (Brylan's team) vs Knoxville Catholic High School,,Knoxville Catholic High School,Incorrect,,,,Missed,0,None given,1,,the team said California,
S40 E43,Round of 32,Tossup,3,Who is actually the central character in Shakespeare's Julius Caesar?,Brutus,Literature,Language Arts,Scott County High School (Brylan's team) vs Knoxville Catholic High School,Connor,Scott County High School (Brylan's team),Incorrect,James,Knoxville Catholic High School,Correct,Correct,10,Knoxville Catholic High School,1,,Connor said Marcus Aurelius,
S40 E43,Round of 32,Bonus,3,In which Leo Tolstoy novel does the title character have an affair with a cavalry officer named Count Vronsky?,Anna Karenina,Literature,Language Arts,Scott County High School (Brylan's team) vs Knoxville Catholic High School,,Knoxville Catholic High School,Incorrect,,,,Missed,0,None given,1,,the team said War and Peace,
S40 E43,Round of 32,Tossup,4,"What phrase beginning with the letter Q means a huge, often sudden increase or advance in something, often due to new technology?",A quantum leap,Physics,Science & Technology,Scott County High School (Brylan's team) vs Knoxville Catholic High School,Connor,Scott County High School (Brylan's team),Correct,,,,Correct,10,Scott County High School (Brylan's team),1,,,
S40 E43,Round of 32,Bonus,4,Part 1: What is the process by which heat energy is transmitted through a material substance? | Part 2: What is the process by which the heat of the sun is transmitted?,Part 1: Conduction | Part 2: Radiation,Physics,Science & Technology,Scott County High School (Brylan's team) vs Knoxville Catholic High School,,Scott County High School (Brylan's team),Correct,,,,Correct,20,Scott County High School (Brylan's team),2,,,
S40 E43,Round of 32,Tossup,5,Give the product of negative four squared and negative two raised to the negative three power.,-2,Math,Mathematics,Scott County High School (Brylan's team) vs Knoxville Catholic High School,Nate,Knoxville Catholic High School,Incorrect,Joslin,Scott County High School (Brylan's team),Incorrect,Missed,0,None given,1,,Nate said 144 and Joslin said 24,
S40 E43,Round of 32,Tossup,6,"A tire, a pizza and a daisy have what type of balance?",Radial balance,Art,Fine Arts,Scott County High School (Brylan's team) vs Knoxville Catholic High School,Alvaro,Knoxville Catholic High School,Incorrect,Connor,Scott County High School (Brylan's team),Incorrect,Missed,0,None given,1,,Alvaro said symmetrical and Connor said asymmetrical,
S40 E43,Round of 32,Tossup,7,"Which American founding document includes the right to life, liberty and the pursuit of happiness?",The Declaration of Independence,History,Social Studies,Scott County High School (Brylan's team) vs Knoxville Catholic High School,Brylan,Scott County High School (Brylan's team),Correct,,,,Correct,10,Scott County High School (Brylan's team),1,,,
S40 E43,Round of 32,Bonus,7,"At a dinner party, a woman sitting next to the president shown here said she had a bet that she could get at least three words of conversation from him. He responded, ""You lose."" Who is this 30th president of the United States?",Calvin Coolidge,Visual,General & Visual,Scott County High School (Brylan's team) vs Knoxville Catholic High School,Connor,Scott County High School (Brylan's team),Correct,,,,Correct,20,Scott County High School (Brylan's team),1,,Brylan designated Connor,
S40 E43,Round of 32,Tossup,8,What Russian word means prison or a system of labor camps?,Gulag,Foreign Language,Foreign Language,Scott County High School (Brylan's team) vs Knoxville Catholic High School,Connor,Scott County High School (Brylan's team),Correct,,,,Correct,10,Scott County High School (Brylan's team),1,,,
S40 E43,Round of 32,Bonus,8,"Translate ""je voudrais un café"" from French to English.",I would like a coffee,Foreign Language,Foreign Language,Scott County High School (Brylan's team) vs Knoxville Catholic High School,,Scott County High School (Brylan's team),Incorrect,,,,Missed,0,None given,1,,"the team's answer is garbled in the captions (""let's play game café"")",
S40 E43,Round of 32,Tossup,9,What is the term that refers to any substance that causes a fluid to clot or thicken?,A coagulant,Health,Science & Technology,Scott County High School (Brylan's team) vs Knoxville Catholic High School,Connor,Scott County High School (Brylan's team),Incorrect,,,,Missed,0,None given,1,,"Connor's answer is garbled in the captions (""hemiphelic""); no Knoxville Catholic steal answer captured",
S40 E43,Round of 32,Tossup,10,"If a person is charged with a DUI, what legal violation have they committed?",Driving under the influence,Government,Social Studies,Scott County High School (Brylan's team) vs Knoxville Catholic High School,Brylan,Scott County High School (Brylan's team),Correct,,,,Correct,10,Scott County High School (Brylan's team),1,,,
S40 E43,Round of 32,Bonus,10,Which country that shares a long border with Russia and also borders Sweden and Norway formally applied to join NATO in 2022?,Finland,Government,Social Studies,Scott County High School (Brylan's team) vs Knoxville Catholic High School,,Scott County High School (Brylan's team),Incorrect,,,,Missed,0,None given,1,,the team said Ukraine,
S40 E43,Round of 32,Tossup,11,What is the national summer sport of Canada?,Lacrosse,Sports,General & Visual,Scott County High School (Brylan's team) vs Knoxville Catholic High School,Thomas,Knoxville Catholic High School,Incorrect,Brylan,Scott County High School (Brylan's team),Incorrect,Missed,0,None given,1,,Thomas said hockey and Brylan said Canadian football,
S40 E43,Round of 32,Tossup,12,What is the title of the person who serves guests in a hotel by booking restaurants and transportation?,A concierge,Economics,Social Studies,Scott County High School (Brylan's team) vs Knoxville Catholic High School,James,Knoxville Catholic High School,Correct,,,,Correct,10,Knoxville Catholic High School,1,,,
S40 E43,Round of 32,Bonus,12,What are the two mottoes engraved on current U.S. coins?,"""In God We Trust"" and ""E Pluribus Unum""",Economics,Social Studies,Scott County High School (Brylan's team) vs Knoxville Catholic High School,,Knoxville Catholic High School,Correct,,,,Correct,20,Knoxville Catholic High School,1,,,
S40 E43,Round of 32,Tossup,13,"Spell ""synonymous.""",S-Y-N-O-N-Y-M-O-U-S,Spelling,Language Arts,Scott County High School (Brylan's team) vs Knoxville Catholic High School,Cameron,Scott County High School (Brylan's team),Incorrect,James,Knoxville Catholic High School,Incorrect,Missed,0,None given,1,,Cameron spelled it S-Y-N-O-N-O-M-O-U-S; James began S-Y-N-O and ran out of steam,
S40 E43,Round of 32,Tossup,14,"What serves as an atom's central core, consisting of a mixture of protons and neutrons?",The nucleus,Science,Science & Technology,Scott County High School (Brylan's team) vs Knoxville Catholic High School,,Knoxville Catholic High School,Correct,,,,Correct,10,Knoxville Catholic High School,1,,buzzer not named (the bonus was Knoxville Catholic's),
S40 E43,Round of 32,Bonus,14,"Part 1: Sir Alexander Fleming, shown here, the scientist who accidentally discovered penicillin, said about that day: ""When I woke up just after dawn on September 28, 1928, I certainly didn't plan to revolutionize all medicine by discovering the world's first ___."" | Part 2: In 1945, Fleming won what highly prestigious award in physiology or medicine?",Part 1: Antibiotic | Part 2: The Nobel Prize,Visual,General & Visual,Scott County High School (Brylan's team) vs Knoxville Catholic High School,,Knoxville Catholic High School,Correct,,,,Correct,20,Knoxville Catholic High School,2,,,
S40 E43,Round of 32,Tossup,15,"If f(-2) = 6 and f(4) = -6, what is the slope of the line connecting these two points?",-2,Algebra,Mathematics,Scott County High School (Brylan's team) vs Knoxville Catholic High School,Brylan,Scott County High School (Brylan's team),Incorrect,Nate,Knoxville Catholic High School,Incorrect,Missed,0,None given,1,,Brylan said 2/4 and Nate said 2 (the host wanted -2),
S40 E43,Round of 32,Tossup,16,What is the term for the device that holds a reed onto the mouthpiece of a single reed instrument such as a saxophone or clarinet?,A ligature,Music,Fine Arts,Scott County High School (Brylan's team) vs Knoxville Catholic High School,Joslin,Scott County High School (Brylan's team),Incorrect,James,Knoxville Catholic High School,Correct,Correct,10,Knoxville Catholic High School,1,,"Joslin buzzed early and said ""mouthpiece holder""; the host finished the question for James's steal",
S40 E43,Round of 32,Bonus,16,Part 1: Which American musician composed Rhapsody in Blue? | Part 2: Which English composer is best known for the orchestral suite The Planets?,Part 1: George Gershwin | Part 2: Gustav Holst,Music,Fine Arts,Scott County High School (Brylan's team) vs Knoxville Catholic High School,,Knoxville Catholic High School,Correct,,,,Correct,20,Knoxville Catholic High School,2,,the team first gave only the surname Gershwin and then the full name,
S40 E43,Round of 32,Tossup,17,Which English king introduced death by boiling and legalized the killing of Gypsies?,King Henry VIII,History,Social Studies,Scott County High School (Brylan's team) vs Knoxville Catholic High School,James,Knoxville Catholic High School,Incorrect,Brylan,Scott County High School (Brylan's team),Correct,Correct,10,Scott County High School (Brylan's team),1,,James said Henry the Sixth,
S40 E43,Round of 32,Bonus,17,Part 1: Which African nation was once led by Idi Amin? | Part 2: Which Caribbean nation was once led by Fidel Castro?,Part 1: Uganda | Part 2: Cuba,History,Social Studies,Scott County High School (Brylan's team) vs Knoxville Catholic High School,,Scott County High School (Brylan's team),Partial,,,,Partial,10,Scott County High School (Brylan's team),2,,the team said South Africa for Part 1,
S40 E43,Round of 32,Tossup,18,The meat dish mutton comes from what animal?,A sheep (or goat),English,Language Arts,Scott County High School (Brylan's team) vs Knoxville Catholic High School,Connor,Scott County High School (Brylan's team),Correct,,,,Correct,10,Scott County High School (Brylan's team),1,,,
S40 E43,Round of 32,Bonus,18,"What is the term for an object, event, person or thing that is chronologically out of place in a piece of literature?",An anachronism,English,Language Arts,Scott County High School (Brylan's team) vs Knoxville Catholic High School,Connor,Scott County High School (Brylan's team),Correct,,,,Correct,20,Scott County High School (Brylan's team),1,,Brylan designated Connor,
S40 E43,Round of 32,Tossup,19,"What is the name for the hardest type of coal, which gives off little flame or smoke when it burns?",Anthracite,Geology,Science & Technology,Scott County High School (Brylan's team) vs Knoxville Catholic High School,Brylan,Scott County High School (Brylan's team),Incorrect,James,Knoxville Catholic High School,Correct,Correct,10,Knoxville Catholic High School,1,,Brylan said charcoal,
S40 E43,Round of 32,Bonus,19,Part 1: Which geologic era is associated with forests appearing and dominating the land? | Part 2: Which geologic era is associated with Homo sapiens appearing on the earth?,Part 1: The Paleozoic era | Part 2: The Cenozoic era,Geology,Science & Technology,Scott County High School (Brylan's team) vs Knoxville Catholic High School,,Knoxville Catholic High School,Incorrect,,,,Missed,0,None given,2,,"James designated Thomas, who said Jurassic for Part 1, and Nate, who said Mesozoic for Part 2",
S40 E43,Round of 32,Tossup,20,Which element has the Latin name Natrium?,Sodium (Na),Chemistry,Science & Technology,Scott County High School (Brylan's team) vs Knoxville Catholic High School,Brylan,Scott County High School (Brylan's team),Incorrect,,Knoxville Catholic High School,Incorrect,Missed,0,None given,1,,Brylan said nitrogen; Knoxville Catholic was disqualified on the steal because players looked at each other,
S40 E43,Round of 32,Tossup,21,"According to the book of Proverbs, what does a soft answer turn away?",Wrath,Religion,Religion & Mythology,Scott County High School (Brylan's team) vs Knoxville Catholic High School,Alvaro,Knoxville Catholic High School,Incorrect,Cameron,Scott County High School (Brylan's team),Incorrect,Missed,0,None given,1,,"Alvaro said ""hard questions"" and Cameron said ""hard truth""",
S40 E43,Round of 32,Tossup,22,Assault refers to the act of causing someone to reasonably fear imminent harm. What term refers to actually physically harming them?,Battery,Government,Social Studies,Scott County High School (Brylan's team) vs Knoxville Catholic High School,Connor,Scott County High School (Brylan's team),Correct,,,,Correct,10,Scott County High School (Brylan's team),1,,Connor buzzed early,
S40 E43,Round of 32,Bonus,22,Part 1: What do the letters in the federal agency SEC stand for? | Part 2: What do the letters in the federal agency FTC stand for?,Part 1: Securities and Exchange Commission | Part 2: Federal Trade Commission,Government,Social Studies,Scott County High School (Brylan's team) vs Knoxville Catholic High School,,Scott County High School (Brylan's team),Incorrect,,,,Missed,0,None given,2,,"the team said ""Southeastern Conference"" and then ""the Securities and Exchange Commission"" for Part 1 and ""Foreign Trade Committee"" for Part 2; the halftime margin of exactly 30 only works if this bonus earned nothing",
S40 E43,Round of 32,Tossup,23,The concept of tilting at windmills comes from what literary classic?,Don Quixote,Literature,Language Arts,Scott County High School (Brylan's team) vs Knoxville Catholic High School,Connor,Scott County High School (Brylan's team),Incorrect,Alvaro,Knoxville Catholic High School,Correct,Correct,10,Knoxville Catholic High School,1,,"Connor buzzed early and said ""fighting imaginary foes""",
S40 E43,Round of 32,Bonus,23,"Part 1: Who wrote the poem ""Because I could not stop for Death""? | Part 2: Who wrote the poem ""Mending Wall""?",Part 1: Emily Dickinson | Part 2: Robert Frost,Literature,Language Arts,Scott County High School (Brylan's team) vs Knoxville Catholic High School,,Knoxville Catholic High School,Incorrect,,,,Missed,0,None given,2,,"the team said Poe for Part 1 and ""Robert Woods"" for Part 2; the first half ended after this bonus",
S40 E43,Round of 32,Tossup,24,"Gram for gram, which category of nutrients has about twice as many calories as carbohydrates?",Fats,Health,Science & Technology,Scott County High School (Brylan's team) vs Knoxville Catholic High School,Nate,Knoxville Catholic High School,Incorrect,Connor,Scott County High School (Brylan's team),Correct,Correct,10,Scott County High School (Brylan's team),1,,Nate said proteins,
S40 E43,Round of 32,Bonus,24,Part 1: Which human organ secretes insulin? | Part 2: Which human organ secretes bile?,Part 1: The pancreas | Part 2: The liver,Health,Science & Technology,Scott County High School (Brylan's team) vs Knoxville Catholic High School,,Scott County High School (Brylan's team),Correct,,,,Correct,20,Scott County High School (Brylan's team),2,,,
S40 E43,Round of 32,Tossup,25,The diagonals of a square are both 12 square roots of two. What is the area of the square?,144,Geometry,Mathematics,Scott County High School (Brylan's team) vs Knoxville Catholic High School,Nate,Knoxville Catholic High School,Correct,,,,Correct,10,Knoxville Catholic High School,1,,,
S40 E43,Round of 32,Bonus,25,Part 1: True or false: every parallelogram is a quadrilateral. | Part 2: True or false: every square is a trapezoid.,Part 1: True | Part 2: False,Geometry,Mathematics,Scott County High School (Brylan's team) vs Knoxville Catholic High School,,Knoxville Catholic High School,Partial,,,,Partial,10,Knoxville Catholic High School,2,,the team said true for both parts,
S40 E43,Round of 32,Tossup,26,"In the game of Monopoly, what is the cost of each utility?",$150,Miscellaneous,General & Visual,Scott County High School (Brylan's team) vs Knoxville Catholic High School,Brylan,Scott County High School (Brylan's team),Incorrect,Alvaro,Knoxville Catholic High School,Incorrect,Missed,0,None given,1,,Brylan said 200 and Alvaro said 250,
S40 E43,Round of 32,Tossup,27,"Which American city's original name translates to ""the town of Our Lady, the Queen of the Angels""?",Los Angeles,Geography,Social Studies,Scott County High School (Brylan's team) vs Knoxville Catholic High School,Brylan,Scott County High School (Brylan's team),Correct,,,,Correct,10,Scott County High School (Brylan's team),1,,,
S40 E43,Round of 32,Bonus,27,"The territorial flag shown here, representing what archipelago, is the only one in the world that features a sinking ship?",Bermuda,Visual,General & Visual,Scott County High School (Brylan's team) vs Knoxville Catholic High School,,Scott County High School (Brylan's team),Incorrect,,,,Missed,0,None given,1,,the team said the Netherlands,
S40 E43,Round of 32,Tossup,28,"What six letter word starting with T means a formal dinner jacket, named for a village in New York in 1886?",Tuxedo,Vocabulary,Language Arts,Scott County High School (Brylan's team) vs Knoxville Catholic High School,Alvaro,Knoxville Catholic High School,Correct,,,,Correct,10,Knoxville Catholic High School,1,,,
S40 E43,Round of 32,Bonus,28,What seven letter word beginning with Q refers to a bitter crystalline alkaloid used to treat malaria and as an ingredient in tonic water?,Quinine,Vocabulary,Language Arts,Scott County High School (Brylan's team) vs Knoxville Catholic High School,Thomas,Knoxville Catholic High School,Correct,,,,Correct,20,Knoxville Catholic High School,1,,James deferred to Thomas,
S40 E43,Round of 32,Tossup,29,Which law mathematically describes the relationships between pressure and velocity in the horizontal flow of fluids?,Bernoulli's law (principle),Science,Science & Technology,Scott County High School (Brylan's team) vs Knoxville Catholic High School,James,Knoxville Catholic High School,Incorrect,,,,Missed,0,None given,1,,"James's answer is garbled in the captions (appears as a formula, ""PV = nRT""); no Scott County steal answer captured",
S40 E43,Round of 32,Tossup,30,What six letter show business term starting with B means a movie dramatizing the life of a particular person?,A biopic,Art,Fine Arts,Scott County High School (Brylan's team) vs Knoxville Catholic High School,Brylan,Scott County High School (Brylan's team),Incorrect,James,Knoxville Catholic High School,Correct,Correct,10,Knoxville Catholic High School,1,,"Brylan said ""a biography""",
S40 E43,Round of 32,Bonus,30,"Part 1: In 2023, what was the title of the biopic about the famous theoretical physicist known as the Father of the Atomic Bomb? | Part 2: In 2022, what was posthumously restored to Oppenheimer that had barred him from entering Department of Energy establishments?",Part 1: Oppenheimer | Part 2: His security clearance,Art,Fine Arts,Scott County High School (Brylan's team) vs Knoxville Catholic High School,,Knoxville Catholic High School,Correct,,,,Correct,20,Knoxville Catholic High School,2,,,
S40 E43,Round of 32,Tossup,31,Which type of musical composition is characterized by the systematic imitation of one or more overlapping themes?,A fugue,Music,Fine Arts,Scott County High School (Brylan's team) vs Knoxville Catholic High School,Thomas,Knoxville Catholic High School,Incorrect,,,,Missed,0,None given,1,Yes,"the captions are garbled: Thomas buzzed early and the host said ""I didn't get to it yet""; the host then seems to say ""fugue or rondo is right"" and moved on with no bonus, so no points are recorded (captions lines 10671-10675)","20 points on the bonus toss up in music. / Which type of musical composition is characterized by the systematic imitation of one or more themes overlapping? / Thomas No, now I didn't get to yet. / Just still Scott County Fugue or Rondo is right. / As Thomas has figured out, toss up in history who was the founder and first president of Tuskegee University?"
S40 E43,Round of 32,Tossup,32,Who was the founder and first president of Tuskegee University?,Booker T. Washington,History,Social Studies,Scott County High School (Brylan's team) vs Knoxville Catholic High School,James,Knoxville Catholic High School,Incorrect,Brylan,Scott County High School (Brylan's team),Incorrect,Missed,0,None given,1,,James said George Washington Carver and Brylan said John Quincy Adams,
S40 E43,Round of 32,Tossup,33,"What is the three word Latin phrase used in commencement programs meaning ""with highest praise""?",Summa cum laude,Foreign Language,Foreign Language,Scott County High School (Brylan's team) vs Knoxville Catholic High School,James,Knoxville Catholic High School,Correct,,,,Correct,10,Knoxville Catholic High School,1,,,
S40 E43,Round of 32,Bonus,33,"Part 1: What Latin phrase does the abbreviation ""e.g."" stand for? | Part 2: What Latin phrase does the abbreviation ""i.e."" stand for?",Part 1: Exempli gratia | Part 2: Id est,Foreign Language,Foreign Language,Scott County High School (Brylan's team) vs Knoxville Catholic High School,,Knoxville Catholic High School,Incorrect,,,,Missed,0,None given,2,,"the team said ""example given"" for Part 1 and did not know Part 2",
S40 E43,Round of 32,Tossup,34,What is the scientific term for all 12 pairs of ribs?,The thorax (rib cage),Biology,Science & Technology,Scott County High School (Brylan's team) vs Knoxville Catholic High School,Nate,Knoxville Catholic High School,Incorrect,Connor,Scott County High School (Brylan's team),Incorrect,Missed,0,None given,1,,"Nate said vertebrae and Connor said ""rib cage""; the host said thorax is the term he was looking for",
S40 E43,Round of 32,Tossup,35,What is 6/7 of 42?,36,Math,Mathematics,Scott County High School (Brylan's team) vs Knoxville Catholic High School,Brylan,Scott County High School (Brylan's team),Incorrect,Nate,Knoxville Catholic High School,Correct,Correct,10,Knoxville Catholic High School,1,,Brylan said 35,
S40 E43,Round of 32,Bonus,35,Square the binomial 5z - 6 and give your answer in simplest form.,25z^2 - 60z + 36,Visual,General & Visual,Scott County High School (Brylan's team) vs Knoxville Catholic High School,,Knoxville Catholic High School,Correct,,,,Correct,20,Knoxville Catholic High School,1,,,
S40 E43,Round of 32,Tossup,36,"According to all four canonical gospels, who was the man who assumed responsibility for the burial of Jesus after his crucifixion?",Joseph of Arimathea,Religion,Religion & Mythology,Scott County High School (Brylan's team) vs Knoxville Catholic High School,James,Knoxville Catholic High School,Correct,,,,Correct,10,Knoxville Catholic High School,1,,,
S40 E43,Round of 32,Bonus,36,"What is the title of the podcast, originally released on January 1, 2021 and hosted by Father Mike Schmitz, that examines the Scriptures in 365 episodes?",The Bible in a Year,Religion,Religion & Mythology,Scott County High School (Brylan's team) vs Knoxville Catholic High School,,Knoxville Catholic High School,Correct,,,,Correct,20,Knoxville Catholic High School,1,,,
S40 E43,Round of 32,Tossup,37,"In 1934, Adolf Hitler merged the offices of German Chancellor and President and declared his new title to be what?",Führer,History,Social Studies,Scott County High School (Brylan's team) vs Knoxville Catholic High School,Brylan,Scott County High School (Brylan's team),Incorrect,James,Knoxville Catholic High School,Correct,Correct,10,Knoxville Catholic High School,1,,"Brylan said ""Reich""",
S40 E43,Round of 32,Bonus,37,"In 1981, voters in Egypt participated in a referendum to elect Vice President Hosni Mubarak as their new president, one week after the assassination of whom?",Anwar Sadat,History,Social Studies,Scott County High School (Brylan's team) vs Knoxville Catholic High School,,Knoxville Catholic High School,Correct,,,,Correct,20,Knoxville Catholic High School,1,,,
S40 E43,Round of 32,Tossup,38,Who was the author of War and Peace?,Leo Tolstoy,Literature,Language Arts,Scott County High School (Brylan's team) vs Knoxville Catholic High School,James,Knoxville Catholic High School,Correct,,,,Correct,10,Knoxville Catholic High School,1,,,
S40 E43,Round of 32,Bonus,38,What is the novel by Jack Kerouac that tells the story of a journey and whose title emphasizes the road?,On the Road,Literature,Language Arts,Scott County High School (Brylan's team) vs Knoxville Catholic High School,,Knoxville Catholic High School,Incorrect,,,,Missed,0,None given,1,,the team said Call of the Wild,
S40 E43,Round of 32,Tossup,39,What element is between lithium and boron on the periodic table?,Beryllium,Chemistry,Science & Technology,Scott County High School (Brylan's team) vs Knoxville Catholic High School,Brylan,Scott County High School (Brylan's team),Correct,,,,Correct,10,Scott County High School (Brylan's team),1,,,
