S40 E43,Round of 32,Bonus,39,What is the electron configuration in exponential form for phosphorus?,1s2 2s2 2p6 3s2 3p3,Chemistry,Science & Technology,Scott County High School (Brylan's team) vs Knoxville Catholic High School,,Scott County High School (Brylan's team),Incorrect,,,,Missed,0,None given,1,,the team had no answer,
S40 E43,Round of 32,Tossup,40,What ten letter word for the process of letting air out of the lungs during the breathing cycle is synonymous with exhaling or exhalation?,Expiration,Health,Science & Technology,Scott County High School (Brylan's team) vs Knoxville Catholic High School,Connor,Scott County High School (Brylan's team),Incorrect,Alvaro,Knoxville Catholic High School,Incorrect,Missed,0,None given,1,,"the captions show Connor's early answer as ""counter expansion"" (read as Connor: ""expansion""); Alvaro said ""expulsion""",
S40 E43,Round of 32,Tossup,41,Which city in Poland lost about 85% of its buildings in World War II?,Warsaw,Architecture,Fine Arts,Scott County High School (Brylan's team) vs Knoxville Catholic High School,Nate,Knoxville Catholic High School,Correct,,,,Correct,10,Knoxville Catholic High School,1,,,
S40 E43,Round of 32,Bonus,41,"Which famous architect designed the Rock and Roll Hall of Fame in Cleveland, the East Building of the National Gallery of Art in Washington, D.C., and the Louvre Pyramid in Paris?",I.M. Pei,Architecture,Fine Arts,Scott County High School (Brylan's team) vs Knoxville Catholic High School,,Knoxville Catholic High School,Incorrect,,,,Missed,0,None given,1,,"Thomas answered ""Charles de Gaulle""",
S40 E43,Round of 32,Tossup,42,Which Tennessee city is the sixth largest in population and the geographical center of the state?,Murfreesboro,Geography,Social Studies,Scott County High School (Brylan's team) vs Knoxville Catholic High School,Connor,Scott County High School (Brylan's team),Incorrect,James,Knoxville Catholic High School,Incorrect,Missed,0,None given,1,,Connor said Nashville and James said Columbia,
S40 E43,Round of 32,Tossup,43,Resignation is to office as abdication is to what?,The throne,Vocabulary,Language Arts,Scott County High School (Brylan's team) vs Knoxville Catholic High School,Connor,Scott County High School (Brylan's team),Correct,,,,Correct,10,Scott County High School (Brylan's team),1,,,
S40 E43,Round of 32,Bonus,43,"Part 1: What nine letter word beginning with OB means to make something unclear, obscure or difficult to understand? | Part 2: Spell that word.",Part 1: Obfuscate | Part 2: O-B-F-U-S-C-A-T-E,Vocabulary,Language Arts,Scott County High School (Brylan's team) vs Knoxville Catholic High School,,Scott County High School (Brylan's team),Partial,,,,Partial,10,Scott County High School (Brylan's team),2,,the team had no answer for Part 1 and spelled the word correctly,
S40 E43,Round of 32,Tossup,44,Which planet in our solar system would float if it could be placed in water?,Saturn,Astronomy,Science & Technology,Scott County High School (Brylan's team) vs Knoxville Catholic High School,Connor,Scott County High School (Brylan's team),Correct,,,,Correct,10,Scott County High School (Brylan's team),1,,,
S40 E43,Round of 32,Bonus,44,"What was the first known handheld analog computer, capable of several different kinds of calculations relating to spherical astronomy, invented around the first or second century BCE and used into the 16th century?",The astrolabe,Astronomy,Science & Technology,Scott County High School (Brylan's team) vs Knoxville Catholic High School,Joslin,Scott County High School (Brylan's team),Incorrect,,,,Missed,0,None given,1,,"Brylan designated Joslin, who said gyroscope",
S40 E43,Round of 32,Tossup,45,"For the equation 10 - y = x squared + 3x, which direction does the parabola open?",Down,Algebra,Mathematics,Scott County High School (Brylan's team) vs Knoxville Catholic High School,,Knoxville Catholic High School,Incorrect,Cameron,Scott County High School (Brylan's team),Correct,Correct,10,Scott County High School (Brylan's team),1,,Knoxville Catholic's early buzzer and answer are not captured; the host noted several players trying to ring in before Cameron answered,
S40 E43,Round of 32,Bonus,45,What is x in this linear equation: the quantity (x - 4) over -6 equals 3?,x = -14,Algebra,Mathematics,Scott County High School (Brylan's team) vs Knoxville Catholic High School,,Scott County High School (Brylan's team),Incorrect,,,,Missed,0,None given,1,,nobody answered in time,
S40 E43,Round of 32,Tossup,46,Who wrote the musical score for West Side Story?,Leonard Bernstein,Music,Fine Arts,Scott County High School (Brylan's team) vs Knoxville Catholic High School,Alvaro,Knoxville Catholic High School,Incorrect,Connor,Scott County High School (Brylan's team),Incorrect,Missed,0,None given,1,,Alvaro said Lin-Manuel Miranda and Connor said Tennessee Williams,
S40 E43,Round of 32,Tossup,47,"Which Civil War general sent the message to President Lincoln stating, ""I present to you as a Christmas gift the city of Savannah""?",General William T. Sherman,U.S. History,Social Studies,Scott County High School (Brylan's team) vs Knoxville Catholic High School,Brylan,Scott County High School (Brylan's team),Incorrect,James,Knoxville Catholic High School,Incorrect,Missed,0,None given,1,,Brylan buzzed early and said Robert E. Lee; James said Grant; the game ended,
S40 E44,Round of 32,Tossup,1,At what speed do X-rays travel?,The speed of light,Health,Science & Technology,Morristown-Hamblen East High School vs Science Hill High School (Owen's team),Owen,Science Hill High School (Owen's team),Correct,,,,Correct,10,Science Hill High School (Owen's team),1,,,
S40 E44,Round of 32,Bonus,1,Part 1: How many ribs do humans have? | Part 2: What is the fibrous elastic tissue that connects the first seven pairs of ribs to the breastbone?,Part 1: 24 | Part 2: Costal cartilage,Health,Science & Technology,Morristown-Hamblen East High School vs Science Hill High School (Owen's team),,Science Hill High School (Owen's team),Partial,,,,Partial,10,Science Hill High School (Owen's team),2,,"the team said ""xiphoid process"" for Part 2 (the host said it is cartilage)",
S40 E44,Round of 32,Tossup,2,What is the term for a wall hanging made of heavy cloth with designs or pictures woven into it?,A tapestry,Art,Fine Arts,Morristown-Hamblen East High School vs Science Hill High School (Owen's team),Owen,Science Hill High School (Owen's team),Correct,,,,Correct,10,Science Hill High School (Owen's team),1,,Owen buzzed early,
S40 E44,Round of 32,Bonus,2,"In 2023, scientists using portable chemical imaging technology uncovered hidden details in ancient Egyptian tomb paintings of which pharaoh, who was the son of Seti I and built more monuments and sired more children than any other pharaoh?",Ramses II (Ramses the Great),Art,Fine Arts,Morristown-Hamblen East High School vs Science Hill High School (Owen's team),,Science Hill High School (Owen's team),Correct,,,,Correct,20,Science Hill High School (Owen's team),1,,"the team first said ""Ramses the Second"" and the host asked for more (""the Great"") and gave no points; at halftime the judges decided Ramses II and Ramses the Great are the same person and awarded Science Hill the 20 points",
S40 E44,Round of 32,Tossup,3,Which religion is represented by a six point star?,Judaism,Religion,Religion & Mythology,Morristown-Hamblen East High School vs Science Hill High School (Owen's team),Boyd,Morristown-Hamblen East High School,Correct,,,,Correct,10,Morristown-Hamblen East High School,1,,,
S40 E44,Round of 32,Bonus,3,"The Cathedral Basilica of Saint Louis, King of France, the oldest cathedral in continuous use in the United States, is located next to Jackson Square in what city?",New Orleans,Religion,Religion & Mythology,Morristown-Hamblen East High School vs Science Hill High School (Owen's team),,Morristown-Hamblen East High School,Incorrect,,,,Missed,0,None given,1,,the team said New York,
S40 E44,Round of 32,Tossup,4,In what city is the headquarters of General Motors?,"Detroit, Michigan",Economics,Social Studies,Morristown-Hamblen East High School vs Science Hill High School (Owen's team),Owen,Science Hill High School (Owen's team),Incorrect,Hayden,Morristown-Hamblen East High School,Incorrect,Missed,0,None given,1,,Owen said Chicago and Hayden said Tokyo,
S40 E44,Round of 32,Tossup,5,"What is the official language in Madagascar, the Republic of the Congo and Belgium (among others)?",French,Foreign Language,Foreign Language,Morristown-Hamblen East High School vs Science Hill High School (Owen's team),Kingston,Morristown-Hamblen East High School,Correct,,,,Correct,10,Morristown-Hamblen East High School,1,,,
S40 E44,Round of 32,Bonus,5,Name four of the five countries where English is the main language spoken.,"Any four of: United States, United Kingdom, Canada, Australia, New Zealand",Foreign Language,Foreign Language,Morristown-Hamblen East High School vs Science Hill High School (Owen's team),,Morristown-Hamblen East High School,Correct,,,,Correct,20,Morristown-Hamblen East High School,1,,"Hayden named the UK, Australia and New Zealand and deferred to Kingston, who added the USA",
S40 E44,Round of 32,Tossup,6,Which term is used to describe the ability of a mineral to transmit light?,Diaphaneity,Geology,Science & Technology,Morristown-Hamblen East High School vs Science Hill High School (Owen's team),Hayden,Morristown-Hamblen East High School,Incorrect,Arushi,Science Hill High School (Owen's team),Incorrect,Missed,0,None given,1,,Hayden said opacity and Arushi said luminescence,
S40 E44,Round of 32,Tossup,7,A trumpet has how many valves to facilitate a change in pitch?,Three,Music,Fine Arts,Morristown-Hamblen East High School vs Science Hill High School (Owen's team),Dorian,Morristown-Hamblen East High School,Correct,,,,Correct,10,Morristown-Hamblen East High School,1,,,
S40 E44,Round of 32,Bonus,7,"Part 1: What major key signature, when written for piano, has one sharp? | Part 2: What major key signature, when written for piano, has four flats?",Part 1: G major | Part 2: A-flat major,Music,Fine Arts,Morristown-Hamblen East High School vs Science Hill High School (Owen's team),,Morristown-Hamblen East High School,Partial,,,,Partial,10,Morristown-Hamblen East High School,2,,Kingston answered F major for Part 1,
S40 E44,Round of 32,Tossup,8,"What fifth century BC philosopher was sentenced to death after being found guilty of impiety and corrupting the young because he rejected the city's gods, introduced new divinities and inspired disrespect for authority among his youthful followers?",Socrates,History,Social Studies,Morristown-Hamblen East High School vs Science Hill High School (Owen's team),,Science Hill High School (Owen's team),Incorrect,Hayden,Morristown-Hamblen East High School,Incorrect,Missed,0,None given,1,,"Science Hill's buzzer is not named (the early answer was ""Confucius""); Hayden said Aristotle; the host reminded Morristown not to look at each other",
S40 E44,Round of 32,Tossup,9,"Which Charles Dickens book tells of a young man who must support his mother and sister after his father dies and who struggles to save his family and friends from the exploitation of his cold-hearted, grasping uncle?",Nicholas Nickleby,Literature,Language Arts,Morristown-Hamblen East High School vs Science Hill High School (Owen's team),Selena,Science Hill High School (Owen's team),Incorrect,Hayden,Morristown-Hamblen East High School,Incorrect,Missed,0,None given,1,,Selena buzzed early and said Great Expectations; Hayden said A Christmas Carol,
S40 E44,Round of 32,Tossup,10,"As a measure of energy, what do the letters BTU stand for?",British thermal unit,Science,Science & Technology,Morristown-Hamblen East High School vs Science Hill High School (Owen's team),,,No Buzz,,,,Missed,0,None given,1,,nobody answered; the host gave the answer,
S40 E44,Round of 32,Tossup,11,What is the chemical symbol for radon?,Rn,Chemistry,Science & Technology,Morristown-Hamblen East High School vs Science Hill High School (Owen's team),Owen,Science Hill High School (Owen's team),Correct,,,,Correct,10,Science Hill High School (Owen's team),1,,,
S40 E44,Round of 32,Bonus,11,Recent studies show that Americans are exposed to toxic BPA levels 5000 times higher than what the European Union considers safe. BPA is produced by the condensation of phenol and what organic compound with the formula C3H6O?,Acetone,Chemistry,Science & Technology,Morristown-Hamblen East High School vs Science Hill High School (Owen's team),,Science Hill High School (Owen's team),Incorrect,,,,Missed,0,None given,1,,the team said ethanol and then methanol,
S40 E44,Round of 32,Tossup,12,"In a race, if you overtake the person in second place, what place are you in?",Second place,Sports,General & Visual,Morristown-Hamblen East High School vs Science Hill High School (Owen's team),Owen,Science Hill High School (Owen's team),Correct,,,,Correct,10,Science Hill High School (Owen's team),1,,,
S40 E44,Round of 32,Bonus,12,Part 1: What is the name of the racetrack where the Kentucky Derby is held? | Part 2: On what day each year does the Kentucky Derby occur?,Part 1: Churchill Downs | Part 2: The first Saturday in May,Sports,General & Visual,Morristown-Hamblen East High School vs Science Hill High School (Owen's team),,Science Hill High School (Owen's team),Incorrect,,,,Missed,0,None given,2,,"the team said ""Grand Prix"" for Part 1 and ""Thursday, April 3rd"" for Part 2",
S40 E44,Round of 32,Tossup,13,Which state has the smallest land area?,Rhode Island,Geography,Social Studies,Morristown-Hamblen East High School vs Science Hill High School (Owen's team),Hayden,Morristown-Hamblen East High School,Correct,,,,Correct,10,Morristown-Hamblen East High School,1,,,
S40 E44,Round of 32,Bonus,13,Part 1: What desert represented on this satellite image is the third largest desert in the world? | Part 2: Name one of the two deserts larger than the Sahara.,Part 1: The Sahara | Part 2: The Antarctic (or Arctic) Desert,Visual,General & Visual,Morristown-Hamblen East High School vs Science Hill High School (Owen's team),,Morristown-Hamblen East High School,Correct,,,,Correct,20,Morristown-Hamblen East High School,2,,the host confirmed both the Arctic and the Antarctic are larger,
S40 E44,Round of 32,Tossup,14,"A type of artificial channel for water transport is an aqueduct. Spell ""aqueduct.""",A-Q-U-E-D-U-C-T,Spelling,Language Arts,Morristown-Hamblen East High School vs Science Hill High School (Owen's team),Owen,Science Hill High School (Owen's team),Correct,,,,Correct,10,Science Hill High School (Owen's team),1,,,
S40 E44,Round of 32,Bonus,14,"An event causing great and often sudden damage or distress or disaster is a calamity. Spell ""calamity.""",C-A-L-A-M-I-T-Y,Spelling,Language Arts,Morristown-Hamblen East High School vs Science Hill High School (Owen's team),,Science Hill High School (Owen's team),Correct,,,,Correct,20,Science Hill High School (Owen's team),1,,,
S40 E44,Round of 32,Tossup,15,"On December 14, 1972, Gene Cernan became the last Apollo astronaut to do what?",Walk on the moon,Astronomy,Science & Technology,Morristown-Hamblen East High School vs Science Hill High School (Owen's team),Owen,Science Hill High School (Owen's team),Incorrect,,Morristown-Hamblen East High School,Incorrect,Missed,0,None given,1,,"Owen's answer is garbled in the captions (appears to be ""land on the moon""); Morristown's steal buzzer is not named and the answer was ""orbit the Earth""; the host explained Cernan was the last to walk on the moon",
S40 E44,Round of 32,Tossup,16,The graph of the equation x = -y squared + 4 opens in which direction?,To the left,Algebra,Mathematics,Morristown-Hamblen East High School vs Science Hill High School (Owen's team),Shiven,Science Hill High School (Owen's team),Correct,,,,Correct,10,Science Hill High School (Owen's team),1,,,
S40 E44,Round of 32,Bonus,16,Give both of the factors of the expression 9y squared - 49.,(3y + 7) and (3y - 7),Algebra,Mathematics,Morristown-Hamblen East High School vs Science Hill High School (Owen's team),,Science Hill High School (Owen's team),Correct,,,,Correct,20,Science Hill High School (Owen's team),1,,the teammate deferred to is not named in the captions,
S40 E44,Round of 32,Tossup,17,"What four letter word beginning with V is used to describe an opening, hole or negative space often used in modern sculpture?",Void,Art,Fine Arts,Morristown-Hamblen East High School vs Science Hill High School (Owen's team),Kingston,Morristown-Hamblen East High School,Correct,,,,Correct,10,Morristown-Hamblen East High School,1,,Kingston buzzed early,
S40 E44,Round of 32,Bonus,17,Which artist pranked the art world when his balloon girl was sold at auction in 2018 and was then partially destroyed by a shredder hidden inside the frame?,Banksy,Art,Fine Arts,Morristown-Hamblen East High School vs Science Hill High School (Owen's team),,Morristown-Hamblen East High School,Correct,,,,Correct,20,Morristown-Hamblen East High School,1,,,
S40 E44,Round of 32,Tossup,18,"What agricultural chemist, who headed the Department of Agricultural Research at Tuskegee Institute, found multiple uses for the peanut?",George Washington Carver,History,Social Studies,Morristown-Hamblen East High School vs Science Hill High School (Owen's team),,Unknown,Correct,,,,Correct,10,Unknown,1,Yes,buzzer and team not named in the captions; team not identified in captions (captions lines 10024-10028),"Right for 20 toss up now in history. / What Agricultural chemist Who headed the Department of Agricultural Research at Tuskegee Institute and found multiple uses? / George Washington Carver. / right for ten and the history bonus. / Now who was the first Tennessee governor to serve two consecutive four year terms then say, the 99 Bill Haslam."
S40 E44,Round of 32,Bonus,18,Part 1: Who was the first Tennessee governor to serve two consecutive four year terms? | Part 2: Who has served the most terms total as governor of Tennessee?,Part 1: Lamar Alexander | Part 2: William Carroll (six nonconsecutive terms),History,Social Studies,Morristown-Hamblen East High School vs Science Hill High School (Owen's team),,Unknown,Incorrect,,,,Missed,0,None given,2,Yes,the team said Bill Haslam for Part 1 and Lamar Alexander for Part 2; team not identified in captions (captions lines 10027-10030),"right for ten and the history bonus. / Now who was the first Tennessee governor to serve two consecutive four year terms then say, the 99 Bill Haslam. / That's Lamar Alexander, who has served the most terms total as governor of Tennessee, Lamar Alexander. / And that's William Carroll, who has served six nonconsecutive terms plus up in English, what, five letter word beginning with a is a synonym of loathe?"
S40 E44,Round of 32,Tossup,19,"What five letter word beginning with A is a synonym of ""loathe""?",Abhor,English,Language Arts,Morristown-Hamblen East High School vs Science Hill High School (Owen's team),Hayden,Morristown-Hamblen East High School,Incorrect,Arushi,Science Hill High School (Owen's team),Correct,Correct,10,Science Hill High School (Owen's team),1,,"Hayden said ""adore""",
S40 E44,Round of 32,Bonus,19,"Part 1: What nine letter word beginning with V is a synonym of ""hesitate""? | Part 2: Spell that word.",Part 1: Vacillate | Part 2: V-A-C-I-L-L-A-T-E,English,Language Arts,Morristown-Hamblen East High School vs Science Hill High School (Owen's team),,Science Hill High School (Owen's team),Partial,,,,Partial,10,Science Hill High School (Owen's team),2,,the team spelled it with an extra S (V-A-S-C-I-L-L-A-T-E),
S40 E44,Round of 32,Tossup,20,What is the name for the male reproductive part of a flower?,The stamen,Biology,Science & Technology,Morristown-Hamblen East High School vs Science Hill High School (Owen's team),Arushi,Science Hill High School (Owen's team),Correct,,,,Correct,10,Science Hill High School (Owen's team),1,,,
S40 E44,Round of 32,Bonus,20,Part 1: What is the clear tissue over the colored part of the eye? | Part 2: What is the tough white tissue that serves as the supporting framework of the eye?,Part 1: The cornea | Part 2: The sclera,Biology,Science & Technology,Morristown-Hamblen East High School vs Science Hill High School (Owen's team),,Science Hill High School (Owen's team),Correct,,,,Correct,20,Science Hill High School (Owen's team),2,,,
S40 E44,Round of 32,Tossup,21,Which religious tradition is most closely associated with yoga?,Hinduism,Religion,Religion & Mythology,Morristown-Hamblen East High School vs Science Hill High School (Owen's team),Shiven,Science Hill High School (Owen's team),Correct,,,,Correct,10,Science Hill High School (Owen's team),1,,,
S40 E44,Round of 32,Bonus,21,"Name two of the three major religious holidays celebrated respectively by Jews, Christians and Muslims that coincided for the second year in a row in April 2023.","Any two of: Passover, Easter, Ramadan",Religion,Religion & Mythology,Morristown-Hamblen East High School vs Science Hill High School (Owen's team),,Science Hill High School (Owen's team),Correct,,,,Correct,20,Science Hill High School (Owen's team),1,,the team named Easter and Ramadan; the first half ended after this bonus,
S40 E44,Round of 32,Tossup,22,"What is the term for a college for the study of classical music or other arts, like Juilliard?",A conservatory,Miscellaneous,General & Visual,Morristown-Hamblen East High School vs Science Hill High School (Owen's team),Owen,Science Hill High School (Owen's team),Correct,,,,Correct,10,Science Hill High School (Owen's team),1,,,
S40 E44,Round of 32,Bonus,22,Part 1: Identify the other member of the famous duo Lewis and ___. | Part 2: Identify the other member of the royal couple Queen Victoria and ___.,Part 1: Clark | Part 2: Prince Albert,Miscellaneous,General & Visual,Morristown-Hamblen East High School vs Science Hill High School (Owen's team),,Science Hill High School (Owen's team),Correct,,,,Correct,20,Science Hill High School (Owen's team),2,,the question text is reconstructed from garbled captions,
S40 E44,Round of 32,Tossup,23,"What state, not known for its cheese, is America's leading producer of dairy products?",California,Geography,Social Studies,Morristown-Hamblen East High School vs Science Hill High School (Owen's team),Dorian,Morristown-Hamblen East High School,Incorrect,Shiven,Science Hill High School (Owen's team),Incorrect,Missed,0,None given,1,,Dorian said Wisconsin and Shiven said Michigan,
S40 E44,Round of 32,Tossup,24,"Which property of equality is illustrated by ""If x equals y, then y equals x""?",The symmetric property,Geometry,Mathematics,Morristown-Hamblen East High School vs Science Hill High School (Owen's team),Owen,Science Hill High School (Owen's team),Incorrect,Hayden,Morristown-Hamblen East High School,Incorrect,Missed,0,None given,1,,"Owen said ""reverse"" and Hayden said ""reflective""",
S40 E44,Round of 32,Tossup,25,What force moves particles of a rotating object away from the center of rotation?,Centrifugal force,Physics,Science & Technology,Morristown-Hamblen East High School vs Science Hill High School (Owen's team),,Unknown,Correct,,,,Correct,10,Unknown,1,Yes,buzzer and team not named in the captions; team not identified in captions (captions lines 10109-10113),Is that toss up now in physics? / What force moves particles of a rotating object away from the center of rotation showing centrifugal? / Yeah. / And a physics bonus. / Now which component in a circuit only allows current flow in one direction is capacitor just transistor.
S40 E44,Round of 32,Bonus,25,Part 1: Which component in a circuit only allows current to flow in one direction? | Part 2: Which component consists of a simple wire wound into a helix?,Part 1: A diode | Part 2: An inductor,Physics,Science & Technology,Morristown-Hamblen East High School vs Science Hill High School (Owen's team),,Unknown,Incorrect,,,,Missed,0,None given,2,Yes,"the team said ""capacitor/transistor"" for Part 1 and ""battery"" for Part 2; team not identified in captions (captions lines 10112-10117)",And a physics bonus. / Now which component in a circuit only allows current flow in one direction is capacitor just transistor. / That's diode. / Which component consists of a simple wire wound into a helix battery no matter time as or battery. / That's the inductor toss up in vocabulary for everyone. / what words do the letters SPF represent on a bottle of sunscreen Owen?
S40 E44,Round of 32,Tossup,26,What words do the letters SPF represent on a bottle of sunscreen?,Sun protection factor,Vocabulary,Language Arts,Morristown-Hamblen East High School vs Science Hill High School (Owen's team),Owen,Science Hill High School (Owen's team),Correct,,,,Correct,10,Science Hill High School (Owen's team),1,,,
S40 E44,Round of 32,Bonus,26,Part 1: What 11 letter word beginning with M means having a noble and generous spirit? | Part 2: Spell that word.,Part 1: Magnanimous | Part 2: M-A-G-N-A-N-I-M-O-U-S,Vocabulary,Language Arts,Morristown-Hamblen East High School vs Science Hill High School (Owen's team),,Science Hill High School (Owen's team),Correct,,,,Correct,20,Science Hill High School (Owen's team),2,,,
S40 E44,Round of 32,Tossup,27,Which of Handel's oratorios includes the Hallelujah chorus?,Messiah,Music,Fine Arts,Morristown-Hamblen East High School vs Science Hill High School (Owen's team),Arushi,Science Hill High School (Owen's team),Correct,,,,Correct,10,Science Hill High School (Owen's team),1,,,
S40 E44,Round of 32,Bonus,27,Part 1: Who composed Appalachian Spring and Fanfare for the Common Man? | Part 2: What country did he call home?,Part 1: Aaron Copland | Part 2: The United States,Music,Fine Arts,Morristown-Hamblen East High School vs Science Hill High School (Owen's team),,Science Hill High School (Owen's team),Correct,,,,Correct,20,Science Hill High School (Owen's team),2,,"Owen deferred to Arushi, who first said only ""Copland""",
S40 E44,Round of 32,Tossup,28,Which amendment to the U.S. Constitution provides for protection from unlawful search and seizure of someone's house or property?,The Fourth Amendment,Government,Social Studies,Morristown-Hamblen East High School vs Science Hill High School (Owen's team),Hayden,Morristown-Hamblen East High School,Incorrect,Shiven,Science Hill High School (Owen's team),Incorrect,Missed,0,None given,1,,Hayden said the fifth and Shiven said the third,
S40 E44,Round of 32,Tossup,29,"Translate the French words ""les poissons.""",The fishes,Foreign Language,Foreign Language,Morristown-Hamblen East High School vs Science Hill High School (Owen's team),Owen,Science Hill High School (Owen's team),Correct,,,,Correct,10,Science Hill High School (Owen's team),1,,,
S40 E44,Round of 32,Bonus,29,"What is the official Tennessee state game bird, also known as the partridge and considered one of the finest game birds in the world?",The bobwhite quail,Visual,General & Visual,Morristown-Hamblen East High School vs Science Hill High School (Owen's team),Arushi,Science Hill High School (Owen's team),Correct,,,,Correct,20,Science Hill High School (Owen's team),1,,Owen deferred to Arushi,
S40 E44,Round of 32,Tossup,30,What is the chemical formula for sulfuric acid?,H2SO4,Chemistry,Science & Technology,Morristown-Hamblen East High School vs Science Hill High School (Owen's team),Amanda,Science Hill High School (Owen's team),Correct,,,,Correct,10,Science Hill High School (Owen's team),1,,,
S40 E44,Round of 32,Bonus,30,Name four of the six elements classified as alkali metals.,"Any four of: lithium, sodium, potassium, rubidium, cesium, francium",Chemistry,Science & Technology,Morristown-Hamblen East High School vs Science Hill High School (Owen's team),,Science Hill High School (Owen's team),Partial,,,,Partial,5,Science Hill High School (Owen's team),1,,"the team named beryllium, calcium, lithium and magnesium; only lithium counted, for five points",
S40 E44,Round of 32,Tossup,31,Literature of ancient India is written in what language?,Sanskrit,Literature,Language Arts,Morristown-Hamblen East High School vs Science Hill High School (Owen's team),Shiven,Science Hill High School (Owen's team),Correct,,,,Correct,10,Science Hill High School (Owen's team),1,,,
S40 E44,Round of 32,Bonus,31,"First Lady Jill Biden, who works at Northern Virginia Community College, said one of her favorite books to teach is what 1850 novel, and by what author, about an unwed mother who struggles to create a new life of repentance and dignity in the Puritan Massachusetts Bay Colony?",The Scarlet Letter by Nathaniel Hawthorne,Literature,Language Arts,Morristown-Hamblen East High School vs Science Hill High School (Owen's team),,Science Hill High School (Owen's team),Correct,,,,Correct,20,Science Hill High School (Owen's team),1,,,
S40 E44,Round of 32,Tossup,32,"What Nashville-based comedian and podcast host, called ""the nicest man in standup,"" recently sold out multiple shows in Knoxville on his Be Funny tour and is known for his Netflix comedy specials, including Greatest Average American?",Nate Bargatze,Art,Fine Arts,Morristown-Hamblen East High School vs Science Hill High School (Owen's team),Amanda,Science Hill High School (Owen's team),Correct,,,,Correct,10,Science Hill High School (Owen's team),1,,,
S40 E44,Round of 32,Bonus,32,What 2023 comedy horror film directed by Elizabeth Banks was loosely inspired by the true story of a botched drug smuggling operation that resulted in a pilot falling to his death in Knoxville and an animal in Georgia overdosing on illegal narcotics?,Cocaine Bear,Art,Fine Arts,Morristown-Hamblen East High School vs Science Hill High School (Owen's team),,Science Hill High School (Owen's team),Correct,,,,Correct,20,Science Hill High School (Owen's team),1,,,
S40 E44,Round of 32,Tossup,33,Which country has the longest coastline in the world?,Canada,Geography,Social Studies,Morristown-Hamblen East High School vs Science Hill High School (Owen's team),Amanda,Science Hill High School (Owen's team),Correct,,,,Correct,10,Science Hill High School (Owen's team),1,,,
S40 E44,Round of 32,Bonus,33,The main region of the Inca Empire occupies three modern day countries. Name two of them.,"Any two of: Peru, Bolivia, Ecuador",Geography,Social Studies,Morristown-Hamblen East High School vs Science Hill High School (Owen's team),,Science Hill High School (Owen's team),Correct,,,,Correct,20,Science Hill High School (Owen's team),1,,the team named Peru and Bolivia; the host said Ecuador is the third,
S40 E44,Round of 32,Tossup,34,"Who was the mythological Greek goddess of marriage, women and family, and queen of the 12 Olympians?",Hera,Mythology,Religion & Mythology,Morristown-Hamblen East High School vs Science Hill High School (Owen's team),Dorian,Morristown-Hamblen East High School,Correct,,,,Correct,10,Morristown-Hamblen East High School,1,,,
S40 E44,Round of 32,Bonus,34,Part 1: The name of what mythological Greek god of the dead and king of the underworld later became thought of as the name of the underworld itself? | Part 2: Roman-era literature eventually merged Hades and some others into what Roman god of the underworld and riches?,Part 1: Hades | Part 2: Pluto,Mythology,Religion & Mythology,Morristown-Hamblen East High School vs Science Hill High School (Owen's team),,Morristown-Hamblen East High School,Correct,,,,Correct,20,Morristown-Hamblen East High School,2,,,
S40 E44,Round of 32,Tossup,35,What food is sometimes mixed with pigments to make tempera because of its adhesive properties?,Egg yolk,Biology,Science & Technology,Morristown-Hamblen East High School vs Science Hill High School (Owen's team),Boyd,Morristown-Hamblen East High School,Incorrect,Arushi,Science Hill High School (Owen's team),Incorrect,Missed,0,None given,1,,Boyd's early answer is not captured; Arushi said rice,
S40 E44,Round of 32,Tossup,36,"What is the y-intercept, in coordinate form, of y = 2x squared - 8x - 2?","(0, -2)",Pre-Calculus,Mathematics,Morristown-Hamblen East High School vs Science Hill High School (Owen's team),Shiven,Science Hill High School (Owen's team),Correct,,,,Correct,10,Science Hill High School (Owen's team),1,,,
S40 E44,Round of 32,Bonus,36,"What is the value of the cosecant of the angle measure pi over four, in simplest form?",Square root of 2,Pre-Calculus,Mathematics,Morristown-Hamblen East High School vs Science Hill High School (Owen's team),,Science Hill High School (Owen's team),Correct,,,,Correct,20,Science Hill High School (Owen's team),1,,,
S40 E44,Round of 32,Tossup,37,"What British singing group sang ""Strawberry Fields Forever"" and ""Hey Jude""?",The Beatles,Music,Fine Arts,Morristown-Hamblen East High School vs Science Hill High School (Owen's team),Owen,Science Hill High School (Owen's team),Correct,,,,Correct,10,Science Hill High School (Owen's team),1,,,
S40 E44,Round of 32,Bonus,37,"Part 1: What musical instrument shown here was introduced to the Hawaiian Islands by Portuguese immigrants in the late 19th century and has a name that roughly translates as ""jumping flea"" in the Hawaiian language? | Part 2: Spell that word.",Part 1: The ukulele | Part 2: U-K-U-L-E-L-E,Visual,General & Visual,Morristown-Hamblen East High School vs Science Hill High School (Owen's team),,Science Hill High School (Owen's team),Correct,,,,Correct,20,Science Hill High School (Owen's team),2,,,
S40 E44,Round of 32,Tossup,38,What is the business terminology for costs that do not vary with changes in output?,Fixed costs,Economics,Social Studies,Morristown-Hamblen East High School vs Science Hill High School (Owen's team),Arushi,Science Hill High School (Owen's team),Correct,,,,Correct,10,Science Hill High School (Owen's team),1,,,
S40 E44,Round of 32,Bonus,38,"In 2022, which U.S. financial agency investigated which billionaire about his attempt to buy a stake in Twitter?",The Securities and Exchange Commission and Elon Musk,Economics,Social Studies,Morristown-Hamblen East High School vs Science Hill High School (Owen's team),,Science Hill High School (Owen's team),Correct,,,,Correct,20,Science Hill High School (Owen's team),1,,,
S40 E44,Round of 32,Tossup,39,"What ten letter word beginning with U means one-sided, as in an action or decision by one involved party without the agreement of the others?",Unilateral,Vocabulary,Language Arts,Morristown-Hamblen East High School vs Science Hill High School (Owen's team),Boyd,Morristown-Hamblen East High School,Correct,,,,Correct,10,Morristown-Hamblen East High School,1,,,
S40 E44,Round of 32,Bonus,39,"Part 1: What is the superlative of the adjective ""bad""? | Part 2: What five letter word is the superlative of the adjective ""little""?",Part 1: Worst | Part 2: Least,Vocabulary,Language Arts,Morristown-Hamblen East High School vs Science Hill High School (Owen's team),,Morristown-Hamblen East High School,Partial,,,,Partial,10,Morristown-Hamblen East High School,2,,"the team said ""small"" for Part 2",
S40 E44,Round of 32,Tossup,40,"What geological era means ""middle life"" and includes the Triassic, Jurassic and Cretaceous periods?",The Mesozoic era,Geology,Science & Technology,Morristown-Hamblen East High School vs Science Hill High School (Owen's team),Amanda,Science Hill High School (Owen's team),Correct,,,,Correct,10,Science Hill High School (Owen's team),1,,,
S40 E44,Round of 32,Bonus,40,What are two of the four most plentiful elements in the Earth's crust?,"Any two of: oxygen, silicon, aluminum, iron",Geology,Science & Technology,Morristown-Hamblen East High School vs Science Hill High School (Owen's team),,Science Hill High School (Owen's team),Partial,,,,Partial,10,Science Hill High School (Owen's team),1,,"the team said carbon and aluminum; only aluminum counted, for ten points",
S40 E44,Round of 32,Tossup,41,What is the chemical formula for nitric oxide?,NO,Chemistry,Science & Technology,Morristown-Hamblen East High School vs Science Hill High School (Owen's team),Shiven,Science Hill High School (Owen's team),Incorrect,,Morristown-Hamblen East High School,Incorrect,Missed,0,None given,1,,"Shiven said NO2; Morristown conferred on the steal and the host would not take it (""can't confer on tossups"")",
S40 E44,Round of 32,Tossup,42,"What international sport popular in Great Britain features wickets, stumps and bails?",Cricket,Sports,General & Visual,Morristown-Hamblen East High School vs Science Hill High School (Owen's team),Hayden,Morristown-Hamblen East High School,Correct,,,,Correct,10,Morristown-Hamblen East High School,1,,,
S40 E44,Round of 32,Bonus,42,"110 years after being stripped of his gold medals for violating strict amateur rules, which Native American, considered one of the greatest all-around athletes of all time, was reinstated in 2022 as the sole winner of the 1912 Stockholm Olympic pentathlon and decathlon events?",Jim Thorpe,Sports,General & Visual,Morristown-Hamblen East High School vs Science Hill High School (Owen's team),,Morristown-Hamblen East High School,Incorrect,,,,Missed,0,None given,1,,the team said Usain Bolt,
S40 E44,Round of 32,Tossup,43,Which U.S. president presided over the Era of Good Feelings?,James Monroe,U.S. History,Social Studies,Morristown-Hamblen East High School vs Science Hill High School (Owen's team),Arushi,Science Hill High School (Owen's team),Correct,,,,Correct,10,Science Hill High School (Owen's team),1,,,
S40 E44,Round of 32,Bonus,43,"In 1947, civil rights leader Bayard Rustin and three other men launched a protest to challenge Jim Crow laws that mandated segregation on buses and were sentenced to work in a chain gang in North Carolina. By what name was the protest known?",The Journey of Reconciliation,U.S. History,Social Studies,Morristown-Hamblen East High School vs Science Hill High School (Owen's team),,Science Hill High School (Owen's team),Incorrect,,,,Missed,0,None given,1,,"the team said ""bus riders/Freedom Riders""; the host said that was the later Freedom Rides",
S40 E44,Round of 32,Tossup,44,Who wrote the Canterbury Tales?,Geoffrey Chaucer,Literature,Language Arts,Morristown-Hamblen East High School vs Science Hill High School (Owen's team),Arushi,Science Hill High School (Owen's team),Correct,,,,Correct,10,Science Hill High School (Owen's team),1,,,
S40 E44,Round of 32,Bonus,44,Name four of the 15 Americans who have won the Nobel Prize in Literature.,"Any four of the American laureates, e.g. Faulkner, Steinbeck, Hemingway, Morrison",Literature,Language Arts,Morristown-Hamblen East High School vs Science Hill High School (Owen's team),,Science Hill High School (Owen's team),Partial,,,,Partial,10,Science Hill High School (Owen's team),1,Yes,"the team named Faulkner, Steinbeck, ""Hathaway"" and Robert Frost; the host credited only Faulkner and Steinbeck (10 points) and said he could not find the other two on the list (the captions' ""Hathaway"" may be Hemingway, who did win); the game ended after this bonus (captions lines 10258-10273)","And a literature bonus now for Science Hill, named four of the 15 Americans who have won the Nobel Prize for Literature. / Answer? / Faulkner, Steinbeck, Hathaway and Robert Frost. / Well, definitely Faulkner and Steinbeck. / So you get ten points for the two of them. / I don't see Hathaway or Robert Frost on the list, which is available on the Internet. / That's the end of our game. / And Science Hill has pulled away to advance. / Meanwhile, Morristown Hamblin East, thank you so much for being here. / We very much appreciate your being here in your spiffy outfits and look forward to seeing you again next year on Scholar's Bowl. / Meanwhile, Science Hill, one of the three teams that Science hill has put into the tournament, will advance to the round of the Smart 16. / We'll see who your opponents are going to be as you keep watching every episode of Scholars' Bowl, set your DVR and don't miss one of them. / Or you can binge watch past seasons online as they do using the PBS app. / My name is Frank Murphy. / Thank you so much for watching. / Tennessee's Scholars Bowl 2024."
S40 E45,Round of 32,Tossup,1,Which 19th century Austrian monk discovered the principles of heredity?,Gregor Mendel,Biology,Science & Technology,Roane County High School vs Cocke County High School (Dhruv's team),Dhruv,Cocke County High School (Dhruv's team),Correct,,,,Correct,10,Cocke County High School (Dhruv's team),1,,,
S40 E45,Round of 32,Bonus,1,"Thought to be extinct for more than a century, a rare species of giant tortoise was found in 2022 on what volcanic archipelago in the Pacific Ocean that has plants and animals found nowhere else?",The Galapagos Islands,Biology,Science & Technology,Roane County High School vs Cocke County High School (Dhruv's team),Luke,Cocke County High School (Dhruv's team),Correct,,,,Correct,20,Cocke County High School (Dhruv's team),1,,the captain deferred to Luke,
S40 E45,Round of 32,Tossup,2,"Translate ""je m'appelle François"" from French to English.",My name is Francis (Frank),Foreign Language,Foreign Language,Roane County High School vs Cocke County High School (Dhruv's team),Maddox,Roane County High School,Correct,,,,Correct,10,Roane County High School,1,,"Maddox said ""my name is Frank"" and the host accepted it",
S40 E45,Round of 32,Bonus,2,"Part 1: What phrase meaning ""of nothing"" is used to say ""you're welcome"" in Spanish? | Part 2: What phrase meaning ""much pleasure"" is used to say ""nice to meet you"" in Spanish?",Part 1: De nada | Part 2: Mucho gusto,Foreign Language,Foreign Language,Roane County High School vs Cocke County High School (Dhruv's team),,Roane County High School,Partial,,,,Partial,10,Roane County High School,2,,the team ran out of time on Part 2,
S40 E45,Round of 32,Tossup,3,"In the equation (x + 4) squared plus (y - 6) squared equals 49, what are the coordinates of the circle center?","(-4, 6)",Geometry,Mathematics,Roane County High School vs Cocke County High School (Dhruv's team),Lucas,Roane County High School,Correct,,,,Correct,10,Roane County High School,1,,,
S40 E45,Round of 32,Bonus,3,Part 1: Name the triangle that has no congruent sides. | Part 2: Name the triangle that has at least two congruent sides.,Part 1: Scalene | Part 2: Isosceles,Geometry,Mathematics,Roane County High School vs Cocke County High School (Dhruv's team),,Roane County High School,Correct,,,,Correct,20,Roane County High School,2,,,
S40 E45,Round of 32,Tossup,4,Who composed the 1812 Overture?,Tchaikovsky,Music,Fine Arts,Roane County High School vs Cocke County High School (Dhruv's team),Lucas,Roane County High School,Correct,,,,Correct,10,Roane County High School,1,,,
S40 E45,Round of 32,Bonus,4,In which two languages did composer J.S. Bach write the texts for his work?,German and Latin,Music,Fine Arts,Roane County High School vs Cocke County High School (Dhruv's team),,Roane County High School,Correct,,,,Correct,20,Roane County High School,1,,"the team first said ""German and German"" before correcting to German and Latin",
S40 E45,Round of 32,Tossup,5,Which suffragette was featured on a 1979 U.S. dollar coin?,Susan B. Anthony,Economics,Social Studies,Roane County High School vs Cocke County High School (Dhruv's team),Nathan,Roane County High School,Incorrect,Luke,Cocke County High School (Dhruv's team),Incorrect,Missed,0,None given,1,,Nathan said Harriet Tubman and Luke said Mother Teresa,
S40 E45,Round of 32,Tossup,6,What is the regular periodic rise and fall of the sea called?,Tides,Science,Science & Technology,Roane County High School vs Cocke County High School (Dhruv's team),Dhruv,Cocke County High School (Dhruv's team),Correct,,,,Correct,10,Cocke County High School (Dhruv's team),1,,,
S40 E45,Round of 32,Bonus,6,"What type of scientific instrument shown here is used to detect and record vibrations and movements in the earth, especially during an earthquake?",A seismograph (seismometer),Visual,General & Visual,Roane County High School vs Cocke County High School (Dhruv's team),,Cocke County High School (Dhruv's team),Incorrect,,,,Missed,0,None given,1,,"Luke answered ""Richter scale""",
S40 E45,Round of 32,Tossup,7,What was the final item revealed in Pandora's Box?,Hope,Literature,Language Arts,Roane County High School vs Cocke County High School (Dhruv's team),Luke,Cocke County High School (Dhruv's team),Correct,,,,Correct,10,Cocke County High School (Dhruv's team),1,,,
S40 E45,Round of 32,Bonus,7,"Part 1: Which bestselling author of Carrie and The Shining testified in 2022 to oppose a $2.2 billion merger between Penguin Random House and Simon & Schuster, which would have reduced the big five U.S. book publishers to four? | Part 2: What is the name of the collection of federal laws that regulate the conduct of businesses to promote competition and prevent unjustified monopolies?",Part 1: Stephen King | Part 2: Antitrust laws,Literature,Language Arts,Roane County High School vs Cocke County High School (Dhruv's team),,Cocke County High School (Dhruv's team),Partial,,,,Partial,10,Cocke County High School (Dhruv's team),2,,Luke deferred to Lucy for both parts; she said Steinbeck for Part 1,
S40 E45,Round of 32,Tossup,8,"Which mythological Greek god was one of the titans, a son of Hyperion, brother of Eos and a personification of the sun?",Helios,Mythology,Religion & Mythology,Roane County High School vs Cocke County High School (Dhruv's team),Luke,Cocke County High School (Dhruv's team),Correct,,,,Correct,10,Cocke County High School (Dhruv's team),1,,,
S40 E45,Round of 32,Bonus,8,"In 2023, the biggest hunt in half a century was held in Scotland for which fabled aquatic creature?",The Loch Ness Monster,Mythology,Religion & Mythology,Roane County High School vs Cocke County High School (Dhruv's team),,Cocke County High School (Dhruv's team),Correct,,,,Correct,20,Cocke County High School (Dhruv's team),1,,,
S40 E45,Round of 32,Tossup,9,Which Christian holiday is on the first Sunday after the first full moon after March 21?,Easter,Religion,Religion & Mythology,Roane County High School vs Cocke County High School (Dhruv's team),Lucas,Roane County High School,Correct,,,,Correct,10,Roane County High School,1,,,
S40 E45,Round of 32,Bonus,9,"In the Gospel of John, who was the brother of Martha and Mary whom Jesus raised from the dead?",Lazarus,Religion,Religion & Mythology,Roane County High School vs Cocke County High School (Dhruv's team),,Roane County High School,Incorrect,,,,Missed,0,None given,1,,"Nathan deferred to Lucas, who said ""Jeremiah""",
S40 E45,Round of 32,Tossup,10,Of what country is Budapest the capital?,Hungary,Geography,Social Studies,Roane County High School vs Cocke County High School (Dhruv's team),Dhruv,Cocke County High School (Dhruv's team),Correct,,,,Correct,10,Cocke County High School (Dhruv's team),1,,,
S40 E45,Round of 32,Bonus,10,"In 2022, construction began on a wall across the island of Hispaniola to stop migrant crossings, drugs and contraband between which two countries?",Haiti and the Dominican Republic,Geography,Social Studies,Roane County High School vs Cocke County High School (Dhruv's team),,Cocke County High School (Dhruv's team),Incorrect,,,,Missed,0,None given,1,,the team named Colombia and Venezuela,
S40 E45,Round of 32,Tossup,11,What are the two numbers used in a binary system?,One and zero,Technology,Science & Technology,Roane County High School vs Cocke County High School (Dhruv's team),Dhruv,Cocke County High School (Dhruv's team),Correct,,,,Correct,10,Cocke County High School (Dhruv's team),1,,,
S40 E45,Round of 32,Bonus,11,"Part 1: In 2022, several airlines canceled flights due to the deployment of what mobile phone technology near some U.S. airports? | Part 2: It was feared that 5G could interfere with which piece of equipment that measures the height of the aircraft above terrain?",Part 1: 5G | Part 2: The radio altimeter,Technology,Science & Technology,Roane County High School vs Cocke County High School (Dhruv's team),,Cocke County High School (Dhruv's team),Correct,,,,Correct,20,Cocke County High School (Dhruv's team),2,,"the host accepted ""altimeter"" for Part 2",
S40 E45,Round of 32,Tossup,12,What ten letter word beginning with P is an antonym of poverty and a synonym of well-being and happiness?,Prosperity,Vocabulary,Language Arts,Roane County High School vs Cocke County High School (Dhruv's team),Dhruv,Cocke County High School (Dhruv's team),Correct,,,,Correct,10,Cocke County High School (Dhruv's team),1,,"the buzzer name is garbled in the captions (""truth"", read as Dhruv); this fits the halftime tie",
S40 E45,Round of 32,Bonus,12,Elk are to hooves as hawks are to what?,Talons,Vocabulary,Language Arts,Roane County High School vs Cocke County High School (Dhruv's team),,Cocke County High School (Dhruv's team),Correct,,,,Correct,20,Cocke County High School (Dhruv's team),1,,"the team first said ""two feet?"" and then ""talons""; the host explained the question was asking about their feet",
S40 E45,Round of 32,Tossup,13,Multiply 0.065 times 0.005.,0.000325,Math,Mathematics,Roane County High School vs Cocke County High School (Dhruv's team),Nathan,Roane County High School,Correct,,,,Correct,10,Roane County High School,1,,,
S40 E45,Round of 32,Bonus,13,Find the perimeter of a right triangle that has legs of 16 feet and 30 feet.,80 feet,Math,Mathematics,Roane County High School vs Cocke County High School (Dhruv's team),Lucas,Roane County High School,Correct,,,,Correct,20,Roane County High School,1,,Nathan deferred to Lucas,
S40 E45,Round of 32,Tossup,14,"In the field of art, what shape is referred to as a perfect shape?",A circle,Art,Fine Arts,Roane County High School vs Cocke County High School (Dhruv's team),,Roane County High School,Correct,,,,Correct,10,Roane County High School,1,,"buzzer not named; the captions' ""not a circle"" is probably the answer ""a circle""; the bonus was Roane's",
S40 E45,Round of 32,Bonus,14,Part 1: Who is the artist shown here in his 1845 self-portrait? | Part 2: What is the title of that famous self-portrait?,Part 1: Gustave Courbet | Part 2: The Desperate Man,Visual,General & Visual,Roane County High School vs Cocke County High School (Dhruv's team),,Roane County High School,Incorrect,,,,Missed,0,None given,2,,"the team's Part 1 answer is garbled in the captions (""Ken Barrow"") and they said ""Self-portrait"" for Part 2",
S40 E45,Round of 32,Tossup,15,"When Benedict Arnold betrayed the United States in 1780, what did he offer in exchange for 10,000 pounds and a British military commission?",To surrender the fort at West Point,U.S. History,Social Studies,Roane County High School vs Cocke County High School (Dhruv's team),Maddox,Roane County High School,Incorrect,,,,Missed,0,None given,1,,"Maddox said ""troop movements""; no Cocke County steal answer captured",
S40 E45,Round of 32,Tossup,16,What is the atomic number of the element tennessine?,117,Chemistry,Science & Technology,Roane County High School vs Cocke County High School (Dhruv's team),Ethan,Roane County High School,Incorrect,Luke,Cocke County High School (Dhruv's team),Incorrect,Missed,0,None given,1,,Ethan said 118; Luke said 114 (the host said he realized it was 117 right after saying it),
S40 E45,Round of 32,Tossup,17,"What word beginning with T is the antonym of ""savage""?",Tame,English,Language Arts,Roane County High School vs Cocke County High School (Dhruv's team),Ethan,Roane County High School,Correct,,,,Correct,10,Roane County High School,1,,,
S40 E45,Round of 32,Bonus,17,"Part 1: What is the past simple of the verb ""choose""? | Part 2: What is the past participle of the verb ""choose""?",Part 1: Chose | Part 2: Chosen,English,Language Arts,Roane County High School vs Cocke County High School (Dhruv's team),,Roane County High School,Correct,,,,Correct,20,Roane County High School,2,,,
S40 E45,Round of 32,Tossup,18,Which structure in the eyeball contains the photoreceptors?,The retina,Health,Science & Technology,Roane County High School vs Cocke County High School (Dhruv's team),Luke,Cocke County High School (Dhruv's team),Incorrect,Nathan,Roane County High School,Incorrect,Missed,0,None given,1,,Luke said iris and Nathan said cornea,
S40 E45,Round of 32,Tossup,19,"What is a countertop cooking appliance that combines a heating element and a powerful fan to circulate heat, similar to a convection oven?",An air fryer,Miscellaneous,General & Visual,Roane County High School vs Cocke County High School (Dhruv's team),Lucas,Roane County High School,Incorrect,,,,Missed,0,None given,1,,"Lucas said ""stove""; no Cocke County steal answer captured",
S40 E45,Round of 32,Tossup,20,How many votes are needed to end a filibuster in the U.S. Senate?,60 votes,Government,Social Studies,Roane County High School vs Cocke County High School (Dhruv's team),Lucas,Roane County High School,Incorrect,Luke,Cocke County High School (Dhruv's team),Incorrect,Missed,0,None given,1,,Lucas said 67 and Luke said two thirds,
S40 E45,Round of 32,Tossup,21,Atomic sizes are measured in what unit?,The angstrom,Physics,Science & Technology,Roane County High School vs Cocke County High School (Dhruv's team),Nathan,Roane County High School,Correct,,,,Correct,10,Roane County High School,1,,,
S40 E45,Round of 32,Bonus,21,Part 1: What simple machine is represented by a block and tackle (a pulley and a movable pulley)? | Part 2: What simple machine is represented by the claw end of a hammer?,Part 1: A pulley | Part 2: A lever,Physics,Science & Technology,Roane County High School vs Cocke County High School (Dhruv's team),,Roane County High School,Correct,,,,Correct,20,Roane County High School,2,,the first half ended after this bonus,
S40 E45,Round of 32,Tossup,22,What is the term for a passage in a literary work that interrupts the action to describe an event that occurred earlier?,A flashback,Literature,Language Arts,Roane County High School vs Cocke County High School (Dhruv's team),Lucas,Roane County High School,Correct,,,,Correct,10,Roane County High School,1,,,
S40 E45,Round of 32,Bonus,22,What are the four styles of writing for essays?,"Narrative, descriptive, persuasive and expository",Literature,Language Arts,Roane County High School vs Cocke County High School (Dhruv's team),,Roane County High School,Partial,,,,Partial,15,Roane County High School,1,,"the team named persuasive, expository, argumentative and narrative; the host gave 15 points",
S40 E45,Round of 32,Tossup,23,What value must be added to the expression x squared - 24x in order to make a perfect square trinomial?,144,Algebra,Mathematics,Roane County High School vs Cocke County High School (Dhruv's team),Lucas,Roane County High School,Correct,,,,Correct,10,Roane County High School,1,,,
S40 E45,Round of 32,Bonus,23,What is the sum of the square root of 50 and the square root of 18 in simplified radical form?,8 root 2,Algebra,Mathematics,Roane County High School vs Cocke County High School (Dhruv's team),,Roane County High School,Correct,,,,Correct,20,Roane County High School,1,,,
S40 E45,Round of 32,Tossup,24,What is the game in which two long jump ropes turning in opposite directions are jumped by one or more players jumping simultaneously?,Double Dutch,Games,General & Visual,Roane County High School vs Cocke County High School (Dhruv's team),Ethan,Roane County High School,Correct,,,,Correct,10,Roane County High School,1,,,
S40 E45,Round of 32,Bonus,24,"First introduced on the Nintendo GameCube, what video game series has the player control a horde of plant-like creatures with a leaf, bud or flower sprouting from each of their heads, using them to navigate obstacles, fight off predatory fauna and collect items?",Pikmin,Games,General & Visual,Roane County High School vs Cocke County High School (Dhruv's team),,Roane County High School,Correct,,,,Correct,20,Roane County High School,1,,the host thanked the team for the answer (no explicit ruling) and gave 20,
S40 E45,Round of 32,Tossup,25,What unit of astronomical distance is equivalent to 5.88 trillion miles?,One light year,Astronomy,Science & Technology,Roane County High School vs Cocke County High School (Dhruv's team),Dhruv,Cocke County High School (Dhruv's team),Correct,,,,Correct,10,Cocke County High School (Dhruv's team),1,,,
S40 E45,Round of 32,Bonus,25,"In 2023, the journal Icarus reported that an abundance of clouds has all but mysteriously vanished since 2019 on which planet that is more than 30 times as far from the Sun as Earth?",Neptune,Astronomy,Science & Technology,Roane County High School vs Cocke County High School (Dhruv's team),,Cocke County High School (Dhruv's team),Incorrect,,,,Missed,0,None given,1,,the team said Jupiter,
S40 E45,Round of 32,Tossup,26,Which scientist is credited with research that determined dogs developed conditioned reflexes?,Ivan Pavlov,Biology,Science & Technology,Roane County High School vs Cocke County High School (Dhruv's team),Dhruv,Cocke County High School (Dhruv's team),Incorrect,Nathan,Roane County High School,Correct,Correct,10,Roane County High School,1,,Dhruv said Sigmund Freud,
S40 E45,Round of 32,Bonus,26,Part 1: Which Native American tribe on the Rosebud Reservation aims to establish the largest indigenous owned and managed bison herd? | Part 2: In which state is the Rosebud Reservation?,Part 1: The Sioux (Lakota Sioux) | Part 2: South Dakota,Biology,Science & Technology,Roane County High School vs Cocke County High School (Dhruv's team),,Roane County High School,Partial,,,,Partial,10,Roane County High School,2,,the team said Navajo for Part 1,
S40 E45,Round of 32,Tossup,27,What is the official language in Myanmar?,Burmese,Foreign Language,Foreign Language,Roane County High School vs Cocke County High School (Dhruv's team),Nathan,Roane County High School,Incorrect,Lucy,Cocke County High School (Dhruv's team),Incorrect,Missed,0,None given,1,,Nathan said Hindi and Lucy said French,
S40 E45,Round of 32,Tossup,28,Who was President of the United States between Bill Clinton and Barack Obama?,George W. Bush,History,Social Studies,Roane County High School vs Cocke County High School (Dhruv's team),Lucas,Roane County High School,Incorrect,Luke,Cocke County High School (Dhruv's team),Correct,Correct,10,Cocke County High School (Dhruv's team),1,,Lucas said George H.W. Bush,
S40 E45,Round of 32,Bonus,28,"Part 1: Ulysses S. Grant, shown here, did not want to attend which college where he was sent by his father in 1839? | Part 2: As a battlefield commander in February 1862, Grant won the Union's first major victory, capturing Fort Donelson in what state?",Part 1: The U.S. Military Academy at West Point | Part 2: Tennessee,Visual,General & Visual,Roane County High School vs Cocke County High School (Dhruv's team),,Cocke County High School (Dhruv's team),Incorrect,,,,Missed,0,None given,2,,Luke answered Cambridge University for Part 1 and the team said Virginia for Part 2,
S40 E45,Round of 32,Tossup,29,"What country singer who grew up in Knox County has had hits with ""Here and Now"" and ""The Good Stuff""?",Kenny Chesney,Music,Fine Arts,Roane County High School vs Cocke County High School (Dhruv's team),Luke,Cocke County High School (Dhruv's team),Incorrect,,,,Missed,0,None given,1,,Luke said Luke Combs; no Roane County steal answer captured,
S40 E45,Round of 32,Tossup,30,Which of the Great Lakes does not border the state of Michigan?,Lake Ontario,Geography,Social Studies,Roane County High School vs Cocke County High School (Dhruv's team),Luke,Cocke County High School (Dhruv's team),Correct,,,,Correct,10,Cocke County High School (Dhruv's team),1,,,
S40 E45,Round of 32,Bonus,30,Part 1: Which state capital is the highest in elevation? | Part 2: Which state capital is westernmost?,"Part 1: Santa Fe, New Mexico | Part 2: Honolulu",Geography,Social Studies,Roane County High School vs Cocke County High School (Dhruv's team),,Cocke County High School (Dhruv's team),Partial,,,,Partial,10,Cocke County High School (Dhruv's team),2,,the team said Salt Lake City for Part 1,
S40 E45,Round of 32,Tossup,31,"What branch of geology studies how groundwater is transported and distributed in the soil, rock and Earth's crust?",Hydrogeology,Geology,Science & Technology,Roane County High School vs Cocke County High School (Dhruv's team),Nathan,Roane County High School,Incorrect,Dhruv,Cocke County High School (Dhruv's team),Incorrect,Missed,0,None given,1,,Nathan said hydrology and Dhruv said environmental science,
S40 E45,Round of 32,Tossup,32,Spell the eight letter word beginning with C that is an excellent tool for keeping track of one's daily tasks.,C-A-L-E-N-D-A-R,Spelling,Language Arts,Roane County High School vs Cocke County High School (Dhruv's team),Lucas,Roane County High School,Incorrect,Dhruv,Cocke County High School (Dhruv's team),Correct,Correct,10,Cocke County High School (Dhruv's team),1,,Lucas said the word without spelling it,
S40 E45,Round of 32,Bonus,32,Spell the eight letter word beginning with S that means to arrange or plan an event to take place at a particular time.,S-C-H-E-D-U-L-E,Spelling,Language Arts,Roane County High School vs Cocke County High School (Dhruv's team),,Cocke County High School (Dhruv's team),Correct,,,,Correct,20,Cocke County High School (Dhruv's team),1,,,
S40 E45,Round of 32,Tossup,33,"If one half of a number minus four is equal to ten, what is the number?",28,Math,Mathematics,Roane County High School vs Cocke County High School (Dhruv's team),Lucas,Roane County High School,Correct,,,,Correct,10,Roane County High School,1,,,
S40 E45,Round of 32,Bonus,33,The area of a circle is 196 pi. What are the diameter and circumference of this circle?,Diameter 28; circumference 28 pi,Visual,General & Visual,Roane County High School vs Cocke County High School (Dhruv's team),,Roane County High School,Correct,,,,Correct,20,Roane County High School,1,,"the diameter in the captions is garbled (""20 and 28"")",
S40 E45,Round of 32,Tossup,34,Which type of athletes traditionally ask the Virgin of Macarena to pray for their protection?,Bullfighters,Sports,General & Visual,Roane County High School vs Cocke County High School (Dhruv's team),Luke,Cocke County High School (Dhruv's team),Incorrect,,,,Missed,0,None given,1,,Luke said Buddhists; no Roane County steal answer captured,
S40 E45,Round of 32,Tossup,35,"""Doughboy"" was a popular nickname for the American infantryman during what conflict?",World War I,World History,Social Studies,Roane County High School vs Cocke County High School (Dhruv's team),Dhruv,Cocke County High School (Dhruv's team),Correct,,,,Correct,10,Cocke County High School (Dhruv's team),1,,,
S40 E45,Round of 32,Bonus,35,"In 2022, the prime minister of Poland said Vladimir Putin has deadlier weapons at his disposal and is more dangerous than which two men who led Germany and the Soviet Union during World War II?",Adolf Hitler and Joseph Stalin,World History,Social Studies,Roane County High School vs Cocke County High School (Dhruv's team),,Cocke County High School (Dhruv's team),Correct,,,,Correct,20,Cocke County High School (Dhruv's team),1,,,
S40 E45,Round of 32,Tossup,36,"Acetone is a chemical found in nail polish remover. If a urine test reveals the presence of acetone, what disease is suspected?",Diabetes,Health,Science & Technology,Roane County High School vs Cocke County High School (Dhruv's team),Nathan,Roane County High School,Incorrect,Luke,Cocke County High School (Dhruv's team),Incorrect,Missed,0,None given,1,,Nathan said kidney stones and Luke said pneumonia,
S40 E45,Round of 32,Tossup,37,"In the sentence ""You will rue the day you met me,"" what does the word ""rue"" mean?",Regret,Vocabulary,Language Arts,Roane County High School vs Cocke County High School (Dhruv's team),Luke,Cocke County High School (Dhruv's team),Correct,,,,Correct,10,Cocke County High School (Dhruv's team),1,,,
S40 E45,Round of 32,Bonus,37,Part 1: Name the phobia that is the fear of thunderstorms. | Part 2: Name the phobia that is the fear of needles.,Part 1: Astraphobia | Part 2: Trypanophobia,Vocabulary,Language Arts,Roane County High School vs Cocke County High School (Dhruv's team),,Cocke County High School (Dhruv's team),Incorrect,,,,Missed,0,None given,2,,"the team said ""thunderphobia"" and ""paniphobia""",
S40 E45,Round of 32,Tossup,38,What was the word for members of an activist women's organization in the early 20th century who helped women win the vote?,Suffragettes,Government,Social Studies,Roane County High School vs Cocke County High School (Dhruv's team),Maddox,Roane County High School,Correct,,,,Correct,10,Roane County High School,1,,,
S40 E45,Round of 32,Bonus,38,"In 2023, hundreds of ethnic Armenians were killed and thousands fled, saying a campaign of ethnic cleansing and a land grab was underway. By what country, which lies along the Caspian Sea and borders Armenia to the east and Georgia to the north?",Azerbaijan,Government,Social Studies,Roane County High School vs Cocke County High School (Dhruv's team),,Roane County High School,Incorrect,,,,Missed,0,None given,1,,"the team's answer is not captured; the host said ""now it's Azerbaijan""",
S40 E45,Round of 32,Tossup,39,Which bridge that currently crosses the Thames River is a box girder bridge?,London Bridge,Architecture,Fine Arts,Roane County High School vs Cocke County High School (Dhruv's team),Maddox,Roane County High School,Incorrect,Dhruv,Cocke County High School (Dhruv's team),Correct,Correct,10,Cocke County High School (Dhruv's team),1,,Maddox said Tower Bridge,
S40 E45,Round of 32,Bonus,39,"Architect Eero Saarinen, known for designing the Gateway Arch in St. Louis, also designed the main terminal of what major airport 26 miles west of Washington, D.C.?",Dulles International Airport,Architecture,Fine Arts,Roane County High School vs Cocke County High School (Dhruv's team),,Cocke County High School (Dhruv's team),Incorrect,,,,Missed,0,None given,1,,"the team said ""Delaware""",
S40 E45,Round of 32,Tossup,40,What ten letter word beginning with A refers to the process of determining the value of property to be taxed?,Assessment,Economics,Social Studies,Roane County High School vs Cocke County High School (Dhruv's team),Lucas,Roane County High School,Incorrect,,,,Missed,0,None given,1,,Lucas said appraisal; no Cocke County steal answer captured,
S40 E45,Round of 32,Tossup,41,What is the property of fluids that causes them to resist flowing?,Viscosity,Science,Science & Technology,Roane County High School vs Cocke County High School (Dhruv's team),Lucas,Roane County High School,Correct,,,,Correct,10,Roane County High School,1,,,
S40 E45,Round of 32,Bonus,41,What temperature in degrees Fahrenheit is equal to 30 degrees Celsius?,86 degrees Fahrenheit,Science,Science & Technology,Roane County High School vs Cocke County High School (Dhruv's team),,Roane County High School,Incorrect,,,,Missed,0,None given,1,,the team said 20,
S40 E45,Round of 32,Tossup,42,What is the French word for umbrella?,Parapluie,Foreign Language,Foreign Language,Roane County High School vs Cocke County High School (Dhruv's team),Lucas,Roane County High School,Incorrect,,,,Missed,0,None given,1,,Lucas had no answer; time ran out before a steal,
S40 E46,Round of 32,Tossup,1,In which state does the Potomac River have its origins?,West Virginia,Geography,Social Studies,Carter High School vs J. Frank White Academy (Shashi's team),Shashi,J. Frank White Academy (Shashi's team),Incorrect,Reagan,Carter High School,Incorrect,Missed,0,None given,1,,Shashi said Virginia and Reagan said Maryland,
S40 E46,Round of 32,Tossup,2,Who was the French inventor of a system of writing for the blind that was named after him?,Louis Braille,World History,Social Studies,Carter High School vs J. Frank White Academy (Shashi's team),Reagan,Carter High School,Correct,,,,Correct,10,Carter High School,1,,Reagan buzzed early,
S40 E46,Round of 32,Bonus,2,"In 2023, construction workers digging a shortcut hole for their excavator caused damage to a section of which World Heritage site that dates back to the Ming Dynasty?",The Great Wall of China,World History,Social Studies,Carter High School vs J. Frank White Academy (Shashi's team),,Carter High School,Incorrect,,,,Missed,0,None given,1,,the team said the Terracotta Army,
S40 E46,Round of 32,Tossup,3,What seven letter term beginning with the letter R refers to a public performance or presentation by a solo performer?,A recital,Music,Fine Arts,Carter High School vs J. Frank White Academy (Shashi's team),,Unknown,Correct,,,,Correct,10,Unknown,1,Yes,buzzer and team not named in the captions; team not identified in captions (captions lines 8896-8898),"What is the seven letter term? / Beginning with the letter R for a public performance or presentation in by a solo recital performer Music bonus. / Now, what was the period of music from 1750 to 1820, which established many of the norms of composition, presentation and style."
S40 E46,Round of 32,Bonus,3,"Part 1: What was the period of music from 1750 to 1820, which established many of the norms of composition, presentation and style? | Part 2: During this era, what became the predominant keyboard instrument?",Part 1: The Classical period | Part 2: The piano,Music,Fine Arts,Carter High School vs J. Frank White Academy (Shashi's team),,Unknown,Correct,,,,Correct,20,Unknown,2,Yes,team not identified in captions (captions lines 8897-8907),"Beginning with the letter R for a public performance or presentation in by a solo recital performer Music bonus. / Now, what was the period of music from 1750 to 1820, which established many of the norms of composition, presentation and style. / Classical? / Classical? / Yes. / And during this era, what became the predominant keyboard instrument? / Piano. / Piano. / That's right. / 20 points toss up. / Now in geology, what is the name of the horseshoe shaped belt around much of the rim of the Pacific Ocean, where many volcanic Reagan?"
S40 E46,Round of 32,Tossup,4,What is the name of the horseshoe shaped belt around much of the rim of the Pacific Ocean where many volcanic eruptions and earthquakes occur?,The Ring of Fire,Geology,Science & Technology,Carter High School vs J. Frank White Academy (Shashi's team),Reagan,Carter High School,Correct,,,,Correct,10,Carter High School,1,,Reagan buzzed early,
S40 E46,Round of 32,Bonus,4,Which extremely porous volcanic rock can float on water and is often used as an abrasive?,Pumice,Geology,Science & Technology,Carter High School vs J. Frank White Academy (Shashi's team),,Carter High School,Correct,,,,Correct,20,Carter High School,1,,,
S40 E46,Round of 32,Tossup,5,"What is the English translation of the French phrase ""bonsoir""?",Good evening,Foreign Language,Foreign Language,Carter High School vs J. Frank White Academy (Shashi's team),Reagan,Carter High School,Correct,,,,Correct,10,Carter High School,1,,"Reagan said ""good night"" and the host accepted it (""good evening or good night"")",
S40 E46,Round of 32,Bonus,5,"Part 1: What is the word for ""shirt"" in Spanish? | Part 2: What is the word for ""snow"" in German?",Part 1: Camisa | Part 2: Schnee,Foreign Language,Foreign Language,Carter High School vs J. Frank White Academy (Shashi's team),,Carter High School,Partial,,,,Partial,10,Carter High School,2,,"Reagan deferred to Karen for Part 1; the host said ""no, I think it's pronounced schnee"" for Part 2 (the team's answer is not captured)",
S40 E46,Round of 32,Tossup,6,The main body of the U.S. Constitution is divided into seven what?,Articles,Government,Social Studies,Carter High School vs J. Frank White Academy (Shashi's team),Shashi,J. Frank White Academy (Shashi's team),Correct,,,,Correct,10,J. Frank White Academy (Shashi's team),1,,,
S40 E46,Round of 32,Bonus,6,The mission of which agency in the Department of Justice is to enforce the controlled substances laws and regulations of the United States?,The Drug Enforcement Administration (DEA),Government,Social Studies,Carter High School vs J. Frank White Academy (Shashi's team),,J. Frank White Academy (Shashi's team),Correct,,,,Correct,20,J. Frank White Academy (Shashi's team),1,,,
S40 E46,Round of 32,Tossup,7,What is the vertex of the equation y = (x - 4) squared?,"(4, 0)",Algebra,Mathematics,Carter High School vs J. Frank White Academy (Shashi's team),Shashi,J. Frank White Academy (Shashi's team),Incorrect,,Carter High School,Incorrect,Missed,0,None given,1,,"Shashi said (0, -16); Carter's steal buzzer is not named and the host scolded them for looking at each other's papers",
S40 E46,Round of 32,Tossup,8,Where was the Statue of Liberty built?,France,Architecture,Fine Arts,Carter High School vs J. Frank White Academy (Shashi's team),Reagan,Carter High School,Correct,,,,Correct,10,Carter High School,1,,,
S40 E46,Round of 32,Bonus,8,"The Eiffel Tower shown here, completed ahead of schedule and under budget, was built to celebrate the 100th anniversary of the French Revolution at the World's Fair held in what year?",1889,Visual,General & Visual,Carter High School vs J. Frank White Academy (Shashi's team),,Carter High School,Incorrect,,,,Missed,0,None given,1,,the team said 1883,
S40 E46,Round of 32,Tossup,9,What is the name for industrial waste in the atmosphere that combines with water droplets and falls to the ground?,Acid rain,Science,Science & Technology,Carter High School vs J. Frank White Academy (Shashi's team),Shashi,J. Frank White Academy (Shashi's team),Correct,,,,Correct,10,J. Frank White Academy (Shashi's team),1,,Shashi buzzed early,
S40 E46,Round of 32,Bonus,9,Part 1: What type of lens has curved surfaces that bulge in the middle? | Part 2: What type of lens has curved surfaces that dip in the middle?,Part 1: Convex | Part 2: Concave,Science,Science & Technology,Carter High School vs J. Frank White Academy (Shashi's team),,J. Frank White Academy (Shashi's team),Partial,,,,Partial,10,J. Frank White Academy (Shashi's team),2,,"the team said ""concave"" for both parts",
S40 E46,Round of 32,Tossup,10,"An entrepreneur organizes and operates a business. Spell ""entrepreneur.""",E-N-T-R-E-P-R-E-N-E-U-R,Spelling,Language Arts,Carter High School vs J. Frank White Academy (Shashi's team),Shashi,J. Frank White Academy (Shashi's team),Correct,,,,Correct,10,J. Frank White Academy (Shashi's team),1,,the question text is reconstructed from the captions,
S40 E46,Round of 32,Bonus,10,"Spell the seven letter word beginning with D that means a complete failure, especially because of bad planning and organization.",D-E-B-A-C-L-E,Spelling,Language Arts,Carter High School vs J. Frank White Academy (Shashi's team),,J. Frank White Academy (Shashi's team),Incorrect,,,,Missed,0,None given,1,,"the team said ""disaster"" and tried to spell it",
S40 E46,Round of 32,Tossup,11,"When Albert Einstein arrived in the U.S. in 1933, he was a refugee from what country?",Germany,History,Social Studies,Carter High School vs J. Frank White Academy (Shashi's team),Shashi,J. Frank White Academy (Shashi's team),Correct,,,,Correct,10,J. Frank White Academy (Shashi's team),1,,,
S40 E46,Round of 32,Bonus,11,"What country in Southeast Asia, whose King Mongkut was the inspiration for the musical The King and I, was the only one to remain independent and not become a colony of a European power?",Thailand,History,Social Studies,Carter High School vs J. Frank White Academy (Shashi's team),,J. Frank White Academy (Shashi's team),Correct,,,,Correct,20,J. Frank White Academy (Shashi's team),1,,the team first said Taiwan; the host accepted Thailand,
S40 E46,Round of 32,Tossup,12,In which novel is Jean Valjean released from prison?,Les Miserables,Literature,Language Arts,Carter High School vs J. Frank White Academy (Shashi's team),Shashi,J. Frank White Academy (Shashi's team),Correct,,,,Correct,10,J. Frank White Academy (Shashi's team),1,,,
S40 E46,Round of 32,Bonus,12,"Part 1: Alleging a systematic theft on a mass scale, OpenAI was sued by 17 authors in 2023, including which author of The Winds of Winter? | Part 2: Another plaintiff suing OpenAI was which author of The Pelican Brief and A Time to Kill?",Part 1: George R.R. Martin | Part 2: John Grisham,Literature,Language Arts,Carter High School vs J. Frank White Academy (Shashi's team),,J. Frank White Academy (Shashi's team),Incorrect,,,,Missed,0,None given,2,,the team said Robert Frost,
S40 E46,Round of 32,Tossup,13,"In which city is the Preakness, one of the Triple Crown races, held?",Baltimore,Sports,General & Visual,Carter High School vs J. Frank White Academy (Shashi's team),,Unknown,Correct,,,,Correct,10,Unknown,1,Yes,buzzer and team not named in the captions; the question text is reconstructed; team not identified in captions (captions lines 8986-8988),"MARTIN as John Grisham no points on the bonus toss up. / Now in sports, which of the Triple Crown races Preakness is held at Baltimore? / Sports bonus Now the Alabama Crimson Tide of the SEC play their home games in what city Alabama won one more time."
S40 E46,Round of 32,Bonus,13,The Alabama Crimson Tide of the SEC play their home games in what city?,Tuscaloosa,Sports,General & Visual,Carter High School vs J. Frank White Academy (Shashi's team),,Unknown,Incorrect,,,,Missed,0,None given,1,Yes,the team guessed Montgomery or Mobile; team not identified in captions (captions lines 8988-8992),"Sports bonus Now the Alabama Crimson Tide of the SEC play their home games in what city Alabama won one more time. / I don't know to say Montgomery or Mobile. / And so, you know, I think maybe that's why the Elephant is a logo. / It's Tuscaloosa O plus up in vocabulary. / What five letter word beginning with s That is a likely alteration of the Spanish word for he knows means Shashi Sabhas means having shrewdness or practical knowledge."
S40 E46,Round of 32,Tossup,14,"What five letter word beginning with S, a likely alteration of the Spanish word for ""he knows,"" means having shrewdness or practical knowledge?",Savvy,Vocabulary,Language Arts,Carter High School vs J. Frank White Academy (Shashi's team),Shashi,J. Frank White Academy (Shashi's team),Incorrect,,,,Missed,0,None given,1,,"Shashi answered with the Spanish word (""sabes""); no Carter steal answer captured; the host gave ""savvy""",
S40 E46,Round of 32,Tossup,15,Red pandas are a distant relative of what North American mammal that is Tennessee's official wild animal?,The raccoon,Biology,Science & Technology,Carter High School vs J. Frank White Academy (Shashi's team),Shashi,J. Frank White Academy (Shashi's team),Correct,,,,Correct,10,J. Frank White Academy (Shashi's team),1,,,
S40 E46,Round of 32,Bonus,15,"Part 1: What are the common names for the three tiny ear bones, the malleus, incus and stapes? | Part 2: In what part of the body are they located?","Part 1: Hammer, anvil and stirrup | Part 2: The ear",Visual,General & Visual,Carter High School vs J. Frank White Academy (Shashi's team),,J. Frank White Academy (Shashi's team),Partial,,,,Partial,15,J. Frank White Academy (Shashi's team),2,,"the team gave hammer and anvil for 10 points and ""the ear"" for 5 more; stirrup was missed",
S40 E46,Round of 32,Tossup,16,How many counties are in Tennessee?,95,Geography,Social Studies,Carter High School vs J. Frank White Academy (Shashi's team),,Unknown,Correct,,,,Correct,10,Unknown,1,Yes,buzzer and team not named in the captions; team not identified in captions (captions lines 9015-9018),"How many counties are in Tennessee? / 95. / Correct. / And a geography bonus named four of the eight states that border Tennessee, Kentucky, North Carolina, Virginia, North Arkansas, Georgia, Alabama, Oak, Alberta, Oak, Alabama."
S40 E46,Round of 32,Bonus,16,Name four of the eight states that border Tennessee.,"Any four of: Alabama, Arkansas, Georgia, Kentucky, Missouri, Mississippi, North Carolina, Virginia",Geography,Social Studies,Carter High School vs J. Frank White Academy (Shashi's team),,Unknown,Correct,,,,Correct,20,Unknown,1,Yes,"the team named Kentucky, Virginia, Alabama and North Carolina; team not identified in captions (captions lines 9018-9023)","And a geography bonus named four of the eight states that border Tennessee, Kentucky, North Carolina, Virginia, North Arkansas, Georgia, Alabama, Oak, Alberta, Oak, Alabama. / And then Kentucky, Virginia, Alabama, Kentucky, Virginia, North Carolina. / All of those are correct. / The full list is Alabama, Arkansas, Georgia, Kentucky, Missouri, Mississippi, North Carolina, Virginia. / 20 points Toss up in geometry. / The area of a circle is 196 pi."
S40 E46,Round of 32,Tossup,17,The area of a circle is 196 pi. What is the length of its diameter?,28,Geometry,Mathematics,Carter High School vs J. Frank White Academy (Shashi's team),,Unknown,Correct,,,,Correct,10,Unknown,1,Yes,buzzer and team not named in the captions; team not identified in captions (captions lines 9022-9026),20 points Toss up in geometry. / The area of a circle is 196 pi. / What is the length of its diameter? / 28 Correct and a geometry bonus. / Now find the total surface area of a closed cylindrical container with radius five centimeters and a height of 34 centimeters for surface area.
S40 E46,Round of 32,Bonus,17,Find the total surface area of a closed cylindrical container with a radius of 5 centimeters and a height of 34 centimeters.,390 pi square centimeters,Geometry,Mathematics,Carter High School vs J. Frank White Academy (Shashi's team),,Unknown,Incorrect,,,,Missed,0,None given,1,Yes,"the team's answer is garbled in the captions (about ""200""); team not identified in captions (captions lines 9025-9029)","28 Correct and a geometry bonus. / Now find the total surface area of a closed cylindrical container with radius five centimeters and a height of 34 centimeters for surface area. / The cylinder, of course, is clear to our square. / Answer 200. / It's 390 pi Square centimeters has a forbidding art in the comic series Peanuts."
S40 E46,Round of 32,Tossup,18,"In the comic series Peanuts, what is the name of the anthropomorphic beagle?",Snoopy,Art,Fine Arts,Carter High School vs J. Frank White Academy (Shashi's team),Reagan,Carter High School,Correct,,,,Correct,10,Carter High School,1,,,
S40 E46,Round of 32,Bonus,18,Part 1: What is the common color name for the heraldry color of loyalty (azure)? | Part 2: What is the common color name for the heraldry color of worthwhile ambition (tenne)?,Part 1: Blue | Part 2: Orange,Art,Fine Arts,Carter High School vs J. Frank White Academy (Shashi's team),,Carter High School,Partial,,,,Partial,10,Carter High School,2,,the team said yellow for Part 2; the options read in the captions are garbled,
S40 E46,Round of 32,Tossup,19,What is the interatomic linkage that results from the sharing of an electron pair between two atoms?,A covalent bond,Chemistry,Science & Technology,Carter High School vs J. Frank White Academy (Shashi's team),Shashi,J. Frank White Academy (Shashi's team),Correct,,,,Correct,10,J. Frank White Academy (Shashi's team),1,,,
S40 E46,Round of 32,Bonus,19,What is the chemical formula for propane?,C3H8,Chemistry,Science & Technology,Carter High School vs J. Frank White Academy (Shashi's team),,J. Frank White Academy (Shashi's team),Correct,,,,Correct,20,J. Frank White Academy (Shashi's team),1,,,
S40 E46,Round of 32,Tossup,20,"What four letter word is a synonym of ""sagacious""?",Wise,English,Language Arts,Carter High School vs J. Frank White Academy (Shashi's team),Shashi,J. Frank White Academy (Shashi's team),Incorrect,Reagan,Carter High School,Incorrect,Missed,0,None given,1,,"Shashi said ""tall""; Reagan's steal answer is not captured but the host said ""if you're a sage, you are wise""",
S40 E46,Round of 32,Tossup,21,"Jimmy Donaldson, the highest-paid YouTuber in 2023, who spent 50 hours buried alive, is known by what name?",MrBeast,Economics,Social Studies,Carter High School vs J. Frank White Academy (Shashi's team),Reagan,Carter High School,Correct,,,,Correct,10,Carter High School,1,,"the captions render the answer as ""Mr. BS""",
S40 E46,Round of 32,Bonus,21,"In a bid to offset rampant inflation and strict sanctions imposed by the U.S., what socialist government launched a cryptocurrency called the Petro?",Venezuela,Economics,Social Studies,Carter High School vs J. Frank White Academy (Shashi's team),,Carter High School,Incorrect,,,,Missed,0,None given,1,,the team said China,
S40 E46,Round of 32,Tossup,22,"According to the Acts of the Apostles, who was Paul's partner on his first missionary journey?",Barnabas,Religion,Religion & Mythology,Carter High School vs J. Frank White Academy (Shashi's team),Reagan,Carter High School,Incorrect,Shashi,J. Frank White Academy (Shashi's team),Incorrect,Missed,0,None given,1,,Reagan said John and Shashi said David,
S40 E46,Round of 32,Tossup,23,Which American lawman and gambler in Dodge City and Tombstone was the last surviving participant of the gunfight at the O.K. Corral?,Wyatt Earp,Miscellaneous,General & Visual,Carter High School vs J. Frank White Academy (Shashi's team),Reagan,Carter High School,Incorrect,,J. Frank White Academy (Shashi's team),Incorrect,Missed,0,None given,1,,"Reagan buzzed early and said Pat Garrett; J. Frank White's steal buzzer and answer are garbled in the captions (""Smith"")",
S40 E46,Round of 32,Tossup,24,What is the transparent part of a human eyeball that covers the iris and pupil?,The cornea,Health,Science & Technology,Carter High School vs J. Frank White Academy (Shashi's team),,J. Frank White Academy (Shashi's team),Incorrect,Reagan,Carter High School,Incorrect,Missed,0,None given,1,Yes,"J. Frank White's buzzer (answer ""lens"") is not named and Reagan's steal answer is not captured; the host's explanation was ""people know the cornea is the part that covers all of those other things"" and the first half ended, so it is unclear whether Reagan's steal was accepted (captions lines 9061-9110)","Barnabas toss up for all players in miscellaneous which American lawman and gambler in Dodge City in Tombstone was the last Reagan Pat Garrett was the last surviving participant of the gunfight at the okay Corral then Smith Now Wyatt Earp for everybody in health, what is the transparent part of a human eyeball that covers the iris and pupil? / Then lens at it you can steal. / Carter Reagan People know the cornea is the part that covers all of those other things. / Well, it's the end of the first half. / Carter's got some points on the board. / They're going to make a game of it. / J.Frank White, of course, trying to advance. / Also, one of these teams will advance to our round of the smart 16. Who's it going to be? / Find out after the break. / On Tennessee Scholars Bowl 2024. / The 40th season of Tennessee Scholars Bowl is a single elimination tournament featuring 64 high school academic teams. / The championship team. / And this year, Scholars Bowl receives the Frank Miller Memorial Trophy. / The scorekeeper timekeeper and judges for this year's Scholars Bowl are Chandler Vincent, Rebecca Longmire, Stephen Hensley, Cathy Coley, Ernie Roberts, Cathy Waddell, Jerry Doherty. / Thank you. / Also to the East Tennessee PBS staff and volunteers who make this educational program possible to enter your high school in next year's Tennessee Scholars Bowl. / Or for more information on this year's tournament, please write to the address shown on your screen. / You're watching Tennessee "
S40 E46,Round of 32,Tossup,25,What body part does the mythological Norse god Odin sacrifice in order to gain wisdom?,His eye,Mythology,Religion & Mythology,Carter High School vs J. Frank White Academy (Shashi's team),Shashi,J. Frank White Academy (Shashi's team),Incorrect,Reagan,Carter High School,Incorrect,Missed,0,None given,1,,"Shashi said ""armpit"" and Reagan said ""leg""",
S40 E46,Round of 32,Tossup,26,"In 1939, who became the first reigning British monarch to visit the United States?",King George VI,History,Social Studies,Carter High School vs J. Frank White Academy (Shashi's team),Reagan,Carter High School,Correct,,,,Correct,10,Carter High School,1,,"the captions render the answer as ""joins the sixth"" (George the Sixth)",
S40 E46,Round of 32,Bonus,26,"In 1867, a plan for a tunnel under the English Channel was turned down by which two rulers, the heads of the United Kingdom and France at the time?",Queen Victoria and Napoleon III,History,Social Studies,Carter High School vs J. Frank White Academy (Shashi's team),,Carter High School,Partial,,,,Partial,10,Carter High School,1,,the team said Napoleon and Queen Elizabeth; the host gave points for Napoleon the Third only,
S40 E46,Round of 32,Tossup,27,What is the product of 32 and 28?,896,Math,Mathematics,Carter High School vs J. Frank White Academy (Shashi's team),Van,J. Frank White Academy (Shashi's team),Incorrect,,,,Missed,0,None given,1,,Van's answer is not captured; no Carter steal answer captured,
S40 E46,Round of 32,Tossup,28,"If an X is used for an accidental, what does it mean?",A double sharp,Music,Fine Arts,Carter High School vs J. Frank White Academy (Shashi's team),Reagan,Carter High School,Correct,,,,Correct,10,Carter High School,1,,,
S40 E46,Round of 32,Bonus,28,"In the triangle shown here with an area of 72 square centimeters, what is the height, perpendicular to its base, in centimeters?",18 centimeters,Visual,General & Visual,Carter High School vs J. Frank White Academy (Shashi's team),Riley,Carter High School,Correct,,,,Correct,20,Carter High School,1,Yes,"the captain deferred to Riley, who answered ""18 centimeters"" after a pause; the host's verdict is not in the captions (scored correct) (captions lines 9127-9135)",In a triangle with 72 square centimeters of area. / What is the height that is perpendicular to its base of centimeters? / Answer? / I defer to Rylie. / He's trying to give you a screen time. / Right. / Let me say it hit me one eight centimeters. / Look at the grid. / Toss up for all players in technology on a Windows computer.
S40 E46,Round of 32,Tossup,29,"On a Windows computer, what is the function of the keyboard shortcut Control+V?",Paste,Technology,Science & Technology,Carter High School vs J. Frank White Academy (Shashi's team),Shashi,J. Frank White Academy (Shashi's team),Correct,,,,Correct,10,J. Frank White Academy (Shashi's team),1,,,
S40 E46,Round of 32,Bonus,29,What building block of the World Wide Web is represented by the letters HTTP?,Hypertext Transfer Protocol,Technology,Science & Technology,Carter High School vs J. Frank White Academy (Shashi's team),,J. Frank White Academy (Shashi's team),Incorrect,,,,Missed,0,None given,1,,"the team deferred to Troy and answered only ""hypertext part""",
S40 E46,Round of 32,Tossup,30,What was the writing system used in the ancient Middle East consisting of wedge shaped letters?,Cuneiform,Foreign Language,Foreign Language,Carter High School vs J. Frank White Academy (Shashi's team),,Unknown,Correct,,,,Correct,10,Unknown,1,Yes,buzzer and team not named in the captions; team not identified in captions (captions lines 9142-9155),"Ports P is to part of hypertext, part defer to Troy Hypertext Part No Is the Hypertext Transfer Protocol that points on that toss up in foreign language. / What was the writing system used in the ancient Middle East consisting of wedge shaped letters? / Cuneiform Yeah, I draw on a clay tablet and a foreign language bonus. / Now, what is the English translation of the German question? / Vish Pas is des. / How are you today? / How are you? / Good. / How are you sure. / How are you? / What time is it? / No. / So no points on that toss up. / Now in geography, what is the capital of Arkansas?"
S40 E46,Round of 32,Bonus,30,"What is the English translation of the German question ""Wie spät ist es?""",What time is it?,Foreign Language,Foreign Language,Carter High School vs J. Frank White Academy (Shashi's team),,Unknown,Incorrect,,,,Missed,0,None given,1,Yes,"the team said ""how are you today""; team not identified in captions",
S40 E46,Round of 32,Tossup,31,What is the capital of Arkansas?,Little Rock,Geography,Social Studies,Carter High School vs J. Frank White Academy (Shashi's team),Reagan,Carter High School,Correct,,,,Correct,10,Carter High School,1,,,
S40 E46,Round of 32,Bonus,31,Part 1: What is the capital of Portugal? | Part 2: What is the capital of Finland?,Part 1: Lisbon | Part 2: Helsinki,Geography,Social Studies,Carter High School vs J. Frank White Academy (Shashi's team),,Carter High School,Correct,,,,Correct,20,Carter High School,2,,,
S40 E46,Round of 32,Tossup,32,"Rounded to the nearest ten, what percentage of the Earth is covered in oceans?",70%,Geology,Science & Technology,Carter High School vs J. Frank White Academy (Shashi's team),Shashi,J. Frank White Academy (Shashi's team),Incorrect,Reagan,Carter High School,Correct,Correct,10,Carter High School,1,,Shashi said 80,
S40 E46,Round of 32,Bonus,32,"Thousands of people were killed in September 2023 when the water from Storm Daniel caused two dams in Libya to burst, sweeping many victims into which sea?",The Mediterranean Sea,Geology,Science & Technology,Carter High School vs J. Frank White Academy (Shashi's team),,Carter High School,Correct,,,,Correct,20,Carter High School,1,,,
S40 E46,Round of 32,Tossup,33,"In Greek mythology, who is the god of theatrical arts?",Dionysus,Art,Fine Arts,Carter High School vs J. Frank White Academy (Shashi's team),Shashi,J. Frank White Academy (Shashi's team),Correct,,,,Correct,10,J. Frank White Academy (Shashi's team),1,,,
S40 E46,Round of 32,Bonus,33,"Which Broadway musical includes the songs ""Waving Through a Window,"" ""Only Us"" and ""You Will Be Found""?",Dear Evan Hansen,Art,Fine Arts,Carter High School vs J. Frank White Academy (Shashi's team),,J. Frank White Academy (Shashi's team),Incorrect,,,,Missed,0,None given,1,,the team said West Side Story,
S40 E46,Round of 32,Tossup,34,What is the name for the study of hormones and their actions?,Endocrinology,Biology,Science & Technology,Carter High School vs J. Frank White Academy (Shashi's team),Shashi,J. Frank White Academy (Shashi's team),Correct,,,,Correct,10,J. Frank White Academy (Shashi's team),1,,,
S40 E46,Round of 32,Bonus,34,"Part 1: What does the biological prefix ""hemato-"" (as in hematoma) mean? | Part 2: What does the biological prefix ""hypo-"" (as in hypothermia) mean?",Part 1: Blood | Part 2: Under or below (less),Biology,Science & Technology,Carter High School vs J. Frank White Academy (Shashi's team),,J. Frank White Academy (Shashi's team),Partial,,,,Partial,10,J. Frank White Academy (Shashi's team),2,Yes,"the team said ""blood"" and then ""low/less"" for hypo; the host said he would see if the judges would take it (""specifically under or below"") and the ruling is not stated; scored as Part 1 only (captions lines 9192-9204)","And a biology bonus. / What is the biological prefix? / Hematoma. / Itchy hematoma. / Blood. / Blood, blood. / And what is the biological prefix? / Hypo H Y P O mean. / Oh, hypothermia. / Yeah. / Lo less. / I'll see if they'll take that specifically under or below, like injection. / But the judge is doing that for a second several players in literature who wrote the novella Billy Budd, Sailor, Shashi?"
S40 E46,Round of 32,Tossup,35,"Who wrote the novella Billy Budd, Sailor?",Herman Melville,Literature,Language Arts,Carter High School vs J. Frank White Academy (Shashi's team),Shashi,J. Frank White Academy (Shashi's team),Correct,,,,Correct,10,J. Frank White Academy (Shashi's team),1,,,
S40 E46,Round of 32,Bonus,35,"After his death in 1824, the memoirs of which English baron, who wrote the poems ""Don Juan"" and ""She Walks in Beauty,"" were burned by his friends to prevent publication?",Lord Byron,Literature,Language Arts,Carter High School vs J. Frank White Academy (Shashi's team),,J. Frank White Academy (Shashi's team),Incorrect,,,,Missed,0,None given,1,,the team guessed Kafka,
S40 E46,Round of 32,Tossup,36,What is the term length for the U.S. Senate?,Six years,Government,Social Studies,Carter High School vs J. Frank White Academy (Shashi's team),Reagan,Carter High School,Correct,,,,Correct,10,Carter High School,1,,,
S40 E46,Round of 32,Bonus,36,"Part 1: The most famous U.S. postage stamp error occurred while printing the image of a Curtiss JN-4 airplane on the 1918 airmail stamp seen here. By what nickname is it known? | Part 2: A philatelist collects and studies stamps. Spell ""philatelist.""",Part 1: The Inverted Jenny | Part 2: P-H-I-L-A-T-E-L-I-S-T,Visual,General & Visual,Carter High School vs J. Frank White Academy (Shashi's team),,Carter High School,Correct,,,,Correct,20,Carter High School,2,,,
S40 E46,Round of 32,Tossup,37,What is the numerical value of five factorial?,120,Pre-Calculus,Mathematics,Carter High School vs J. Frank White Academy (Shashi's team),Shashi,J. Frank White Academy (Shashi's team),Correct,,,,Correct,10,J. Frank White Academy (Shashi's team),1,,,
S40 E46,Round of 32,Bonus,37,What is the value of the tangent of 135 degrees in the unit circle?,-1,Pre-Calculus,Mathematics,Carter High School vs J. Frank White Academy (Shashi's team),,J. Frank White Academy (Shashi's team),Correct,,,,Correct,20,J. Frank White Academy (Shashi's team),1,,,
S40 E46,Round of 32,Tossup,38,"What is the Indian religion that traces its spiritual ideas through a succession of 24 supreme preachers of Dharma and whose three main pillars translate to nonviolence, non-absolutism and asceticism?",Jainism,Religion,Religion & Mythology,Carter High School vs J. Frank White Academy (Shashi's team),Shashi,J. Frank White Academy (Shashi's team),Incorrect,Reagan,Carter High School,Incorrect,Missed,0,None given,1,,Shashi buzzed early and said Hinduism; Reagan said Sikhism,
S40 E46,Round of 32,Tossup,39,What principle states that we cannot know both the position and speed of a particle with perfect accuracy?,The Heisenberg uncertainty principle,Chemistry,Science & Technology,Carter High School vs J. Frank White Academy (Shashi's team),Shashi,J. Frank White Academy (Shashi's team),Correct,,,,Correct,10,J. Frank White Academy (Shashi's team),1,,,
S40 E46,Round of 32,Bonus,39,Part 1: What is the chemical formula for nitric acid? | Part 2: What is the oxidation state of nitrogen in nitric acid?,Part 1: HNO3 | Part 2: +5,Chemistry,Science & Technology,Carter High School vs J. Frank White Academy (Shashi's team),,J. Frank White Academy (Shashi's team),Partial,,,,Partial,10,J. Frank White Academy (Shashi's team),2,,the team said negative three for Part 2,
S40 E46,Round of 32,Tossup,40,What five letter term beginning with M refers to the customs and manners of a social group or culture?,Mores,Vocabulary,Language Arts,Carter High School vs J. Frank White Academy (Shashi's team),Reagan,Carter High School,Incorrect,,J. Frank White Academy (Shashi's team),Incorrect,Missed,0,None given,1,,"Reagan's answer is garbled in the captions (""moans""); J. Frank White's steal buzzer is not named and the answer was ""trashy manners""",
S40 E46,Round of 32,Tossup,41,Who was the first unelected vice president to assume the presidency?,Gerald Ford,History,Social Studies,Carter High School vs J. Frank White Academy (Shashi's team),Reagan,Carter High School,Incorrect,Troy,J. Frank White Academy (Shashi's team),Incorrect,Missed,0,None given,1,,"Reagan buzzed early (the captions read ""Don Taylor"") and Troy said Andrew Johnson",
S40 E46,Round of 32,Tossup,42,Which Arizona city was so named because it rose from the ruins of a Native American town?,Phoenix,Geography,Social Studies,Carter High School vs J. Frank White Academy (Shashi's team),Reagan,Carter High School,Correct,,,,Correct,10,Carter High School,1,,Reagan buzzed early,
S40 E46,Round of 32,Bonus,42,"In 2023, Hurricane Idalia became the largest storm in history to hit which city, Florida's capital?",Tallahassee,Geography,Social Studies,Carter High School vs J. Frank White Academy (Shashi's team),,Carter High School,Correct,,,,Correct,20,Carter High School,1,,"the host's confirmation is partly garbled; he said ""right for 20 points""",
S40 E46,Round of 32,Tossup,43,In which popular online game do players complete levels by swapping colored pieces of confections on a game board to make a match of three or more?,Candy Crush,Games,General & Visual,Carter High School vs J. Frank White Academy (Shashi's team),,Unknown,Correct,,,,Correct,10,Unknown,1,Yes,buzzer and team not named in the captions; team not identified in captions (captions lines 9246-9248),"That is Florida's capital, Tallahassee ranked for 20 points toss up in games in which popular online game do players complete levels by swapping colored pieces of confections on a game board to make a match? / Candy Crush? / Yeah, of three or more bonus and games in what video game series by Rovio Entertainment, there's a flock of colorful flying creatures try to save their eggs from green colored pigs."
S40 E46,Round of 32,Bonus,43,In what video game series by Rovio Entertainment does a flock of colorful flying creatures try to save their eggs from green pigs?,Angry Birds,Games,General & Visual,Carter High School vs J. Frank White Academy (Shashi's team),,Unknown,Correct,,,,Correct,20,Unknown,1,Yes,team not identified in captions (captions lines 9248-9250),"Yeah, of three or more bonus and games in what video game series by Rovio Entertainment, there's a flock of colorful flying creatures try to save their eggs from green colored pigs. / This PBS show Angry Birds is right 20 points Toss up in science. / Who invented the Reflecting telescope?"
S40 E46,Round of 32,Tossup,44,Who invented the reflecting telescope?,Isaac Newton,Science,Science & Technology,Carter High School vs J. Frank White Academy (Shashi's team),Shashi,J. Frank White Academy (Shashi's team),Incorrect,Reagan,Carter High School,Incorrect,Missed,0,None given,1,,Shashi said Galileo and Reagan said Einstein,
S40 E46,Round of 32,Tossup,45,"Whose death is lamented by Walt Whitman in his poems, including ""O Captain! My Captain!""?",Abraham Lincoln,Literature,Language Arts,Carter High School vs J. Frank White Academy (Shashi's team),Reagan,Carter High School,Correct,,,,Correct,10,Carter High School,1,,,
S40 E46,Round of 32,Bonus,45,What are the first names of the two protagonists in Of Mice and Men?,Lennie and George,Literature,Language Arts,Carter High School vs J. Frank White Academy (Shashi's team),,Carter High School,Partial,,,,Partial,10,Carter High School,1,,the team gave only Lennie,
S40 E46,Round of 32,Tossup,46,Which U.S. state was the first to give women the right to vote?,Wyoming,Government,Social Studies,Carter High School vs J. Frank White Academy (Shashi's team),,Unknown,Correct,,,,Correct,10,Unknown,1,Yes,buzzer and team not named in the captions; team not identified in captions (captions lines 9261-9263),"George is the other one toss up now in government. / Which U.S. state was the first to give women the right to vote? / Wyoming Correct and a government bonus in 1964, which jurisdictions citizens were able to vote for the first time in a presidential election thanks to the passage of the 23rd Amendment African American Civil Rights Act."
S40 E46,Round of 32,Bonus,46,"In 1964, which jurisdiction's citizens were able to vote for the first time in a presidential election thanks to the passage of the 23rd Amendment?",The District of Columbia,Government,Social Studies,Carter High School vs J. Frank White Academy (Shashi's team),,Unknown,Incorrect,,,,Missed,0,None given,1,Yes,"the team named ""African American"" and ""18-year-olds""; team not identified in captions (captions lines 9263-9267)","Wyoming Correct and a government bonus in 1964, which jurisdictions citizens were able to vote for the first time in a presidential election thanks to the passage of the 23rd Amendment African American Civil Rights Act. / Yeah. / Oh, wonder 18 year olds. / No, that's the District of Columbia. / People live in D.C., plus up in math in an arithmetic progression with the first term of four and a common difference of three."
S40 E46,Round of 32,Tossup,47,"In an arithmetic progression with the first term of four and a common difference of three, what is the eighth term?",25,Math,Mathematics,Carter High School vs J. Frank White Academy (Shashi's team),Shashi,J. Frank White Academy (Shashi's team),Correct,,,,Correct,10,J. Frank White Academy (Shashi's team),1,,,
S40 E46,Round of 32,Bonus,47,"What is the median of the data set 60, 42, 55, 70, 64, 75?",62,Math,Mathematics,Carter High School vs J. Frank White Academy (Shashi's team),,J. Frank White Academy (Shashi's team),Correct,,,,Correct,20,J. Frank White Academy (Shashi's team),1,,the game ended after this bonus,
S40 E47,Round of 32,Tossup,1,What artist hosted the PBS television program The Joy of Painting and is recognized by his abundant hair and happy trees?,Bob Ross,Art,Fine Arts,Science Hill High School (Danny's team) vs L&N STEM Academy (Jared's team),Sean,Science Hill High School (Danny's team),Correct,,,,Correct,10,Science Hill High School (Danny's team),1,,,
S40 E47,Round of 32,Bonus,1,Part 1: What is the last name of the French painter who painted Olympia and The Railway? | Part 2: What is the last name of the French painter famous for water lilies?,Part 1: Manet | Part 2: Monet,Art,Fine Arts,Science Hill High School (Danny's team) vs L&N STEM Academy (Jared's team),,Science Hill High School (Danny's team),Incorrect,,,,Missed,0,None given,2,,"the team said Michelangelo for Part 1 and, after deferring to Elena, Renoir for Part 2",
S40 E47,Round of 32,Tossup,2,What is the capital of Louisiana?,Baton Rouge,Geography,Social Studies,Science Hill High School (Danny's team) vs L&N STEM Academy (Jared's team),Jared,L&N STEM Academy (Jared's team),Incorrect,,,,Missed,0,None given,1,,Jared said New Orleans; no Science Hill steal answer captured,
S40 E47,Round of 32,Tossup,3,"What poem by Rudyard Kipling contains the famous line ""You're a better man than I am""?","""Gunga Din""",Literature,Language Arts,Science Hill High School (Danny's team) vs L&N STEM Academy (Jared's team),,,No Buzz,,,,Missed,0,None given,1,,nobody buzzed; the host gave the answer,
S40 E47,Round of 32,Tossup,4,"What is the slope of the line connecting the points (-4, 6) and (-1, 2)?",-4/3,Algebra,Mathematics,Science Hill High School (Danny's team) vs L&N STEM Academy (Jared's team),Jared,L&N STEM Academy (Jared's team),Correct,,,,Correct,10,L&N STEM Academy (Jared's team),1,,,
S40 E47,Round of 32,Bonus,4,What is the sum of i raised to the fifth power added to i raised to the ninth power?,2i,Algebra,Mathematics,Science Hill High School (Danny's team) vs L&N STEM Academy (Jared's team),,L&N STEM Academy (Jared's team),Correct,,,,Correct,20,L&N STEM Academy (Jared's team),1,,,
S40 E47,Round of 32,Tossup,5,Goiters have become less common because of the addition of a small amount of iodine to what mineral used to flavor food?,Salt,Chemistry,Science & Technology,Science Hill High School (Danny's team) vs L&N STEM Academy (Jared's team),Jared,L&N STEM Academy (Jared's team),Correct,,,,Correct,10,L&N STEM Academy (Jared's team),1,,,
S40 E47,Round of 32,Bonus,5,"Who is the American chemist, inventor and leader of organic chemistry at DuPont, shown here, who is credited with the invention of nylon?",Wallace Carothers,Visual,General & Visual,Science Hill High School (Danny's team) vs L&N STEM Academy (Jared's team),,L&N STEM Academy (Jared's team),Incorrect,,,,Missed,0,None given,1,,"the team's answer is garbled in the captions (""DJT Hicks"")",
S40 E47,Round of 32,Tossup,6,"Bohemian Rhapsody appeared on which Queen album, named for a Marx Brothers movie?",A Night at the Opera,Music,Fine Arts,Science Hill High School (Danny's team) vs L&N STEM Academy (Jared's team),,,No Buzz,,,,Missed,0,None given,1,,nobody buzzed; the host gave the answer,
S40 E47,Round of 32,Tossup,7,What is the term for government spending that exceeds government income?,Deficit spending,Government,Social Studies,Science Hill High School (Danny's team) vs L&N STEM Academy (Jared's team),Jared,L&N STEM Academy (Jared's team),Correct,,,,Correct,10,L&N STEM Academy (Jared's team),1,,,
S40 E47,Round of 32,Bonus,7,Part 1: Which cabinet level department of the federal government oversees the Government National Mortgage Association (Ginnie Mae)? | Part 2: Which cabinet level department of the federal government oversees the Office of Head Start?,Part 1: Housing and Urban Development | Part 2: Health and Human Services,Government,Social Studies,Science Hill High School (Danny's team) vs L&N STEM Academy (Jared's team),,L&N STEM Academy (Jared's team),Incorrect,,,,Missed,0,None given,2,,the team said Treasury for Part 1 and Education for Part 2,
S40 E47,Round of 32,Tossup,8,"What is the German translation for ""good morning""?",Guten Morgen,Foreign Language,Foreign Language,Science Hill High School (Danny's team) vs L&N STEM Academy (Jared's team),Harshita,L&N STEM Academy (Jared's team),Correct,,,,Correct,10,L&N STEM Academy (Jared's team),1,,,
S40 E47,Round of 32,Bonus,8,"What is the German word for ""the day after tomorrow""?",Übermorgen,Foreign Language,Foreign Language,Science Hill High School (Danny's team) vs L&N STEM Academy (Jared's team),,L&N STEM Academy (Jared's team),Incorrect,,,,Missed,0,None given,1,,"the team's answer is garbled in the captions (""I don't dance ... yes, sir, no, sir""); the host gave ""übermorgen""",
S40 E47,Round of 32,Tossup,9,What is the annual championship game for the National Football League?,The Super Bowl,Sports,General & Visual,Science Hill High School (Danny's team) vs L&N STEM Academy (Jared's team),Sean,Science Hill High School (Danny's team),Correct,,,,Correct,10,Science Hill High School (Danny's team),1,,,
S40 E47,Round of 32,Bonus,9,"One of the professional mushers who entered the so-called Last Great Race in 2023 was a Karns High School graduate named Jennifer LaBar, who scratched from the race on day three due to a hand injury. What is the name of that annual race that runs each March from Anchorage to Nome?",The Iditarod,Sports,General & Visual,Science Hill High School (Danny's team) vs L&N STEM Academy (Jared's team),,Science Hill High School (Danny's team),Incorrect,,,,Missed,0,None given,1,,the team had no answer,
S40 E47,Round of 32,Tossup,10,"What is the term for a sudden increase in the birthrate, as happened in the U.S. and Britain after World War II?",A baby boom,Health,Science & Technology,Science Hill High School (Danny's team) vs L&N STEM Academy (Jared's team),Jared,L&N STEM Academy (Jared's team),Correct,,,,Correct,10,L&N STEM Academy (Jared's team),1,,,
S40 E47,Round of 32,Bonus,10,"Part 1: Histology, also known as microscopic anatomy, is the branch of biology concerned with the composition and structure of what? | Part 2: Osteology is the study of the structure and function of what?",Part 1: Tissues and cells | Part 2: Bones,Health,Science & Technology,Science Hill High School (Danny's team) vs L&N STEM Academy (Jared's team),,L&N STEM Academy (Jared's team),Correct,,,,Correct,20,L&N STEM Academy (Jared's team),2,,"the team said ""cancer cells"" for Part 1 and the host accepted the cells part; the Part 2 question text is partly garbled",
S40 E47,Round of 32,Tossup,11,What is the four-sided spinning top played during the Jewish holiday of Hanukkah?,A dreidel,Religion,Religion & Mythology,Science Hill High School (Danny's team) vs L&N STEM Academy (Jared's team),Jared,L&N STEM Academy (Jared's team),Correct,,,,Correct,10,L&N STEM Academy (Jared's team),1,,,
S40 E47,Round of 32,Bonus,11,"Which Shinto deity, the celestial Sun goddess from whom the Japanese imperial family claims descent, was tricked by the use of a mirror to come out of a cave in which she had hidden herself?",Amaterasu,Religion,Religion & Mythology,Science Hill High School (Danny's team) vs L&N STEM Academy (Jared's team),,L&N STEM Academy (Jared's team),Incorrect,,,,Missed,0,None given,1,,the team's answer is not clearly captured; the host gave Amaterasu,
S40 E47,Round of 32,Tossup,12,"Who was the eighth and final leader of the Soviet Union who helped end the Cold War, won the Nobel Peace Prize in 1990 and died in August 2022?",Mikhail Gorbachev,World History,Social Studies,Science Hill High School (Danny's team) vs L&N STEM Academy (Jared's team),Cameron,L&N STEM Academy (Jared's team),Incorrect,Danny,Science Hill High School (Danny's team),Incorrect,Missed,0,None given,1,,Cameron buzzed early and his answer is not captured; Danny said Stalin,
S40 E47,Round of 32,Tossup,13,"What eight letter noun starting with M means wearisome uniformity or lack of variety, tedium?",Monotony,Vocabulary,Language Arts,Science Hill High School (Danny's team) vs L&N STEM Academy (Jared's team),Jared,L&N STEM Academy (Jared's team),Correct,,,,Correct,10,L&N STEM Academy (Jared's team),1,,,
S40 E47,Round of 32,Bonus,13,Part 1: What nine letter word starting with N means very wicked or evil? | Part 2: Spell that word.,Part 1: Nefarious | Part 2: N-E-F-A-R-I-O-U-S,Vocabulary,Language Arts,Science Hill High School (Danny's team) vs L&N STEM Academy (Jared's team),,L&N STEM Academy (Jared's team),Correct,,,,Correct,20,L&N STEM Academy (Jared's team),2,,,
S40 E47,Round of 32,Tossup,14,How many prime numbers are between 20 and 40?,4,Math,Mathematics,Science Hill High School (Danny's team) vs L&N STEM Academy (Jared's team),Jared,L&N STEM Academy (Jared's team),Correct,,,,Correct,10,L&N STEM Academy (Jared's team),1,,,
S40 E47,Round of 32,Bonus,14,"In a game of chance, what is the total probability, in reduced fraction form, of rolling a six or a ten with two balanced dice?",2/9,Visual,General & Visual,Science Hill High School (Danny's team) vs L&N STEM Academy (Jared's team),,L&N STEM Academy (Jared's team),Incorrect,,,,Missed,0,None given,1,,the team said 5/18,
S40 E47,Round of 32,Tossup,15,"What is the term for a mass of igneous rock, typically lens shaped, that has been intruded between rock strata causing uplift in the shape of a dome?",A laccolith,Geology,Science & Technology,Science Hill High School (Danny's team) vs L&N STEM Academy (Jared's team),,,No Buzz,,,,Missed,0,None given,1,,nobody buzzed; the host gave the answer,
S40 E47,Round of 32,Tossup,16,What is the classic game of strategic naval combat that involves two players?,Battleship,Games,General & Visual,Science Hill High School (Danny's team) vs L&N STEM Academy (Jared's team),Jared,L&N STEM Academy (Jared's team),Correct,,,,Correct,10,L&N STEM Academy (Jared's team),1,,,
S40 E47,Round of 32,Bonus,16,"With over 155 million units sold, what home video game console is the highest selling in history and was the original platform for games such as Final Fantasy X, God of War, Metal Gear Solid 3 and Shadow of the Colossus?",The PlayStation 2,Games,General & Visual,Science Hill High School (Danny's team) vs L&N STEM Academy (Jared's team),,L&N STEM Academy (Jared's team),Correct,,,,Correct,20,L&N STEM Academy (Jared's team),1,,,
S40 E47,Round of 32,Tossup,17,Who was the first U.S. president to have been born a U.S. citizen?,Martin Van Buren,U.S. History,Social Studies,Science Hill High School (Danny's team) vs L&N STEM Academy (Jared's team),Jared,L&N STEM Academy (Jared's team),Incorrect,,,,Missed,0,None given,1,,Jared said Monroe; Science Hill ran out of time on the steal,
S40 E47,Round of 32,Tossup,18,What type of literary work is the ancient writing Beowulf?,An epic,Literature,Language Arts,Science Hill High School (Danny's team) vs L&N STEM Academy (Jared's team),Elena,Science Hill High School (Danny's team),Correct,,,,Correct,10,Science Hill High School (Danny's team),1,,,
S40 E47,Round of 32,Bonus,18,Part 1: What is George Orwell's real name? | Part 2: What is the name of the main character and narrator in Orwell's 1984?,Part 1: Eric Arthur Blair | Part 2: Winston Smith,Literature,Language Arts,Science Hill High School (Danny's team) vs L&N STEM Academy (Jared's team),,Science Hill High School (Danny's team),Incorrect,,,,Missed,0,None given,2,,"the team said George Orwell for Part 1 and ""Winston Scott"" for Part 2",
S40 E47,Round of 32,Tossup,19,Which body part is inflamed when someone has encephalitis?,The brain,Health,Science & Technology,Science Hill High School (Danny's team) vs L&N STEM Academy (Jared's team),Dominic,L&N STEM Academy (Jared's team),Correct,,,,Correct,10,L&N STEM Academy (Jared's team),1,,"the captions render the buzzer as ""Tonic"" (read as Dominic)",
S40 E47,Round of 32,Bonus,19,"Due to a change in federal law, the temporary extra SNAP benefits issued due to COVID-19 ended in March 2023. What do the letters SNAP stand for?",Supplemental Nutrition Assistance Program,Health,Science & Technology,Science Hill High School (Danny's team) vs L&N STEM Academy (Jared's team),,L&N STEM Academy (Jared's team),Incorrect,,,,Missed,0,None given,1,,"the team said something like ""insurance""",
S40 E47,Round of 32,Tossup,20,What element's Latin name is argentum?,Silver,Chemistry,Science & Technology,Science Hill High School (Danny's team) vs L&N STEM Academy (Jared's team),Jared,L&N STEM Academy (Jared's team),Correct,,,,Correct,10,L&N STEM Academy (Jared's team),1,,,
S40 E47,Round of 32,Bonus,20,"Residents in Kingsport, Tennessee, were alarmed in July 2022 when plumes of purple vapor rose from an Eastman Chemical facility. The company said a power outage caused the release of which chemical element, with the symbol I and atomic number 53?",Iodine,Chemistry,Science & Technology,Science Hill High School (Danny's team) vs L&N STEM Academy (Jared's team),,L&N STEM Academy (Jared's team),Correct,,,,Correct,20,L&N STEM Academy (Jared's team),1,,,
S40 E47,Round of 32,Tossup,21,The American version of what short form comedy improv series that began as a British radio show has aired on the CW for over ten years?,Whose Line Is It Anyway?,Art,Fine Arts,Science Hill High School (Danny's team) vs L&N STEM Academy (Jared's team),Harshita,L&N STEM Academy (Jared's team),Incorrect,,,,Missed,0,None given,1,,"Harshita said ""The Office""; no Science Hill steal answer captured",
S40 E47,Round of 32,Tossup,22,What basic type of financial product allows you to deposit your money and typically earn a modest amount of interest?,A savings account,Economics,Social Studies,Science Hill High School (Danny's team) vs L&N STEM Academy (Jared's team),Jared,L&N STEM Academy (Jared's team),Incorrect,,,,Missed,0,None given,1,,"Jared said ""CD""; no Science Hill steal answer captured",
S40 E47,Round of 32,Tossup,23,"What is the English translation of the French word ""pain""?",Bread,Foreign Language,Foreign Language,Science Hill High School (Danny's team) vs L&N STEM Academy (Jared's team),Jared,L&N STEM Academy (Jared's team),Correct,,,,Correct,10,L&N STEM Academy (Jared's team),1,,the first half ended before the bonus could be read,
S40 E47,Round of 32,Tossup,24,Find the exact value of the expression tangent 135 degrees plus cotangent 45 degrees.,0,Pre-Calculus,Mathematics,Science Hill High School (Danny's team) vs L&N STEM Academy (Jared's team),Jared,L&N STEM Academy (Jared's team),Incorrect,Danny,Science Hill High School (Danny's team),Incorrect,Missed,0,None given,1,,Jared said 2 and Danny said 1,
S40 E47,Round of 32,Tossup,25,"To the nearest tenth of a pound, how many pounds are in a kilogram?",2.2,Science,Science & Technology,Science Hill High School (Danny's team) vs L&N STEM Academy (Jared's team),Jared,L&N STEM Academy (Jared's team),Correct,,,,Correct,10,L&N STEM Academy (Jared's team),1,,,
S40 E47,Round of 32,Bonus,25,Former UK Prime Minister Boris Johnson wanted to bring back imperial measurements to mark Queen Elizabeth's 2022 Platinum Jubilee. Name two of the three countries that use imperial measurements rather than metric on a daily basis.,"Any two of: United States, Myanmar, Liberia",Science,Science & Technology,Science Hill High School (Danny's team) vs L&N STEM Academy (Jared's team),,L&N STEM Academy (Jared's team),Correct,,,,Correct,20,L&N STEM Academy (Jared's team),1,,the team named Myanmar and the United States,
S40 E47,Round of 32,Tossup,26,"When a dot is placed after a note or rest, how does it change the time value?",It increases it by half,Music,Fine Arts,Science Hill High School (Danny's team) vs L&N STEM Academy (Jared's team),Jared,L&N STEM Academy (Jared's team),Correct,,,,Correct,10,L&N STEM Academy (Jared's team),1,,,
S40 E47,Round of 32,Bonus,26,What alumnus of Gibbs High School appeared as a contestant on season six of The Voice and has become a superstar with albums including If I Know Me and One Thing at a Time?,Morgan Wallen,Music,Fine Arts,Science Hill High School (Danny's team) vs L&N STEM Academy (Jared's team),Chloe,L&N STEM Academy (Jared's team),Correct,,,,Correct,20,L&N STEM Academy (Jared's team),1,,Jared deferred to Chloe,
S40 E47,Round of 32,Tossup,27,Who was president when Walt Disney World opened in 1971?,Richard Nixon,U.S. History,Social Studies,Science Hill High School (Danny's team) vs L&N STEM Academy (Jared's team),Cameron,L&N STEM Academy (Jared's team),Correct,,,,Correct,10,L&N STEM Academy (Jared's team),1,,,
S40 E47,Round of 32,Bonus,27,Who is the man shown here who became the most visible mobster in America from 1925 through 1929 as he worked with local media and friendly politicians to cultivate an image of a businessman concerned with the welfare of his fellow Chicagoans?,Al Capone,Visual,General & Visual,Science Hill High School (Danny's team) vs L&N STEM Academy (Jared's team),,L&N STEM Academy (Jared's team),Correct,,,,Correct,20,L&N STEM Academy (Jared's team),1,,,
S40 E47,Round of 32,Tossup,28,"A toboggan is a type of sled. Spell ""toboggan.""",T-O-B-O-G-G-A-N,Spelling,Language Arts,Science Hill High School (Danny's team) vs L&N STEM Academy (Jared's team),Jared,L&N STEM Academy (Jared's team),Incorrect,,Science Hill High School (Danny's team),Incorrect,Missed,0,None given,1,,Jared's spelling was wrong (the captions give T-O-B-A-G-G-A-N); Science Hill's steal was disqualified because players looked at each other's papers,
S40 E47,Round of 32,Tossup,29,Which culture invented fireworks?,China,Chemistry,Science & Technology,Science Hill High School (Danny's team) vs L&N STEM Academy (Jared's team),Elena,Science Hill High School (Danny's team),Correct,,,,Correct,10,Science Hill High School (Danny's team),1,,,
S40 E47,Round of 32,Bonus,29,"Research is being done on how to kill feral pigs, which cause $2.5 billion in damages yearly. What inorganic compound, also used as a preservative in bacon, is being used to poison the pigs?",Sodium nitrite,Chemistry,Science & Technology,Science Hill High School (Danny's team) vs L&N STEM Academy (Jared's team),,Science Hill High School (Danny's team),Incorrect,,,,Missed,0,None given,1,,the team said sodium nitrate,
S40 E47,Round of 32,Tossup,30,What is the term for an inflammation of the protective membranes covering the brain and spinal cord?,Meningitis,Health,Science & Technology,Science Hill High School (Danny's team) vs L&N STEM Academy (Jared's team),Elena,Science Hill High School (Danny's team),Correct,,,,Correct,10,Science Hill High School (Danny's team),1,,,
S40 E47,Round of 32,Bonus,30,142 Afghan children died in the first three months of 2022 due to a contagious virus that a vaccine with the initials MMR can prevent. What is the virus?,Measles,Health,Science & Technology,Science Hill High School (Danny's team) vs L&N STEM Academy (Jared's team),,Science Hill High School (Danny's team),Incorrect,,,,Missed,0,None given,1,Yes,"the question text is garbled in the captions; the team's answer is not captured and the host said ""the MMR vaccine is measles, mumps and rubella, but the children didn't have measles"" (probably ""did have measles""); scored as missed (captions lines 8649-8652)","And a health bonus. / 142 Afghan children died in the first three months of 2022 due to a contagious virus. / That what vaccine with the initials MMR can prevent measles and more anymore in this cerebellum. / One of the MMR vaccine is measles, mumps and rubella MMR, but the children didn't have measles toss up in miscellaneous, which phobia is a fear of corpses."
S40 E47,Round of 32,Tossup,31,Which phobia is a fear of corpses?,Necrophobia,Miscellaneous,General & Visual,Science Hill High School (Danny's team) vs L&N STEM Academy (Jared's team),Jared,L&N STEM Academy (Jared's team),Correct,,,,Correct,10,L&N STEM Academy (Jared's team),1,,"the captions split the answer as ""Necro Phobia""",
S40 E47,Round of 32,Bonus,31,Part 1: In which state is Duke University located? | Part 2: In which state is Villanova University located?,Part 1: North Carolina | Part 2: Pennsylvania,Miscellaneous,General & Visual,Science Hill High School (Danny's team) vs L&N STEM Academy (Jared's team),,L&N STEM Academy (Jared's team),Partial,,,,Partial,10,L&N STEM Academy (Jared's team),2,,the team said West Virginia for Part 2,
S40 E47,Round of 32,Tossup,32,What is the largest city in the Canadian province of Quebec?,Montreal,Geography,Social Studies,Science Hill High School (Danny's team) vs L&N STEM Academy (Jared's team),,L&N STEM Academy (Jared's team),Incorrect,Elena,Science Hill High School (Danny's team),Correct,Correct,10,Science Hill High School (Danny's team),1,,L&N's buzzer is not named (the answer given was Ontario),
S40 E47,Round of 32,Bonus,32,"Part 1: In which time zone is Las Vegas, Nevada? | Part 2: In which time zone is Indianapolis, Indiana?",Part 1: Pacific | Part 2: Eastern,Geography,Social Studies,Science Hill High School (Danny's team) vs L&N STEM Academy (Jared's team),,Science Hill High School (Danny's team),Partial,,,,Partial,10,Science Hill High School (Danny's team),2,,Danny answered Part 1; the team said Central for Part 2,
S40 E47,Round of 32,Tossup,33,What seven letter word starting with P means a hypothetical remedy for all ills or diseases?,Panacea,Vocabulary,Language Arts,Science Hill High School (Danny's team) vs L&N STEM Academy (Jared's team),Jared,L&N STEM Academy (Jared's team),Correct,,,,Correct,10,L&N STEM Academy (Jared's team),1,,,
S40 E47,Round of 32,Bonus,33,Part 1: What nine letter adjective beginning with M means extremely small? | Part 2: Spell that word.,Part 1: Minuscule | Part 2: M-I-N-U-S-C-U-L-E,Vocabulary,Language Arts,Science Hill High School (Danny's team) vs L&N STEM Academy (Jared's team),,L&N STEM Academy (Jared's team),Correct,,,,Correct,20,L&N STEM Academy (Jared's team),2,,,
S40 E47,Round of 32,Tossup,34,Subtract six cubed from four squared.,-200,Math,Mathematics,Science Hill High School (Danny's team) vs L&N STEM Academy (Jared's team),Jared,L&N STEM Academy (Jared's team),Correct,,,,Correct,10,L&N STEM Academy (Jared's team),1,,,
S40 E47,Round of 32,Bonus,34,Sequentially list the next four prime numbers greater than 40.,"41, 43, 47 and 53",Math,Mathematics,Science Hill High School (Danny's team) vs L&N STEM Academy (Jared's team),,L&N STEM Academy (Jared's team),Correct,,,,Correct,20,L&N STEM Academy (Jared's team),1,,,
S40 E47,Round of 32,Tossup,35,What process makes the stars shine because the gas inside them is so hot?,Nuclear fusion,Astronomy,Science & Technology,Science Hill High School (Danny's team) vs L&N STEM Academy (Jared's team),Jared,L&N STEM Academy (Jared's team),Correct,,,,Correct,10,L&N STEM Academy (Jared's team),1,,,
S40 E47,Round of 32,Bonus,35,"What is the term for a pair of stars that are close together, orbit each other and are held captive by each other's gravity?",A binary star (binary system),Astronomy,Science & Technology,Science Hill High School (Danny's team) vs L&N STEM Academy (Jared's team),,L&N STEM Academy (Jared's team),Correct,,,,Correct,20,L&N STEM Academy (Jared's team),1,,,
S40 E47,Round of 32,Tossup,36,What is the resulting color when mixing red and blue?,Purple,Art,Fine Arts,Science Hill High School (Danny's team) vs L&N STEM Academy (Jared's team),Danny,Science Hill High School (Danny's team),Correct,,,,Correct,10,Science Hill High School (Danny's team),1,,,
S40 E47,Round of 32,Bonus,36,"What is the name of the statue shown here, the tallest in Africa, which sits atop one of the Twin Hills outside Dakar, Senegal, overlooking the Atlantic Ocean?",The African Renaissance Monument,Visual,General & Visual,Science Hill High School (Danny's team) vs L&N STEM Academy (Jared's team),,Science Hill High School (Danny's team),Incorrect,,,,Missed,0,None given,1,,"the team said ""Black Panther""",
S40 E47,Round of 32,Tossup,37,What general name is given to people who are already in office and sometimes running for reelection?,Incumbents,Government,Social Studies,Science Hill High School (Danny's team) vs L&N STEM Academy (Jared's team),Cameron,L&N STEM Academy (Jared's team),Correct,,,,Correct,10,L&N STEM Academy (Jared's team),1,,,
S40 E47,Round of 32,Bonus,37,"After the U.S. left Afghanistan, the Taliban reneged on a promise that girls would be permitted to go to school beyond which grade?",Sixth grade,Government,Social Studies,Science Hill High School (Danny's team) vs L&N STEM Academy (Jared's team),,L&N STEM Academy (Jared's team),Incorrect,,,,Missed,0,None given,1,,the team said fifth,
S40 E47,Round of 32,Tossup,38,"What is the French word for ""street""?",Rue,Foreign Language,Foreign Language,Science Hill High School (Danny's team) vs L&N STEM Academy (Jared's team),Chloe,L&N STEM Academy (Jared's team),Correct,,,,Correct,10,L&N STEM Academy (Jared's team),1,,"the captions render the answer as ""Room""",
S40 E47,Round of 32,Bonus,38,"Part 1: Give the English translation for ""coup de grâce."" | Part 2: Give the English translation for ""faux pas.""",Part 1: The final blow or finishing stroke | Part 2: An embarrassing social error (a public mistake),Foreign Language,Foreign Language,Science Hill High School (Danny's team) vs L&N STEM Academy (Jared's team),,L&N STEM Academy (Jared's team),Partial,,,,Partial,10,L&N STEM Academy (Jared's team),2,,"the team's Part 1 answer is garbled in the captions (""head of Greece""); the host accepted ""a public mistake"" for Part 2",
S40 E47,Round of 32,Tossup,39,Which U.S. president had both of his vice presidents die in office?,James Madison,U.S. History,Social Studies,Science Hill High School (Danny's team) vs L&N STEM Academy (Jared's team),Cameron,L&N STEM Academy (Jared's team),Incorrect,,,,Missed,0,None given,1,,Cameron said James Monroe; no Science Hill steal answer captured,
S40 E47,Round of 32,Tossup,40,What type of flowering plant completes its life cycle within one year?,An annual,Biology,Science & Technology,Science Hill High School (Danny's team) vs L&N STEM Academy (Jared's team),Chloe,L&N STEM Academy (Jared's team),Correct,,,,Correct,10,L&N STEM Academy (Jared's team),1,,,
S40 E47,Round of 32,Bonus,40,"Part 1: What is the meaning of the biology prefix ""ecto-""? | Part 2: What is the meaning of the biology prefix ""macro-""?",Part 1: Outer (outside) | Part 2: Large,Biology,Science & Technology,Science Hill High School (Danny's team) vs L&N STEM Academy (Jared's team),,L&N STEM Academy (Jared's team),Correct,,,,Correct,20,L&N STEM Academy (Jared's team),2,,,
S40 E47,Round of 32,Tossup,41,Which is the only breed of horse named after a U.S. state?,The Tennessee Walking Horse,Sports,General & Visual,Science Hill High School (Danny's team) vs L&N STEM Academy (Jared's team),Chloe,L&N STEM Academy (Jared's team),Correct,,,,Correct,10,L&N STEM Academy (Jared's team),1,,,
S40 E47,Round of 32,Bonus,41,Part 1: What two countries hosted the women's FIFA World Cup in 2023? | Part 2: Name two of the three countries that will host the men's FIFA World Cup in 2026.,"Part 1: Australia and New Zealand | Part 2: The United States, Canada and Mexico (any two)",Sports,General & Visual,Science Hill High School (Danny's team) vs L&N STEM Academy (Jared's team),,L&N STEM Academy (Jared's team),Partial,,,,Partial,10,L&N STEM Academy (Jared's team),2,,"the team said Spain and Portugal, then Qatar and Yemen, for Part 1",
S40 E47,Round of 32,Tossup,42,What is the job title of the person who serves customers at a bank counter?,A teller,Economics,Social Studies,Science Hill High School (Danny's team) vs L&N STEM Academy (Jared's team),Elena,Science Hill High School (Danny's team),Correct,,,,Correct,10,Science Hill High School (Danny's team),1,,,
S40 E47,Round of 32,Bonus,42,"Part 1: According to a 1970s advertising jingle, a kid will eat the middle of what cookie first and save the chocolate cookie outside for last? | Part 2: What product to cover cuts and scrapes had a 1970s jingle with a child singing ""I'm stuck on blank because blank is stuck on me""?",Part 1: Oreo | Part 2: Band-Aid,Economics,Social Studies,Science Hill High School (Danny's team) vs L&N STEM Academy (Jared's team),,Science Hill High School (Danny's team),Correct,,,,Correct,20,Science Hill High School (Danny's team),2,,,
S40 E47,Round of 32,Tossup,43,"What six letter word beginning with H is the antonym of ""dawdle""?",Hasten,English,Language Arts,Science Hill High School (Danny's team) vs L&N STEM Academy (Jared's team),Jared,L&N STEM Academy (Jared's team),Incorrect,,,,Missed,0,None given,1,,Jared's answer is garbled in the captions; no Science Hill steal answer captured,
S40 E47,Round of 32,Tossup,44,An inscribed angle measures 65 degrees. What is the measure of its intercepted arc?,130 degrees,Geometry,Mathematics,Science Hill High School (Danny's team) vs L&N STEM Academy (Jared's team),Jared,L&N STEM Academy (Jared's team),Correct,,,,Correct,10,L&N STEM Academy (Jared's team),1,,,
S40 E47,Round of 32,Bonus,44,What is the area of a right triangle with a hypotenuse of 20 feet and a leg of 12 feet?,96 square feet,Geometry,Mathematics,Science Hill High School (Danny's team) vs L&N STEM Academy (Jared's team),,L&N STEM Academy (Jared's team),Correct,,,,Correct,20,L&N STEM Academy (Jared's team),1,,,
S40 E47,Round of 32,Tossup,45,"On a Windows computer, what is the function of the keyboard shortcut Control+C?",Copy,Technology,Science & Technology,Science Hill High School (Danny's team) vs L&N STEM Academy (Jared's team),Danny,Science Hill High School (Danny's team),Correct,,,,Correct,10,Science Hill High School (Danny's team),1,,,
S40 E47,Round of 32,Bonus,45,Which computer programming language is widely used for creating websites and web applications?,HTML,Technology,Science & Technology,Science Hill High School (Danny's team) vs L&N STEM Academy (Jared's team),,Science Hill High School (Danny's team),Incorrect,,,,Missed,0,None given,1,,the team said Java; the game ended after this bonus,
S40 E48,Round of 16,Tossup,1,What is the official currency in Egypt?,The Egyptian pound,Economics,Social Studies,Jefferson County High School (Evan's team) vs Farragut High School,Leo,Farragut High School,Incorrect,Evan,Jefferson County High School (Evan's team),Incorrect,Missed,0,None given,1,,"Leo's answer is garbled in the captions (appears to be ""euro""); Evan said the lira",
S40 E48,Round of 16,Tossup,2,"What group released their final song, ""Now and Then,"" in 2023, with a little help from AI to utilize tracks from the two members who are dead?",The Beatles,Music,Fine Arts,Jefferson County High School (Evan's team) vs Farragut High School,Max,Jefferson County High School (Evan's team),Correct,,,,Correct,10,Jefferson County High School (Evan's team),1,,,
S40 E48,Round of 16,Bonus,2,"Part 1: What is the musical term for a tempo played fast, quickly and bright, between 105 and 132 beats per minute? | Part 2: What is the musical term for a moderately fast tempo between 91 and 104 beats per minute?",Part 1: Allegro | Part 2: Allegretto,Music,Fine Arts,Jefferson County High School (Evan's team) vs Farragut High School,,Jefferson County High School (Evan's team),Incorrect,,,,Missed,0,None given,2,,"the team said ""fortissimo"" for Part 1 and ""legato"" for Part 2 (Evan deferred to Zach)",
S40 E48,Round of 16,Tossup,3,"The floor of the Lincoln Memorial in Washington, D.C. is covered with pink marble from what state?",Tennessee,Geology,Science & Technology,Jefferson County High School (Evan's team) vs Farragut High School,Max,Jefferson County High School (Evan's team),Correct,,,,Correct,10,Jefferson County High School (Evan's team),1,,,
S40 E48,Round of 16,Bonus,3,The jewelry industry recognizes which four types of gems as the most sought after precious gemstones?,"Diamond, ruby, sapphire and emerald",Geology,Science & Technology,Jefferson County High School (Evan's team) vs Farragut High School,,Jefferson County High School (Evan's team),Correct,,,,Correct,20,Jefferson County High School (Evan's team),1,,,
S40 E48,Round of 16,Tossup,4,Who is credited with the founding of Rhode Island?,Roger Williams,U.S. History,Social Studies,Jefferson County High School (Evan's team) vs Farragut High School,Leo,Farragut High School,Incorrect,Reagan,Jefferson County High School (Evan's team),Correct,Correct,10,Jefferson County High School (Evan's team),1,,Leo said John Smith,
S40 E48,Round of 16,Bonus,4,"In 2023, thousands attended the 60th anniversary of the March on Washington, where which civil rights leader delivered the ""I Have a Dream"" speech?",Martin Luther King Jr.,U.S. History,Social Studies,Jefferson County High School (Evan's team) vs Farragut High School,,Jefferson County High School (Evan's team),Correct,,,,Correct,20,Jefferson County High School (Evan's team),1,,,
S40 E48,Round of 16,Tossup,5,What is the English translation of the French word ___?,(not captured),Foreign Language,Foreign Language,Jefferson County High School (Evan's team) vs Farragut High School,Leo,Farragut High School,Correct,,,,Correct,10,Farragut High School,1,,"the French word and the answer are not captured in the captions (the host said ""correct"")",
S40 E48,Round of 16,Bonus,5,Part 1: The German word Schweinefleisch is what type of meat? | Part 2: The Spanish word pollo is what type of meat?,Part 1: Pork | Part 2: Chicken,Foreign Language,Foreign Language,Jefferson County High School (Evan's team) vs Farragut High School,,Farragut High School,Correct,,,,Correct,20,Farragut High School,2,,"the team said ""pig"" for Part 1 and the host accepted it",
S40 E48,Round of 16,Tossup,6,Halifax is the capital of which Canadian province?,Nova Scotia,Geography,Social Studies,Jefferson County High School (Evan's team) vs Farragut High School,Reagan,Jefferson County High School (Evan's team),Correct,,,,Correct,10,Jefferson County High School (Evan's team),1,,,
S40 E48,Round of 16,Bonus,6,"Part 1: On which Great Lake is Toronto, Ontario? | Part 2: In which Canadian province is Vancouver?",Part 1: Lake Ontario | Part 2: British Columbia,Geography,Social Studies,Jefferson County High School (Evan's team) vs Farragut High School,,Jefferson County High School (Evan's team),Partial,,,,Partial,10,Jefferson County High School (Evan's team),2,,the team said Montreal and then switched to British Columbia for Part 2; the self-correction is not counted (see header),
S40 E48,Round of 16,Tossup,7,What eight letter term beginning with H refers to something alongside a staircase to provide safety and support?,A handrail,Architecture,Fine Arts,Jefferson County High School (Evan's team) vs Farragut High School,Alex,Farragut High School,Correct,,,,Correct,10,Farragut High School,1,,,
S40 E48,Round of 16,Bonus,7,"Part 1: A long running joke offers to sell what iconic bridge shown here that spans the East River in New York City? | Part 2: Which incumbent U.S. president attended the bridge's opening ceremonies on May 24, 1883?",Part 1: The Brooklyn Bridge | Part 2: Chester A. Arthur,Visual,General & Visual,Jefferson County High School (Evan's team) vs Farragut High School,,Farragut High School,Partial,,,,Partial,10,Farragut High School,2,,the team said Hayes for Part 2,
S40 E48,Round of 16,Tossup,8,What seven letter word beginning with A is the term for a surgical examination of a human corpse to determine the cause and manner of death?,Autopsy,Science,Science & Technology,Jefferson County High School (Evan's team) vs Farragut High School,Zach,Jefferson County High School (Evan's team),Correct,,,,Correct,10,Jefferson County High School (Evan's team),1,,,
S40 E48,Round of 16,Bonus,8,"The University of Tennessee became famous for pioneering research on human decomposition when Dr. William Bass created the Forensic Anthropology Center at UT, better known by what name?",The Body Farm,Science,Science & Technology,Jefferson County High School (Evan's team) vs Farragut High School,,Jefferson County High School (Evan's team),Correct,,,,Correct,20,Jefferson County High School (Evan's team),1,,,
S40 E48,Round of 16,Tossup,9,"In radical form, what is the sum of the cosine of 45 degrees plus the sine of 45 degrees?",Square root of 2,Pre-Calculus,Mathematics,Jefferson County High School (Evan's team) vs Farragut High School,Alex,Farragut High School,Correct,,,,Correct,10,Farragut High School,1,,,
S40 E48,Round of 16,Bonus,9,What is the maximum value of the function y = 3 sin 2x?,3,Pre-Calculus,Mathematics,Jefferson County High School (Evan's team) vs Farragut High School,,Farragut High School,Correct,,,,Correct,20,Farragut High School,1,,,
S40 E48,Round of 16,Tossup,10,"According to Reader's Digest, the most misspelled word in Tennessee is ""parliament."" Spell ""parliament.""",P-A-R-L-I-A-M-E-N-T,Spelling,Language Arts,Jefferson County High School (Evan's team) vs Farragut High School,Tom,Farragut High School,Correct,,,,Correct,10,Farragut High School,1,,,
S40 E48,Round of 16,Bonus,10,"Spell the 13 letter word beginning with C that means wishing to do what is right, especially to do one's work or duty well and thoroughly.",C-O-N-S-C-I-E-N-T-I-O-U-S,Spelling,Language Arts,Jefferson County High School (Evan's team) vs Farragut High School,,Farragut High School,Incorrect,,,,Missed,0,None given,1,,"Leo deferred to Tom, who spelled ""conscience"" (too few letters)",
S40 E48,Round of 16,Tossup,11,"Which cabinet position is fourth in the presidential line of succession after the vice president, the speaker of the House and the president pro tempore?",Secretary of State,Government,Social Studies,Jefferson County High School (Evan's team) vs Farragut High School,Tom,Farragut High School,Correct,,,,Correct,10,Farragut High School,1,,,
S40 E48,Round of 16,Bonus,11,Part 1: Which fraction represents how many votes of both houses of Congress it takes to override a presidential veto? | Part 2: What percentage of the states is necessary to ratify an amendment to the Constitution?,Part 1: Two thirds | Part 2: 75 percent,Government,Social Studies,Jefferson County High School (Evan's team) vs Farragut High School,,Farragut High School,Incorrect,,,,Missed,0,None given,2,Yes,"the team started with ""three ..."" and corrected to ""two thirds"" for Part 1 (the host first said ""correct"") and answered ""three fourths, 75"" for Part 2 (the host asked whether it would be taken since he wanted a percentage); scored as missed because the announced halftime score of Farragut 200 is reached only if this bonus counts for nothing after the halftime challenge (captions lines 8000-8007)","And a government bonus which fraction represents how many votes of both houses of Congress it takes to override a presidential veto? / Therefore, three points to the two thirds. / Do there. / Two thirds? / Two thirds? / Correct. / What percentage of the states is necessary to ratify an amendment to the Constitution? / Three fourths 75 We'll see if they'll take that, because I asked 4% of three fourths and 75% toss up four players now in religion, who was the pope emeritus who died in December 2022, almost ten years after he resigned- Tom?"
S40 E48,Round of 16,Tossup,12,"Who was the pope emeritus who died in December 2022, almost ten years after he resigned from the papacy in 2013?",Benedict XVI,Religion,Religion & Mythology,Jefferson County High School (Evan's team) vs Farragut High School,Tom,Farragut High School,Correct,,,,Correct,10,Farragut High School,1,,,
S40 E48,Round of 16,Bonus,12,"In Judaism, Christianity and Islam, who is the archangel with the power to announce God's will to men and who, in the Gospel of Luke, announced to Mary that she would become the mother of Jesus?",Gabriel,Religion,Religion & Mythology,Jefferson County High School (Evan's team) vs Farragut High School,,Farragut High School,Correct,,,,Correct,20,Farragut High School,1,,,
S40 E48,Round of 16,Tossup,13,"On a Windows computer, what keyboard shortcut can be used to search for text within a document or web page?",Control+F,Technology,Science & Technology,Jefferson County High School (Evan's team) vs Farragut High School,Evan,Jefferson County High School (Evan's team),Incorrect,Tom,Farragut High School,Correct,Correct,10,Farragut High School,1,,"Evan said ""Control C or Control F"" and the host did not take two answers",
S40 E48,Round of 16,Bonus,13,Who is the scientist shown here who is recognized as one of the fathers of the internet for his role in creating the TCP/IP protocols and helping to found ICANN?,Vint Cerf,Visual,General & Visual,Jefferson County High School (Evan's team) vs Farragut High School,,Farragut High School,Incorrect,,,,Missed,0,None given,1,,the team guessed Tim Berners-Lee after deferring to Alex,
S40 E48,Round of 16,Tossup,14,"Adrenal glands, also known as suprarenal glands, are small triangular shaped glands located on top of what organ?",The kidneys,Health,Science & Technology,Jefferson County High School (Evan's team) vs Farragut High School,Reagan,Jefferson County High School (Evan's team),Correct,,,,Correct,10,Jefferson County High School (Evan's team),1,,,
S40 E48,Round of 16,Bonus,14,"In 2023, wastewater from the damaged Fukushima nuclear plant was released into the ocean, causing China to ban seafood imports from what country?",Japan,Health,Science & Technology,Jefferson County High School (Evan's team) vs Farragut High School,,Jefferson County High School (Evan's team),Correct,,,,Correct,20,Jefferson County High School (Evan's team),1,,,
S40 E48,Round of 16,Tossup,15,Who wrote The Gift of the Magi?,O. Henry,Literature,Language Arts,Jefferson County High School (Evan's team) vs Farragut High School,Tom,Farragut High School,Incorrect,,,,Missed,0,None given,1,,Tom said Hemingway; no Jefferson County steal answer captured,
S40 E48,Round of 16,Tossup,16,"In 1877, which American president officially ended Reconstruction of the South?",Rutherford B. Hayes,U.S. History,Social Studies,Jefferson County High School (Evan's team) vs Farragut High School,Zach,Jefferson County High School (Evan's team),Correct,,,,Correct,10,Jefferson County High School (Evan's team),1,,,
S40 E48,Round of 16,Bonus,16,The land that Mexico ceded to the United States in 1848 covered all or parts of what are now seven states. Name four of the seven.,"Any four of: Arizona, California, Colorado, Nevada, New Mexico, Utah, Wyoming",U.S. History,Social Studies,Jefferson County High School (Evan's team) vs Farragut High School,,Jefferson County High School (Evan's team),Partial,,,,Partial,15,Jefferson County High School (Evan's team),1,,"the team named Arizona, New Mexico, California and Texas; Texas was not right, so three counted for 15 points",
S40 E48,Round of 16,Tossup,17,"In the game of bowling, what is the term for three strikes in a row?",A turkey,Games,General & Visual,Jefferson County High School (Evan's team) vs Farragut High School,Alex,Farragut High School,Correct,,,,Correct,10,Farragut High School,1,,,
S40 E48,Round of 16,Bonus,17,"What children's game has one player as leader issuing instructions to the other players, who are called out if they do not follow the instructions or if they follow instructions that the leader has not prefaced with the name of the game?",Simon Says,Games,General & Visual,Jefferson County High School (Evan's team) vs Farragut High School,,Farragut High School,Incorrect,,,,Missed,0,None given,1,Yes,"the team first said ""Damon says,"" then corrected to ""Simon says"" and the host awarded 20 points; scored as missed because the halftime challenge disallowed answers that were corrected after being started (captions lines 8035-8038)","Alex Turkey is right and a games bonus for Farragut. / What children's game has one player as leader issuing instructions to the other players who are called out if they don't follow the instructions or if they do follow instructions when the lead player hasn't prefaced them with the name of the game, Damon says, I'm sorry. / Simon says it's right for 20 points to seven Chemistry. / What is the chemical formula for benzene?"
S40 E48,Round of 16,Tossup,18,What is the chemical formula for benzene?,C6H6,Chemistry,Science & Technology,Jefferson County High School (Evan's team) vs Farragut High School,Alex,Farragut High School,Correct,,,,Correct,10,Farragut High School,1,,,
S40 E48,Round of 16,Bonus,18,Which element's electron configuration is [Ar] 4s2?,Calcium,Chemistry,Science & Technology,Jefferson County High School (Evan's team) vs Farragut High School,,Farragut High School,Incorrect,,,,Missed,0,None given,1,,Alex answered magnesium,
S40 E48,Round of 16,Tossup,19,A parallelogram has a base of 14 and a height of 12. What is its area?,168 square units,Geometry,Mathematics,Jefferson County High School (Evan's team) vs Farragut High School,Alex,Farragut High School,Correct,,,,Correct,10,Farragut High School,1,,,
S40 E48,Round of 16,Bonus,19,"Two sides of a pentagon are congruent, with measures x + 3 and 2x - 1. What is the value of x?",4,Geometry,Mathematics,Jefferson County High School (Evan's team) vs Farragut High School,,Farragut High School,Correct,,,,Correct,20,Farragut High School,1,,,
S40 E48,Round of 16,Tossup,20,"What six letter word beginning with C means prestige, or an indication of approval carrying great prestige?",Cachet,Vocabulary,Language Arts,Jefferson County High School (Evan's team) vs Farragut High School,Tom,Farragut High School,Incorrect,,,,Missed,0,None given,1,,"Tom said ""condone""; no Jefferson County steal answer captured",
S40 E48,Round of 16,Tossup,21,"Which state's license plate has the image of a diamond and the slogan ""The Natural State""?",Arkansas,Geography,Social Studies,Jefferson County High School (Evan's team) vs Farragut High School,Leo,Farragut High School,Correct,,,,Correct,10,Farragut High School,1,,,
S40 E48,Round of 16,Bonus,21,In which four states are the Ozark Mountains located?,"Arkansas, Missouri, Oklahoma and Kansas",Geography,Social Studies,Jefferson County High School (Evan's team) vs Farragut High School,,Farragut High School,Incorrect,,,,Missed,0,None given,1,,"Leo deferred to Tom, who named Utah, Ohio, Iowa, Minnesota and Michigan; the first half ended after this bonus",
S40 E48,Round of 16,Tossup,22,The tradition of awarding gold records to artists began with what Glenn Miller song about a train ride that is now also the name of a railroad themed hotel in the fourth largest city in Tennessee?,"""Chattanooga Choo Choo""",Music,Fine Arts,Jefferson County High School (Evan's team) vs Farragut High School,Tom,Farragut High School,Correct,,,,Correct,10,Farragut High School,1,,,
S40 E48,Round of 16,Bonus,22,Part 1: Who composed the William Tell Overture? | Part 2: An electronic version of the William Tell Overture was used by what car company in an ad campaign for its Civic model?,Part 1: Rossini | Part 2: Honda,Music,Fine Arts,Jefferson County High School (Evan's team) vs Farragut High School,,Farragut High School,Partial,,,,Partial,10,Farragut High School,2,,the team said Mozart for Part 1,
S40 E48,Round of 16,Tossup,23,"What celestial event will occur on April 8, 2024?",A total solar eclipse,Astronomy,Science & Technology,Jefferson County High School (Evan's team) vs Farragut High School,Tom,Farragut High School,Correct,,,,Correct,10,Farragut High School,1,,"the host accepted ""solar eclipse""",
S40 E48,Round of 16,Bonus,23,Part 1: What is the name of Pluto's moon that is almost half the size of Pluto itself? | Part 2: In what year did the International Astronomical Union downgrade Pluto to a dwarf planet?,Part 1: Charon | Part 2: 2006,Astronomy,Science & Technology,Jefferson County High School (Evan's team) vs Farragut High School,,Farragut High School,Partial,,,,Partial,10,Farragut High School,2,,Tom deferred to Alex for Part 1; the team said 2007 for Part 2,
S40 E48,Round of 16,Tossup,24,"What is the meaning of the French phrase ""nom de plume""?",Pen name,Foreign Language,Foreign Language,Jefferson County High School (Evan's team) vs Farragut High School,Leo,Farragut High School,Incorrect,Max,Jefferson County High School (Evan's team),Incorrect,Missed,0,None given,1,,"Leo's answer is garbled in the captions (""not raining"") and Max said ""it's raining""",
S40 E48,Round of 16,Tossup,25,"Who was the American poet famous for the use of split words, few capital letters and creative punctuation?",E.E. Cummings,Literature,Language Arts,Jefferson County High School (Evan's team) vs Farragut High School,Zach,Jefferson County High School (Evan's team),Incorrect,Roshan,Farragut High School,Incorrect,Missed,0,None given,1,,Zach said Robert Frost and Roshan said Edgar Allan Poe,
S40 E48,Round of 16,Tossup,26,What was the commonly used name of the influenza epidemic of 1918 that killed more people than died in World War I?,The Spanish flu,History,Social Studies,Jefferson County High School (Evan's team) vs Farragut High School,Leo,Farragut High School,Correct,,,,Correct,10,Farragut High School,1,,,
S40 E48,Round of 16,Bonus,26,"Who was the longest reigning female Russian leader, from 1762 to 1796?",Catherine the Great,World History,Social Studies,Jefferson County High School (Evan's team) vs Farragut High School,,Farragut High School,Correct,,,,Correct,20,Farragut High School,1,,,
S40 E48,Round of 16,Tossup,27,What word is used to designate food prepared according to Islamic dietary standards?,Halal,Religion,Religion & Mythology,Jefferson County High School (Evan's team) vs Farragut High School,Evan,Unknown,Correct,,,,Correct,10,Unknown,1,Yes,both teams have a player named Evan and the captions do not say which one answered; the bonus team is also unknown; team not identified in captions (captions lines 8152-8154),"Toss up now in religion, what word is used to designate food prepared according to Islamic dietary standards? / Evan Hello. / Yes, and a religion bonus in 1604, which King convened a group of scholars to translate the scriptures from Hebrew and Greek into English."
S40 E48,Round of 16,Bonus,27,"In 1604, which King convened a group of scholars to translate the scriptures from Hebrew and Greek into English?",King James I,Religion,Religion & Mythology,Jefferson County High School (Evan's team) vs Farragut High School,,Unknown,Correct,,,,Correct,20,Unknown,1,Yes,team not identified in captions (captions lines 8154-8155),"Yes, and a religion bonus in 1604, which King convened a group of scholars to translate the scriptures from Hebrew and Greek into English. / And the first year, James The first is it for 20 points toss up in health, diabetes is a chronic disease that occurs when which organ does not produce enough."
S40 E48,Round of 16,Tossup,28,"Diabetes is a chronic disease that occurs when which organ does not produce enough insulin, or the body can't use it effectively?",The pancreas,Health,Science & Technology,Jefferson County High School (Evan's team) vs Farragut High School,Zach,Jefferson County High School (Evan's team),Correct,,,,Correct,10,Jefferson County High School (Evan's team),1,,,
S40 E48,Round of 16,Bonus,28,Part 1: Blood pressure test results are given in two numbers. What is the medical term for the higher number? | Part 2: What is the medical term for the lower number?,Part 1: Systolic | Part 2: Diastolic,Health,Science & Technology,Jefferson County High School (Evan's team) vs Farragut High School,,Jefferson County High School (Evan's team),Partial,,,,Partial,10,Jefferson County High School (Evan's team),2,,the team had no answer for Part 1 and got Part 2,
S40 E48,Round of 16,Tossup,29,"What is the product of two thirds, one fourth and two fifths, reduced?",1/15,Math,Mathematics,Jefferson County High School (Evan's team) vs Farragut High School,Alex,Farragut High School,Correct,,,,Correct,10,Farragut High School,1,,,
S40 E48,Round of 16,Bonus,29,Add the fractions two thirds and two fifths together and give your final answer as an improper fraction or mixed number.,16/15 (1 and 1/15),Math,Mathematics,Jefferson County High School (Evan's team) vs Farragut High School,,Farragut High School,Correct,,,,Correct,20,Farragut High School,1,,,
S40 E48,Round of 16,Tossup,30,"What five letter word beginning with W is the antonym of ""terse""?",Wordy,English,Language Arts,Jefferson County High School (Evan's team) vs Farragut High School,Leo,Farragut High School,Incorrect,,,,Missed,0,None given,1,,"Leo said ""worse""; no Jefferson County steal answer captured",
S40 E48,Round of 16,Tossup,31,What is the official currency in Somalia?,The Somali shilling,Economics,Social Studies,Jefferson County High School (Evan's team) vs Farragut High School,Tom,Farragut High School,Incorrect,Max,Jefferson County High School (Evan's team),Incorrect,Missed,0,None given,1,,Tom said the Somali pound and Max said the yen,
S40 E48,Round of 16,Tossup,32,"In 1924, what country hosted the first Winter Olympic Games?",France,Sports,General & Visual,Jefferson County High School (Evan's team) vs Farragut High School,Katy,Jefferson County High School (Evan's team),Incorrect,Tom,Farragut High School,Incorrect,Missed,0,None given,1,,Katy said Greece and Tom said Germany,
S40 E48,Round of 16,Tossup,33,What nine letter word beginning with P means the study of rocks?,Petrology,Geology,Science & Technology,Jefferson County High School (Evan's team) vs Farragut High School,Roshan,Farragut High School,Incorrect,Katy,Jefferson County High School (Evan's team),Incorrect,Missed,0,None given,1,,"Roshan began ""geo-"" and Katy said paleontology",
S40 E48,Round of 16,Tossup,34,What art medium is constructed of a narrow pigmented core composed of vegetable oil and wax in a wooden cylinder?,Colored pencil,Art,Fine Arts,Jefferson County High School (Evan's team) vs Farragut High School,,Jefferson County High School (Evan's team),Incorrect,Roshan,Farragut High School,Incorrect,Missed,0,None given,1,,"Jefferson County's buzzer is not named (the answer was ""candle""); Roshan said acrylic",
S40 E48,Round of 16,Tossup,35,What is the term for the accents and other symbols that indicate the sound of a letter is modified during pronunciation?,Diacritical marks,Foreign Language,Foreign Language,Jefferson County High School (Evan's team) vs Farragut High School,Roshan,Farragut High School,Incorrect,Zach,Jefferson County High School (Evan's team),Incorrect,Missed,0,None given,1,,"Roshan said ""accent"" and Zach said ""tilde""",
S40 E48,Round of 16,Tossup,36,Who was the abolitionist who led the raid on the federal arsenal at Harpers Ferry?,John Brown,History,Social Studies,Jefferson County High School (Evan's team) vs Farragut High School,Tom,Farragut High School,Correct,,,,Correct,10,Farragut High School,1,,,
S40 E48,Round of 16,Bonus,36,"Who is the Tennessean shown here who received the Medal of Honor for leading an attack during World War I on a German machine gun nest, capturing 35 machine guns, killing at least 25 enemy soldiers and capturing 132 prisoners?",Alvin C. York,Visual,General & Visual,Jefferson County High School (Evan's team) vs Farragut High School,,Farragut High School,Correct,,,,Correct,20,Farragut High School,1,,,
S40 E48,Round of 16,Tossup,37,In what town is Appalachian State University located?,"Boone, North Carolina",Miscellaneous,General & Visual,Jefferson County High School (Evan's team) vs Farragut High School,,,No Buzz,,,,Missed,0,None given,1,,nobody buzzed; the host gave the answer,
S40 E48,Round of 16,Tossup,38,"What is the largest species of salamander in North America, found in clean, fast flowing streams in the Smoky Mountains?",The hellbender,Biology,Science & Technology,Jefferson County High School (Evan's team) vs Farragut High School,Zach,Jefferson County High School (Evan's team),Incorrect,Leo,Farragut High School,Incorrect,Missed,0,None given,1,,"Zach's answer is garbled in the captions and Leo said ""large salamander""",
S40 E48,Round of 16,Tossup,39,What is the discriminant of the equation 2x squared - 5x = 0?,25,Algebra,Mathematics,Jefferson County High School (Evan's team) vs Farragut High School,Roshan,Farragut High School,Correct,,,,Correct,10,Farragut High School,1,,,
S40 E48,Round of 16,Bonus,39,Solve the equation (1/2)x + y = 2 for x if the value of y is 12.,x = -20,Algebra,Mathematics,Jefferson County High School (Evan's team) vs Farragut High School,,Farragut High School,Correct,,,,Correct,20,Farragut High School,1,,,
S40 E48,Round of 16,Tossup,40,"Who is mourned as the lost love in Edgar Allan Poe's poem ""The Raven""?",Lenore,Literature,Language Arts,Jefferson County High School (Evan's team) vs Farragut High School,Roshan,Farragut High School,Correct,,,,Correct,10,Farragut High School,1,,,
S40 E48,Round of 16,Bonus,40,What classic Chinese novel published in the 16th century features legendary travels with the Monkey King to retrieve sacred texts and was the inspiration for the anime Dragon Ball?,Journey to the West,Literature,Language Arts,Jefferson County High School (Evan's team) vs Farragut High School,,Farragut High School,Correct,,,,Correct,20,Farragut High School,1,,,
S40 E48,Round of 16,Tossup,41,What is the highest mountain in the 48 contiguous United States?,Mount Whitney,Geography,Social Studies,Jefferson County High School (Evan's team) vs Farragut High School,Roshan,Farragut High School,Incorrect,Zach,Jefferson County High School (Evan's team),Incorrect,Missed,0,None given,1,,Roshan said Mount Denali and Zach said Mount St. Helens,
S40 E48,Round of 16,Tossup,42,What type of music was composed mostly between 1820 and 1910?,Romantic music,Music,Fine Arts,Jefferson County High School (Evan's team) vs Farragut High School,Alex,Farragut High School,Correct,,,,Correct,10,Farragut High School,1,,,
S40 E48,Round of 16,Bonus,42,Part 1: In what orchestral family is the harp? | Part 2: In what orchestral family is the bassoon?,Part 1: Strings | Part 2: Woodwinds,Music,Fine Arts,Jefferson County High School (Evan's team) vs Farragut High School,,Farragut High School,Correct,,,,Correct,20,Farragut High School,2,,,
S40 E48,Round of 16,Tossup,43,What is an instrument that measures wind speed and wind pressure?,An anemometer,Physics,Science & Technology,Jefferson County High School (Evan's team) vs Farragut High School,Evan,Jefferson County High School (Evan's team),Incorrect,Roshan,Farragut High School,Correct,Correct,10,Farragut High School,1,,"Evan buzzed early and his answer is garbled in the captions (""parameter"")",
S40 E48,Round of 16,Bonus,43,"If a musical pitch vibrates at 880 cycles, the octave below vibrates at how many cycles?",440 cycles,Physics,Science & Technology,Jefferson County High School (Evan's team) vs Farragut High School,,Farragut High School,Correct,,,,Correct,20,Farragut High School,1,,,
S40 E48,Round of 16,Tossup,44,In which group on the periodic table are the alkali metals?,Group 1 (1A),Chemistry,Science & Technology,Jefferson County High School (Evan's team) vs Farragut High School,Max,Jefferson County High School (Evan's team),Correct,,,,Correct,10,Jefferson County High School (Evan's team),1,,"the host accepted ""group 1A""",
S40 E48,Round of 16,Bonus,44,"Designs for a new hypersonic jet that could cut travel from Europe to Australia to four hours call for it to be powered by which element, with atomic number one?",Hydrogen,Chemistry,Science & Technology,Jefferson County High School (Evan's team) vs Farragut High School,,Jefferson County High School (Evan's team),Correct,,,,Correct,20,Jefferson County High School (Evan's team),1,,,
S40 E48,Round of 16,Tossup,45,In the following antonym analogy: amateur is to professional as fiction is to what?,Nonfiction,Vocabulary,Language Arts,Jefferson County High School (Evan's team) vs Farragut High School,Leo,Farragut High School,Incorrect,Katy,Jefferson County High School (Evan's team),Correct,Correct,10,Jefferson County High School (Evan's team),1,,"Leo said ""fact""",
S40 E48,Round of 16,Bonus,45,What nine letter word beginning with P is a synonym for believable?,Plausible,Vocabulary,Language Arts,Jefferson County High School (Evan's team) vs Farragut High School,,Jefferson County High School (Evan's team),Correct,,,,Correct,20,Jefferson County High School (Evan's team),1,,,
S40 E48,Round of 16,Tossup,46,Who was the inventor of the cotton gin?,Eli Whitney,History,Social Studies,Jefferson County High School (Evan's team) vs Farragut High School,Roshan,Farragut High School,Correct,,,,Correct,10,Farragut High School,1,,,
S40 E48,Round of 16,Bonus,46,"Who was the leader of the Chiricahua Apache, arrested for raiding a ranch in 1861, who escaped his U.S. Army captors and declared a war that persisted until 1872?",Cochise,History,Social Studies,Jefferson County High School (Evan's team) vs Farragut High School,,Farragut High School,Incorrect,,,,Missed,0,None given,1,,the team had no answer,
S40 E48,Round of 16,Tossup,47,"What is the name of the national park for the performing arts in Vienna, Virginia?",Wolf Trap,Art,Fine Arts,Jefferson County High School (Evan's team) vs Farragut High School,Leo,Farragut High School,Incorrect,,,,Missed,0,None given,1,,"Leo said ""Performing Arts Park""; no Jefferson County steal answer captured",
S40 E48,Round of 16,Tossup,48,A device to measure revolutions per minute is called what?,A tachometer,Science,Science & Technology,Jefferson County High School (Evan's team) vs Farragut High School,,,No Buzz,,,,Missed,0,None given,1,,nobody buzzed; the host gave the answer,
S40 E48,Round of 16,Tossup,49,What is the log base 6 of 216?,3,Math,Mathematics,Jefferson County High School (Evan's team) vs Farragut High School,Roshan,Farragut High School,Correct,,,,Correct,10,Farragut High School,1,,the game ended before the bonus could be read,
S40 E49,Round of 16,Tossup,1,"In Norse mythology, what goddess of fertility, motherhood and prophecy was Odin's wife and Balder's mother?",Frigg,Mythology,Religion & Mythology,Temple Baptist Academy vs Dobyns-Bennett High School (Sachin's team),Sachin,Dobyns-Bennett High School (Sachin's team),Incorrect,,,,Missed,0,None given,1,,Sachin buzzed early and said Freya; no Temple Baptist steal answer captured,
S40 E49,Round of 16,Tossup,2,Who invented the vacuum tube?,John Ambrose Fleming,Science,Science & Technology,Temple Baptist Academy vs Dobyns-Bennett High School (Sachin's team),Micah,Temple Baptist Academy,Incorrect,,,,Missed,0,None given,1,,Micah said Joseph Cook; no Dobyns-Bennett steal answer captured,
S40 E49,Round of 16,Tossup,3,What is a line called that passes through two points on a circle?,A secant,Geometry,Mathematics,Temple Baptist Academy vs Dobyns-Bennett High School (Sachin's team),Sachin,Dobyns-Bennett High School (Sachin's team),Correct,,,,Correct,10,Dobyns-Bennett High School (Sachin's team),1,,"the captions render the buzzer as ""Such a"" (read as Sachin); the bonus was Dobyns-Bennett's",
S40 E49,Round of 16,Bonus,3,"If an inscribed angle measures 37 degrees, what is the measure of its intercepted arc?",74 degrees,Geometry,Mathematics,Temple Baptist Academy vs Dobyns-Bennett High School (Sachin's team),,Dobyns-Bennett High School (Sachin's team),Correct,,,,Correct,20,Dobyns-Bennett High School (Sachin's team),1,,the captain deferred to a teammate who said 74,
S40 E49,Round of 16,Tossup,4,Which children's book illustrator is best known for the monsters he created for Where the Wild Things Are?,Maurice Sendak,Art,Fine Arts,Temple Baptist Academy vs Dobyns-Bennett High School (Sachin's team),,,No Buzz,,,,Missed,0,None given,1,,nobody buzzed; the host gave the answer,
S40 E49,Round of 16,Tossup,5,What is the capital of Texas?,Austin,Geography,Social Studies,Temple Baptist Academy vs Dobyns-Bennett High School (Sachin's team),Sachin,Dobyns-Bennett High School (Sachin's team),Correct,,,,Correct,10,Dobyns-Bennett High School (Sachin's team),1,,,
S40 E49,Round of 16,Bonus,5,Part 1: Which state was added to the U.S. in 1821 as the 24th state and has the nickname the Show Me State? | Part 2: What is the capital of that state?,Part 1: Missouri | Part 2: Jefferson City,Geography,Social Studies,Temple Baptist Academy vs Dobyns-Bennett High School (Sachin's team),,Dobyns-Bennett High School (Sachin's team),Partial,,,,Partial,10,Dobyns-Bennett High School (Sachin's team),2,,the team said Saint Louis for Part 2,
S40 E49,Round of 16,Tossup,6,In which Edgar Allan Poe story does an old man's oddly clouded eye lead to murder?,"""The Tell-Tale Heart""",Literature,Language Arts,Temple Baptist Academy vs Dobyns-Bennett High School (Sachin's team),Sachin,Dobyns-Bennett High School (Sachin's team),Correct,,,,Correct,10,Dobyns-Bennett High School (Sachin's team),1,,,
S40 E49,Round of 16,Bonus,6,"Part 1: A university in England gave undergraduates a trigger warning about some classic books with distressing scenes and violence, including which 1861 book that tells of an orphan who comes into a fortune from a mysterious benefactor and enters London high society? | Part 2: The trigger warning also included which 1847 story that describes the romance between a homely governess and the troubled Mr. Rochester?",Part 1: Great Expectations | Part 2: Jane Eyre,Literature,Language Arts,Temple Baptist Academy vs Dobyns-Bennett High School (Sachin's team),,Dobyns-Bennett High School (Sachin's team),Partial,,,,Partial,10,Dobyns-Bennett High School (Sachin's team),2,,the team said Les Miserables for Part 1,
S40 E49,Round of 16,Tossup,7,An autotroph is an organism that can make its own what?,Food,Biology,Science & Technology,Temple Baptist Academy vs Dobyns-Bennett High School (Sachin's team),Will,Temple Baptist Academy,Correct,,,,Correct,10,Temple Baptist Academy,1,,,
S40 E49,Round of 16,Bonus,7,What type of insect shown here is able to jump more than 100 times its body length due to natural springs in its joints?,A flea (or a similar jumping insect),Visual,General & Visual,Temple Baptist Academy vs Dobyns-Bennett High School (Sachin's team),,Temple Baptist Academy,Correct,,,,Correct,20,Temple Baptist Academy,1,Yes,"the team's answer is not captured; the host only said ""yeah, due to natural spring in its joints""; scored as correct because Temple Baptist's halftime lead only holds if this bonus earned 20 (captions lines 7413-7414)","And a visual bonus for Temple Baptist. / What type of insect shown here is able to jump more than 100 times its body length Yeah, due to natural spring in its joints and history bonus Now during the years 1250 to 1271, which empire had no emperor the Roman Empire no more Sachin?"
S40 E49,Round of 16,Tossup,8,"During the years 1250 to 1271, which empire had no emperor?",The Holy Roman Empire,History,Social Studies,Temple Baptist Academy vs Dobyns-Bennett High School (Sachin's team),,Temple Baptist Academy,Incorrect,Sachin,Dobyns-Bennett High School (Sachin's team),Incorrect,Missed,0,None given,1,,"Temple Baptist's buzzer is not named (the answer was ""the Roman Empire"") and Sachin said Byzantine; the host wanted ""Holy Roman Empire""",
S40 E49,Round of 16,Tossup,9,"What is the annual Islamic pilgrimage to Mecca, Saudi Arabia?",The Hajj,Religion,Religion & Mythology,Temple Baptist Academy vs Dobyns-Bennett High School (Sachin's team),Micah,Temple Baptist Academy,Incorrect,,,,Missed,0,None given,1,,Micah had no answer; no Dobyns-Bennett steal answer captured,
S40 E49,Round of 16,Tossup,10,"Beginning sometime in 2024, whose face will appear on United Kingdom currency?",King Charles III,Economics,Social Studies,Temple Baptist Academy vs Dobyns-Bennett High School (Sachin's team),Kayla,Temple Baptist Academy,Incorrect,Sachin,Dobyns-Bennett High School (Sachin's team),Incorrect,Missed,0,None given,1,,Kayla said King George and Sachin said Rishi Sunak,
S40 E49,Round of 16,Tossup,11,"In some militaries, the rank of corporal nominally corresponds to commanding a section or squad. Spell ""corporal.""",C-O-R-P-O-R-A-L,Spelling,Language Arts,Temple Baptist Academy vs Dobyns-Bennett High School (Sachin's team),Will,Temple Baptist Academy,Correct,,,,Correct,10,Temple Baptist Academy,1,,,
S40 E49,Round of 16,Bonus,11,"A commissioned officer in the U.S. Navy or Coast Guard is a lieutenant. Spell ""lieutenant.""",L-I-E-U-T-E-N-A-N-T,Spelling,Language Arts,Temple Baptist Academy vs Dobyns-Bennett High School (Sachin's team),Micah,Temple Baptist Academy,Correct,,,,Correct,20,Temple Baptist Academy,1,,Will deferred to Micah; the letter string in the captions is garbled,
S40 E49,Round of 16,Tossup,12,What type of atom has an equal number of protons and electrons?,A neutral atom,Chemistry,Science & Technology,Temple Baptist Academy vs Dobyns-Bennett High School (Sachin's team),Michael,Dobyns-Bennett High School (Sachin's team),Incorrect,Micah,Temple Baptist Academy,Correct,Correct,10,Temple Baptist Academy,1,,"Michael said ""stable""",
S40 E49,Round of 16,Bonus,12,"Part 1: In 2022, vandals defaced the famous stairs of the Turkish Steps (white cliffs) in Sicily using which red powder with the chemical formula Fe2O3? | Part 2: The cliffs are made of what sedimentary rock composed of clay and lime?",Part 1: Iron oxide (ferric oxide) | Part 2: Marl,Chemistry,Science & Technology,Temple Baptist Academy vs Dobyns-Bennett High School (Sachin's team),,Temple Baptist Academy,Partial,,,,Partial,10,Temple Baptist Academy,2,,"the host accepted ""ferrous oxide"" for Part 1; the team said limestone for Part 2",
S40 E49,Round of 16,Tossup,13,What are the two solutions for the equation 49x squared - 81 = 0?,x = 9/7 and x = -9/7,Algebra,Mathematics,Temple Baptist Academy vs Dobyns-Bennett High School (Sachin's team),Claire,Dobyns-Bennett High School (Sachin's team),Correct,,,,Correct,10,Dobyns-Bennett High School (Sachin's team),1,,,
S40 E49,Round of 16,Bonus,13,Give both solutions for x in the equation x squared - 16x = 0.,x = 0 and x = 16,Algebra,Mathematics,Temple Baptist Academy vs Dobyns-Bennett High School (Sachin's team),,Dobyns-Bennett High School (Sachin's team),Correct,,,,Correct,20,Dobyns-Bennett High School (Sachin's team),1,,,
S40 E49,Round of 16,Tossup,14,Jazz musician Louis Armstrong was famous for singing and playing which instrument?,The trumpet,Music,Fine Arts,Temple Baptist Academy vs Dobyns-Bennett High School (Sachin's team),Sachin,Dobyns-Bennett High School (Sachin's team),Correct,,,,Correct,10,Dobyns-Bennett High School (Sachin's team),1,,Sachin buzzed early,
S40 E49,Round of 16,Bonus,14,Part 1: Who wrote the operetta The Mikado? | Part 2: What is the musical term for the introductory music at the beginning of The Mikado?,Part 1: Gilbert and Sullivan | Part 2: An overture,Music,Fine Arts,Temple Baptist Academy vs Dobyns-Bennett High School (Sachin's team),,Dobyns-Bennett High School (Sachin's team),Partial,,,,Partial,10,Dobyns-Bennett High School (Sachin's team),2,,"the team first said ""Robert Frost"" and then Gilbert and Sullivan for Part 1; they said ""prelude"" for Part 2",
S40 E49,Round of 16,Tossup,15,"In which city did Martin Luther King Jr. deliver his ""I Have a Dream"" speech?","Washington, D.C.",U.S. History,Social Studies,Temple Baptist Academy vs Dobyns-Bennett High School (Sachin's team),Sachin,Dobyns-Bennett High School (Sachin's team),Correct,,,,Correct,10,Dobyns-Bennett High School (Sachin's team),1,,Sachin buzzed early,
S40 E49,Round of 16,Bonus,15,"Part 1: In 1925, Dayton, Tennessee, high school teacher John Scopes was arrested and charged with violating a newly enacted law that criminalized the teaching of what? | Part 2: In which county is Dayton, Tennessee?",Part 1: Evolution | Part 2: Rhea County,U.S. History,Social Studies,Temple Baptist Academy vs Dobyns-Bennett High School (Sachin's team),,Dobyns-Bennett High School (Sachin's team),Partial,,,,Partial,10,Dobyns-Bennett High School (Sachin's team),2,,"the host took ""evolution"" for Part 1; the team said Franklin County for Part 2",
S40 E49,Round of 16,Tossup,16,"What is the meaning of the psychological term ""ergophobia""?",Fear of work,Vocabulary,Language Arts,Temple Baptist Academy vs Dobyns-Bennett High School (Sachin's team),Claire,Dobyns-Bennett High School (Sachin's team),Incorrect,Micah,Temple Baptist Academy,Correct,Correct,10,Temple Baptist Academy,1,,"Claire said ""the fear of big things""",
S40 E49,Round of 16,Bonus,16,"Part 1: What ten letter word beginning with B describes a loud, energetic, rowdy person? | Part 2: Spell that word.",Part 1: Boisterous | Part 2: B-O-I-S-T-E-R-O-U-S,Vocabulary,Language Arts,Temple Baptist Academy vs Dobyns-Bennett High School (Sachin's team),Easton,Temple Baptist Academy,Correct,,,,Correct,20,Temple Baptist Academy,2,,Will deferred to Easton for the spelling,
S40 E49,Round of 16,Tossup,17,"What is the science concerning the physical properties of the universe, such as chemical makeup and gravitational forces?",Astrophysics,Astronomy,Science & Technology,Temple Baptist Academy vs Dobyns-Bennett High School (Sachin's team),Micah,Temple Baptist Academy,Correct,,,,Correct,10,Temple Baptist Academy,1,,Micah buzzed early,
S40 E49,Round of 16,Bonus,17,"What is the name of the constellation shown here, located between Capricorn and Pisces, with a name that is Latin for ""water carrier""?",Aquarius,Visual,General & Visual,Temple Baptist Academy vs Dobyns-Bennett High School (Sachin's team),,Temple Baptist Academy,Correct,,,,Correct,20,Temple Baptist Academy,1,,,
S40 E49,Round of 16,Tossup,18,"What is the term beginning with the letter L for the area of space immediately at the top or bottom of stairs, or between series of flights of stairs?",A landing,Architecture,Fine Arts,Temple Baptist Academy vs Dobyns-Bennett High School (Sachin's team),Easton,Temple Baptist Academy,Correct,,,,Correct,10,Temple Baptist Academy,1,,,
S40 E49,Round of 16,Bonus,18,"Part 1: In 2022, environmentalists forced Paris to abandon plans to cut several mature trees in order to build a cafe, shops, toilets and baggage drop-off near what centerpiece of the 1889 World's Fair? | Part 2: What is the literal meaning of the tower's local nickname, ""la Dame de Fer""?",Part 1: The Eiffel Tower | Part 2: The Iron Lady,Architecture,Fine Arts,Temple Baptist Academy vs Dobyns-Bennett High School (Sachin's team),,Temple Baptist Academy,Partial,,,,Partial,10,Temple Baptist Academy,2,,"the team said ""the Fair Lady"" for Part 2",
S40 E49,Round of 16,Tossup,19,What is considered the greatest cycling event in the world?,The Tour de France,Sports,General & Visual,Temple Baptist Academy vs Dobyns-Bennett High School (Sachin's team),Will,Temple Baptist Academy,Correct,,,,Correct,10,Temple Baptist Academy,1,,,
S40 E49,Round of 16,Bonus,19,"Tennis champion Novak Djokovic was detained and deported from Australia prior to the 2022 Australian Open. His father claimed it was not due to Novak's lack of a COVID vaccine but because the West wanted to stomp on which country, where Djokovic is a native?",Serbia,Sports,General & Visual,Temple Baptist Academy vs Dobyns-Bennett High School (Sachin's team),,Temple Baptist Academy,Incorrect,,,,Missed,0,None given,1,,the team said Norway,
S40 E49,Round of 16,Tossup,20,"In which country are the islands of Arran, Skye and Shetland?",Scotland,Geography,Social Studies,Temple Baptist Academy vs Dobyns-Bennett High School (Sachin's team),Sachin,Dobyns-Bennett High School (Sachin's team),Correct,,,,Correct,10,Dobyns-Bennett High School (Sachin's team),1,,,
S40 E49,Round of 16,Bonus,20,Part 1: What is the largest island in the Mediterranean Sea? | Part 2: Sicily belongs to which European country?,Part 1: Sicily | Part 2: Italy,Geography,Social Studies,Temple Baptist Academy vs Dobyns-Bennett High School (Sachin's team),,Dobyns-Bennett High School (Sachin's team),Correct,,,,Correct,20,Dobyns-Bennett High School (Sachin's team),2,,,
S40 E49,Round of 16,Tossup,21,"What is the French word for ""house""?",Maison,Foreign Language,Foreign Language,Temple Baptist Academy vs Dobyns-Bennett High School (Sachin's team),Micah,Temple Baptist Academy,Incorrect,Claire,Dobyns-Bennett High School (Sachin's team),Incorrect,Missed,0,None given,1,,"Micah's answer is garbled in the captions (""Kai"") and Claire's was ""Casey""; the host wanted the more formal ""maison""",
S40 E49,Round of 16,Tossup,22,"One of the translations of what pledge contains the phrase ""I will abstain from all intentional wrongdoing and harm""?",The Hippocratic Oath,Health,Science & Technology,Temple Baptist Academy vs Dobyns-Bennett High School (Sachin's team),Sachin,Dobyns-Bennett High School (Sachin's team),Correct,,,,Correct,10,Dobyns-Bennett High School (Sachin's team),1,,Sachin buzzed early,
S40 E49,Round of 16,Bonus,22,Part 1: What is the term for the specialized connective tissue made of fibrous collagen that gives structure to organs such as ears and noses? | Part 2: What is the term for the specialized connective tissue made of collagen and calcium that forms the main structure of the framework of the body?,Part 1: Cartilage | Part 2: Bone,Health,Science & Technology,Temple Baptist Academy vs Dobyns-Bennett High School (Sachin's team),,Dobyns-Bennett High School (Sachin's team),Correct,,,,Correct,20,Dobyns-Bennett High School (Sachin's team),2,,,
S40 E49,Round of 16,Tossup,23,"For the ellipse x squared over 16 plus y squared over 25 equals one, what is the length of the major axis?",10 units,Pre-Calculus,Mathematics,Temple Baptist Academy vs Dobyns-Bennett High School (Sachin's team),Michael,Dobyns-Bennett High School (Sachin's team),Incorrect,Will,Temple Baptist Academy,Incorrect,Missed,0,None given,1,,Michael said 8 and Will said 4,
S40 E49,Round of 16,Tossup,24,"In the board game Trivial Pursuit, how many wedges must you collect to be eligible for the final question?",Six,Games,General & Visual,Temple Baptist Academy vs Dobyns-Bennett High School (Sachin's team),,Temple Baptist Academy,Correct,,,,Correct,10,Temple Baptist Academy,1,,buzzer not named (the bonus was Temple Baptist's),
S40 E49,Round of 16,Bonus,24,"What board game has players complete activities in four color-coded categories (creative cat, data head, star performer and word worm) and includes Cranium and Play-Doh?",Cranium,Games,General & Visual,Temple Baptist Academy vs Dobyns-Bennett High School (Sachin's team),,Temple Baptist Academy,Correct,,,,Correct,20,Temple Baptist Academy,1,,,
S40 E49,Round of 16,Tossup,25,"Which military institution is referred to as ""the long gray line""?",West Point,Government,Social Studies,Temple Baptist Academy vs Dobyns-Bennett High School (Sachin's team),Will,Temple Baptist Academy,Correct,,,,Correct,10,Temple Baptist Academy,1,,the half ended before the government bonus could be read,
S40 E49,Round of 16,Tossup,26,"With punctuation if necessary, spell the word ""your"" in the following sentence: ""I am pleased with your answers.""",Y-O-U-R,English,Language Arts,Temple Baptist Academy vs Dobyns-Bennett High School (Sachin's team),Claire,Dobyns-Bennett High School (Sachin's team),Correct,,,,Correct,10,Dobyns-Bennett High School (Sachin's team),1,,,
S40 E49,Round of 16,Bonus,26,"Part 1: What is the past simple of the verb ""hide""? | Part 2: What is the past participle of the verb ""hide""?",Part 1: Hid | Part 2: Hidden,English,Language Arts,Temple Baptist Academy vs Dobyns-Bennett High School (Sachin's team),,Dobyns-Bennett High School (Sachin's team),Correct,,,,Correct,20,Dobyns-Bennett High School (Sachin's team),2,,,
S40 E49,Round of 16,Tossup,27,"What was the medieval forerunner of chemistry, based on the supposed transformation of base metals into gold?",Alchemy,Chemistry,Science & Technology,Temple Baptist Academy vs Dobyns-Bennett High School (Sachin's team),Micah,Temple Baptist Academy,Correct,,,,Correct,10,Temple Baptist Academy,1,,,
S40 E49,Round of 16,Bonus,27,Potassium is classified as an alkali metal. Give the noble gas configuration for potassium.,[Ar] 4s1,Chemistry,Science & Technology,Temple Baptist Academy vs Dobyns-Bennett High School (Sachin's team),,Temple Baptist Academy,Incorrect,,,,Missed,0,None given,1,,the team said neon 3s2,
S40 E49,Round of 16,Tossup,28,"In Romeo and Juliet, what was Romeo's family name?",Montague,Literature,Language Arts,Temple Baptist Academy vs Dobyns-Bennett High School (Sachin's team),Sachin,Dobyns-Bennett High School (Sachin's team),Correct,,,,Correct,10,Dobyns-Bennett High School (Sachin's team),1,,,
S40 E49,Round of 16,Bonus,28,"A British writer's opinion column about her top ten favorite aunts in literature included Aunt March, a rich widow who disapproves of her daughter-in-law's charitable work, and the amiable poverty in which she and her four daughters live, as described in what book by what author?",Little Women by Louisa May Alcott,Literature,Language Arts,Temple Baptist Academy vs Dobyns-Bennett High School (Sachin's team),,Dobyns-Bennett High School (Sachin's team),Correct,,,,Correct,20,Dobyns-Bennett High School (Sachin's team),1,,,
S40 E49,Round of 16,Tossup,29,The Old Guitarist is an example of which artist's Blue Period?,Pablo Picasso,Art,Fine Arts,Temple Baptist Academy vs Dobyns-Bennett High School (Sachin's team),Will,Temple Baptist Academy,Correct,,,,Correct,10,Temple Baptist Academy,1,,,
S40 E49,Round of 16,Bonus,29,"What is the title of the famous French painting shown here in which Jacques-Louis David used the neoclassical style to depict a scene from a contemporary event, the 1793 assassination of a revolutionary leader?",The Death of Marat,Visual,General & Visual,Temple Baptist Academy vs Dobyns-Bennett High School (Sachin's team),,Temple Baptist Academy,Incorrect,,,,Missed,0,None given,1,,the team had no answer,
S40 E49,Round of 16,Tossup,30,Which U.S. president had a previous job as a film actor?,Ronald Reagan,U.S. History,Social Studies,Temple Baptist Academy vs Dobyns-Bennett High School (Sachin's team),Will,Temple Baptist Academy,Correct,,,,Correct,10,Temple Baptist Academy,1,,,
S40 E49,Round of 16,Bonus,30,Part 1: Which U.S. president had a previous job as a tailor? | Part 2: Which U.S. president had a previous job as an ordained minister?,Part 1: Andrew Johnson | Part 2: James A. Garfield,U.S. History,Social Studies,Temple Baptist Academy vs Dobyns-Bennett High School (Sachin's team),,Temple Baptist Academy,Partial,,,,Partial,10,Temple Baptist Academy,2,,the team said Zachary Taylor for Part 1,
S40 E49,Round of 16,Tossup,31,A necklace is to bead as a mosaic is to what?,Tile,Vocabulary,Language Arts,Temple Baptist Academy vs Dobyns-Bennett High School (Sachin's team),Sachin,Dobyns-Bennett High School (Sachin's team),Incorrect,Will,Temple Baptist Academy,Correct,Correct,10,Temple Baptist Academy,1,,"Sachin said ""glass""",
S40 E49,Round of 16,Bonus,31,"Part 1: What eight letter word beginning with D means low spirits, a state of inactivity or stagnation, and ocean regions near the equator noted for dead calm or fluctuating winds? | Part 2: Spell that word.",Part 1: Doldrums | Part 2: D-O-L-D-R-U-M-S,Vocabulary,Language Arts,Temple Baptist Academy vs Dobyns-Bennett High School (Sachin's team),Micah,Temple Baptist Academy,Correct,,,,Correct,20,Temple Baptist Academy,2,,Will deferred to Micah for both parts,
S40 E49,Round of 16,Tossup,32,"What is the space within a cell that is empty of cytoplasm, lined with a membrane and filled with fluid?",A vacuole,Biology,Science & Technology,Temple Baptist Academy vs Dobyns-Bennett High School (Sachin's team),Will,Temple Baptist Academy,Correct,,,,Correct,10,Temple Baptist Academy,1,,,
S40 E49,Round of 16,Bonus,32,"The first withdrawal has been made from the Doomsday Vault, where seeds from around the globe are stored. The withdrawal was made by which nation, bordered by the Mediterranean Sea, Turkey, Iraq, Jordan, Israel and Lebanon, whose own seed collection was the casualty of a civil war in 2012?",Syria,Biology,Science & Technology,Temple Baptist Academy vs Dobyns-Bennett High School (Sachin's team),,Temple Baptist Academy,Correct,,,,Correct,20,Temple Baptist Academy,1,,,
S40 E49,Round of 16,Tossup,33,"What structure stood from August 13, 1961 until November 1989?",The Berlin Wall,World History,Social Studies,Temple Baptist Academy vs Dobyns-Bennett High School (Sachin's team),Sachin,Dobyns-Bennett High School (Sachin's team),Correct,,,,Correct,10,Dobyns-Bennett High School (Sachin's team),1,,,
S40 E49,Round of 16,Bonus,33,Who are the next four people in the line of succession to the British throne?,"Prince William, Prince George, Princess Charlotte and Prince Louis",World History,Social Studies,Temple Baptist Academy vs Dobyns-Bennett High School (Sachin's team),,Dobyns-Bennett High School (Sachin's team),Partial,,,,Partial,15,Dobyns-Bennett High School (Sachin's team),1,,"the team named William, Harry, Charlotte and George; three counted for 15 points",
S40 E49,Round of 16,Tossup,34,What is defined as putting an accent in music on the off beats?,Syncopation,Music,Fine Arts,Temple Baptist Academy vs Dobyns-Bennett High School (Sachin's team),Sachin,Dobyns-Bennett High School (Sachin's team),Correct,,,,Correct,10,Dobyns-Bennett High School (Sachin's team),1,,,
S40 E49,Round of 16,Bonus,34,"What singer who died in a plane crash at age 30 was considered a forerunner for women in country music, with hits including ""I Fall to Pieces,"" ""Crazy"" and ""Walkin' After Midnight""?",Patsy Cline,Music,Fine Arts,Temple Baptist Academy vs Dobyns-Bennett High School (Sachin's team),,Dobyns-Bennett High School (Sachin's team),Incorrect,,,,Missed,0,None given,1,,the team said Aretha Franklin,
S40 E49,Round of 16,Tossup,35,Four consecutive odd integers add up to 88. What are they?,"19, 21, 23 and 25",Math,Mathematics,Temple Baptist Academy vs Dobyns-Bennett High School (Sachin's team),Claire,Dobyns-Bennett High School (Sachin's team),Correct,,,,Correct,10,Dobyns-Bennett High School (Sachin's team),1,,,
S40 E49,Round of 16,Bonus,35,"Find the volume, in cubic feet, of a rectangular solid with dimensions of six inches, 18 feet and four inches.",3 cubic feet,Visual,General & Visual,Temple Baptist Academy vs Dobyns-Bennett High School (Sachin's team),,Dobyns-Bennett High School (Sachin's team),Correct,,,,Correct,20,Dobyns-Bennett High School (Sachin's team),1,,,
S40 E49,Round of 16,Tossup,36,"What is the English translation of the Spanish word ""gato""?",Cat,Foreign Language,Foreign Language,Temple Baptist Academy vs Dobyns-Bennett High School (Sachin's team),Claire,Dobyns-Bennett High School (Sachin's team),Correct,,,,Correct,10,Dobyns-Bennett High School (Sachin's team),1,,,
S40 E49,Round of 16,Bonus,36,"Translate the French phrase ""comment allez-vous"" into Spanish.","""Como esta usted""",Foreign Language,Foreign Language,Temple Baptist Academy vs Dobyns-Bennett High School (Sachin's team),,Dobyns-Bennett High School (Sachin's team),Incorrect,,,,Missed,0,None given,1,,Michael had no answer,
S40 E49,Round of 16,Tossup,37,What is the scientific principle that only two electrons can occupy a given orbital and both must have opposite spins?,The Pauli exclusion principle,Physics,Science & Technology,Temple Baptist Academy vs Dobyns-Bennett High School (Sachin's team),Claire,Dobyns-Bennett High School (Sachin's team),Incorrect,Will,Temple Baptist Academy,Incorrect,Missed,0,None given,1,,"Claire said ""Hund's principle"" and Will said ""the transitive""",
S40 E49,Round of 16,Tossup,38,What is the smallest province of Canada?,Prince Edward Island,Geography,Social Studies,Temple Baptist Academy vs Dobyns-Bennett High School (Sachin's team),Sachin,Dobyns-Bennett High School (Sachin's team),Incorrect,Micah,Temple Baptist Academy,Incorrect,Missed,0,None given,1,,"Sachin said ""St. Edward's"" and Micah said Newfoundland",
S40 E49,Round of 16,Tossup,39,What Jewish queen of Persia saved the Israelites from the court official Haman's plot?,Esther,Religion,Religion & Mythology,Temple Baptist Academy vs Dobyns-Bennett High School (Sachin's team),Parker,Temple Baptist Academy,Correct,,,,Correct,10,Temple Baptist Academy,1,,,
S40 E49,Round of 16,Bonus,39,What is the name of the prayer shawl worn by male Jews during the daily morning service and by the leader of the afternoon service?,A tallit,Religion,Religion & Mythology,Temple Baptist Academy vs Dobyns-Bennett High School (Sachin's team),,Temple Baptist Academy,Incorrect,,,,Missed,0,None given,1,,"the team said ""a hulka""",
S40 E49,Round of 16,Tossup,40,"What was the brand name of the first automatic drip coffee maker, in 1972?",Mr. Coffee,Economics,Social Studies,Temple Baptist Academy vs Dobyns-Bennett High School (Sachin's team),Sachin,Dobyns-Bennett High School (Sachin's team),Incorrect,Parker,Temple Baptist Academy,Correct,Correct,10,Temple Baptist Academy,1,,Sachin said Keurig,
S40 E49,Round of 16,Bonus,40,Part 1: What company makes Gatorade drinks? | Part 2: What company makes Chex Mix?,Part 1: PepsiCo | Part 2: General Mills,Economics,Social Studies,Temple Baptist Academy vs Dobyns-Bennett High School (Sachin's team),,Temple Baptist Academy,Incorrect,,,,Missed,0,None given,2,,the team said Coca-Cola and Kellogg's,
S40 E49,Round of 16,Tossup,41,"What five letter word starting with E names the poetic form, longer than a dirge, that laments death as a poem or song?",An elegy,Literature,Language Arts,Temple Baptist Academy vs Dobyns-Bennett High School (Sachin's team),Michael,Dobyns-Bennett High School (Sachin's team),Correct,,,,Correct,10,Dobyns-Bennett High School (Sachin's team),1,,,
S40 E49,Round of 16,Bonus,41,"Part 1: Which poet wrote ""Good fences make good neighbors""? | Part 2: In which of his poems is that line contained?","Part 1: Robert Frost | Part 2: ""Mending Wall""",Literature,Language Arts,Temple Baptist Academy vs Dobyns-Bennett High School (Sachin's team),,Dobyns-Bennett High School (Sachin's team),Incorrect,,,,Missed,0,None given,2,,"the team said Emerson for Part 1 and ""Fences"" for Part 2",
S40 E49,Round of 16,Tossup,42,What is the process of freezing bodies at the moment of death with the aim of resuscitation?,Cryopreservation (cryonics),Health,Science & Technology,Temple Baptist Academy vs Dobyns-Bennett High School (Sachin's team),Sachin,Dobyns-Bennett High School (Sachin's team),Correct,,,,Correct,10,Dobyns-Bennett High School (Sachin's team),1,,,
S40 E49,Round of 16,Bonus,42,What ingredient is added to white sugar to make brown sugar?,Molasses,Health,Science & Technology,Temple Baptist Academy vs Dobyns-Bennett High School (Sachin's team),,Dobyns-Bennett High School (Sachin's team),Correct,,,,Correct,20,Dobyns-Bennett High School (Sachin's team),1,,,
S40 E49,Round of 16,Tossup,43,"What is the volume of a cylinder, in terms of pi, with a height of two feet and a radius of five feet?",50 pi cubic feet,Geometry,Mathematics,Temple Baptist Academy vs Dobyns-Bennett High School (Sachin's team),Will,Temple Baptist Academy,Incorrect,Adam,Dobyns-Bennett High School (Sachin's team),Correct,Correct,10,Dobyns-Bennett High School (Sachin's team),1,,Will said ten,
S40 E49,Round of 16,Bonus,43,Part 1: What is the complementary angle to 37 degrees? | Part 2: What is the supplementary angle to 37 degrees?,Part 1: 53 degrees | Part 2: 143 degrees,Geometry,Mathematics,Temple Baptist Academy vs Dobyns-Bennett High School (Sachin's team),,Dobyns-Bennett High School (Sachin's team),Partial,,,,Partial,10,Dobyns-Bennett High School (Sachin's team),2,Yes,"the captions give ""83 ... 52 degrees"" for Part 1 and ""83.3 ... 143 degrees"" for Part 2 and the host said ""yeah"" after 143; scored as Part 2 only (captions lines 7721-7727)","geometry bonus then. / What is the complementary angle to 37 degrees 83, 52 degrees. / And what is the supplementary angle to 37 degrees. / 83.3. / 143 degrees. / Yeah. / Toss up in arts what Disney Pixar feature was about a rodent who liked to cook Michael Ratatouille and an arts bonus for DB."
S40 E49,Round of 16,Tossup,44,What Disney Pixar feature was about a rodent who liked to cook?,Ratatouille,Art,Fine Arts,Temple Baptist Academy vs Dobyns-Bennett High School (Sachin's team),Michael,Dobyns-Bennett High School (Sachin's team),Correct,,,,Correct,10,Dobyns-Bennett High School (Sachin's team),1,,,
S40 E49,Round of 16,Bonus,44,"What is the English translation of the Latin phrase ""ars gratia artis"" that appears surrounding the lion's head in the Metro-Goldwyn-Mayer logo?",Art for art's sake,Art,Fine Arts,Temple Baptist Academy vs Dobyns-Bennett High School (Sachin's team),,Dobyns-Bennett High School (Sachin's team),Incorrect,,,,Missed,0,None given,1,,"the team said ""art is art""",
S40 E49,Round of 16,Tossup,45,Which former U.S. president founded the Bull Moose Party in 1912?,Theodore Roosevelt,U.S. History,Social Studies,Temple Baptist Academy vs Dobyns-Bennett High School (Sachin's team),Micah,Temple Baptist Academy,Correct,,,,Correct,10,Temple Baptist Academy,1,,,
S40 E49,Round of 16,Bonus,45,"Next to Union Station in Washington, D.C., the Federal Judiciary Building that houses offices of the U.S. Courts is named after which civil rights lawyer, who represented the Brown family in Brown v. Board of Education and later served on the Supreme Court from 1967 to 1991?",Thurgood Marshall,U.S. History,Social Studies,Temple Baptist Academy vs Dobyns-Bennett High School (Sachin's team),,Temple Baptist Academy,Incorrect,,,,Missed,0,None given,1,,the team said Clarence Thomas,
S40 E49,Round of 16,Tossup,46,Hot is to warm as cold is to what?,Cool,Vocabulary,Language Arts,Temple Baptist Academy vs Dobyns-Bennett High School (Sachin's team),Will,Temple Baptist Academy,Correct,,,,Correct,10,Temple Baptist Academy,1,,,
S40 E49,Round of 16,Bonus,46,"A sound box is related to ""output device"" as a joystick is related to what type of device?",An input device,Vocabulary,Language Arts,Temple Baptist Academy vs Dobyns-Bennett High School (Sachin's team),,Temple Baptist Academy,Correct,,,,Correct,20,Temple Baptist Academy,1,,"the team's answer is not captured; the host said ""yes"" for 20",
S40 E49,Round of 16,Tossup,47,"Which Greek supposedly yelled ""Eureka"" after realizing that water displacement can be used to calculate volume?",Archimedes,Science,Science & Technology,Temple Baptist Academy vs Dobyns-Bennett High School (Sachin's team),,Temple Baptist Academy,Correct,,,,Correct,10,Temple Baptist Academy,1,,buzzer not named (the bonus was Temple Baptist's),
S40 E49,Round of 16,Bonus,47,"Part 1: What cloud type are stratus clouds found at higher than normal altitudes? | Part 2: What cloud type are wispy, feather-like clouds?",Part 1: Altostratus | Part 2: Cirrus,Science,Science & Technology,Temple Baptist Academy vs Dobyns-Bennett High School (Sachin's team),,Temple Baptist Academy,Partial,,,,Partial,10,Temple Baptist Academy,2,,"the team's Part 1 answer is not captured; the host gave ""altostratus""; the game ended soon after",
S40 E50,Round of 16,Tossup,1,The name of what board game implies that a player regrets sending their opponent back to the start and blocking their progress?,Sorry!,Games,General & Visual,Hardin Valley Academy (David's team) vs Greeneville High School (Angus's team),Trey,Greeneville High School (Angus's team),Correct,,,,Correct,10,Greeneville High School (Angus's team),1,,,
S40 E50,Round of 16,Bonus,1,"What smartphone game that featured a yellow bird flying between columns of green pipes had a sudden spike in popularity in early 2014, causing the game's creator to remove it from app stores a few months later, citing its addictive nature?",Flappy Bird,Games,General & Visual,Hardin Valley Academy (David's team) vs Greeneville High School (Angus's team),,Greeneville High School (Angus's team),Correct,,,,Correct,20,Greeneville High School (Angus's team),1,,,
S40 E50,Round of 16,Tossup,2,In which state is the Apalachicola National Forest?,Florida,Geography,Social Studies,Hardin Valley Academy (David's team) vs Greeneville High School (Angus's team),Zach,Hardin Valley Academy (David's team),Correct,,,,Correct,10,Hardin Valley Academy (David's team),1,,,
S40 E50,Round of 16,Bonus,2,Part 1: In which state is Devil's Tower National Monument? | Part 2: In which state is the Flight 93 National Memorial?,Part 1: Wyoming | Part 2: Pennsylvania,Geography,Social Studies,Hardin Valley Academy (David's team) vs Greeneville High School (Angus's team),,Hardin Valley Academy (David's team),Correct,,,,Correct,20,Hardin Valley Academy (David's team),2,,,
S40 E50,Round of 16,Tossup,3,"What four letter word beginning with W is a synonym for ""decrease""?",Wane,English,Language Arts,Hardin Valley Academy (David's team) vs Greeneville High School (Angus's team),Emma,Greeneville High School (Angus's team),Correct,,,,Correct,10,Greeneville High School (Angus's team),1,,,
S40 E50,Round of 16,Bonus,3,"Part 1: What is the past simple of the verb ""wear""? | Part 2: What is the past participle of the verb ""wear""?",Part 1: Wore | Part 2: Worn,English,Language Arts,Hardin Valley Academy (David's team) vs Greeneville High School (Angus's team),,Greeneville High School (Angus's team),Correct,,,,Correct,20,Greeneville High School (Angus's team),2,,,
S40 E50,Round of 16,Tossup,4,Which ancient Greek philosopher and scientist is considered the founder of comparative anatomy?,Aristotle,Health,Science & Technology,Hardin Valley Academy (David's team) vs Greeneville High School (Angus's team),Zach,Hardin Valley Academy (David's team),Incorrect,Trey,Greeneville High School (Angus's team),Correct,Correct,10,Greeneville High School (Angus's team),1,,Zach buzzed early and said Hippocrates,
S40 E50,Round of 16,Bonus,4,Which branch of medicine deals with tumors and cancers?,Oncology,Health,Science & Technology,Hardin Valley Academy (David's team) vs Greeneville High School (Angus's team),,Greeneville High School (Angus's team),Correct,,,,Correct,20,Greeneville High School (Angus's team),1,,,
S40 E50,Round of 16,Tossup,5,What are the vertex coordinates for the equation y = (2x + 3) squared + 5?,"(-1.5, 5)",Pre-Calculus,Mathematics,Hardin Valley Academy (David's team) vs Greeneville High School (Angus's team),,,No Buzz,,,,Missed,0,None given,1,,nobody buzzed; the host gave the answer,
S40 E50,Round of 16,Tossup,6,"What is the common term for a timber truss bridge with a roof, decking and siding to protect it from the weather?",A covered bridge,Architecture,Fine Arts,Hardin Valley Academy (David's team) vs Greeneville High School (Angus's team),Zach,Hardin Valley Academy (David's team),Incorrect,Emma,Greeneville High School (Angus's team),Correct,Correct,10,Greeneville High School (Angus's team),1,,"Zach said ""a farm bridge""",
S40 E50,Round of 16,Bonus,6,The Bridge on the River Kwai is a fictional epic war film and novel loosely based on the true story of British prisoners of war in a Japanese prison camp during World War II forced to build the bridge shown here as part of the Siam-Burma Railway. In what country was it built?,Thailand,Visual,General & Visual,Hardin Valley Academy (David's team) vs Greeneville High School (Angus's team),,Greeneville High School (Angus's team),Correct,,,,Correct,20,Greeneville High School (Angus's team),1,,,
S40 E50,Round of 16,Tossup,7,What state's nickname refers to settlers who staked their claim to land before the official opening date?,Oklahoma (the Sooner State),U.S. History,Social Studies,Hardin Valley Academy (David's team) vs Greeneville High School (Angus's team),Zach,Hardin Valley Academy (David's team),Correct,,,,Correct,10,Hardin Valley Academy (David's team),1,,,
S40 E50,Round of 16,Bonus,7,"Which U.S. battleship, named after the 48th state, remains on the ocean floor after being sunk during the attack on Pearl Harbor in 1941 and is now a memorial and the resting place of hundreds of sailors?",The USS Arizona,U.S. History,Social Studies,Hardin Valley Academy (David's team) vs Greeneville High School (Angus's team),,Hardin Valley Academy (David's team),Correct,,,,Correct,20,Hardin Valley Academy (David's team),1,,,
S40 E50,Round of 16,Tossup,8,"In Lord of the Flies, which character's glasses are smashed?",Piggy,Literature,Language Arts,Hardin Valley Academy (David's team) vs Greeneville High School (Angus's team),Zach,Hardin Valley Academy (David's team),Correct,,,,Correct,10,Hardin Valley Academy (David's team),1,,"the captions render the answer as ""Piggie""",
S40 E50,Round of 16,Bonus,8,Part 1: What is the full title of the book by Howard Pyle about a legendary outlaw who steals from the rich and gives to the poor? | Part 2: Where do Robin and his band of Merry Men live?,Part 1: The Merry Adventures of Robin Hood | Part 2: Sherwood Forest,Literature,Language Arts,Hardin Valley Academy (David's team) vs Greeneville High School (Angus's team),,Hardin Valley Academy (David's team),Correct,,,,Correct,20,Hardin Valley Academy (David's team),2,,David deferred to Zach for Part 1 and to Zainab for Part 2,
S40 E50,Round of 16,Tossup,9,Which U.S. president earned millions as a mining engineer before entering politics?,Herbert Hoover,Geology,Science & Technology,Hardin Valley Academy (David's team) vs Greeneville High School (Angus's team),Zach,Hardin Valley Academy (David's team),Correct,,,,Correct,10,Hardin Valley Academy (David's team),1,,Zach buzzed early,
S40 E50,Round of 16,Bonus,9,"Part 1: In 1784, who described what may have been the first connection between volcanoes and global climate? | Part 2: What is the term for the crack-like opening through which lava erupts, rather than from a single point?",Part 1: Benjamin Franklin | Part 2: A fissure,Geology,Science & Technology,Hardin Valley Academy (David's team) vs Greeneville High School (Angus's team),,Hardin Valley Academy (David's team),Correct,,,,Correct,20,Hardin Valley Academy (David's team),2,,David deferred to Zach for Part 1,
S40 E50,Round of 16,Tossup,10,In what country was the Venus de Milo originally sculpted?,Greece,Art,Fine Arts,Hardin Valley Academy (David's team) vs Greeneville High School (Angus's team),Zach,Hardin Valley Academy (David's team),Correct,,,,Correct,10,Hardin Valley Academy (David's team),1,,,
S40 E50,Round of 16,Bonus,10,"What show, which holds the record for the longest running play in Broadway history, closed in April 2023 after 35 years and almost 14,000 performances, telling the tale of a disfigured genius who secretly pines for a young soprano in the opera?",The Phantom of the Opera,Art,Fine Arts,Hardin Valley Academy (David's team) vs Greeneville High School (Angus's team),,Hardin Valley Academy (David's team),Correct,,,,Correct,20,Hardin Valley Academy (David's team),1,,,
S40 E50,Round of 16,Tossup,11,What four letter word refers to the money typically given to children during the Jewish festival of Hanukkah?,Gelt,Religion,Religion & Mythology,Hardin Valley Academy (David's team) vs Greeneville High School (Angus's team),,Greeneville High School (Angus's team),Incorrect,Zach,Hardin Valley Academy (David's team),Incorrect,Missed,0,None given,1,,"Greeneville's buzzer and answer are not captured; Zach said ""gift""",
S40 E50,Round of 16,Tossup,12,Who may call a special session of Congress?,The president,Government,Social Studies,Hardin Valley Academy (David's team) vs Greeneville High School (Angus's team),Trey,Greeneville High School (Angus's team),Incorrect,Zach,Hardin Valley Academy (David's team),Correct,Correct,10,Hardin Valley Academy (David's team),1,,Trey said the Speaker of the House,
S40 E50,Round of 16,Bonus,12,Name four of the six states that gained one or more congressional seats after the 2020 census.,"Any four of: Texas, Colorado, Florida, Montana, North Carolina, Oregon",Government,Social Studies,Hardin Valley Academy (David's team) vs Greeneville High School (Angus's team),,Hardin Valley Academy (David's team),Partial,,,,Partial,15,Hardin Valley Academy (David's team),1,,"the team named Texas, North Carolina and Florida (and an early Georgia that was wrong) and ran out of time",
S40 E50,Round of 16,Tossup,13,"What is the English translation of the Spanish phrase ""qué ciudad es esta"" (the phrase is garbled in the captions)?",What city is this?,Foreign Language,Foreign Language,Hardin Valley Academy (David's team) vs Greeneville High School (Angus's team),Zach,Hardin Valley Academy (David's team),Incorrect,Emma,Greeneville High School (Angus's team),Incorrect,Missed,0,None given,1,,"Zach said ""is this your city?"" and Emma said ""see you later""",
S40 E50,Round of 16,Tossup,14,"What space object is an average of 238,855 miles away?",The Moon,Astronomy,Science & Technology,Hardin Valley Academy (David's team) vs Greeneville High School (Angus's team),Zach,Hardin Valley Academy (David's team),Correct,,,,Correct,10,Hardin Valley Academy (David's team),1,,,
S40 E50,Round of 16,Bonus,14,A taikonaut is an astronaut from what country?,China,Astronomy,Science & Technology,Hardin Valley Academy (David's team) vs Greeneville High School (Angus's team),,Hardin Valley Academy (David's team),Correct,,,,Correct,20,Hardin Valley Academy (David's team),1,,,
S40 E50,Round of 16,Tossup,15,What is the monetary value of ten quarters plus ten dimes plus ten nickels?,$4.00,Math,Mathematics,Hardin Valley Academy (David's team) vs Greeneville High School (Angus's team),Trey,Greeneville High School (Angus's team),Correct,,,,Correct,10,Greeneville High School (Angus's team),1,,,
S40 E50,Round of 16,Bonus,15,"How much simple interest can you earn by investing $4,000 at 15 percent for six months?",$300,Visual,General & Visual,Hardin Valley Academy (David's team) vs Greeneville High School (Angus's team),,Greeneville High School (Angus's team),Incorrect,,,,Missed,0,None given,1,,"the team answered $5,000",
S40 E50,Round of 16,Tossup,16,"From which Broadway musical is the song ""Defying Gravity""?",Wicked,Music,Fine Arts,Hardin Valley Academy (David's team) vs Greeneville High School (Angus's team),Zach,Hardin Valley Academy (David's team),Correct,,,,Correct,10,Hardin Valley Academy (David's team),1,,,
S40 E50,Round of 16,Bonus,16,"Part 1: What Broadway musical includes the characters Mimi Marquez, Roger Davis and Mark Cohen? | Part 2: What Broadway musical includes the characters Max Bialystock and Leo Bloom?",Part 1: Rent | Part 2: The Producers,Music,Fine Arts,Hardin Valley Academy (David's team) vs Greeneville High School (Angus's team),,Hardin Valley Academy (David's team),Correct,,,,Correct,20,Hardin Valley Academy (David's team),2,,David deferred to Zach for Part 2,
S40 E50,Round of 16,Tossup,17,In what state is Natchez Trace State Park?,Tennessee,Geography,Social Studies,Hardin Valley Academy (David's team) vs Greeneville High School (Angus's team),Zach,Hardin Valley Academy (David's team),Correct,,,,Correct,10,Hardin Valley Academy (David's team),1,,,
S40 E50,Round of 16,Bonus,17,Part 1: In which state did the Civil War battle of Shiloh take place? | Part 2: In which state did the Civil War siege of Vicksburg take place?,Part 1: Tennessee | Part 2: Mississippi,Geography,Social Studies,Hardin Valley Academy (David's team) vs Greeneville High School (Angus's team),,Hardin Valley Academy (David's team),Correct,,,,Correct,20,Hardin Valley Academy (David's team),2,,,
S40 E50,Round of 16,Tossup,18,Who was the only mythological god in the classical pantheon to share the same name in both Greek and Roman traditions?,Apollo,Mythology,Religion & Mythology,Hardin Valley Academy (David's team) vs Greeneville High School (Angus's team),Zach,Hardin Valley Academy (David's team),Correct,,,,Correct,10,Hardin Valley Academy (David's team),1,,,
S40 E50,Round of 16,Bonus,18,"What two word phrase is used to describe the wool of the winged ram Chrysomallos, a symbol of authority and kingship in Greek mythology?",The Golden Fleece,Mythology,Religion & Mythology,Hardin Valley Academy (David's team) vs Greeneville High School (Angus's team),,Hardin Valley Academy (David's team),Correct,,,,Correct,20,Hardin Valley Academy (David's team),1,,,
S40 E50,Round of 16,Tossup,19,"When measuring temperature, what word is now commonly used instead of ""centigrade""?",Celsius,Science,Science & Technology,Hardin Valley Academy (David's team) vs Greeneville High School (Angus's team),Zach,Hardin Valley Academy (David's team),Correct,,,,Correct,10,Hardin Valley Academy (David's team),1,,,
S40 E50,Round of 16,Bonus,19,Part 1: What is the international metric unit of force required to give a one kilogram mass an acceleration of one meter per second squared? | Part 2: What is the unit of energy required to raise the temperature of one gram of water by one degree Celsius?,Part 1: The newton | Part 2: The calorie,Science,Science & Technology,Hardin Valley Academy (David's team) vs Greeneville High School (Angus's team),,Hardin Valley Academy (David's team),Correct,,,,Correct,20,Hardin Valley Academy (David's team),2,,,
S40 E50,Round of 16,Tossup,20,"What is the oxidation state of phosphorus in phosphorous acid, H3PO3?",+3,Chemistry,Science & Technology,Hardin Valley Academy (David's team) vs Greeneville High School (Angus's team),Emma,Greeneville High School (Angus's team),Incorrect,David,Hardin Valley Academy (David's team),Correct,Correct,10,Hardin Valley Academy (David's team),1,,Emma's answer is garbled in the captions,
S40 E50,Round of 16,Bonus,20,"In 2022, a new analysis of a 4,000 year old toolkit found near Stonehenge in 1801 indicates it was used by a skilled craftsperson to hammer sheets of what chemical element with atomic number 79?",Gold,Chemistry,Science & Technology,Hardin Valley Academy (David's team) vs Greeneville High School (Angus's team),,Hardin Valley Academy (David's team),Correct,,,,Correct,20,Hardin Valley Academy (David's team),1,,the team debated gold and platinum before answering gold,
S40 E50,Round of 16,Tossup,21,What recent fad toy consists of a ball bearing in the center of a multi-lobed flat structure?,A fidget spinner,Miscellaneous,General & Visual,Hardin Valley Academy (David's team) vs Greeneville High School (Angus's team),Zach,Hardin Valley Academy (David's team),Correct,,,,Correct,10,Hardin Valley Academy (David's team),1,,,
S40 E50,Round of 16,Bonus,21,A student will need to fill out the FAFSA in order to qualify for federal financial aid for college or graduate school. What does FAFSA stand for?,Free Application for Federal Student Aid,Miscellaneous,General & Visual,Hardin Valley Academy (David's team) vs Greeneville High School (Angus's team),,Hardin Valley Academy (David's team),Correct,,,,Correct,20,Hardin Valley Academy (David's team),1,,David deferred to Zach,
S40 E50,Round of 16,Tossup,22,What was Paul Revere's occupation?,Silversmith,History,Social Studies,Hardin Valley Academy (David's team) vs Greeneville High School (Angus's team),Zach,Hardin Valley Academy (David's team),Correct,,,,Correct,10,Hardin Valley Academy (David's team),1,,,
S40 E50,Round of 16,Bonus,22,Part 1: Which U.S. president's Secret Service codename was Rawhide? | Part 2: Which U.S. president's Secret Service codename was Renegade?,Part 1: Ronald Reagan | Part 2: Barack Obama,History,Social Studies,Hardin Valley Academy (David's team) vs Greeneville High School (Angus's team),,Hardin Valley Academy (David's team),Partial,,,,Partial,10,Hardin Valley Academy (David's team),2,,the team said JFK (and Joe Biden) for Part 2,
S40 E50,Round of 16,Tossup,23,What seven letter word means an idea or theory on which a statement or action is based? (Adding an S makes it mean a building and its surrounding land.),Premise,Vocabulary,Language Arts,Hardin Valley Academy (David's team) vs Greeneville High School (Angus's team),David,Hardin Valley Academy (David's team),Incorrect,,,,Missed,0,None given,1,,David passed on the tossup; no Greeneville steal answer captured,
S40 E50,Round of 16,Tossup,24,"What order of mammals includes gophers, mice, rats and squirrels?",Rodentia,Biology,Science & Technology,Hardin Valley Academy (David's team) vs Greeneville High School (Angus's team),Zach,Hardin Valley Academy (David's team),Correct,,,,Correct,10,Hardin Valley Academy (David's team),1,,,
S40 E50,Round of 16,Bonus,24,Part 1: To which phylum does a starfish belong? | Part 2: To which phylum does a cockroach belong?,Part 1: Echinodermata | Part 2: Arthropoda,Biology,Science & Technology,Hardin Valley Academy (David's team) vs Greeneville High School (Angus's team),,Hardin Valley Academy (David's team),Correct,,,,Correct,20,Hardin Valley Academy (David's team),2,,David deferred to Zach for Part 1,
S40 E50,Round of 16,Tossup,25,"What is the next number in the arithmetic sequence 35, 28, 21, ...?",14,Algebra,Mathematics,Hardin Valley Academy (David's team) vs Greeneville High School (Angus's team),Zach,Hardin Valley Academy (David's team),Correct,,,,Correct,10,Hardin Valley Academy (David's team),1,,,
S40 E50,Round of 16,Bonus,25,"If a six foot male casts a nine foot shadow, how tall is a flagpole that is casting a 27 foot shadow?",18 feet,Algebra,Mathematics,Hardin Valley Academy (David's team) vs Greeneville High School (Angus's team),,Hardin Valley Academy (David's team),Correct,,,,Correct,20,Hardin Valley Academy (David's team),1,,,
S40 E50,Round of 16,Tossup,26,What is the right to use the land of another for a special purpose?,An easement,Government,Social Studies,Hardin Valley Academy (David's team) vs Greeneville High School (Angus's team),Zach,Hardin Valley Academy (David's team),Correct,,,,Correct,10,Hardin Valley Academy (David's team),1,,the first half ended before the bonus could be read,
S40 E50,Round of 16,Tossup,27,"Translate the Spanish word ""sombrero"" into French.",Chapeau,Foreign Language,Foreign Language,Hardin Valley Academy (David's team) vs Greeneville High School (Angus's team),Zach,Hardin Valley Academy (David's team),Incorrect,Trey,Greeneville High School (Angus's team),Incorrect,Missed,0,None given,1,,"Zach said ""hat"" and Trey's answer is garbled in the captions (probably ""beret""); the host said ""chapeau"" is the more accurate translation",
S40 E50,Round of 16,Tossup,28,Change 12 into a binary number.,1100,Technology,Science & Technology,Hardin Valley Academy (David's team) vs Greeneville High School (Angus's team),Zach,Hardin Valley Academy (David's team),Correct,,,,Correct,10,Hardin Valley Academy (David's team),1,,,
S40 E50,Round of 16,Bonus,28,Which company created the first integrated circuit and is also the creator of many types of calculators?,Texas Instruments,Technology,Science & Technology,Hardin Valley Academy (David's team) vs Greeneville High School (Angus's team),,Hardin Valley Academy (David's team),Correct,,,,Correct,20,Hardin Valley Academy (David's team),1,,,
S40 E50,Round of 16,Tossup,29,What classic black and white science fiction TV series was hosted by Rod Serling?,The Twilight Zone,Art,Fine Arts,Hardin Valley Academy (David's team) vs Greeneville High School (Angus's team),Trey,Greeneville High School (Angus's team),Correct,,,,Correct,10,Greeneville High School (Angus's team),1,,,
S40 E50,Round of 16,Bonus,29,What is the name of the fictional flying monster shown here that first appeared in a 1961 film and often appeared as a recurring character in the Godzilla franchise?,Mothra,Visual,General & Visual,Hardin Valley Academy (David's team) vs Greeneville High School (Angus's team),,Greeneville High School (Angus's team),Correct,,,,Correct,20,Greeneville High School (Angus's team),1,,,
S40 E50,Round of 16,Tossup,30,What circle of stones in England is 97 feet in diameter?,Stonehenge,Geography,Social Studies,Hardin Valley Academy (David's team) vs Greeneville High School (Angus's team),,Hardin Valley Academy (David's team),Correct,,,,Correct,10,Hardin Valley Academy (David's team),1,,buzzer not named (the bonus was Hardin Valley's); the player buzzed early,
S40 E50,Round of 16,Bonus,30,"What body of water, the highest navigable lake in the world, experienced low water levels due to a drought in 2023?",Lake Titicaca,Geography,Social Studies,Hardin Valley Academy (David's team) vs Greeneville High School (Angus's team),Zach,Hardin Valley Academy (David's team),Correct,,,,Correct,20,Hardin Valley Academy (David's team),1,,"David first said ""Lake Ithaca"" and then deferred to Zach, who gave Titicaca",
S40 E50,Round of 16,Tossup,31,Who is the only Tennessee high school student who went on to win the Heisman Trophy?,Steve Spurrier (from Science Hill),Sports,General & Visual,Hardin Valley Academy (David's team) vs Greeneville High School (Angus's team),,Greeneville High School (Angus's team),Correct,,,,Correct,10,Greeneville High School (Angus's team),1,,buzzer not named (the bonus was Greeneville's),
S40 E50,Round of 16,Bonus,31,"In 2023, Nepal marked the 70th anniversary of the conquest of Mount Everest by honoring which Tibetan ethnic group, whose name has become synonymous with almost any mountaineering guide?",The Sherpas,Sports,General & Visual,Hardin Valley Academy (David's team) vs Greeneville High School (Angus's team),Skyler,Greeneville High School (Angus's team),Correct,,,,Correct,20,Greeneville High School (Angus's team),1,,the captions place Skyler's name just before the answer,
S40 E50,Round of 16,Tossup,32,"Who was the eighth and final leader of the Soviet Union, who helped end the Cold War and won the Nobel Peace Prize?",Mikhail Gorbachev,History,Social Studies,Hardin Valley Academy (David's team) vs Greeneville High School (Angus's team),Trey,Greeneville High School (Angus's team),Correct,,,,Correct,10,Greeneville High School (Angus's team),1,,,
S40 E50,Round of 16,Bonus,32,"In 1856, Queen Victoria awarded the first Victoria Cross for valor to two men who fought in which military conflict that Russia lost to an alliance of the Ottoman Empire, France, the United Kingdom and Piedmont-Sardinia?",The Crimean War,History,Social Studies,Hardin Valley Academy (David's team) vs Greeneville High School (Angus's team),,Greeneville High School (Angus's team),Unclear,,,,Unclear,,Greeneville High School (Angus's team),1,Yes,"the captions show the team saying ""the first Russian-Ukrainian war"" and then ""the Crimean War,"" with the host asking ""is that one?""; no ruling is stated (captions lines 7071-7076)","Gorbachev Yeah, and won the Nobel Peace Prize History Bonus for Greeneville. / In 1856, Queen Victoria awarded the first Victoria Cross for valor. / Two men who fought in which military conflict that Russia lost to an alliance of the Ottoman Empire, France, the United Kingdom and Piedmont. / Sardinia, the first Russian-Ukrainian war, first Russia and Ukraine war. / The Crimean War. / Is that one toss up now in spelling to accentuate means distress."
S40 E50,Round of 16,Tossup,33,"To accentuate means to emphasize. Spell ""accentuate.""",A-C-C-E-N-T-U-A-T-E,Spelling,Language Arts,Hardin Valley Academy (David's team) vs Greeneville High School (Angus's team),Zach,Hardin Valley Academy (David's team),Correct,,,,Correct,10,Hardin Valley Academy (David's team),1,,,
S40 E50,Round of 16,Bonus,33,"Spell ""precede,"" meaning to go before.",P-R-E-C-E-D-E,Spelling,Language Arts,Hardin Valley Academy (David's team) vs Greeneville High School (Angus's team),,Hardin Valley Academy (David's team),Incorrect,,,,Missed,0,None given,1,Yes,"the captions show the team spelling it as ""proceed"" and the host saying ""that's not it"" and spelling P-R-E-C-E-D-E; the last word ""correct"" may be the host's confirmation of his own spelling; scored as missed (captions lines 7081-7082)","It's a pro c d spelled precede meaning to go before preseason if you're there, then you want this p r e c e d Correct. / Toss up for all players in geometry in terms of pi, what is the surface area of a sphere with radius three Skyler?"
S40 E50,Round of 16,Tossup,34,"In terms of pi, what is the surface area of a sphere with radius three?",36 pi,Geometry,Mathematics,Hardin Valley Academy (David's team) vs Greeneville High School (Angus's team),Skyler,Greeneville High School (Angus's team),Incorrect,Zach,Hardin Valley Academy (David's team),Correct,Correct,10,Hardin Valley Academy (David's team),1,,Skyler said 4 pi,
S40 E50,Round of 16,Bonus,34,"What physics principle, often associated with Sir Isaac Newton, states that for every action there is an equal and opposite reaction?",Newton's third law of motion,Visual,General & Visual,Hardin Valley Academy (David's team) vs Greeneville High School (Angus's team),Julian,Hardin Valley Academy (David's team),Correct,,,,Correct,20,Hardin Valley Academy (David's team),1,,David deferred to Julian,
S40 E50,Round of 16,Tossup,35,What material makes up the bars of a glockenspiel?,Steel,Music,Fine Arts,Hardin Valley Academy (David's team) vs Greeneville High School (Angus's team),Zach,Hardin Valley Academy (David's team),Correct,,,,Correct,10,Hardin Valley Academy (David's team),1,,,
S40 E50,Round of 16,Bonus,35,"Which recording artist, born and raised in Minneapolis, released his first album in 1978, which listed him as the musician behind all the vocals and 27 instruments?",Prince,Music,Fine Arts,Hardin Valley Academy (David's team) vs Greeneville High School (Angus's team),,Hardin Valley Academy (David's team),Incorrect,,,,Missed,0,None given,1,,the team guessed Bryan Adams,
S40 E50,Round of 16,Tossup,36,"What is the type of federal laws, such as the Sherman Act, that make combinations in restraint of trade illegal?",Antitrust laws,Government,Social Studies,Hardin Valley Academy (David's team) vs Greeneville High School (Angus's team),Zach,Hardin Valley Academy (David's team),Correct,,,,Correct,10,Hardin Valley Academy (David's team),1,,,
S40 E50,Round of 16,Bonus,36,The powers of the U.S. government in times of military action are determined by which two documents or powers?,The War Powers Act and the Constitution,Government,Social Studies,Hardin Valley Academy (David's team) vs Greeneville High School (Angus's team),,Hardin Valley Academy (David's team),Partial,,,,Partial,10,Hardin Valley Academy (David's team),1,,Zach answered the War Powers Act and the Constitution; the host said the Act is from 1973 and gave points for the Constitution only,
S40 E50,Round of 16,Tossup,37,John Milton wrote what epic poem in blank verse?,Paradise Lost,Literature,Language Arts,Hardin Valley Academy (David's team) vs Greeneville High School (Angus's team),Zach,Hardin Valley Academy (David's team),Correct,,,,Correct,10,Hardin Valley Academy (David's team),1,,,
S40 E50,Round of 16,Bonus,37,Part 1: Sense and Sensibility was published two years before the subsequent novel that would make which author famous? | Part 2: Which of her novels was published two years after Sense and Sensibility?,Part 1: Jane Austen | Part 2: Pride and Prejudice,Literature,Language Arts,Hardin Valley Academy (David's team) vs Greeneville High School (Angus's team),,Hardin Valley Academy (David's team),Partial,,,,Partial,10,Hardin Valley Academy (David's team),2,,"the team answered ""Pride and Prejudice"" first for the author question and then, after the host clarified, gave the novel",
S40 E50,Round of 16,Tossup,38,"What is the simplest carbon containing molecule, with one carbon atom and four hydrogen atoms?",Methane,Chemistry,Science & Technology,Hardin Valley Academy (David's team) vs Greeneville High School (Angus's team),Zach,Hardin Valley Academy (David's team),Correct,,,,Correct,10,Hardin Valley Academy (David's team),1,,,
S40 E50,Round of 16,Bonus,38,Part 1: What element has the symbol Ti? | Part 2: What element has the symbol F?,Part 1: Titanium | Part 2: Fluorine,Chemistry,Science & Technology,Hardin Valley Academy (David's team) vs Greeneville High School (Angus's team),,Hardin Valley Academy (David's team),Correct,,,,Correct,20,Hardin Valley Academy (David's team),2,,Julian answered Part 1 and Samir answered Part 2,
S40 E50,Round of 16,Tossup,39,The Kentucky Wildcats of the SEC play their home games in what city?,Lexington,Sports,General & Visual,Hardin Valley Academy (David's team) vs Greeneville High School (Angus's team),Zach,Hardin Valley Academy (David's team),Incorrect,Trey,Greeneville High School (Angus's team),Correct,Correct,10,Greeneville High School (Angus's team),1,,Zach said Louisville,
S40 E50,Round of 16,Bonus,39,"Part 1: Which college bowl game is played in New Orleans, Louisiana? | Part 2: Which college bowl game is played in Pasadena, California?",Part 1: The Sugar Bowl | Part 2: The Rose Bowl,Sports,General & Visual,Hardin Valley Academy (David's team) vs Greeneville High School (Angus's team),,Greeneville High School (Angus's team),Correct,,,,Correct,20,Greeneville High School (Angus's team),2,,,
S40 E50,Round of 16,Tossup,40,Who was the first to become U.S. president due to the death of the president?,John Tyler,U.S. History,Social Studies,Hardin Valley Academy (David's team) vs Greeneville High School (Angus's team),Emma,Greeneville High School (Angus's team),Incorrect,Zach,Hardin Valley Academy (David's team),Correct,Correct,10,Hardin Valley Academy (David's team),1,,Emma said Andrew Johnson,
S40 E50,Round of 16,Bonus,40,Part 1: The city of Oak Ridge was created to house what aspect of the Manhattan Project? | Part 2: What nickname did Oak Ridge earn for its role in World War II?,Part 1: Uranium enrichment | Part 2: The Secret City,U.S. History,Social Studies,Hardin Valley Academy (David's team) vs Greeneville High School (Angus's team),,Hardin Valley Academy (David's team),Correct,,,,Correct,20,Hardin Valley Academy (David's team),2,,,
S40 E50,Round of 16,Tossup,41,What seven letter word beginning with Q refers to a member of the religious group called the Society of Friends?,Quaker,Vocabulary,Language Arts,Hardin Valley Academy (David's team) vs Greeneville High School (Angus's team),Emma,Greeneville High School (Angus's team),Correct,,,,Correct,10,Greeneville High School (Angus's team),1,,,
S40 E50,Round of 16,Bonus,41,"Part 1: Central Park, Times Square and the Empire State Building in New York City are all on what island? | Part 2: Spell ""Manhattan.""",Part 1: Manhattan Island | Part 2: M-A-N-H-A-T-T-A-N,Vocabulary,Language Arts,Hardin Valley Academy (David's team) vs Greeneville High School (Angus's team),,Greeneville High School (Angus's team),Unclear,,,,Unclear,,Greeneville High School (Angus's team),2,Yes,"the player began to say ""Staten Island"" and corrected himself to Manhattan (the host said he would check whether it could be taken) and then misspelled Manhattan; the ruling is not stated, scored as no points (captions lines 7152-7160)","Yes, and a vocabulary bonus. / Central Park Times Square in the Empire State Building in New York City are all on what island in Staten Island de Manhattan? / He did correct himself on that. / Manhattan Island is right, spell Manhattan in Tree is happening in Manhattan and we just happen m a h t t e n No, it's Manhattan man. / H t to am. / I'll have to check and see if they can, you know, take that Manhattan answer. / I just started to say Staten Island, but we'll see what they say. / Tossup in geology. / The Hawaiian islands were formed by a hotspot on which of the Earth's plates Trey?"
S40 E50,Round of 16,Tossup,42,The Hawaiian Islands were formed by a hotspot on which of the Earth's plates?,The Pacific Plate,Geology,Science & Technology,Hardin Valley Academy (David's team) vs Greeneville High School (Angus's team),Trey,Greeneville High School (Angus's team),Correct,,,,Correct,10,Greeneville High School (Angus's team),1,,,
S40 E50,Round of 16,Bonus,42,Part 1: What is the term for icicle type formations in caves created by slowly dripping water and mineral deposits? | Part 2: What is the term for mounds or tapering columns formed of calcium salts rising from the floor of a cave?,Part 1: Stalactites | Part 2: Stalagmites,Geology,Science & Technology,Hardin Valley Academy (David's team) vs Greeneville High School (Angus's team),,Greeneville High School (Angus's team),Partial,,,,Partial,10,Greeneville High School (Angus's team),2,,"the team's Part 1 answer is garbled in the captions (""MIT's slag"")",
S40 E50,Round of 16,Tossup,43,"For the line having the equation 3x - y = 5, what is the y-intercept in coordinate form?","(0, -5)",Algebra,Mathematics,Hardin Valley Academy (David's team) vs Greeneville High School (Angus's team),David,Hardin Valley Academy (David's team),Incorrect,Emma,Greeneville High School (Angus's team),Correct,Correct,10,Greeneville High School (Angus's team),1,,"David said (0, 5)",
S40 E50,Round of 16,Bonus,43,What name is given to the point at which a function's second derivative changes from positive to negative or from negative to positive?,An inflection point,Pre-Calculus,Mathematics,Hardin Valley Academy (David's team) vs Greeneville High School (Angus's team),Emma,Greeneville High School (Angus's team),Correct,,,,Correct,20,Greeneville High School (Angus's team),1,,the captain deferred to Emma,
S40 E50,Round of 16,Tossup,44,The holy month of Ramadan commemorates the month when what was revealed to the Prophet Muhammad?,The Quran,Religion,Religion & Mythology,Hardin Valley Academy (David's team) vs Greeneville High School (Angus's team),Zach,Hardin Valley Academy (David's team),Correct,,,,Correct,10,Hardin Valley Academy (David's team),1,,"the captions render the answer as ""the Koran""",
S40 E50,Round of 16,Bonus,44,"What religious movement, abbreviated UUism, draws inspiration and guidance from six sources, including personal experience, prophetic utterances, world religions, Jewish and Christian teachings, humanistic teachings and spiritual teachings?",Unitarian Universalism,Religion,Religion & Mythology,Hardin Valley Academy (David's team) vs Greeneville High School (Angus's team),,Hardin Valley Academy (David's team),Incorrect,,,,Missed,0,None given,1,,the team said Baha'i after deferring to Zach,
S40 E50,Round of 16,Tossup,45,What line divides the earth into the eastern and western hemispheres at zero degrees longitude?,The prime meridian,Geography,Social Studies,Hardin Valley Academy (David's team) vs Greeneville High School (Angus's team),Zach,Hardin Valley Academy (David's team),Correct,,,,Correct,10,Hardin Valley Academy (David's team),1,,,
S40 E50,Round of 16,Bonus,45,Part 1: Which country claims political ownership of the Canary Islands? | Part 2: Which country claims political ownership of Christmas Island?,Part 1: Spain | Part 2: Australia,Geography,Social Studies,Hardin Valley Academy (David's team) vs Greeneville High School (Angus's team),,Hardin Valley Academy (David's team),Correct,,,,Correct,20,Hardin Valley Academy (David's team),2,,,
S40 E50,Round of 16,Tossup,46,"Which American poet's most notable work is ""Harlem,"" which starts with the line ""What happens to a dream deferred?""",Langston Hughes,Literature,Language Arts,Hardin Valley Academy (David's team) vs Greeneville High School (Angus's team),Zach,Hardin Valley Academy (David's team),Correct,,,,Correct,10,Hardin Valley Academy (David's team),1,,,
S40 E50,Round of 16,Bonus,46,"Part 1: Which poet wrote ""Under a spreading chestnut tree, the village smithy stands""? | Part 2: Which American poet wrote ""I am the grass; I cover all""?",Part 1: Henry Wadsworth Longfellow | Part 2: Carl Sandburg,Literature,Language Arts,Hardin Valley Academy (David's team) vs Greeneville High School (Angus's team),,Hardin Valley Academy (David's team),Correct,,,,Correct,20,Hardin Valley Academy (David's team),2,,the game ended after this bonus; the next tossup (biology) was not read,
S40 E51,Round of 16,Tossup,1,"What 11 letter term beginning with E is used to describe an animal with a constant body temperature, a fancy word for warm blooded?",Endothermic,Biology,Science & Technology,Webb School of Knoxville (Steven's team) vs Webb School of Knoxville (Penny's team),,,No Buzz,,,,Missed,0,None given,1,,nobody buzzed; the host gave the answer,
S40 E51,Round of 16,Tossup,2,In which adventure novel is Edmond Dantes the title character?,The Count of Monte Cristo,Literature,Language Arts,Webb School of Knoxville (Steven's team) vs Webb School of Knoxville (Penny's team),Andrea,Webb School of Knoxville (Steven's team),Correct,,,,Correct,10,Webb School of Knoxville (Steven's team),1,,,
S40 E51,Round of 16,Bonus,2,"In 2023, an auction house sold a collection of handwritten letters written between 1939 and 1958 by what famous author, who discussed the price of his book To Have and Have Not and described how he survived two plane crashes while on safari in Africa?",Ernest Hemingway,Literature,Language Arts,Webb School of Knoxville (Steven's team) vs Webb School of Knoxville (Penny's team),,Webb School of Knoxville (Steven's team),Incorrect,,,,Missed,0,None given,1,,"the team said Saint-Exupery (garbled as ""Sonic Sabri"") after Steven deferred to Andrea",
S40 E51,Round of 16,Tossup,3,A platinum award from the Recording Industry Association of America represents sales of how many units?,One million,Music,Fine Arts,Webb School of Knoxville (Steven's team) vs Webb School of Knoxville (Penny's team),Jackson,Webb School of Knoxville (Penny's team),Correct,,,,Correct,10,Webb School of Knoxville (Penny's team),1,,,
S40 E51,Round of 16,Bonus,3,Name four of the five instruments that most commonly comprise a woodwind quintet.,"Any four of: flute, oboe, clarinet, French horn, bassoon",Music,Fine Arts,Webb School of Knoxville (Steven's team) vs Webb School of Knoxville (Penny's team),,Webb School of Knoxville (Penny's team),Correct,,,,Correct,20,Webb School of Knoxville (Penny's team),1,,"the team named flute, clarinet, oboe and French horn",
S40 E51,Round of 16,Tossup,4,The Upper Peninsula of Michigan is separated from the Mitten mostly by Lake Michigan and partially by which other Great Lake?,Lake Huron,Geography,Social Studies,Webb School of Knoxville (Steven's team) vs Webb School of Knoxville (Penny's team),Sam,Webb School of Knoxville (Penny's team),Incorrect,Andrea,Webb School of Knoxville (Steven's team),Incorrect,Missed,0,None given,1,,Sam said Superior and Andrea said Erie,
S40 E51,Round of 16,Tossup,5,"Which family member is addressed as ""obaasan"" in Japanese?",Grandmother,Foreign Language,Foreign Language,Webb School of Knoxville (Steven's team) vs Webb School of Knoxville (Penny's team),Andrea,Webb School of Knoxville (Steven's team),Incorrect,Penny,Webb School of Knoxville (Penny's team),Correct,Correct,10,Webb School of Knoxville (Penny's team),1,,Andrea said grandfather,
S40 E51,Round of 16,Bonus,5,"In German, what is the three letter familiar term for ""grandma""?",Oma,Foreign Language,Foreign Language,Webb School of Knoxville (Steven's team) vs Webb School of Knoxville (Penny's team),,Webb School of Knoxville (Penny's team),Correct,,,,Correct,20,Webb School of Knoxville (Penny's team),1,,"the team first said ""Opa""",
S40 E51,Round of 16,Tossup,6,"What is the chemistry term for a mixture of a solid and a liquid, where the solid will not dissolve in the liquid, such as muddy water?",A suspension,Science,Science & Technology,Webb School of Knoxville (Steven's team) vs Webb School of Knoxville (Penny's team),Steven,Webb School of Knoxville (Steven's team),Incorrect,,Webb School of Knoxville (Penny's team),Correct,Correct,10,Webb School of Knoxville (Penny's team),1,,"Steven's answer is not captured; Penny's team's steal buzzer is not named (the answer ""colloidal suspension"" was accepted as a suspension)",
S40 E51,Round of 16,Bonus,6,What term is used to describe the natural movement of particles from an area of higher concentration to an area of lower concentration due to random molecular motion?,Diffusion,Visual,General & Visual,Webb School of Knoxville (Steven's team) vs Webb School of Knoxville (Penny's team),,Webb School of Knoxville (Penny's team),Correct,,,,Correct,20,Webb School of Knoxville (Penny's team),1,,,
S40 E51,Round of 16,Tossup,7,Vinyl figurines of Dolly Parton that debuted in 2023 are made by what company that creates collectibles with large square-ish heads?,Funko,Miscellaneous,General & Visual,Webb School of Knoxville (Steven's team) vs Webb School of Knoxville (Penny's team),James,Webb School of Knoxville (Penny's team),Correct,,,,Correct,10,Webb School of Knoxville (Penny's team),1,,,
S40 E51,Round of 16,Bonus,7,"What is the stage name of the actor, writer, stunt performer and Tennessee native Philip John Clapp?",Johnny Knoxville,Miscellaneous,General & Visual,Webb School of Knoxville (Steven's team) vs Webb School of Knoxville (Penny's team),,Webb School of Knoxville (Penny's team),Correct,,,,Correct,20,Webb School of Knoxville (Penny's team),1,,,
S40 E51,Round of 16,Tossup,8,Who was the first U.S. president to be photographed at his inauguration?,Abraham Lincoln (as accepted),U.S. History,Social Studies,Webb School of Knoxville (Steven's team) vs Webb School of Knoxville (Penny's team),Penny,Webb School of Knoxville (Penny's team),Incorrect,Steven,Webb School of Knoxville (Steven's team),Correct,Correct,10,Webb School of Knoxville (Steven's team),1,,Penny buzzed early and said John Quincy Adams,
S40 E51,Round of 16,Bonus,8,Part 1: Who was president of the United States when Napoleon Bonaparte crowned himself Emperor of France in December 1804? | Part 2: Which future U.S. president attended Napoleon's coronation at Notre Dame Cathedral?,Part 1: Thomas Jefferson | Part 2: James Monroe,U.S. History,Social Studies,Webb School of Knoxville (Steven's team) vs Webb School of Knoxville (Penny's team),,Webb School of Knoxville (Steven's team),Partial,,,,Partial,10,Webb School of Knoxville (Steven's team),2,,the team said John Quincy Adams for Part 2,
S40 E51,Round of 16,Tossup,9,"Fix the Spoonerism in the following sentence: ""Supermarket Flowers by Ed Sheeran is a bad salad.""","""Supermarket Flowers by Ed Sheeran is a sad ballad.""",Vocabulary,Language Arts,Webb School of Knoxville (Steven's team) vs Webb School of Knoxville (Penny's team),Penny,Webb School of Knoxville (Penny's team),Incorrect,Daisy,Webb School of Knoxville (Steven's team),Incorrect,Missed,0,None given,1,,"Penny said ""a bad song"" and Daisy said ""a poor song""",
S40 E51,Round of 16,Tossup,10,Which mechanically weak region of the upper mantle lies below the lithosphere at a depth between 50 and 120 miles below the surface?,The asthenosphere,Geology,Science & Technology,Webb School of Knoxville (Steven's team) vs Webb School of Knoxville (Penny's team),Steven,Webb School of Knoxville (Steven's team),Incorrect,Penny,Webb School of Knoxville (Penny's team),Incorrect,Missed,0,None given,1,,Steven said the mantle and Penny said the crust,
S40 E51,Round of 16,Tossup,11,"What is the dimmest of the zodiac constellations, with a name that is Latin for ""crab""?",Cancer,Astronomy,Science & Technology,Webb School of Knoxville (Steven's team) vs Webb School of Knoxville (Penny's team),Daisy,Webb School of Knoxville (Steven's team),Correct,,,,Correct,10,Webb School of Knoxville (Steven's team),1,,,
S40 E51,Round of 16,Bonus,11,"Part 1: In 2023, for the first time, scientists saw dark spots on which planet, the farthest from the Sun and one of the two ice giants? | Part 2: The blue hue of that planet is due to which gas, with the symbol CH4?",Part 1: Neptune | Part 2: Methane,Astronomy,Science & Technology,Webb School of Knoxville (Steven's team) vs Webb School of Knoxville (Penny's team),,Webb School of Knoxville (Steven's team),Correct,,,,Correct,20,Webb School of Knoxville (Steven's team),2,,,
S40 E51,Round of 16,Tossup,12,What fundamental of art adds a sense of physicality to an artwork by creating an illusion of three dimensional surfaces and shapes that can be seen and felt?,Texture,Art,Fine Arts,Webb School of Knoxville (Steven's team) vs Webb School of Knoxville (Penny's team),Sam,Webb School of Knoxville (Penny's team),Incorrect,Daisy,Webb School of Knoxville (Steven's team),Incorrect,Missed,0,None given,1,,Sam said cubism and Daisy said perspective,
S40 E51,Round of 16,Tossup,13,What term beginning with PL is a form of government in which members of the wealthy are the rulers?,Plutocracy,Government,Social Studies,Webb School of Knoxville (Steven's team) vs Webb School of Knoxville (Penny's team),Penny,Webb School of Knoxville (Penny's team),Incorrect,Andrea,Webb School of Knoxville (Steven's team),Correct,Correct,10,Webb School of Knoxville (Steven's team),1,,"Penny said ""plebeian style government""",
S40 E51,Round of 16,Bonus,13,Part 1: What do the letters in the abbreviation POTUS represent? | Part 2: What do the letters in the abbreviation FLOTUS represent?,Part 1: President of the United States | Part 2: First Lady of the United States,Government,Social Studies,Webb School of Knoxville (Steven's team) vs Webb School of Knoxville (Penny's team),,Webb School of Knoxville (Steven's team),Correct,,,,Correct,20,Webb School of Knoxville (Steven's team),2,,,
S40 E51,Round of 16,Tossup,14,"What six letter word beginning with S is the antonym of ""abundant""?",Scarce,English,Language Arts,Webb School of Knoxville (Steven's team) vs Webb School of Knoxville (Penny's team),James,Webb School of Knoxville (Penny's team),Correct,,,,Correct,10,Webb School of Knoxville (Penny's team),1,,,
S40 E51,Round of 16,Bonus,14,What is the ancient statue seen here that depicts the Greek goddess of victory and has been on display in the Louvre since the late 19th century?,The Winged Victory of Samothrace (Nike of Samothrace),Visual,General & Visual,Webb School of Knoxville (Steven's team) vs Webb School of Knoxville (Penny's team),,Webb School of Knoxville (Penny's team),Incorrect,,,,Missed,0,None given,1,,"the team said something like ""Nike"" without Samothrace",
S40 E51,Round of 16,Tossup,15,"What is the chemical formula for calcium carbonate, the main ingredient in some chewable antacids?",CaCO3,Chemistry,Science & Technology,Webb School of Knoxville (Steven's team) vs Webb School of Knoxville (Penny's team),Andrea,Webb School of Knoxville (Steven's team),Incorrect,Penny,Webb School of Knoxville (Penny's team),Incorrect,Missed,0,None given,1,,"Andrea said CaCO2 and Penny's formula was garbled (""Ca3CO2"")",
S40 E51,Round of 16,Tossup,16,A semicircle is divided into two arcs with a 3 to 1 ratio. What is the measure of the larger arc?,135 degrees,Geometry,Mathematics,Webb School of Knoxville (Steven's team) vs Webb School of Knoxville (Penny's team),Sam,Webb School of Knoxville (Penny's team),Correct,,,,Correct,10,Webb School of Knoxville (Penny's team),1,,,
S40 E51,Round of 16,Bonus,16,The measurement of one of two complementary angles is two degrees less than three times the measurement of the other angle. What is the measurement of each angle?,23 degrees and 67 degrees,Geometry,Mathematics,Webb School of Knoxville (Steven's team) vs Webb School of Knoxville (Penny's team),Sam,Webb School of Knoxville (Penny's team),Correct,,,,Correct,20,Webb School of Knoxville (Penny's team),1,,Penny deferred to Sam,
S40 E51,Round of 16,Tossup,17,"In the backyard version of what game do players use mallets to hit colored balls through nine hoops, often called wickets?",Croquet,Games,General & Visual,Webb School of Knoxville (Steven's team) vs Webb School of Knoxville (Penny's team),Penny,Webb School of Knoxville (Penny's team),Correct,,,,Correct,10,Webb School of Knoxville (Penny's team),1,,,
S40 E51,Round of 16,Bonus,17,What tile based game uses rectangular pieces marked on each end with a number of dots for players to match ends to another tile with the same number of dots?,Dominoes,Games,General & Visual,Webb School of Knoxville (Steven's team) vs Webb School of Knoxville (Penny's team),,Webb School of Knoxville (Penny's team),Correct,,,,Correct,20,Webb School of Knoxville (Penny's team),1,,,
S40 E51,Round of 16,Tossup,18,"After Rome fell in 476, what city became the capital of the Byzantine Empire?",Constantinople,World History,Social Studies,Webb School of Knoxville (Steven's team) vs Webb School of Knoxville (Penny's team),Steven,Webb School of Knoxville (Steven's team),Correct,,,,Correct,10,Webb School of Knoxville (Steven's team),1,,,
S40 E51,Round of 16,Bonus,18,Part 1: Who became king of the Franks in 771 and was crowned Holy Roman Emperor on Christmas Day in the year 800? | Part 2: Spell that name.,Part 1: Charlemagne | Part 2: C-H-A-R-L-E-M-A-G-N-E,World History,Social Studies,Webb School of Knoxville (Steven's team) vs Webb School of Knoxville (Penny's team),,Webb School of Knoxville (Steven's team),Correct,,,,Correct,20,Webb School of Knoxville (Steven's team),2,,Steven deferred to Andrea for the spelling,
S40 E51,Round of 16,Tossup,19,What is the title of the Arthur Miller play that takes place during the Salem witch trials?,The Crucible,Literature,Language Arts,Webb School of Knoxville (Steven's team) vs Webb School of Knoxville (Penny's team),James,Webb School of Knoxville (Penny's team),Correct,,,,Correct,10,Webb School of Knoxville (Penny's team),1,,,
S40 E51,Round of 16,Bonus,19,"Part 1: What was the title of the annual publication of seasonal weather forecasts, household hints, puzzles and other amusements published by one of our Founding Fathers from 1732 to 1758? | Part 2: Which founding father used the alias Richard Saunders to write anonymously for his almanac?",Part 1: Poor Richard's Almanack | Part 2: Benjamin Franklin,Literature,Language Arts,Webb School of Knoxville (Steven's team) vs Webb School of Knoxville (Penny's team),,Webb School of Knoxville (Penny's team),Correct,,,,Correct,20,Webb School of Knoxville (Penny's team),2,,,
S40 E51,Round of 16,Tossup,20,What eight letter word beginning with N is the term for a surgical examination of an animal's carcass to determine the cause and manner of death?,A necropsy,Science,Science & Technology,Webb School of Knoxville (Steven's team) vs Webb School of Knoxville (Penny's team),Steven,Webb School of Knoxville (Steven's team),Incorrect,,,,Missed,0,None given,1,,"Steven said ""necrosis""; no steal answer captured",
S40 E51,Round of 16,Tossup,21,"In 1948, President Truman signed what plan aimed to help European countries recover from World War II?",The Marshall Plan,U.S. History,Social Studies,Webb School of Knoxville (Steven's team) vs Webb School of Knoxville (Penny's team),Nicholas,Webb School of Knoxville (Steven's team),Correct,,,,Correct,10,Webb School of Knoxville (Steven's team),1,,,
S40 E51,Round of 16,Bonus,21,"In 2023, a Chattanooga man was recognized for his Vietnam War helicopter rescue missions and was awarded which medal, the highest decoration for U.S. military service members?",The Medal of Honor,U.S. History,Social Studies,Webb School of Knoxville (Steven's team) vs Webb School of Knoxville (Penny's team),,Webb School of Knoxville (Steven's team),Correct,,,,Correct,20,Webb School of Knoxville (Steven's team),1,,,
S40 E51,Round of 16,Tossup,22,"Beethoven originally titled his third symphony ""Bonaparte,"" but when Napoleon declared himself Emperor, he gave it what six letter name by which it is still known?",Eroica,Music,Fine Arts,Webb School of Knoxville (Steven's team) vs Webb School of Knoxville (Penny's team),Jackson,Webb School of Knoxville (Penny's team),Incorrect,Nicholas,Webb School of Knoxville (Steven's team),Incorrect,Missed,0,None given,1,,Jackson buzzed early and his answer is not captured; Nicholas's steal answer is garbled in the captions,
S40 E51,Round of 16,Tossup,23,The Alboran Sea and the Ionian Sea are both part of what larger sea?,The Mediterranean Sea,Geography,Social Studies,Webb School of Knoxville (Steven's team) vs Webb School of Knoxville (Penny's team),Penny,Webb School of Knoxville (Penny's team),Correct,,,,Correct,10,Webb School of Knoxville (Penny's team),1,,the first half ended before the bonus could be read,
S40 E51,Round of 16,Tossup,24,"A musical instrument with bellows is an accordion. Spell ""accordion.""",A-C-C-O-R-D-I-O-N,Spelling,Language Arts,Webb School of Knoxville (Steven's team) vs Webb School of Knoxville (Penny's team),Penny,Webb School of Knoxville (Penny's team),Correct,,,,Correct,10,Webb School of Knoxville (Penny's team),1,,,
S40 E51,Round of 16,Bonus,24,"Ventriloquism is the art of producing vocal sounds that appear to come from another source. Spell ""ventriloquism.""",V-E-N-T-R-I-L-O-Q-U-I-S-M,Spelling,Language Arts,Webb School of Knoxville (Steven's team) vs Webb School of Knoxville (Penny's team),Alex,Webb School of Knoxville (Penny's team),Correct,,,,Correct,20,Webb School of Knoxville (Penny's team),1,,Penny deferred to Alex,
S40 E51,Round of 16,Tossup,25,"The symbol F represents what unit of electrical capacitance, the ability of a body to store an electrical charge?",The farad,Physics,Science & Technology,Webb School of Knoxville (Steven's team) vs Webb School of Knoxville (Penny's team),Alex,Webb School of Knoxville (Penny's team),Incorrect,Andrea,Webb School of Knoxville (Steven's team),Correct,Correct,10,Webb School of Knoxville (Steven's team),1,,Alex buzzed early and did not finish an answer,
S40 E51,Round of 16,Bonus,25,"Part 1: Who was the French mathematician, physicist and philosopher who developed the modern theory of probability? | Part 2: What is the instrument that has a U-shaped tube and measures pressure in a closed system?",Part 1: Blaise Pascal | Part 2: A manometer,Physics,Science & Technology,Webb School of Knoxville (Steven's team) vs Webb School of Knoxville (Penny's team),,Webb School of Knoxville (Steven's team),Incorrect,,,,Missed,0,None given,2,,the team said Descartes for Part 1 and barometer for Part 2,
S40 E51,Round of 16,Tossup,26,"Evaluate aX + aY if a = 5, X = 18 and Y = 12.",150,Math,Mathematics,Webb School of Knoxville (Steven's team) vs Webb School of Knoxville (Penny's team),James,Webb School of Knoxville (Penny's team),Incorrect,,Webb School of Knoxville (Steven's team),Correct,Correct,10,Webb School of Knoxville (Steven's team),1,,James said 30; Steven's team's steal buzzer is not named,
S40 E51,Round of 16,Bonus,26,"If x = 1/4 and y = 3/5, what are the simplified product xy and quotient x over y of these two fractions?",Product 3/20; quotient 5/12,Visual,General & Visual,Webb School of Knoxville (Steven's team) vs Webb School of Knoxville (Penny's team),,Webb School of Knoxville (Steven's team),Correct,,,,Correct,20,Webb School of Knoxville (Steven's team),1,,the captain deferred to Andrea,
S40 E51,Round of 16,Tossup,27,What should you find people doing in a natatorium?,Swimming,Sports,General & Visual,Webb School of Knoxville (Steven's team) vs Webb School of Knoxville (Penny's team),Anna,Webb School of Knoxville (Steven's team),Correct,,,,Correct,10,Webb School of Knoxville (Steven's team),1,,,
S40 E51,Round of 16,Bonus,27,"In a 25 meter pool, how many lengths is the 500 meter freestyle event?",20,Sports,General & Visual,Webb School of Knoxville (Steven's team) vs Webb School of Knoxville (Penny's team),,Webb School of Knoxville (Steven's team),Correct,,,,Correct,20,Webb School of Knoxville (Steven's team),1,,,
S40 E51,Round of 16,Tossup,28,What is the term for the influx of more affluent residents and businesses that changes the character of a neighborhood by driving up housing costs and displacing low income residents?,Gentrification,Economics,Social Studies,Webb School of Knoxville (Steven's team) vs Webb School of Knoxville (Penny's team),Andrea,Webb School of Knoxville (Steven's team),Incorrect,Henry,Webb School of Knoxville (Penny's team),Correct,Correct,10,Webb School of Knoxville (Penny's team),1,,"Andrea said ""the homeowners association""",
S40 E51,Round of 16,Bonus,28,"If someone puts $500 into a savings account that pays a fixed interest rate of 2% compounded annually, how long would it take for their money to double in value?",About 36 years,Economics,Social Studies,Webb School of Knoxville (Steven's team) vs Webb School of Knoxville (Penny's team),,Webb School of Knoxville (Penny's team),Incorrect,,,,Missed,0,None given,1,,the team said 100 years,
S40 E51,Round of 16,Tossup,29,What is the French word for the number five?,Cinq,Foreign Language,Foreign Language,Webb School of Knoxville (Steven's team) vs Webb School of Knoxville (Penny's team),Andrea,Webb School of Knoxville (Steven's team),Correct,,,,Correct,10,Webb School of Knoxville (Steven's team),1,,,
S40 E51,Round of 16,Bonus,29,"Translate the French phrase ""je ne parle pas anglais"" into Spanish.",No hablo ingles,Foreign Language,Foreign Language,Webb School of Knoxville (Steven's team) vs Webb School of Knoxville (Penny's team),,Webb School of Knoxville (Steven's team),Correct,,,,Correct,20,Webb School of Knoxville (Steven's team),1,,,
S40 E51,Round of 16,Tossup,30,What is the name of the muscular wall that divides the heart lengthwise?,The septum,Health,Science & Technology,Webb School of Knoxville (Steven's team) vs Webb School of Knoxville (Penny's team),Penny,Webb School of Knoxville (Penny's team),Incorrect,Anna,Webb School of Knoxville (Steven's team),Incorrect,Missed,0,None given,1,,"Penny said ""the cardiac sac"" and Anna said ""the atria""",
S40 E51,Round of 16,Tossup,31,"Which pope, head of the Catholic Church from 1963 to 1978, wrote the encyclical Humanae Vitae and became the first reigning pontiff to visit the Western Hemisphere?",Pope Paul VI,Religion,Religion & Mythology,Webb School of Knoxville (Steven's team) vs Webb School of Knoxville (Penny's team),Andrea,Webb School of Knoxville (Steven's team),Incorrect,Penny,Webb School of Knoxville (Penny's team),Incorrect,Missed,0,None given,1,,"Andrea said Benedict and Penny said ""John Paul the Fifth""",
S40 E51,Round of 16,Tossup,32,"Pablo Picasso's The Old Guitarist is on view in the Art Institute of what city, the most populous in the Midwest?",Chicago,Art,Fine Arts,Webb School of Knoxville (Steven's team) vs Webb School of Knoxville (Penny's team),Penny,Webb School of Knoxville (Penny's team),Correct,,,,Correct,10,Webb School of Knoxville (Penny's team),1,,"Penny said ""the Chicago Museum of Art"" and the host accepted ""Chicago""",
S40 E51,Round of 16,Bonus,32,Part 1: The Picasso painting shown here is named for what city that was bombed in 1937 by German aircraft allied with Francisco Franco? | Part 2: During what conflict was that city bombed?,Part 1: Guernica | Part 2: The Spanish Civil War,Visual,General & Visual,Webb School of Knoxville (Steven's team) vs Webb School of Knoxville (Penny's team),,Webb School of Knoxville (Penny's team),Partial,,,,Partial,10,Webb School of Knoxville (Penny's team),2,,the team said Madrid for Part 1,
S40 E51,Round of 16,Tossup,33,First Ladies Julia Gardiner Tyler and Sarah Childress Polk began a tradition by instructing the band to play what song when their respective husbands arrived at an official event?,"""Hail to the Chief""",U.S. History,Social Studies,Webb School of Knoxville (Steven's team) vs Webb School of Knoxville (Penny's team),Penny,Webb School of Knoxville (Penny's team),Incorrect,Andrea,Webb School of Knoxville (Steven's team),Incorrect,Missed,0,None given,1,,"Penny said ""The Star-Spangled Banner"" and Andrea said ""Pomp and Circumstance""",
S40 E51,Round of 16,Tossup,34,Which 1961 children's book written and illustrated by P.D. Eastman describes the actions and interactions of a group of highly mobile canines?,"Go, Dog. Go!",Literature,Language Arts,Webb School of Knoxville (Steven's team) vs Webb School of Knoxville (Penny's team),Steven,Webb School of Knoxville (Steven's team),Correct,,,,Correct,10,Webb School of Knoxville (Steven's team),1,,,
S40 E51,Round of 16,Bonus,34,Part 1: Who is Jay Gatsby's neighbor in The Great Gatsby? | Part 2: Who wrote The Great Gatsby?,Part 1: Nick Carraway | Part 2: F. Scott Fitzgerald,Literature,Language Arts,Webb School of Knoxville (Steven's team) vs Webb School of Knoxville (Penny's team),,Webb School of Knoxville (Steven's team),Correct,,,,Correct,20,Webb School of Knoxville (Steven's team),2,,,
S40 E51,Round of 16,Tossup,35,In which layer of the atmosphere are the jet streams located?,The troposphere,Science,Science & Technology,Webb School of Knoxville (Steven's team) vs Webb School of Knoxville (Penny's team),Andrea,Webb School of Knoxville (Steven's team),Correct,,,,Correct,10,Webb School of Knoxville (Steven's team),1,,,
S40 E51,Round of 16,Bonus,35,What is the word for belts of trees planted along the edges of fields in order to prevent soil erosion?,Windbreaks,Science,Science & Technology,Webb School of Knoxville (Steven's team) vs Webb School of Knoxville (Penny's team),,Webb School of Knoxville (Steven's team),Incorrect,,,,Missed,0,None given,1,,the team's answer is garbled in the captions,
S40 E51,Round of 16,Tossup,36,Solve this equation for x: the square root of the quantity x plus 6 equals 4.,x = 10,Pre-Calculus,Mathematics,Webb School of Knoxville (Steven's team) vs Webb School of Knoxville (Penny's team),James,Webb School of Knoxville (Penny's team),Correct,,,,Correct,10,Webb School of Knoxville (Penny's team),1,,,
S40 E51,Round of 16,Bonus,36,"What is the product of the two complex binomials (3 + i) and (3 - i), where i is the square root of negative one?",10,Pre-Calculus,Mathematics,Webb School of Knoxville (Steven's team) vs Webb School of Knoxville (Penny's team),,Webb School of Knoxville (Penny's team),Correct,,,,Correct,20,Webb School of Knoxville (Penny's team),1,,,
S40 E51,Round of 16,Tossup,37,"What pop singer, born on February 20, 1988 in Barbados, recorded the hit songs ""Lift Me Up"" and ""Replay""?",Rihanna,Music,Fine Arts,Webb School of Knoxville (Steven's team) vs Webb School of Knoxville (Penny's team),James,Webb School of Knoxville (Penny's team),Incorrect,Steven,Webb School of Knoxville (Steven's team),Correct,Correct,10,Webb School of Knoxville (Steven's team),1,,James had no answer,
S40 E51,Round of 16,Bonus,37,Mookie Blaylock was the original name of what Seattle grunge band?,Pearl Jam,Music,Fine Arts,Webb School of Knoxville (Steven's team) vs Webb School of Knoxville (Penny's team),,Webb School of Knoxville (Steven's team),Incorrect,,,,Missed,0,None given,1,,the team said Nirvana,
S40 E51,Round of 16,Tossup,38,"After the original 13 colonies organized into the United States, which new city was created at the geographical center of the Union?","Washington, D.C.",Geography,Social Studies,Webb School of Knoxville (Steven's team) vs Webb School of Knoxville (Penny's team),Penny,Webb School of Knoxville (Penny's team),Incorrect,Nolan,Webb School of Knoxville (Steven's team),Correct,Correct,10,Webb School of Knoxville (Steven's team),1,,Penny said Philadelphia,
S40 E51,Round of 16,Bonus,38,Part 1: In which state is Zion National Park? | Part 2: In which state is Acadia National Park?,Part 1: Utah | Part 2: Maine,Geography,Social Studies,Webb School of Knoxville (Steven's team) vs Webb School of Knoxville (Penny's team),,Webb School of Knoxville (Steven's team),Incorrect,,,,Missed,0,None given,2,,the team said Washington for Part 1 and New Mexico for Part 2,
S40 E51,Round of 16,Tossup,39,"Spell ""cite"" as in the sentence ""Students must cite their sources in a research paper.""",C-I-T-E,Vocabulary,Language Arts,Webb School of Knoxville (Steven's team) vs Webb School of Knoxville (Penny's team),James,Webb School of Knoxville (Penny's team),Correct,,,,Correct,10,Webb School of Knoxville (Penny's team),1,,,
S40 E51,Round of 16,Bonus,39,"Part 1: Sesquipedalophobia is the fear of what? | Part 2: What is the literal translation of the Latin word ""sesquipedalis""?",Part 1: Long words | Part 2: A foot and a half long,Vocabulary,Language Arts,Webb School of Knoxville (Steven's team) vs Webb School of Knoxville (Penny's team),,Webb School of Knoxville (Penny's team),Incorrect,,,,Missed,0,None given,2,,"the team said ""adults"" for Part 1 and ""long foot"" for Part 2 (after Penny deferred to Alex)",
S40 E51,Round of 16,Tossup,40,A goiter is the enlargement of which gland?,The thyroid,Health,Science & Technology,Webb School of Knoxville (Steven's team) vs Webb School of Knoxville (Penny's team),Penny,Webb School of Knoxville (Penny's team),Correct,,,,Correct,10,Webb School of Knoxville (Penny's team),1,,,
S40 E51,Round of 16,Bonus,40,Which human gland is connected to the hypothalamus by a stalk-like structure and is important in controlling growth and development?,The pituitary gland,Health,Science & Technology,Webb School of Knoxville (Steven's team) vs Webb School of Knoxville (Penny's team),,Webb School of Knoxville (Penny's team),Correct,,,,Correct,20,Webb School of Knoxville (Penny's team),1,,,
S40 E51,Round of 16,Tossup,41,How many electoral votes did Tennessee have in the 2020 presidential election?,11,Government,Social Studies,Webb School of Knoxville (Steven's team) vs Webb School of Knoxville (Penny's team),Nolan,Webb School of Knoxville (Steven's team),Incorrect,Penny,Webb School of Knoxville (Penny's team),Incorrect,Missed,0,None given,1,,Nolan said seven and Penny said nine,
S40 E51,Round of 16,Tossup,42,Which Old Testament figure interpreted the Pharaoh's dream of seven lean cows devouring seven fat cows?,Joseph,Religion,Religion & Mythology,Webb School of Knoxville (Steven's team) vs Webb School of Knoxville (Penny's team),Anna,Webb School of Knoxville (Steven's team),Correct,,,,Correct,10,Webb School of Knoxville (Steven's team),1,,,
S40 E51,Round of 16,Bonus,42,"Catholics who attend the Tridentine Mass, also known as the extraordinary form, sometimes refer to it by the nickname TLM, which stands for what?",The Traditional Latin Mass,Religion,Religion & Mythology,Webb School of Knoxville (Steven's team) vs Webb School of Knoxville (Penny's team),,Webb School of Knoxville (Steven's team),Incorrect,,,,Missed,0,None given,1,,"the team said ""the last meal""",
S40 E51,Round of 16,Tossup,43,Which conquistador scuttled his ships after arriving on Mexico's coast?,Hernan Cortes,World History,Social Studies,Webb School of Knoxville (Steven's team) vs Webb School of Knoxville (Penny's team),Steven,Webb School of Knoxville (Steven's team),Correct,,,,Correct,10,Webb School of Knoxville (Steven's team),1,,,
S40 E51,Round of 16,Bonus,43,"Which naval battle, between a British fleet of 27 ships under Admiral Horatio Nelson and the combined fleets of the French Navy and Spanish Navy, took place on October 21, 1805?",The Battle of Trafalgar,World History,Social Studies,Webb School of Knoxville (Steven's team) vs Webb School of Knoxville (Penny's team),,Webb School of Knoxville (Steven's team),Incorrect,,,,Missed,0,None given,1,,the team said Yorktown; the game ended after this bonus,
S40 E52,Round of 16,Tossup,1,In what technique is a known solution added dropwise to an unknown solution to determine its concentration?,Titration,Chemistry,Science & Technology,Maryville High School (Aaron's team) vs Halls High School,Aaron,Maryville High School (Aaron's team),Correct,,,,Correct,10,Maryville High School (Aaron's team),1,,,
S40 E52,Round of 16,Bonus,1,What ingredient in many morning beverages has the chemical formula C8H10N4O2?,Caffeine,Chemistry,Science & Technology,Maryville High School (Aaron's team) vs Halls High School,,Maryville High School (Aaron's team),Correct,,,,Correct,20,Maryville High School (Aaron's team),1,,,
S40 E52,Round of 16,Tossup,2,Solve for x in the proportion 60/80 = 9/x.,12,Math,Mathematics,Maryville High School (Aaron's team) vs Halls High School,Aaron,Maryville High School (Aaron's team),Correct,,,,Correct,10,Maryville High School (Aaron's team),1,,,
S40 E52,Round of 16,Bonus,2,What is the percent of decrease from 175 to 105?,40 percent,Math,Mathematics,Maryville High School (Aaron's team) vs Halls High School,,Maryville High School (Aaron's team),Incorrect,,,,Missed,0,None given,1,,"Aaron deferred to Thomas, who said 66.7 percent",
S40 E52,Round of 16,Tossup,3,What relation is David to Solomon in the Bible?,Father,Religion,Religion & Mythology,Maryville High School (Aaron's team) vs Halls High School,Thomas,Maryville High School (Aaron's team),Incorrect,Ethan,Halls High School,Incorrect,Missed,0,None given,1,,"Thomas said ""son"" and Ethan said ""grandfather""",
S40 E52,Round of 16,Tossup,4,Which hotspot in the United States has more active geysers than the rest of the world?,Yellowstone National Park,Geography,Social Studies,Maryville High School (Aaron's team) vs Halls High School,John,Maryville High School (Aaron's team),Correct,,,,Correct,10,Maryville High School (Aaron's team),1,,the host reminded John to wait to be called on,
S40 E52,Round of 16,Bonus,4,The delta on the Gulf of Mexico shown here is the mouth of which U.S. river system?,The Mississippi River,Visual,General & Visual,Maryville High School (Aaron's team) vs Halls High School,,Maryville High School (Aaron's team),Correct,,,,Correct,20,Maryville High School (Aaron's team),1,,,
S40 E52,Round of 16,Tossup,5,"Spell the word ""rein"" in the sentence ""I asked them to rein in their enthusiasm.""",R-E-I-N,English,Language Arts,Maryville High School (Aaron's team) vs Halls High School,Aaron,Maryville High School (Aaron's team),Incorrect,,Halls High School,Incorrect,Missed,0,None given,1,,Aaron spelled it R-E-I-G-N; Halls's steal buzzer is not named and the spelling given was R-A-I-N,
S40 E52,Round of 16,Tossup,6,What is the term for a hurricane that occurs in the tropical waters of the western Pacific?,A typhoon,Science,Science & Technology,Maryville High School (Aaron's team) vs Halls High School,Benjamin,Halls High School,Correct,,,,Correct,10,Halls High School,1,,,
S40 E52,Round of 16,Bonus,6,Name four of the seven steps in the hydrologic cycle.,"Any four of: evaporation, condensation, sublimation, precipitation, transpiration, runoff, infiltration",Science,Science & Technology,Maryville High School (Aaron's team) vs Halls High School,,Halls High School,Partial,,,,Partial,15,Halls High School,1,,"the team named evaporation, condensation and precipitation, and could not give a fourth; 15 points",
S40 E52,Round of 16,Tossup,7,"What ancient empire included the cities Tikal, Coba, Copan and Uxmal?",The Maya empire,History,Social Studies,Maryville High School (Aaron's team) vs Halls High School,John,Maryville High School (Aaron's team),Incorrect,Joe Nicholas,Halls High School,Incorrect,Missed,0,None given,1,,"John buzzed early and said ""the Olmec""; Joe Nicholas said the Incan empire",
S40 E52,Round of 16,Tossup,8,Which one of Santa's helpers has a shiny nose?,Rudolph,Music,Fine Arts,Maryville High School (Aaron's team) vs Halls High School,Joe Nicholas,Halls High School,Correct,,,,Correct,10,Halls High School,1,,,
S40 E52,Round of 16,Bonus,8,Part 1: What is the country of origin for the group ABBA? | Part 2: What is the country of origin for the group BTS?,Part 1: Sweden | Part 2: South Korea,Music,Fine Arts,Maryville High School (Aaron's team) vs Halls High School,,Halls High School,Correct,,,,Correct,20,Halls High School,2,,,
S40 E52,Round of 16,Tossup,9,What holiday in May was originally known as Decoration Day?,Memorial Day,Government,Social Studies,Maryville High School (Aaron's team) vs Halls High School,Matthew,Maryville High School (Aaron's team),Correct,,,,Correct,10,Maryville High School (Aaron's team),1,,,
S40 E52,Round of 16,Bonus,9,Name two of the four chief justices of the U.S. Supreme Court who were chosen from the associate justices.,"Any two of: Edward White, Harlan Stone, William Rehnquist, John Roberts",Government,Social Studies,Maryville High School (Aaron's team) vs Halls High School,,Maryville High School (Aaron's team),Partial,,,,Partial,10,Maryville High School (Aaron's team),1,,"the team named Marshall and Roberts; only Roberts counted, for ten points",
S40 E52,Round of 16,Tossup,10,What was the Roman equivalent of the mythological Greek goddess Athena?,Minerva,Mythology,Religion & Mythology,Maryville High School (Aaron's team) vs Halls High School,John,Maryville High School (Aaron's team),Incorrect,Amanda,Halls High School,Correct,Correct,10,Halls High School,1,,John said Diana,
S40 E52,Round of 16,Bonus,10,The head of a marble statue found on an ancient shipwreck in 2022 is believed to be the missing part of a statue recovered in 1900 of which mythological figure who had to complete 12 heroic labors?,Hercules,Mythology,Religion & Mythology,Maryville High School (Aaron's team) vs Halls High School,,Halls High School,Correct,,,,Correct,20,Halls High School,1,,,
S40 E52,Round of 16,Tossup,11,Which planet in our solar system takes longer to turn on its axis than it takes to orbit the Sun?,Venus,Astronomy,Science & Technology,Maryville High School (Aaron's team) vs Halls High School,John,Maryville High School (Aaron's team),Incorrect,Joe Nicholas,Halls High School,Incorrect,Missed,0,None given,1,,John said Mercury and Joe Nicholas said Neptune,
S40 E52,Round of 16,Tossup,12,Which trigonometric function is the reciprocal of the cosine?,Secant,Pre-Calculus,Mathematics,Maryville High School (Aaron's team) vs Halls High School,Thomas,Maryville High School (Aaron's team),Correct,,,,Correct,10,Maryville High School (Aaron's team),1,,,
S40 E52,Round of 16,Bonus,12,"In the function y = x squared - 4x + 3, what is the range of the function?",y is greater than or equal to -1,Pre-Calculus,Mathematics,Maryville High School (Aaron's team) vs Halls High School,,Maryville High School (Aaron's team),Incorrect,,,,Missed,0,None given,1,,the team's answer is garbled in the captions,
S40 E52,Round of 16,Tossup,13,What is the name of the forgetful fish in Finding Nemo?,Dory,Art,Fine Arts,Maryville High School (Aaron's team) vs Halls High School,Thomas,Maryville High School (Aaron's team),Correct,,,,Correct,10,Maryville High School (Aaron's team),1,,,
S40 E52,Round of 16,Bonus,13,"Which artist created Christina's World, shown here, an iconic American painting set in a stark landscape of coastal Maine?",Andrew Wyeth,Visual,General & Visual,Maryville High School (Aaron's team) vs Halls High School,,Maryville High School (Aaron's team),Incorrect,,,,Missed,0,None given,1,,the team's answer is garbled in the captions (appears to be Mary Cassatt),
S40 E52,Round of 16,Tossup,14,What is the currency of Japan?,The yen,Economics,Social Studies,Maryville High School (Aaron's team) vs Halls High School,John,Maryville High School (Aaron's team),Correct,,,,Correct,10,Maryville High School (Aaron's team),1,,,
S40 E52,Round of 16,Bonus,14,Part 1: Whose picture is on the front of a U.S. $10 bill? | Part 2: What is pictured on the back of a $10 bill?,Part 1: Alexander Hamilton | Part 2: The U.S. Treasury building,Economics,Social Studies,Maryville High School (Aaron's team) vs Halls High School,,Maryville High School (Aaron's team),Correct,,,,Correct,20,Maryville High School (Aaron's team),2,,,
S40 E52,Round of 16,Tossup,15,What is the German word for the number three?,Drei,Foreign Language,Foreign Language,Maryville High School (Aaron's team) vs Halls High School,Aaron,Maryville High School (Aaron's team),Correct,,,,Correct,10,Maryville High School (Aaron's team),1,,"the captions render the answer as ""Dry""",
S40 E52,Round of 16,Bonus,15,"What is the English translation of the French question ""Quelle heure est-il?""",What time is it?,Foreign Language,Foreign Language,Maryville High School (Aaron's team) vs Halls High School,,Maryville High School (Aaron's team),Incorrect,,,,Missed,0,None given,1,,the team's answer is garbled in the captions,
S40 E52,Round of 16,Tossup,16,"When one species moves to an unfamiliar location and takes over, what kind of species has it become?",An invasive species,Biology,Science & Technology,Maryville High School (Aaron's team) vs Halls High School,Joe Nicholas,Halls High School,Correct,,,,Correct,10,Halls High School,1,,,
S40 E52,Round of 16,Bonus,16,"The name of which poisonous plant means ""beautiful woman"" in Italian?",Belladonna,Biology,Science & Technology,Maryville High School (Aaron's team) vs Halls High School,,Halls High School,Incorrect,,,,Missed,0,None given,1,,the team said poison ivy,
S40 E52,Round of 16,Tossup,17,One of Shakespeare's plays is titled Two Gentlemen of which city?,Verona,Literature,Language Arts,Maryville High School (Aaron's team) vs Halls High School,Thomas,Maryville High School (Aaron's team),Incorrect,,,,Missed,0,None given,1,,Thomas said Venice; the host said Halls's steal buzzer had already sounded and no answer is captured,
S40 E52,Round of 16,Tossup,18,What does it mean for golfers to have a coveted green jacket?,They won the Masters,Sports,General & Visual,Maryville High School (Aaron's team) vs Halls High School,Thomas,Maryville High School (Aaron's team),Correct,,,,Correct,10,Maryville High School (Aaron's team),1,,,
S40 E52,Round of 16,Bonus,18,Part 1: What is the team name for the athletic program at Western Carolina University? | Part 2: What is the team name for the athletic program at Grambling State University?,Part 1: The Catamounts | Part 2: The Tigers,Sports,General & Visual,Maryville High School (Aaron's team) vs Halls High School,Thomas,Maryville High School (Aaron's team),Correct,,,,Correct,20,Maryville High School (Aaron's team),2,,Aaron deferred to Thomas for both parts,
S40 E52,Round of 16,Tossup,19,What is the capital of Lebanon?,Beirut,Geography,Social Studies,Maryville High School (Aaron's team) vs Halls High School,Matthew,Maryville High School (Aaron's team),Incorrect,,,,Missed,0,None given,1,,Matthew said Tripoli; no Halls steal answer captured,
S40 E52,Round of 16,Tossup,20,"Something that is extremely funny is called hilarious. Spell ""hilarious.""",H-I-L-A-R-I-O-U-S,Spelling,Language Arts,Maryville High School (Aaron's team) vs Halls High School,Aaron,Maryville High School (Aaron's team),Correct,,,,Correct,10,Maryville High School (Aaron's team),1,,,
S40 E52,Round of 16,Bonus,20,Spell the 12 letter word beginning with A that names a person whom one knows but who is not a particularly close friend.,A-C-Q-U-A-I-N-T-A-N-C-E,Spelling,Language Arts,Maryville High School (Aaron's team) vs Halls High School,,Maryville High School (Aaron's team),Correct,,,,Correct,20,Maryville High School (Aaron's team),1,,,
S40 E52,Round of 16,Tossup,21,"Which of the following four words does not belong with the others: ulna, triceps, biceps, deltoid?",Ulna,Health,Science & Technology,Maryville High School (Aaron's team) vs Halls High School,Aaron,Maryville High School (Aaron's team),Correct,,,,Correct,10,Maryville High School (Aaron's team),1,,,
S40 E52,Round of 16,Bonus,21,"Part 1: Which came first, the discovery of insulin or X-rays? | Part 2: Which came first, Novocain or acetaminophen?",Part 1: X-rays | Part 2: Novocain,Health,Science & Technology,Maryville High School (Aaron's team) vs Halls High School,,Maryville High School (Aaron's team),Correct,,,,Correct,20,Maryville High School (Aaron's team),2,,,
S40 E52,Round of 16,Tossup,22,"What is the fifth term of the sequence defined by 6 - 4n, if the first term is two?",-14,Algebra,Mathematics,Maryville High School (Aaron's team) vs Halls High School,,,No Buzz,,,,Missed,0,None given,1,,the buzzer sounded without an answer; the host gave -14,
S40 E52,Round of 16,Tossup,23,What is the name of the main character in Tim Burton's The Nightmare Before Christmas?,Jack Skellington,Miscellaneous,General & Visual,Maryville High School (Aaron's team) vs Halls High School,Joe Nicholas,Halls High School,Correct,,,,Correct,10,Halls High School,1,,,
S40 E52,Round of 16,Bonus,23,"Also known as the Christmas Star, what flower was named for the United States' first ambassador to Mexico?",The poinsettia,Miscellaneous,General & Visual,Maryville High School (Aaron's team) vs Halls High School,,Halls High School,Incorrect,,,,Missed,0,None given,1,,the team said chrysanthemum,
S40 E52,Round of 16,Tossup,24,What is the power of a governor or president to forgive a person convicted of a crime?,A pardon,Government,Social Studies,Maryville High School (Aaron's team) vs Halls High School,Ethan,Halls High School,Correct,,,,Correct,10,Halls High School,1,,,
S40 E52,Round of 16,Bonus,24,Name four of the five permanent members of the U.N. Security Council.,"Any four of: United States, Russia, United Kingdom, France, China",Government,Social Studies,Maryville High School (Aaron's team) vs Halls High School,,Halls High School,Correct,,,,Correct,20,Halls High School,1,,,
S40 E52,Round of 16,Tossup,25,"Spell the word ""their"" as in the sentence ""What is their school mascot?""",T-H-E-I-R,English,Language Arts,Maryville High School (Aaron's team) vs Halls High School,Joe Nicholas,Halls High School,Correct,,,,Correct,10,Halls High School,1,,,
S40 E52,Round of 16,Bonus,25,"Spell the word ""effect"" in the sentence ""Listening to beautiful music has a good effect on my mood.""",E-F-F-E-C-T,English,Language Arts,Maryville High School (Aaron's team) vs Halls High School,,Halls High School,Correct,,,,Correct,20,Halls High School,1,,,
S40 E52,Round of 16,Tossup,26,How many bones are in a human foot?,26,Health,Science & Technology,Maryville High School (Aaron's team) vs Halls High School,Matthew,Maryville High School (Aaron's team),Incorrect,Ethan,Halls High School,Incorrect,Missed,0,None given,1,,Matthew said ten and Ethan said eight; the first half ended,
S40 E52,Round of 16,Tossup,27,What famous painting by Salvador Dali features melting clocks?,The Persistence of Memory,Art,Fine Arts,Maryville High School (Aaron's team) vs Halls High School,Joe Nicholas,Halls High School,Incorrect,Thomas,Maryville High School (Aaron's team),Correct,Correct,10,Maryville High School (Aaron's team),1,,"Joe Nicholas said ""melting clocks""",
S40 E52,Round of 16,Bonus,27,"The deputy director of the British Museum proposed a partnership with Greece that could see the Elgin Marbles returned to Athens after more than 200 years. Which 2,500 year old temple did the figures originally decorate?",The Parthenon,Art,Fine Arts,Maryville High School (Aaron's team) vs Halls High School,,Maryville High School (Aaron's team),Correct,,,,Correct,20,Maryville High School (Aaron's team),1,,,
S40 E52,Round of 16,Tossup,28,"If an atom contains 11 protons and 12 neutrons, what is its atomic number?",11,Chemistry,Science & Technology,Maryville High School (Aaron's team) vs Halls High School,Thomas,Maryville High School (Aaron's team),Incorrect,Ethan,Halls High School,Correct,Correct,10,Halls High School,1,,Thomas said 23,
S40 E52,Round of 16,Bonus,28,Elemental phosphorus exists in what two major forms?,White phosphorus and red phosphorus,Visual,General & Visual,Maryville High School (Aaron's team) vs Halls High School,,Halls High School,Incorrect,,,,Missed,0,None given,1,,"the team said ""liquid and gas""",
S40 E52,Round of 16,Tossup,29,Into which river does the Tennessee River flow?,The Ohio River,Geography,Social Studies,Maryville High School (Aaron's team) vs Halls High School,Benjamin,Halls High School,Incorrect,Matthew,Maryville High School (Aaron's team),Correct,Correct,10,Maryville High School (Aaron's team),1,,Benjamin said the Mississippi,
S40 E52,Round of 16,Bonus,29,Part 1: In which state is the Arizona Memorial? | Part 2: In which state is the General Grant National Memorial?,Part 1: Hawaii | Part 2: New York,Geography,Social Studies,Maryville High School (Aaron's team) vs Halls High School,,Maryville High School (Aaron's team),Partial,,,,Partial,10,Maryville High School (Aaron's team),2,,the team said Ohio for Part 2 after deferring to Matthew,
S40 E52,Round of 16,Tossup,30,What is the French word for July?,Juillet,Foreign Language,Foreign Language,Maryville High School (Aaron's team) vs Halls High School,John,Maryville High School (Aaron's team),Incorrect,,,,Missed,0,None given,1,,John's answer is garbled in the captions; no Halls steal answer captured,
S40 E52,Round of 16,Tossup,31,What is the primary piece of circuitry in a computer into which the other components are connected?,The motherboard,Technology,Science & Technology,Maryville High School (Aaron's team) vs Halls High School,Thomas,Maryville High School (Aaron's team),Correct,,,,Correct,10,Maryville High School (Aaron's team),1,,,
S40 E52,Round of 16,Bonus,31,"What generic term is used to refer to applications, scripts and programs that run on a device?",Software,Technology,Science & Technology,Maryville High School (Aaron's team) vs Halls High School,,Maryville High School (Aaron's team),Incorrect,,,,Missed,0,None given,1,,"the team said ""code"" and ""apps""",
S40 E52,Round of 16,Tossup,32,Who composed the cantata Carmina Burana?,Carl Orff,Music,Fine Arts,Maryville High School (Aaron's team) vs Halls High School,Aaron,Maryville High School (Aaron's team),Incorrect,Joe Nicholas,Halls High School,Incorrect,Missed,0,None given,1,,Aaron said Tchaikovsky and Joe Nicholas said Mozart,
S40 E52,Round of 16,Tossup,33,"The Battle of Cold Harbor in 1864 was part of General Grant's campaign to capture which city, the Confederate capital?",Richmond,U.S. History,Social Studies,Maryville High School (Aaron's team) vs Halls High School,Joe Nicholas,Halls High School,Incorrect,Thomas,Maryville High School (Aaron's team),Correct,Correct,10,Maryville High School (Aaron's team),1,,Joe Nicholas buzzed early and said Vicksburg,
S40 E52,Round of 16,Bonus,33,"Part 1: Who was U.S. president when Beethoven premiered his Ninth Symphony on May 7, 1824? | Part 2: Who was U.S. president when the movie Back to the Future premiered on July 3, 1985?",Part 1: James Monroe | Part 2: Ronald Reagan,U.S. History,Social Studies,Maryville High School (Aaron's team) vs Halls High School,,Maryville High School (Aaron's team),Partial,,,,Partial,10,Maryville High School (Aaron's team),2,,the team's Part 1 answer is garbled in the captions,
S40 E52,Round of 16,Tossup,34,Give the reduced fraction form of 0.7272 repeating.,8/11,Math,Mathematics,Maryville High School (Aaron's team) vs Halls High School,Aaron,Maryville High School (Aaron's team),Incorrect,,,,Missed,0,None given,1,,Aaron said 7/9; nobody answered the steal in time,
S40 E52,Round of 16,Tossup,35,"Of the eight people who hid with Anne Frank in Amsterdam, who was the sole survivor?","Her father, Otto Frank",Literature,Language Arts,Maryville High School (Aaron's team) vs Halls High School,Aaron,Maryville High School (Aaron's team),Correct,,,,Correct,10,Maryville High School (Aaron's team),1,,,
S40 E52,Round of 16,Bonus,35,"Part 1: Who wrote the novel It, which features a clown as the main villain? | Part 2: What was the name of the clown?",Part 1: Stephen King | Part 2: Pennywise,Literature,Language Arts,Maryville High School (Aaron's team) vs Halls High School,,Maryville High School (Aaron's team),Correct,,,,Correct,20,Maryville High School (Aaron's team),2,,,
S40 E52,Round of 16,Tossup,36,What is the term for the parts of a machine that hold or guide moving parts to reduce friction and wear?,Bearings,Science,Science & Technology,Maryville High School (Aaron's team) vs Halls High School,John,Maryville High School (Aaron's team),Incorrect,Benjamin,Halls High School,Correct,Correct,10,Halls High School,1,,"John buzzed early and said ""servo""; the host finished the question for the steal",
S40 E52,Round of 16,Bonus,36,Two angles are complementary. One angle is 24 degrees less than the other angle. Find both angle measures.,57 degrees and 33 degrees,Visual,General & Visual,Maryville High School (Aaron's team) vs Halls High School,,Halls High School,Incorrect,,,,Missed,0,None given,1,,nobody answered in time,
S40 E52,Round of 16,Tossup,37,"With over 12 million people, which is India's most populated city?",Mumbai,Geography,Social Studies,Maryville High School (Aaron's team) vs Halls High School,Matthew,Maryville High School (Aaron's team),Correct,,,,Correct,10,Maryville High School (Aaron's team),1,,"the host first said ""John Nicholas"" and then corrected to Matthew",
S40 E52,Round of 16,Bonus,37,"In August 2023, Russia's Northern Fleet conducted Navy exercises aimed at preventing the passage of unauthorized and foreign ships in what sea, part of the Arctic Ocean, located off the northern coasts of Norway and Russia?",The Barents Sea,Geography,Social Studies,Maryville High School (Aaron's team) vs Halls High School,,Maryville High School (Aaron's team),Incorrect,,,,Missed,0,None given,1,,the team said the Baltic Sea,
S40 E52,Round of 16,Tossup,38,How many dots are there in total on a standard six sided die?,21,Games,General & Visual,Maryville High School (Aaron's team) vs Halls High School,,,No Buzz,,,,Missed,0,None given,1,,nobody answered in time,
S40 E52,Round of 16,Tossup,39,Which amendment to the U.S. Constitution abolished slavery?,The Thirteenth Amendment,Government,Social Studies,Maryville High School (Aaron's team) vs Halls High School,Matthew,Maryville High School (Aaron's team),Correct,,,,Correct,10,Maryville High School (Aaron's team),1,,,
S40 E52,Round of 16,Bonus,39,Part 1: To whom did President Richard Nixon tender his resignation? | Part 2: What did President Gerald Ford grant to Richard Nixon a month after his resignation?,Part 1: Secretary of State Henry Kissinger | Part 2: A full pardon,Government,Social Studies,Maryville High School (Aaron's team) vs Halls High School,,Maryville High School (Aaron's team),Partial,,,,Partial,10,Maryville High School (Aaron's team),2,Yes,"the team said Ford for Part 1 and ""full pardon"" for Part 2; the host's point value for the bonus is garbled in the captions (""is it points""), scored as 10 for Part 2 (captions lines 6106-6119)","Government is your bonus. / To whom did President Richard Nixon tender his resignation? / Yeah. / Answer Ford. / No, it was to Secretary of State Henry Kissinger. / What did President Gerald Ford grant to Richard Nixon a month after his resignation? / It's just the last year Pacific. / It might be. / I could put the notorious with partner. / Pardon. / Yeah. / Full pardon. / Is it points on the bonus toss up now in vocabulary. / What nine letter word beginning with T is a synonym for garrulous?"
S40 E52,Round of 16,Tossup,40,"What nine letter word beginning with T is a synonym for ""garrulous""?",Talkative,Vocabulary,Language Arts,Maryville High School (Aaron's team) vs Halls High School,Joe Nicholas,Halls High School,Incorrect,Thomas,Maryville High School (Aaron's team),Incorrect,Missed,0,None given,1,,"Joe Nicholas said ""tenacious"" and Thomas said ""tantalizing""",
S40 E52,Round of 16,Tossup,41,What is the carbohydrate material in insect exoskeletons?,Chitin,Biology,Science & Technology,Maryville High School (Aaron's team) vs Halls High School,John,Maryville High School (Aaron's team),Correct,,,,Correct,10,Maryville High School (Aaron's team),1,,,
S40 E52,Round of 16,Bonus,41,"Little Diamond, born at the Knoxville Zoo in 1978, was the first of what species to be born in the Western Hemisphere?",The African elephant,Biology,Science & Technology,Maryville High School (Aaron's team) vs Halls High School,,Maryville High School (Aaron's team),Incorrect,,,,Missed,0,None given,1,,the team said red panda,
S40 E52,Round of 16,Tossup,42,A right triangle has a hypotenuse of 17 and a leg of 8. What is the length of the other leg?,15,Geometry,Mathematics,Maryville High School (Aaron's team) vs Halls High School,Aaron,Maryville High School (Aaron's team),Correct,,,,Correct,10,Maryville High School (Aaron's team),1,,,
