S40 E25,Round 1,Tossup,19,What type of mirror can take hundreds of light rays and focus them on a single point?,A concave mirror,Science,Science & Technology,Morristown West High School (Dalton's team) vs Happy Valley High School (Tyler's team),Zeke,Morristown West High School (Dalton's team),Incorrect,,,,Missed,0,None given,1,,Zeke said a prism; no Happy Valley answer captured,
S40 E25,Round 1,Tossup,20,Which online retailer has created more U.S. jobs in the last decade than any other?,Amazon,Economics,Social Studies,Morristown West High School (Dalton's team) vs Happy Valley High School (Tyler's team),,Unknown,Correct,,,,Correct,10,Unknown,1,Yes,buzzer and team not identified in captions; the question wording is garbled; team not identified in captions (captions lines 19689-19692),"That is a concave mirror toss up in economics. / Which online retailer has created more U.S. jobs in the last decade than Amazon. / Yeah, Amazon. / Is it in an economics bonus now to comply with Swiss laws when Toblerone production moves to Slovakia at the end of 2023, their chocolate bar and labels will no longer show the image of which famous Mountain Peak, which is on the border of Switzerland and Italy, the Swiss Alps."
S40 E25,Round 1,Bonus,20,"To comply with Swiss laws when Toblerone production moves to Slovakia at the end of 2023, the chocolate bar's labels will no longer show the image of which famous mountain peak on the border of Switzerland and Italy?",The Matterhorn,Economics,Social Studies,Morristown West High School (Dalton's team) vs Happy Valley High School (Tyler's team),,Unknown,Incorrect,,,,Missed,0,None given,1,Yes,team said the Swiss Alps; team not identified in captions (captions lines 19692-19694),"Is it in an economics bonus now to comply with Swiss laws when Toblerone production moves to Slovakia at the end of 2023, their chocolate bar and labels will no longer show the image of which famous Mountain Peak, which is on the border of Switzerland and Italy, the Swiss Alps. / Well, it is part of the Swiss Alps. / But the peak that they had as the Matterhorn no points their place up in games, which board game features chants and community chest cards."
S40 E25,Round 1,Tossup,21,Which board game features Chance and Community Chest cards?,Monopoly,Games,General & Visual,Morristown West High School (Dalton's team) vs Happy Valley High School (Tyler's team),Tyler,Happy Valley High School (Tyler's team),Correct,,,,Correct,10,Happy Valley High School (Tyler's team),1,,,
S40 E25,Round 1,Bonus,21,How many triple word score spaces are on a Scrabble game board?,Eight,Games,General & Visual,Morristown West High School (Dalton's team) vs Happy Valley High School (Tyler's team),,Happy Valley High School (Tyler's team),Incorrect,,,,Missed,0,None given,1,,team said six,
S40 E25,Round 1,Tossup,22,Who presided over the Constitutional Convention?,George Washington,Government,Social Studies,Morristown West High School (Dalton's team) vs Happy Valley High School (Tyler's team),Zeke,Morristown West High School (Dalton's team),Correct,,,,Correct,10,Morristown West High School (Dalton's team),1,,,
S40 E25,Round 1,Bonus,22,Part 1: How long is a U.S. senator's term? | Part 2: What position does the Vice President hold in the legislative branch?,Part 1: Six years | Part 2: President of the Senate,Government,Social Studies,Morristown West High School (Dalton's team) vs Happy Valley High School (Tyler's team),Dalton,Morristown West High School (Dalton's team),Incorrect,,,,Missed,0,None given,2,,"the team said two years for Part 1 and ""legislator"" for Part 2",
S40 E25,Round 1,Tossup,23,What is the term for a noun that establishes the meaning of a pronoun that follows it in a sentence?,Antecedent,Grammar,Language Arts,Morristown West High School (Dalton's team) vs Happy Valley High School (Tyler's team),,Morristown West High School (Dalton's team),Incorrect,,,,Missed,0,None given,1,,"Morristown West's buzzer is not named (the captions show ""adjective""); no Happy Valley answer captured",
S40 E25,Round 1,Tossup,24,What does cancer do when it metastasizes?,It spreads to other parts of the body,Health,Science & Technology,Morristown West High School (Dalton's team) vs Happy Valley High School (Tyler's team),,Happy Valley High School (Tyler's team),Incorrect,Kelly,Morristown West High School (Dalton's team),Incorrect,Missed,0,None given,1,,"Happy Valley's buzzer and answer are not clear in the captions; Kelly said ""multiplies"" on the steal",
S40 E25,Round 1,Tossup,25,Name the vertex of the parabola y = (x − 2)² − 5.,"(2, −5)",Algebra,Mathematics,Morristown West High School (Dalton's team) vs Happy Valley High School (Tyler's team),,Unknown,Incorrect,,,,Missed,0,None given,1,Yes,"an answer was given and ruled wrong (""No, he missed"") but the buzzer and team are not identified, and no steal is captured; the host gave (2, -5) (captions lines 19762-19764)","Toss it for all players in algebra name the parabola vertex of the equation Y equals the quantity of x minus two squared minus five. / No, he missed at the vertex on that is two and negative five plus up in architecture. / What is the term for an Asian tiered tower with multiple eaves often used as a shrine and is a pagoda concept for everyone in US history who is credited with making the first American flag in 1776."
S40 E25,Round 1,Tossup,26,"What is the term for an Asian tiered tower with multiple eaves, often used as a shrine?",A pagoda,Architecture,Fine Arts,Morristown West High School (Dalton's team) vs Happy Valley High School (Tyler's team),,,No Buzz,,,,Missed,0,None given,1,,"nobody answered; the captions show the host saying ""and is a pagoda""",
S40 E25,Round 1,Tossup,27,Who is credited with making the first American flag in 1776?,Betsy Ross,U.S. History,Social Studies,Morristown West High School (Dalton's team) vs Happy Valley High School (Tyler's team),Mackenzie,Happy Valley High School (Tyler's team),Correct,,,,Correct,10,Happy Valley High School (Tyler's team),1,,,
S40 E25,Round 1,Bonus,27,Who was the Portuguese explorer shown here who was best known for becoming the first European to reach India by sea?,Vasco da Gama,Visual,General & Visual,Morristown West High School (Dalton's team) vs Happy Valley High School (Tyler's team),,Happy Valley High School (Tyler's team),Incorrect,,,,Missed,0,None given,1,,the team gave no answer,
S40 E25,Round 1,Tossup,28,"What is the French word for the morning wake-up call, especially for military soldiers?",Reveille,Foreign Language,Foreign Language,Morristown West High School (Dalton's team) vs Happy Valley High School (Tyler's team),,Morristown West High School (Dalton's team),Incorrect,,,,Missed,0,None given,1,,"Morristown West's buzzer is not named; the player said ""revelry"" and the host explained the extra letter changed the word; no Happy Valley answer captured",
S40 E25,Round 1,Tossup,29,Which scientist wrote A Brief History of Time?,Stephen Hawking,Physics,Science & Technology,Morristown West High School (Dalton's team) vs Happy Valley High School (Tyler's team),,,No Buzz,,,,Missed,0,None given,1,,nobody answered; the host gave the answer,
S40 E25,Round 1,Tossup,30,What color are the hottest stars?,Blue,Astronomy,Science & Technology,Morristown West High School (Dalton's team) vs Happy Valley High School (Tyler's team),,Morristown West High School (Dalton's team),Incorrect,Tyler,Happy Valley High School (Tyler's team),Correct,Correct,10,Happy Valley High School (Tyler's team),1,,Morristown West's buzzer is not named (said red),
S40 E25,Round 1,Bonus,30,"In 2023, astronomers were baffled by a dying two-faced white dwarf star with each side composed of one of what two elements that are listed first on the periodic table?",Hydrogen and helium,Astronomy,Science & Technology,Morristown West High School (Dalton's team) vs Happy Valley High School (Tyler's team),,Happy Valley High School (Tyler's team),Correct,,,,Correct,20,Happy Valley High School (Tyler's team),1,,,
S40 E25,Round 1,Tossup,31,How many strings are on a violin?,Four,Music,Fine Arts,Morristown West High School (Dalton's team) vs Happy Valley High School (Tyler's team),Zeke,Morristown West High School (Dalton's team),Incorrect,Mackenzie,Happy Valley High School (Tyler's team),Incorrect,Missed,0,None given,1,,Zeke said eight; Mackenzie's steal answer is not captured,
S40 E25,Round 1,Tossup,32,"What body of water is located at the lowest known elevation, at nearly 1,300 feet below sea level?",The Dead Sea,Geography,Social Studies,Morristown West High School (Dalton's team) vs Happy Valley High School (Tyler's team),,Morristown West High School (Dalton's team),Incorrect,,,,Missed,0,None given,1,,Morristown West's buzzer is not named (said the Marianas Trench); no Happy Valley answer captured,
S40 E25,Round 1,Tossup,33,"A right or privilege exclusively accorded to individuals is their prerogative. Spell ""prerogative.""",P-R-E-R-O-G-A-T-I-V-E,Spelling,Language Arts,Morristown West High School (Dalton's team) vs Happy Valley High School (Tyler's team),Mackenzie,Happy Valley High School (Tyler's team),Incorrect,Zeke,Morristown West High School (Dalton's team),Incorrect,Missed,0,None given,1,,"the captions show ""A writer privilege""; Mackenzie spelled P-E-R-R-O-G-A-T-I-V-E and Zeke P-E-R-O-G-A-T-I-V-E",
S40 E25,Round 1,Tossup,34,What is the term for an animal such as a lizard replacing its lost tail?,Regeneration,Biology,Science & Technology,Morristown West High School (Dalton's team) vs Happy Valley High School (Tyler's team),Zeke,Morristown West High School (Dalton's team),Incorrect,,,,Missed,0,None given,1,,Zeke said molting; no Happy Valley answer captured,
S40 E25,Round 1,Tossup,35,Solve this equation for x: the cube root of (x − 5) equals 3.,x = 32,Pre-Calculus,Mathematics,Morristown West High School (Dalton's team) vs Happy Valley High School (Tyler's team),,,No Buzz,,,,Missed,0,None given,1,,nobody answered in time; the host gave the answer,
S40 E25,Round 1,Tossup,36,"To the nearest mile, how long is a marathon?",26 miles,Sports,General & Visual,Morristown West High School (Dalton's team) vs Happy Valley High School (Tyler's team),Tyler,Happy Valley High School (Tyler's team),Correct,,,,Correct,10,Happy Valley High School (Tyler's team),1,,,
S40 E25,Round 1,Bonus,36,"In music notation, what is the symbol shown here and what does it indicate?",Fortissimo (ff): extremely loud,Visual,General & Visual,Morristown West High School (Dalton's team) vs Happy Valley High School (Tyler's team),,Happy Valley High School (Tyler's team),Correct,,,,Correct,20,Happy Valley High School (Tyler's team),1,,"the captions are garbled (""decimal direct ... Extreme allowed""); the symbol and answer are inferred; the host said both parts were right",
S40 E25,Round 1,Tossup,37,"Who was nicknamed ""Young Hickory of the Granite Hills"" and was the 14th president of the United States?",Franklin Pierce,U.S. History,Social Studies,Morristown West High School (Dalton's team) vs Happy Valley High School (Tyler's team),Zeke,Morristown West High School (Dalton's team),Incorrect,,,,Missed,0,None given,1,,Zeke said Andrew Jackson; no Happy Valley answer captured,
S40 E25,Round 1,Tossup,38,Merlin serves the same function in the legend of King Arthur as what character in The Lord of the Rings?,Gandalf,Literature,Language Arts,Morristown West High School (Dalton's team) vs Happy Valley High School (Tyler's team),,Unknown,Correct,,,,Correct,10,Unknown,1,Yes,buzzer and team not identified in captions; team not identified in captions (captions lines 19820-19825),"You got to add on that last part toss up. / Now in literature, Merlin serves the same function in the legend of King Arthur as what character in The Lord of the Rings. / I Gandalf What is it? / Gandalf. / a literature bonus. / What city is the setting for George Bernard Shaw's Pygmalion?"
S40 E25,Round 1,Bonus,38,Part 1: What city is the setting for George Bernard Shaw's Pygmalion? | Part 2: What is the name of that story's main female character?,Part 1: London | Part 2: Eliza Doolittle,Literature,Language Arts,Morristown West High School (Dalton's team) vs Happy Valley High School (Tyler's team),,Unknown,Incorrect,,,,Missed,0,None given,2,Yes,the team said Barcelona for Part 1 and Emily for Part 2; team not identified in captions (captions lines 19824-19832),"a literature bonus. / What city is the setting for George Bernard Shaw's Pygmalion? / Barcelona, that is London. / What is the name of that story's main female character, Emily? / Eliza Doolittle. / No points there. / Same story is My Fair Lady. / Plus up in chemistry. / What is the term for solids that form during a chemical reaction?"
S40 E25,Round 1,Tossup,39,What is the term for solids that form during a chemical reaction?,Precipitates,Chemistry,Science & Technology,Morristown West High School (Dalton's team) vs Happy Valley High School (Tyler's team),Mackenzie,Happy Valley High School (Tyler's team),Incorrect,,,,Missed,0,None given,1,,Mackenzie's answer is not clear in the captions; no Morristown answer captured,
S40 E25,Round 1,Tossup,40,What is the collection of prayer beads separated into decades that are used by Catholics?,The rosary,Religion,Religion & Mythology,Morristown West High School (Dalton's team) vs Happy Valley High School (Tyler's team),Mackenzie,Happy Valley High School (Tyler's team),Incorrect,Dalton,Morristown West High School (Dalton's team),Correct,Correct,10,Morristown West High School (Dalton's team),1,,"Mackenzie said ""rosemary""",
S40 E25,Round 1,Bonus,40,"In a tradition dating back hundreds of years, King Charles III was anointed during his coronation with oil from the fruit of trees located on what ridge where Jesus ascended to heaven?",The Mount of Olives,Religion,Religion & Mythology,Morristown West High School (Dalton's team) vs Happy Valley High School (Tyler's team),,Morristown West High School (Dalton's team),Incorrect,,,,Missed,0,None given,1,,the team gave no answer,
S40 E25,Round 1,Tossup,41,What is the term for a picture painted in two panels and hinged like a book?,A diptych,Art,Fine Arts,Morristown West High School (Dalton's team) vs Happy Valley High School (Tyler's team),Tyler,Happy Valley High School (Tyler's team),Incorrect,,,,Missed,0,None given,1,,Tyler's answer is garbled in the captions; no Morristown answer captured,
S40 E25,Round 1,Tossup,42,"Which Mexican general and his army were defeated at San Jacinto on April 21, 1836, giving Texas its independence?",Santa Anna,History,Social Studies,Morristown West High School (Dalton's team) vs Happy Valley High School (Tyler's team),Zeke,Morristown West High School (Dalton's team),Correct,,,,Correct,10,Morristown West High School (Dalton's team),1,,,
S40 E25,Round 1,Bonus,42,Why was New Year's Day celebrated on January 1st for the first time in 45 B.C.?,Because the Julian calendar went into effect,History,Social Studies,Morristown West High School (Dalton's team) vs Happy Valley High School (Tyler's team),,Morristown West High School (Dalton's team),Incorrect,,,,Missed,0,None given,1,,"team said ""a change of calendar"" and then the Gregorian calendar",
S40 E25,Round 1,Tossup,43,"What nine letter word beginning with D means to disrespect, insult or destroy something sacred?",Desecrate,Vocabulary,Language Arts,Morristown West High School (Dalton's team) vs Happy Valley High School (Tyler's team),,Morristown West High School (Dalton's team),Incorrect,,,,Missed,0,None given,1,,"Morristown West's buzzer is not named (said dismember); Tyler blurted desecrate before being called on, so the host could not accept it",
S40 E25,Round 1,Tossup,44,The color pink and the month of October are dedicated to the awareness of what disease?,Breast cancer,Health,Science & Technology,Morristown West High School (Dalton's team) vs Happy Valley High School (Tyler's team),Mackenzie,Happy Valley High School (Tyler's team),Correct,,,,Correct,10,Happy Valley High School (Tyler's team),1,,Zeke interrupted before being called on and was not credited,
S40 E25,Round 1,Bonus,44,Part 1: What have you injured if you've hurt your scapula? | Part 2: What have you injured if you've hurt your patella?,Part 1: Shoulder blade | Part 2: Kneecap,Health,Science & Technology,Morristown West High School (Dalton's team) vs Happy Valley High School (Tyler's team),,Happy Valley High School (Tyler's team),Incorrect,,,,Missed,0,None given,2,,the team said head or skull for Part 1 and hip for Part 2,
S40 E25,Round 1,Tossup,45,What is 5/9 of 63?,35,Math,Mathematics,Morristown West High School (Dalton's team) vs Happy Valley High School (Tyler's team),,,No Buzz,,,,Missed,0,None given,1,,nobody got it in time; the host gave the answer,
S40 E25,Round 1,Tossup,46,"Who wrote the lyrics to ""The Star-Spangled Banner""?",Francis Scott Key,Music,Fine Arts,Morristown West High School (Dalton's team) vs Happy Valley High School (Tyler's team),,Unknown,Correct,,,,Correct,10,Unknown,1,Yes,buzzer and team not identified in captions; team not identified in captions (captions lines 19874-19879),"Toss up in music. / Who wrote the lyrics to The Star-Spangled Banner? / Francis Scott Key. / Yes, that's right. / Ten points. / And music bonus now what major key signature when written for piano has four flats."
S40 E25,Round 1,Bonus,46,"What major key signature, when written for piano, has four flats?",A-flat major,Music,Fine Arts,Morristown West High School (Dalton's team) vs Happy Valley High School (Tyler's team),,Unknown,Incorrect,,,,Missed,0,None given,1,Yes,the team gave no answer; the game ended after this bonus; team not identified in captions (captions lines 19879-19896),"And music bonus now what major key signature when written for piano has four flats. / No answer. / That is A-flat Major. / And let's see if we have time for a geography question. / And no, we don't. / We'll let the the half run out because the points were not necessary. / Well, Morristown West, good game, but looks like Happy Valley has held on to win Morristown. / We do appreciate your being here. / We look forward to seeing your players again next year on scholarship ball. / Thanks so much for your participation each and every year. / Good job. / Meanwhile, Happy Valley, your teams back for the first time in eons, it seems like. / And now you've won and advanced to the threshold of 32. / You will play again on Scholars Bowl. / You can keep track of Happy Valley. / In fact, they've got multiple teams in the tournament and all our teams by never missing an episode. / Set your DVR or you can binge watch past shows and past seasons online by using the PBS app. / My name is Frank Murphy and this is Tennessee Scholars Bowl 2024."
S40 E26,Round 1,Tossup,1,"Which Spanish surrealist painted The Persistence of Memory, in which pocket watches are melting?",Salvador Dalí,Art,Fine Arts,Maryville High School (Abby's team) vs Oak Ridge High School,Ali,Maryville High School (Abby's team),Correct,,,,Correct,10,Maryville High School (Abby's team),1,,,
S40 E26,Round 1,Bonus,1,"Which style of art, known in English as ""modern style,"" flourished between 1890 and 1910?",Art Nouveau,Art,Fine Arts,Maryville High School (Abby's team) vs Oak Ridge High School,,Maryville High School (Abby's team),Incorrect,,,,Missed,0,None given,1,,team said expressionism,
S40 E26,Round 1,Tossup,2,What is the capital of Northern Ireland?,Belfast,Geography,Social Studies,Maryville High School (Abby's team) vs Oak Ridge High School,Avery,Maryville High School (Abby's team),Incorrect,,Oak Ridge High School,Correct,Correct,10,Oak Ridge High School,1,,Avery said Dublin; Oak Ridge's stealer is not named,
S40 E26,Round 1,Bonus,2,Part 1: What city was formerly known as Saigon? | Part 2: What city was formerly known as Bombay?,Part 1: Ho Chi Minh City | Part 2: Mumbai,Geography,Social Studies,Maryville High School (Abby's team) vs Oak Ridge High School,,Oak Ridge High School,Partial,,,,Partial,10,Oak Ridge High School,2,,the team ran out of time on Part 2,
S40 E26,Round 1,Tossup,3,Which Greek letter is the math symbol for summation?,Sigma,Foreign Language,Foreign Language,Maryville High School (Abby's team) vs Oak Ridge High School,Qaswa,Maryville High School (Abby's team),Incorrect,,,,Missed,0,None given,1,,"Qaswa buzzed early and said theta; the host said ""summation"" was the rest of the question; no Oak Ridge answer captured",
S40 E26,Round 1,Tossup,4,Earth's magnetic poles are part of the magnetic field generated by what substance in the Earth's core?,Molten iron,Geology,Science & Technology,Maryville High School (Abby's team) vs Oak Ridge High School,,Maryville High School (Abby's team),Correct,,,,Correct,10,Maryville High School (Abby's team),1,,buzzer not named; Maryville from the geology bonus,
S40 E26,Round 1,Bonus,4,"Part 1: In 2021, scientists reached the bottom of the third deepest ocean trench on earth and found pollution including plastic bags, clothing and even a teddy bear. What is that third deepest trench on earth? | Part 2: Challenger Deep, the deepest point on Earth, is at the southern end of what trench?",Part 1: The Mindanao Trench | Part 2: The Mariana Trench,Geology,Science & Technology,Maryville High School (Abby's team) vs Oak Ridge High School,,Maryville High School (Abby's team),Partial,,,,Partial,10,Maryville High School (Abby's team),2,,the team said the Mariana Trench for Part 1,
S40 E26,Round 1,Tossup,5,What happens to the length of a chord as it is located farther away from the center of a circle?,It decreases (it gets smaller),Geometry,Mathematics,Maryville High School (Abby's team) vs Oak Ridge High School,Ali,Maryville High School (Abby's team),Correct,,,,Correct,10,Maryville High School (Abby's team),1,,,
S40 E26,Round 1,Bonus,5,"What is the sum of the measures, in degrees, of the exterior angles, one per vertex, of any triangle?",360 degrees,Geometry,Mathematics,Maryville High School (Abby's team) vs Oak Ridge High School,,Maryville High School (Abby's team),Correct,,,,Correct,20,Maryville High School (Abby's team),1,,,
S40 E26,Round 1,Tossup,6,A typical bluegrass banjo has how many strings?,Five,Music,Fine Arts,Maryville High School (Abby's team) vs Oak Ridge High School,Ali,Maryville High School (Abby's team),Incorrect,Carter,Oak Ridge High School,Correct,Correct,10,Oak Ridge High School,1,,Ali said six,
S40 E26,Round 1,Bonus,6,Part 1: How many strings are in a double bass? | Part 2: How many strings are on a Russian balalaika?,Part 1: Four | Part 2: Three,Music,Fine Arts,Maryville High School (Abby's team) vs Oak Ridge High School,,Oak Ridge High School,Partial,,,,Partial,10,Oak Ridge High School,2,,the team said six for Part 1,
S40 E26,Round 1,Tossup,7,Who was the first president to live in the White House?,John Adams,U.S. History,Social Studies,Maryville High School (Abby's team) vs Oak Ridge High School,,Oak Ridge High School,Correct,,,,Correct,10,Oak Ridge High School,1,,buzzer not named; Oak Ridge from the visual bonus,
S40 E26,Round 1,Bonus,7,Part 1: The 1868 gallery ticket shown here was for the impeachment trial of which president? | Part 2: The 35 guilty votes fell short of the required two-thirds majority by how many votes?,Part 1: Andrew Johnson | Part 2: One,Visual,General & Visual,Maryville High School (Abby's team) vs Oak Ridge High School,,Oak Ridge High School,Partial,,,,Partial,10,Oak Ridge High School,2,Yes,"the captions show ""answer to just one"" for Part 2, read here as the team saying ""two"" and the host answering ""just one""; if the team actually said one the bonus was 20 (captions lines 19111-19112)","The 1868 gallery ticket shown here was for the impeachment of which President Andrew Johnson. / Andrew Johnson is right for ten, the 35 guilty votes fell short of the required two thirds majority by how many votes answer to just one toss up now in spelling for all players, a percussion instrument that has loose jingles called Zille's attached to a handle and sometimes also has a stretched skin, is a tambourine spelled tambourine."
S40 E26,Round 1,Tossup,8,"A percussion instrument that has loose jingles called zills attached to a handle and sometimes also has a stretched skin is a tambourine. Spell ""tambourine.""",T-A-M-B-O-U-R-I-N-E,Spelling,Language Arts,Maryville High School (Abby's team) vs Oak Ridge High School,Ali,Maryville High School (Abby's team),Correct,,,,Correct,10,Maryville High School (Abby's team),1,,,
S40 E26,Round 1,Bonus,8,"Part 1: Spell the seven letter word beginning with B that means very strange or unusual, especially so as to cause interest or amusement. | Part 2: Spell the six letter word beginning with B for a marketplace consisting of multiple small stalls or shops, especially in the Middle East.",Part 1: B-I-Z-A-R-R-E | Part 2: B-A-Z-A-A-R,Spelling,Language Arts,Maryville High School (Abby's team) vs Oak Ridge High School,,Maryville High School (Abby's team),Partial,,,,Partial,10,Maryville High School (Abby's team),2,,"the team spelled ""bazaar"" with one A (B-A-Z-A-R); the host said it has two A's",
S40 E26,Round 1,Tossup,9,Which element has the symbol Be?,Beryllium,Chemistry,Science & Technology,Maryville High School (Abby's team) vs Oak Ridge High School,Avery,Maryville High School (Abby's team),Correct,,,,Correct,10,Maryville High School (Abby's team),1,,,
S40 E26,Round 1,Bonus,9,"Part 1: Prefixes are used to identify the number of atoms of an element in a compound. How many atoms for the prefix ""penta""? | Part 2: How many atoms for the prefix ""hepta""?",Part 1: Five | Part 2: Seven,Chemistry,Science & Technology,Maryville High School (Abby's team) vs Oak Ridge High School,,Maryville High School (Abby's team),Correct,,,,Correct,20,Maryville High School (Abby's team),2,,,
S40 E26,Round 1,Tossup,10,"Who is the mythological Roman goddess of the hearth, home and family, often represented as the fire of her temple?",Vesta,Mythology,Religion & Mythology,Maryville High School (Abby's team) vs Oak Ridge High School,Abby,Maryville High School (Abby's team),Incorrect,,Oak Ridge High School,Incorrect,Missed,0,None given,1,,"Abby's answer is garbled in the captions (""Helena""); Oak Ridge's stealer is not named and said Artemis",
S40 E26,Round 1,Tossup,11,"Although sometimes thought of as a vegetable, what is the official state fruit of Tennessee?",The tomato,Miscellaneous,General & Visual,Maryville High School (Abby's team) vs Oak Ridge High School,,Maryville High School (Abby's team),Correct,,,,Correct,10,Maryville High School (Abby's team),1,,buzzer not named; Maryville from the bonus,
S40 E26,Round 1,Bonus,11,Part 1: What is the Tennessee state tree? | Part 2: What is the Tennessee state beverage?,Part 1: Tulip poplar | Part 2: Milk,Miscellaneous,General & Visual,Maryville High School (Abby's team) vs Oak Ridge High School,,Maryville High School (Abby's team),Correct,,,,Correct,20,Maryville High School (Abby's team),2,,,
S40 E26,Round 1,Tossup,12,What is the term for the opposing party questioning a witness who has already testified during a trial?,Cross-examination,Government,Social Studies,Maryville High School (Abby's team) vs Oak Ridge High School,Ali,Maryville High School (Abby's team),Correct,,,,Correct,10,Maryville High School (Abby's team),1,,,
S40 E26,Round 1,Bonus,12,A group of citizens or businesses that attempts to influence congressional decisions is referred to as a PAC. What do the initials PAC represent?,Political action committee,Government,Social Studies,Maryville High School (Abby's team) vs Oak Ridge High School,,Maryville High School (Abby's team),Incorrect,,,,Missed,0,None given,1,,"team said ""people at Congress""",
S40 E26,Round 1,Tossup,13,"In the sentence ""The running water makes a pleasant sound,"" what part of speech is the word ""running""?",An adjective,English,Language Arts,Maryville High School (Abby's team) vs Oak Ridge High School,,Unknown,Correct,,,,Correct,10,Unknown,1,Yes,buzzer and team not identified in captions; the buzzer's answer is garbled and the host said it modifies water; team not identified in captions (captions lines 19145-19150),"Back to tossups in English. / In the sentence, the running water makes a pleasant sound. / What part of speech is the word? / Running Part of her notes and still memorable. / Adding adjectives? / Yeah, it's modifying water and English bonus Now, based on analysis of the Oxford English Corpus, named four of the ten most frequently used in written English used to be for and but why?"
S40 E26,Round 1,Bonus,13,"Based on analysis of the Oxford English Corpus, name four of the ten most frequently used words in written English.","Any four of: the, be, to, of, and, a, in, that, have, I",English,Language Arts,Maryville High School (Abby's team) vs Oak Ridge High School,,Unknown,Partial,,,,Partial,5,Unknown,1,Yes,"the team said ""and"" (five points) among its answers; the captions garble the host's list, so the standard Oxford English Corpus list is shown; team not identified in captions (captions lines 19150-19152)","Yeah, it's modifying water and English bonus Now, based on analysis of the Oxford English Corpus, named four of the ten most frequently used in written English used to be for and but why? / I'll give you five points for and the actual order in order from 1 to 10 is the two and in have B of A that I so I think it's five points if I remember correctly, toss up for one in biology. / How many vowels does a human heart contain?"
S40 E26,Round 1,Tossup,14,How many valves does a human heart contain?,Four,Biology,Science & Technology,Maryville High School (Abby's team) vs Oak Ridge High School,Carter,Oak Ridge High School,Correct,,,,Correct,10,Oak Ridge High School,1,,"the captions show ""vowels"" for valves",
S40 E26,Round 1,Bonus,14,"What is the name of the small semi-aquatic mammal seen here that is found in moist, low-elevation areas in parts of North America and is functionally blind, but uses the 22 tendrils around its nostrils to explore its environment?",A star-nosed mole,Visual,General & Visual,Maryville High School (Abby's team) vs Oak Ridge High School,Carter,Oak Ridge High School,Incorrect,,,,Missed,0,None given,1,,the team said muskrat,
S40 E26,Round 1,Tossup,15,"If someone drives 40 miles per hour for 15 minutes, how far have they driven?",10 miles,Math,Mathematics,Maryville High School (Abby's team) vs Oak Ridge High School,Ali,Maryville High School (Abby's team),Correct,,,,Correct,10,Maryville High School (Abby's team),1,,,
S40 E26,Round 1,Bonus,15,"If someone is traveling at 70 miles per hour, how long will it take them to go 175 miles?",2.5 hours,Math,Mathematics,Maryville High School (Abby's team) vs Oak Ridge High School,,Maryville High School (Abby's team),Correct,,,,Correct,20,Maryville High School (Abby's team),1,,,
S40 E26,Round 1,Tossup,16,In which Olympic sport do two athletes slide stones toward a target area segmented on the ice?,Curling,Sports,General & Visual,Maryville High School (Abby's team) vs Oak Ridge High School,,Unknown,Correct,,,,Correct,10,Unknown,1,Yes,buzzer and team not identified in captions; team not identified in captions (captions lines 19167-19170),"Toss up now in sports in which Olympic sport, two athletes slide stones toward a target area segmented curling on the ice. / And curling is right. / Sports is your bonus. / In 2022, the German government agreed to pay further compensation to the families of 11 athletes from which nation who were killed by members of a Palestinian terror group at the 1972 Olympics in Munich, Israel."
S40 E26,Round 1,Bonus,16,"In 2022, the German government agreed to pay further compensation to the families of 11 athletes from which nation who were killed by members of a Palestinian terror group at the 1972 Olympics in Munich?",Israel,Sports,General & Visual,Maryville High School (Abby's team) vs Oak Ridge High School,,Unknown,Correct,,,,Correct,20,Unknown,1,Yes,team not identified in captions (captions lines 19169-19172),"Sports is your bonus. / In 2022, the German government agreed to pay further compensation to the families of 11 athletes from which nation who were killed by members of a Palestinian terror group at the 1972 Olympics in Munich, Israel. / That's right for 20 points toss up in history. / Who succeeded Lennon as leader of the Soviet Union in 1924?"
S40 E26,Round 1,Tossup,17,Who succeeded Lenin as leader of the Soviet Union in 1924?,Joseph Stalin,World History,Social Studies,Maryville High School (Abby's team) vs Oak Ridge High School,Qaswa,Maryville High School (Abby's team),Correct,,,,Correct,10,Maryville High School (Abby's team),1,,,
S40 E26,Round 1,Bonus,17,"In 2022, archaeologists discovered that snacks of olives, fruit and nuts were eaten by gladiators in what amphitheater, the biggest in the Roman Empire?",The Colosseum,World History,Social Studies,Maryville High School (Abby's team) vs Oak Ridge High School,,Maryville High School (Abby's team),Correct,,,,Correct,20,Maryville High School (Abby's team),1,,"the host did not say ""right"" but moved on after joking about trail mix",
S40 E26,Round 1,Tossup,18,What series of books by Jeff Kinney follows Greg Heffley as he records ...?,Diary of a Wimpy Kid,Literature,Language Arts,Maryville High School (Abby's team) vs Oak Ridge High School,,Unknown,Correct,,,,Correct,10,Unknown,1,Yes,cut off by the buzzer; buzzer and team not identified in captions; team not identified in captions (captions lines 19177-19180),"Doesn't it toss up in literature? / What series of books by Jeff Kinney follows Greg Heffley as he records every Diary of a Wimpy Kid. / That's a series of books and a literature bonus. / Now an unpublished screenplay treatment of Moonraker, written by the book's author in 1956, revealed his more serious vision for a James Bond movie, who was the author of all 12 zero seven novels."
S40 E26,Round 1,Bonus,18,"An unpublished screenplay treatment of Moonraker, written by the book's author in 1956, revealed his more serious vision for a James Bond movie. Who was the author of all twelve 007 novels?",Ian Fleming,Literature,Language Arts,Maryville High School (Abby's team) vs Oak Ridge High School,,Unknown,Incorrect,,,,Missed,0,None given,1,Yes,"team said ""John Smith""; team not identified in captions (captions lines 19179-19183)","That's a series of books and a literature bonus. / Now an unpublished screenplay treatment of Moonraker, written by the book's author in 1956, revealed his more serious vision for a James Bond movie, who was the author of all 12 zero seven novels. / John John Smith. / Ian Fleming is the guy's name, turns up now in Health. / What human organ is monitored with an EEG plasma?"
S40 E26,Round 1,Tossup,19,What human organ is monitored with an EEG?,The brain,Health,Science & Technology,Maryville High School (Abby's team) vs Oak Ridge High School,,Unknown,Correct,,,,Correct,10,Unknown,1,Yes,buzzer and team not identified in captions; team not identified in captions (captions lines 19183-19185),"What human organ is monitored with an EEG plasma? / The brain, Yes. / And a health bonus because of the effect of the war in Ukraine on food supplies, Mozambique decided to produce its own grain, including what?"
S40 E26,Round 1,Bonus,19,"Because of the effect of the war in Ukraine on food supplies, Mozambique decided to produce its own grain, including what starchy food that is a staple for over half of the world's human population?",Rice,Health,Science & Technology,Maryville High School (Abby's team) vs Oak Ridge High School,,Unknown,Incorrect,,,,Missed,0,None given,1,Yes,team said potato; team not identified in captions (captions lines 19185-19190),"And a health bonus because of the effect of the war in Ukraine on food supplies, Mozambique decided to produce its own grain, including what? / Starchy food that is a staple for over half of the world's human population. / Potato. / Now, rice is the food thing about Asia. / Toss up in geography. / Hamilton is the capital of which British territory about 650 miles east of Cape Hatteras."
S40 E26,Round 1,Tossup,20,Hamilton is the capital of which British territory about 650 miles east of Cape Hatteras?,Bermuda,Geography,Social Studies,Maryville High School (Abby's team) vs Oak Ridge High School,,Oak Ridge High School,Correct,,,,Correct,10,Oak Ridge High School,1,,buzzer not named; Oak Ridge from the bonus,
S40 E26,Round 1,Bonus,20,"The government of the southern state of Karnataka, in which country, launched a program of free bus transportation for women in 2023?",India,Geography,Social Studies,Maryville High School (Abby's team) vs Oak Ridge High School,,Oak Ridge High School,Incorrect,,,,Missed,0,None given,1,,team said Argentina; the first half ended before the next question (a music tossup) could be completed,
S40 E26,Round 1,Tossup,21,In which musical instrument family is the flugelhorn?,Brass,Music,Fine Arts,Maryville High School (Abby's team) vs Oak Ridge High School,,Oak Ridge High School,Incorrect,Abby,Maryville High School (Abby's team),Correct,Correct,10,Maryville High School (Abby's team),1,,Oak Ridge's buzzer is not named (said woodwind),
S40 E26,Round 1,Bonus,21,"What three-valve brass instrument, pitched in B-flat or C, was derived from the cornet and flugelhorn in the 19th century?",The baritone horn,Music,Fine Arts,Maryville High School (Abby's team) vs Oak Ridge High School,,Maryville High School (Abby's team),Incorrect,,,,Missed,0,None given,1,,team said the French horn,
S40 E26,Round 1,Tossup,22,In what country is there a film industry called Bollywood?,India,Economics,Social Studies,Maryville High School (Abby's team) vs Oak Ridge High School,Tanya,Maryville High School (Abby's team),Correct,,,,Correct,10,Maryville High School (Abby's team),1,,,
S40 E26,Round 1,Bonus,22,What is the most commonly used measure of the general inflation rate in the United States?,The Consumer Price Index (CPI),Economics,Social Studies,Maryville High School (Abby's team) vs Oak Ridge High School,,Maryville High School (Abby's team),Incorrect,,,,Missed,0,None given,1,,team said GDP,
S40 E26,Round 1,Tossup,23,"What word can mean to get well, to get something back and to [text garbled in captions]?",Recover,Vocabulary,Language Arts,Maryville High School (Abby's team) vs Oak Ridge High School,William,Oak Ridge High School,Correct,,,,Correct,10,Oak Ridge High School,1,,"buzzer name read from ""will""",
S40 E26,Round 1,Bonus,23,"What seven letter word that begins with the letter I means illegal, as in drugs or affairs?",Illicit,Vocabulary,Language Arts,Maryville High School (Abby's team) vs Oak Ridge High School,,Oak Ridge High School,Correct,,,,Correct,20,Oak Ridge High School,1,,,
S40 E26,Round 1,Tossup,24,Which planet spins on its side relative to its orbit around the sun?,Uranus,Astronomy,Science & Technology,Maryville High School (Abby's team) vs Oak Ridge High School,Jack,Oak Ridge High School,Incorrect,,Maryville High School (Abby's team),Correct,Correct,10,Maryville High School (Abby's team),1,,Jack said Neptune; Maryville's stealer is not named,
S40 E26,Round 1,Bonus,24,The sun is composed mainly of what two elements?,Hydrogen and helium,Astronomy,Science & Technology,Maryville High School (Abby's team) vs Oak Ridge High School,,Maryville High School (Abby's team),Correct,,,,Correct,20,Maryville High School (Abby's team),1,,,
S40 E26,Round 1,Tossup,25,Solve the equation −4a + 28 = 8a − 40 for the variable a.,a = 17/3,Algebra,Mathematics,Maryville High School (Abby's team) vs Oak Ridge High School,,,No Buzz,,,,Missed,0,None given,1,,"nobody rang in in time; the captions garble the answer (""eight equals 17"")",
S40 E26,Round 1,Tossup,26,Which religion is represented by a six-pointed star?,Judaism,Religion,Religion & Mythology,Maryville High School (Abby's team) vs Oak Ridge High School,,Unknown,Correct,,,,Correct,10,Unknown,1,Yes,buzzer and team not identified in captions; team not identified in captions,
S40 E26,Round 1,Bonus,26,What is the seven-branched candelabrum depicted on the Israeli national emblem?,A menorah,Religion,Religion & Mythology,Maryville High School (Abby's team) vs Oak Ridge High School,,Unknown,Correct,,,,Correct,20,Unknown,1,Yes,"the captions say ""national anthem"" and cut off the point value; treated as 20; team not identified in captions (captions lines 19307-19311)",And a religion bonus. / Now what is the seven branched candelabrum depicted on the Israeli national anthem? / A menorah is right. / points plus up in U.S. history. / Where did the Wright brothers fly their first powered plane?
S40 E26,Round 1,Tossup,27,Where did the Wright brothers fly their first powered plane?,"Kitty Hawk, North Carolina (Kill Devil Hills)",U.S. History,Social Studies,Maryville High School (Abby's team) vs Oak Ridge High School,Abby,Maryville High School (Abby's team),Correct,,,,Correct,10,Maryville High School (Abby's team),1,,,
S40 E26,Round 1,Bonus,27,Who was president of the United States when the Berlin Wall was taken down?,Ronald Reagan (as accepted by the host),U.S. History,Social Studies,Maryville High School (Abby's team) vs Oak Ridge High School,,Maryville High School (Abby's team),Correct,,,,Correct,20,Maryville High School (Abby's team),1,Yes,"the team repeated the question and said Ronald Reagan and the host said ""That's right ... for 20 points"", although the Wall fell in 1989 under George H. W. Bush; the question wording may differ from the captions (captions lines 19313-19321)","Yeah, we also would have taken the in the more specific answer Kill Devil Hills so ten points there and a bonus in U.S. history. / Who was president of the United States when the Berlin Wall was taken down? / Okay. / Over again. / Ronald Reagan. / That's right. / For 20 points. / Toss up now in chemistry. / What is the common name for and ahco3, which is used as a leavening agent."
S40 E26,Round 1,Tossup,28,"What is the common name for NaHCO3, which is used as a leavening agent?",Baking soda,Chemistry,Science & Technology,Maryville High School (Abby's team) vs Oak Ridge High School,Abby,Maryville High School (Abby's team),Correct,,,,Correct,10,Maryville High School (Abby's team),1,,,
S40 E26,Round 1,Bonus,28,"Part 1: What is the element with atomic number 80, as shown here? | Part 2: What is its symbol, which comes from its old name hydrargyrum?",Part 1: Mercury | Part 2: Hg,Visual,General & Visual,Maryville High School (Abby's team) vs Oak Ridge High School,,Maryville High School (Abby's team),Partial,,,,Partial,10,Maryville High School (Abby's team),2,,the team said uranium for Part 1; the captions garble the symbol and the old name,
S40 E26,Round 1,Tossup,29,What would a customer in a Central or South American restaurant get if they ordered jugo?,Juice,Foreign Language,Foreign Language,Maryville High School (Abby's team) vs Oak Ridge High School,Abby,Maryville High School (Abby's team),Incorrect,Jack,Oak Ridge High School,Incorrect,Missed,0,None given,1,,"the captions show ""Hugo""; Abby said beans and Jack said rice",
S40 E26,Round 1,Tossup,30,"What is the term that means reduction or elimination of a country's military forces in an effort to promote peace, save money or reduce tensions?",Disarmament,Government,Social Studies,Maryville High School (Abby's team) vs Oak Ridge High School,,Oak Ridge High School,Incorrect,Ali,Maryville High School (Abby's team),Incorrect,Missed,0,None given,1,,Oak Ridge's buzzer is not named (said demobilization); Ali said demilitarization on the steal,
S40 E26,Round 1,Tossup,31,"In 1947, Congress and President Truman restored the name of what structure on the Colorado River that had been renamed Boulder Dam?",Hoover Dam,Architecture,Fine Arts,Maryville High School (Abby's team) vs Oak Ridge High School,William,Oak Ridge High School,Correct,,,,Correct,10,Oak Ridge High School,1,,,
S40 E26,Round 1,Bonus,31,Part 1: What is the name of James Madison's home in Virginia? | Part 2: In what architectural style was it built?,Part 1: Montpelier | Part 2: Georgian,Architecture,Fine Arts,Maryville High School (Abby's team) vs Oak Ridge High School,,Oak Ridge High School,Incorrect,,,,Missed,0,None given,2,,team said Monticello and then neoclassical,
S40 E26,Round 1,Tossup,32,Which river flows over the Holland Tunnel and the Lincoln Tunnel?,The Hudson River,Geography,Social Studies,Maryville High School (Abby's team) vs Oak Ridge High School,Abby,Maryville High School (Abby's team),Incorrect,Jack,Oak Ridge High School,Incorrect,Missed,0,None given,1,,Abby said the Potomac; Jack said the Mississippi,
S40 E26,Round 1,Tossup,33,"In 1945, who wrote a political fable that produced the catchphrase ""Big Brother is watching you""?",George Orwell,Literature,Language Arts,Maryville High School (Abby's team) vs Oak Ridge High School,William,Oak Ridge High School,Correct,,,,Correct,10,Oak Ridge High School,1,,,
S40 E26,Round 1,Bonus,33,"Part 1: In 2021, a rare third century Roman mosaic was found in a field in England depicting the final battle between Achilles and Hector as described by Homer. Which country did Achilles represent? | Part 2: Which country did Hector represent?",Part 1: Greece | Part 2: Troy,Literature,Language Arts,Maryville High School (Abby's team) vs Oak Ridge High School,,Oak Ridge High School,Correct,,,,Correct,20,Oak Ridge High School,2,,,
S40 E26,Round 1,Tossup,34,What is the name for the lower jawbone?,The mandible,Health,Science & Technology,Maryville High School (Abby's team) vs Oak Ridge High School,Jack,Oak Ridge High School,Correct,,,,Correct,10,Oak Ridge High School,1,,,
S40 E26,Round 1,Bonus,34,Part 1: Which human teeth are the front or cutting teeth? | Part 2: Which human teeth are the back or grinding teeth?,Part 1: Incisors | Part 2: Molars,Health,Science & Technology,Maryville High School (Abby's team) vs Oak Ridge High School,,Oak Ridge High School,Correct,,,,Correct,20,Oak Ridge High School,2,,,
S40 E26,Round 1,Tossup,35,What is the fifth root of 243?,3,Math,Mathematics,Maryville High School (Abby's team) vs Oak Ridge High School,Ali,Maryville High School (Abby's team),Correct,,,,Correct,10,Maryville High School (Abby's team),1,,,
S40 E26,Round 1,Bonus,35,Simplify completely: 3(2x − 4) − 4(3x − 2) + 18.,−6x + 14,Visual,General & Visual,Maryville High School (Abby's team) vs Oak Ridge High School,,Maryville High School (Abby's team),Incorrect,,,,Missed,0,None given,1,,the team said -6x - 4,
S40 E26,Round 1,Tossup,36,"Which chess piece has the ability to move in four directions, but only on the diagonal?",The bishop,Games,General & Visual,Maryville High School (Abby's team) vs Oak Ridge High School,William,Oak Ridge High School,Correct,,,,Correct,10,Oak Ridge High School,1,,,
S40 E26,Round 1,Bonus,36,An early version of what game was created by French mathematician Blaise Pascal in his search for a perpetual motion machine?,Roulette,Games,General & Visual,Maryville High School (Abby's team) vs Oak Ridge High School,,Oak Ridge High School,Incorrect,,,,Missed,0,None given,1,,team said Chutes and Ladders,
S40 E26,Round 1,Tossup,37,"The Great Fire of 1666 destroyed over 13,000 homes in what city?",London,World History,Social Studies,Maryville High School (Abby's team) vs Oak Ridge High School,Abby,Maryville High School (Abby's team),Correct,,,,Correct,10,Maryville High School (Abby's team),1,,the captions put Abby's answer in the middle of the question (she buzzed before the end),
S40 E26,Round 1,Bonus,37,Liz Truss was prime minister of the United Kingdom for only 49 days. Who replaced her as prime minister in October 2022?,Rishi Sunak,World History,Social Studies,Maryville High School (Abby's team) vs Oak Ridge High School,,Maryville High School (Abby's team),Incorrect,,,,Missed,0,None given,1,,"the captions say ""October 2020""; the team said ""John Smith"" after some hesitation",
S40 E26,Round 1,Tossup,38,What is the 15 letter word for the act of unnecessarily postponing decisions or actions?,Procrastination,Vocabulary,Language Arts,Maryville High School (Abby's team) vs Oak Ridge High School,William,Oak Ridge High School,Correct,,,,Correct,10,Oak Ridge High School,1,,,
S40 E26,Round 1,Bonus,38,Part 1: What ten letter word beginning with CH is described as the science of arranging time periods and ascertaining the dates and historical order of past events? | Part 2: Spell that word.,Part 1: Chronology | Part 2: C-H-R-O-N-O-L-O-G-Y,Vocabulary,Language Arts,Maryville High School (Abby's team) vs Oak Ridge High School,,Oak Ridge High School,Incorrect,,,,Missed,0,None given,2,,"the team said ""chronological"" and then spelled the word wrongly",
S40 E26,Round 1,Tossup,39,The proton and neutron are composed of fundamental particles called what?,Quarks,Physics,Science & Technology,Maryville High School (Abby's team) vs Oak Ridge High School,,Maryville High School (Abby's team),Incorrect,Jack,Oak Ridge High School,Correct,Correct,10,Oak Ridge High School,1,,Maryville's buzzer is not named and the answer is garbled in the captions,
S40 E26,Round 1,Bonus,39,Name two of the three methods by which heat is transferred.,"Any two of: conduction, convection, radiation",Physics,Science & Technology,Maryville High School (Abby's team) vs Oak Ridge High School,,Oak Ridge High School,Incorrect,,,,Missed,0,None given,1,,"the team's answer is garbled in the captions; the host said they needed two of conduction, convection or radiation",
S40 E26,Round 1,Tossup,40,Name the early Renaissance Italian artist who created the work The Birth of Venus.,Sandro Botticelli,Art,Fine Arts,Maryville High School (Abby's team) vs Oak Ridge High School,William,Oak Ridge High School,Correct,,,,Correct,10,Oak Ridge High School,1,,,
S40 E26,Round 1,Bonus,40,"At the 2023 Burning Man Festival, a large wooden box was burned to reveal a steel sculpture of what mythical bird in Greek mythology said to be reborn from its ashes?",The phoenix,Art,Fine Arts,Maryville High School (Abby's team) vs Oak Ridge High School,Dakota,Oak Ridge High School,Correct,,,,Correct,20,Oak Ridge High School,1,,,
S40 E26,Round 1,Tossup,41,Lakshmi is one of the principal goddesses in which religion?,Hinduism,Religion,Religion & Mythology,Maryville High School (Abby's team) vs Oak Ridge High School,Tanya,Maryville High School (Abby's team),Correct,,,,Correct,10,Maryville High School (Abby's team),1,,,
S40 E26,Round 1,Bonus,41,"In May 2022, the Taliban ordered women in Afghanistan to wear head-to-toe clothing in public, including covering the face with a panel of woven mesh. What is the name of this garment?",The burqa,Religion,Religion & Mythology,Maryville High School (Abby's team) vs Oak Ridge High School,,Maryville High School (Abby's team),Correct,,,,Correct,20,Maryville High School (Abby's team),1,,"the host said he would also have taken ""chadari""",
S40 E26,Round 1,Tossup,42,"What is the term for the power of the government to take private property, with payment, and convert it to public use?",Eminent domain,Government,Social Studies,Maryville High School (Abby's team) vs Oak Ridge High School,Abby,Maryville High School (Abby's team),Correct,,,,Correct,10,Maryville High School (Abby's team),1,,"William answered ""eminent domain"" before the question finished and before being called on, and the host could not credit it; Abby answered after the question was read",
S40 E26,Round 1,Bonus,42,"Former Alaska governor Sarah Palin blamed her loss in a special congressional election in 2022 on a new system of marking ballots in order of preference. What is this election system, used in Alaska and Maine, called?",Ranked-choice voting,Government,Social Studies,Maryville High School (Abby's team) vs Oak Ridge High School,Ali,Maryville High School (Abby's team),Correct,,,,Correct,20,Maryville High School (Abby's team),1,,Abby deferred to Ali,
S40 E26,Round 1,Tossup,43,What is the Spanish word for bakery?,Panadería,Foreign Language,Foreign Language,Maryville High School (Abby's team) vs Oak Ridge High School,Tanya,Maryville High School (Abby's team),Incorrect,,,,Missed,0,None given,1,,"Tanya's answer is garbled in the captions (""Puerto Rico""); the game ended after this question",
S40 E27,Round 1,Tossup,1,Which amendment to the U.S. Constitution voided a previous amendment?,The 21st Amendment (repealing Prohibition),Government,Social Studies,Maryville High School (Mohammed's team) vs Sevier County High School,Olivia,Maryville High School (Mohammed's team),Correct,,,,Correct,10,Maryville High School (Mohammed's team),1,,,
S40 E27,Round 1,Bonus,1,Part 1: What country took over the rotating presidency of the EU in 2023 (the captions say August)? | Part 2: What country will hold the presidency of the EU in February 2024?,Part 1: Spain | Part 2: Belgium,Government,Social Studies,Maryville High School (Mohammed's team) vs Sevier County High School,,Maryville High School (Mohammed's team),Incorrect,,,,Missed,0,None given,2,,the team said Germany and then France; the host gave both answers,
S40 E27,Round 1,Tossup,2,What Walt Whitman collection of poems represents the celebration of his philosophy of life?,Leaves of Grass,Literature,Language Arts,Maryville High School (Mohammed's team) vs Sevier County High School,,Maryville High School (Mohammed's team),Incorrect,Addison,Sevier County High School,Incorrect,Missed,0,None given,1,,Maryville's buzzer is not named (said Walden Pond); Addison was recognized on the steal but his answer is not captured,
S40 E27,Round 1,Tossup,3,What is the title of the crowdfunded television series created by Dallas Jenkins that focuses on the apostles and their interactions with Jesus?,The Chosen,Religion,Religion & Mythology,Maryville High School (Mohammed's team) vs Sevier County High School,John,Sevier County High School,Correct,,,,Correct,10,Sevier County High School,1,,,
S40 E27,Round 1,Bonus,3,Part 1: What is the last book of the New Testament of the Bible? | Part 2: Who is believed to have written the Book of Revelation?,Part 1: Revelation | Part 2: The Apostle John,Religion,Religion & Mythology,Maryville High School (Mohammed's team) vs Sevier County High School,,Sevier County High School,Correct,,,,Correct,20,Sevier County High School,2,,,
S40 E27,Round 1,Tossup,4,"In humans, what is the group of four large muscles located on the front of the thigh?",The quadriceps,Health,Science & Technology,Maryville High School (Mohammed's team) vs Sevier County High School,,Maryville High School (Mohammed's team),Correct,,,,Correct,10,Maryville High School (Mohammed's team),1,,buzzer not named; Maryville from the bonus (answered by Costin),
S40 E27,Round 1,Bonus,4,What are the two types of photoreceptors found in the retina?,Cones and rods,Health,Science & Technology,Maryville High School (Mohammed's team) vs Sevier County High School,Costin,Maryville High School (Mohammed's team),Correct,,,,Correct,20,Maryville High School (Mohammed's team),1,,,
S40 E27,Round 1,Tossup,5,Solve for y in the equation 3y − 9 = −21.,y = −4,Algebra,Mathematics,Maryville High School (Mohammed's team) vs Sevier County High School,Costin,Maryville High School (Mohammed's team),Incorrect,Sidney,Sevier County High School,Correct,Correct,10,Sevier County High School,1,,Costin's answer was garbled in the captions,
S40 E27,Round 1,Bonus,5,Solve for x if x² = 2x + 3. I need both solutions.,x = −1 and x = 3,Algebra,Mathematics,Maryville High School (Mohammed's team) vs Sevier County High School,,Sevier County High School,Incorrect,,,,Missed,0,None given,1,,the team's answer was garbled and not in the required form,
S40 E27,Round 1,Tossup,6,"According to a grocery delivery and pickup service, what was the most popular Halloween candy for 2023 in 11 states, including Tennessee?",Reese's Peanut Butter Cups,Economics,Social Studies,Maryville High School (Mohammed's team) vs Sevier County High School,Patrick,Maryville High School (Mohammed's team),Incorrect,Addison,Sevier County High School,Incorrect,Missed,0,None given,1,,Patrick said candy corn; Addison said Snickers,
S40 E27,Round 1,Tossup,7,"What is the phrase for ""good day"" in German?",Guten Tag,Foreign Language,Foreign Language,Maryville High School (Mohammed's team) vs Sevier County High School,,Maryville High School (Mohammed's team),Correct,,,,Correct,10,Maryville High School (Mohammed's team),1,,buzzer not named; Maryville from the bonus (Mohammed deferred to Olivia),
S40 E27,Round 1,Bonus,7,"Part 1: What is the phrase for ""I love you"" in Spanish? | Part 2: What is the phrase for ""I love you"" in German?",Part 1: Te amo | Part 2: Ich liebe dich,Foreign Language,Foreign Language,Maryville High School (Mohammed's team) vs Sevier County High School,Olivia,Maryville High School (Mohammed's team),Partial,,,,Partial,10,Maryville High School (Mohammed's team),2,,"Olivia answered Part 1; the captions garble the Part 2 attempt, which was wrong",
S40 E27,Round 1,Tossup,8,What is the term for a painter representing objects on a flat surface as they appear to the eye from a distance?,Linear perspective,Art,Fine Arts,Maryville High School (Mohammed's team) vs Sevier County High School,Costin,Maryville High School (Mohammed's team),Correct,,,,Correct,10,Maryville High School (Mohammed's team),1,,,
S40 E27,Round 1,Bonus,8,"Part 1: Known in English as the Mona Lisa, what is the Italian name for the famous painting shown here? | Part 2: Who ordered the Mona Lisa to be removed from the Louvre in 1800 and hung on the wall of his bedroom until 1804, when he crowned himself Emperor of France?",Part 1: La Gioconda | Part 2: Napoleon Bonaparte,Visual,General & Visual,Maryville High School (Mohammed's team) vs Sevier County High School,,Maryville High School (Mohammed's team),Partial,,,,Partial,10,Maryville High School (Mohammed's team),2,,"the team said ""the Mona Lisa"" for Part 1",
S40 E27,Round 1,Tossup,9,Which planet in our solar system is known for its Great Dark Spot?,Neptune,Astronomy,Science & Technology,Maryville High School (Mohammed's team) vs Sevier County High School,Costin,Maryville High School (Mohammed's team),Incorrect,Addison,Sevier County High School,Incorrect,Missed,0,None given,1,,Costin said Uranus; Addison said Mars,
S40 E27,Round 1,Tossup,10,"The election that triggered secession is remembered as a race between mostly two candidates, Abraham Lincoln and who?",Stephen Douglas,History,Social Studies,Maryville High School (Mohammed's team) vs Sevier County High School,,Unknown,Correct,,,,Correct,10,Unknown,1,Yes,buzzer and team not identified in captions; team not identified in captions (captions lines 18623-18627),"Toss up now in history. / The election that triggered secession is remembered as a race between mostly two candidates Who was Abraham Lincoln and Stephen Douglas? / Yeah, they're going to take that as evidence for Lincoln's opponent. / But Stephen Douglas is the right answer. / You get a bonus now in U.S. history in 2022, President Biden's first White House state dinner welcome."
S40 E27,Round 1,Bonus,10,"Part 1: In 2022, President Biden's first White House state dinner welcomed the president of which country? | Part 2: The very first state dinner ever welcomed the King of Hawaii and was hosted by which president in 1874?",Part 1: France | Part 2: Ulysses S. Grant,History,Social Studies,Maryville High School (Mohammed's team) vs Sevier County High School,,Unknown,Incorrect,,,,Missed,0,None given,2,Yes,"the team said Morocco, then Rutherford B. Hayes and ""Ford""; team not identified in captions (captions lines 18627-18636)","You get a bonus now in U.S. history in 2022, President Biden's first White House state dinner welcome. / The president of which country? / That was America's first ally of Morocco. / From Morocco, you know, France was America's first ally, then the United States very first state dinner ever welcomed the king of Hawaii and was hosted by which president in 1874, 1874, Rutherford B Rutherford B, No. / One before Rutherford. / Answer I'm Ford now. / Ulysses S Grant was 1874. / You're thinking 1974. / Toss up in geography. / What city was previously known as Peking?"
S40 E27,Round 1,Tossup,11,What city was previously known as Peking?,Beijing,Geography,Social Studies,Maryville High School (Mohammed's team) vs Sevier County High School,Patrick,Maryville High School (Mohammed's team),Correct,,,,Correct,10,Maryville High School (Mohammed's team),1,,,
S40 E27,Round 1,Bonus,11,"Illegal gold mining, in which mercury is mixed with river sediment to extract gold, is cited as the cause of illnesses in children along the Beni River in Bolivia. The river rises near which city that is the seat of government in Bolivia?",La Paz,Geography,Social Studies,Maryville High School (Mohammed's team) vs Sevier County High School,,Maryville High School (Mohammed's team),Incorrect,,,,Missed,0,None given,1,,"the team said Sucre (captions: ""So gray"")",
S40 E27,Round 1,Tossup,12,Complete the proverb: People in glass houses shouldn't throw ...,Stones,Vocabulary,Language Arts,Maryville High School (Mohammed's team) vs Sevier County High School,,Maryville High School (Mohammed's team),Correct,,,,Correct,10,Maryville High School (Mohammed's team),1,,buzzer not named (the host reminded the player to wait to be called on); Maryville from the bonus (Mohammed deferred to Costin),
S40 E27,Round 1,Bonus,12,"Part 1: What phrase that includes the word ""hand"" means caught in the act of doing something wrong? | Part 2: What phrase that includes the word ""hand"" describes winning a race easily?",Part 1: Caught red-handed | Part 2: Hands down,Vocabulary,Language Arts,Maryville High School (Mohammed's team) vs Sevier County High School,Costin,Maryville High School (Mohammed's team),Partial,,,,Partial,10,Maryville High School (Mohammed's team),2,,"the team said ""upper hand"" for Part 2",
S40 E27,Round 1,Tossup,13,In what country did Parmesan cheese have its origin?,Italy,Miscellaneous,General & Visual,Maryville High School (Mohammed's team) vs Sevier County High School,Costin,Maryville High School (Mohammed's team),Correct,,,,Correct,10,Maryville High School (Mohammed's team),1,,"buzzer name read from ""Custom""",
S40 E27,Round 1,Bonus,13,What Ohio private liberal arts college's athletic teams are nicknamed the Yeomen and Yeowomen and is known for being the first co-educational college in the U.S.?,Oberlin College,Miscellaneous,General & Visual,Maryville High School (Mohammed's team) vs Sevier County High School,Patrick,Maryville High School (Mohammed's team),Incorrect,,,,Missed,0,None given,1,,"the team said Akron; the captions call it ""Oberlin University""",
S40 E27,Round 1,Tossup,14,18 karat gold contains what percentage of pure gold?,75 percent,Chemistry,Science & Technology,Maryville High School (Mohammed's team) vs Sevier County High School,,Maryville High School (Mohammed's team),Correct,,,,Correct,10,Maryville High School (Mohammed's team),1,,buzzer not named; Maryville from the bonus,
S40 E27,Round 1,Bonus,14,Part 1: What is the chemical name of Epsom salt? | Part 2: What is the chemical formula for magnesium sulfate?,Part 1: Magnesium sulfate | Part 2: MgSO4,Chemistry,Science & Technology,Maryville High School (Mohammed's team) vs Sevier County High School,Costin,Maryville High School (Mohammed's team),Partial,,,,Partial,10,Maryville High School (Mohammed's team),2,,the team said potassium chloride for Part 1,
S40 E27,Round 1,Tossup,15,What type of lines form right angles?,Perpendicular lines,Math,Mathematics,Maryville High School (Mohammed's team) vs Sevier County High School,,Maryville High School (Mohammed's team),Correct,,,,Correct,10,Maryville High School (Mohammed's team),1,,buzzer not named; Maryville from the bonus,
S40 E27,Round 1,Bonus,15,Find the area of a trapezoid with a height of six feet and bases of 13.6 feet and 10.4 feet.,72 square feet,Visual,General & Visual,Maryville High School (Mohammed's team) vs Sevier County High School,,Maryville High School (Mohammed's team),Incorrect,,,,Missed,0,None given,1,,"the team's answer was garbled (about ""69 square inches"")",
S40 E27,Round 1,Tossup,16,What Middle Eastern group has a military wing known as the Izz ad-Din al-Qassam Brigades that has conducted many anti-Israel attacks in both Israel and Palestine since the 1990s?,Hamas,History,Social Studies,Maryville High School (Mohammed's team) vs Sevier County High School,Patrick,Maryville High School (Mohammed's team),Correct,,,,Correct,10,Maryville High School (Mohammed's team),1,,,
S40 E27,Round 1,Bonus,16,"Part 1: In August 1858, which Queen of England | Part 2: and which President of the United States exchanged congratulatory messages via the first trans-Atlantic telegraph cable?",Part 1: Queen Victoria | Part 2: James Buchanan,History,Social Studies,Maryville High School (Mohammed's team) vs Sevier County High School,,Maryville High School (Mohammed's team),Partial,,,,Partial,10,Maryville High School (Mohammed's team),2,,the team said Rutherford B. Hayes for Part 2,
S40 E27,Round 1,Tossup,17,"With a plot similar to a 19th century German short story, what Broadway and movie musical is about a mythical Scottish town that appears for only one day every hundred years?",Brigadoon,Literature,Language Arts,Maryville High School (Mohammed's team) vs Sevier County High School,Olivia,Maryville High School (Mohammed's team),Correct,,,,Correct,10,Maryville High School (Mohammed's team),1,,"buzzer name read from ""Livia""",
S40 E27,Round 1,Bonus,17,"Part 1: Name the city of the gods built by Odin, chief god of the Norse pantheon. | Part 2: Name the great city in ancient Greece that was the site of a celebrated oracle of Apollo.",Part 1: Asgard | Part 2: Delphi,Mythology,Religion & Mythology,Maryville High School (Mohammed's team) vs Sevier County High School,,Maryville High School (Mohammed's team),Correct,,,,Correct,20,Maryville High School (Mohammed's team),2,,,
S40 E27,Round 1,Tossup,18,Which style of architecture often features red tiled roofs and stucco walls?,Spanish Revival,Architecture,Fine Arts,Maryville High School (Mohammed's team) vs Sevier County High School,Costin,Maryville High School (Mohammed's team),Incorrect,John,Sevier County High School,Incorrect,Missed,0,None given,1,,Costin said adobe; John said Roman,
S40 E27,Round 1,Tossup,19,Oceanographers use what term to describe the amount of dissolved salts in ocean water?,Salinity,Biology,Science & Technology,Maryville High School (Mohammed's team) vs Sevier County High School,Olivia,Maryville High School (Mohammed's team),Correct,,,,Correct,10,Maryville High School (Mohammed's team),1,,,
S40 E27,Round 1,Bonus,19,Nearly one fourth of the world's cacti species live in the Chihuahuan Desert. Name two of the three U.S. states that are in the Chihuahuan Desert.,"Any two of: New Mexico, Arizona, Texas",Biology,Science & Technology,Maryville High School (Mohammed's team) vs Sevier County High School,,Maryville High School (Mohammed's team),Correct,,,,Correct,20,Maryville High School (Mohammed's team),1,,the team said New Mexico and Arizona,
S40 E27,Round 1,Tossup,20,"What kind of portable instrument, sometimes called the squeezebox, uses hand-pumped bellows?",Accordion,Music,Fine Arts,Maryville High School (Mohammed's team) vs Sevier County High School,Olivia,Maryville High School (Mohammed's team),Correct,,,,Correct,10,Maryville High School (Mohammed's team),1,,,
S40 E27,Round 1,Bonus,20,What is the main reason that the K-pop group BTS went on hiatus?,Mandatory military service in South Korea,Music,Fine Arts,Maryville High School (Mohammed's team) vs Sevier County High School,,Maryville High School (Mohammed's team),Correct,,,,Correct,20,Maryville High School (Mohammed's team),1,,the captions garble the year and wording; the host moved on after confirming military service (taken as 20 points),
S40 E27,Round 1,Tossup,21,"In 1837, which U.S. state created the first Board of Education after establishing the first free public schools?",Massachusetts,U.S. History,Social Studies,Maryville High School (Mohammed's team) vs Sevier County High School,Costin,Maryville High School (Mohammed's team),Incorrect,Addison,Sevier County High School,Incorrect,Missed,0,None given,1,,"Costin said Ohio (read from ""coast in Ohio""); Addison said a Carolina; the first half ended after this question",
S40 E27,Round 1,Tossup,22,"In The Hobbit, what item has the power to make someone become invisible?",The One Ring,Literature,Language Arts,Maryville High School (Mohammed's team) vs Sevier County High School,,Maryville High School (Mohammed's team),Correct,,,,Correct,10,Maryville High School (Mohammed's team),1,,"the captions show ""In the habit""; buzzer not named; Maryville from the bonus",
S40 E27,Round 1,Bonus,22,Part 1: What literary term is a figure of speech in which something non-human is given human characteristics? | Part 2: What literary term is a statement that reveals a kind of truth although it seems at first to be self-contradictory?,Part 1: Personification | Part 2: Paradox,Literature,Language Arts,Maryville High School (Mohammed's team) vs Sevier County High School,,Maryville High School (Mohammed's team),Correct,,,,Correct,20,Maryville High School (Mohammed's team),2,,,
S40 E27,Round 1,Tossup,23,"A single-player matching game that was introduced in early versions of Microsoft Windows used images of tiles from what popular Chinese game, similar to rummy?",Mahjong,Games,General & Visual,Maryville High School (Mohammed's team) vs Sevier County High School,John,Sevier County High School,Correct,,,,Correct,10,Sevier County High School,1,,,
S40 E27,Round 1,Bonus,23,What is an evasion-type trick-taking card game for four players who try to avoid picking up tricks with hearts or the queen of spades?,Hearts,Games,General & Visual,Maryville High School (Mohammed's team) vs Sevier County High School,,Sevier County High School,Incorrect,,,,Missed,0,None given,1,,"the team said ""old maid""",
S40 E27,Round 1,Tossup,24,"Geologists study [wording garbled in captions]. What do you call someone who studies caves, as when you go spelunking?",Speleologist,Geology,Science & Technology,Maryville High School (Mohammed's team) vs Sevier County High School,Costin,Maryville High School (Mohammed's team),Incorrect,,Sevier County High School,Incorrect,Missed,0,None given,1,Yes,"the question is badly garbled in the captions (""what do you spill? Geologists study constant earthquakes ... strong oil spills, caves when you go spelunking, smelly-ologist or philologist""); the answer ""speleologist"" is inferred; both buzzers' answers were wrong and Sevier's stealer is not named",
S40 E27,Round 1,Tossup,25,"In a right triangle, the legs measure 0.5 inches and 1.2 inches. What is the measure of the hypotenuse?",1.3 inches,Geometry,Mathematics,Maryville High School (Mohammed's team) vs Sevier County High School,John,Sevier County High School,Correct,,,,Correct,10,Sevier County High School,1,,,
S40 E27,Round 1,Bonus,25,"What is the sum of the measures, in degrees, of the exterior angles, one per vertex, of a rectangle?",360 degrees,Geometry,Mathematics,Maryville High School (Mohammed's team) vs Sevier County High School,,Sevier County High School,Correct,,,,Correct,20,Sevier County High School,1,,,
S40 E27,Round 1,Tossup,26,The city of Cincinnati is on what river?,The Ohio River,Geography,Social Studies,Maryville High School (Mohammed's team) vs Sevier County High School,Costin,Maryville High School (Mohammed's team),Incorrect,John,Sevier County High School,Incorrect,Missed,0,None given,1,,Costin said Columbus; John said the Mississippi,
S40 E27,Round 1,Tossup,27,In what city is the Golden Gate Bridge located?,San Francisco,Architecture,Fine Arts,Maryville High School (Mohammed's team) vs Sevier County High School,Olivia,Maryville High School (Mohammed's team),Correct,,,,Correct,10,Maryville High School (Mohammed's team),1,,,
S40 E27,Round 1,Bonus,27,What is the name of this long bridge in the Florida Keys shown here that connects Knight's Key to Little Duck Key and was seen in the movie 2 Fast 2 Furious?,The Seven Mile Bridge,Visual,General & Visual,Maryville High School (Mohammed's team) vs Sevier County High School,,Maryville High School (Mohammed's team),Correct,,,,Correct,20,Maryville High School (Mohammed's team),1,,,
S40 E27,Round 1,Tossup,28,"The Hindu deities Brahma, Vishnu and Lakshmi are commonly depicted as sitting or standing on what flower?",The lotus,Religion,Religion & Mythology,Maryville High School (Mohammed's team) vs Sevier County High School,,Maryville High School (Mohammed's team),Correct,,,,Correct,10,Maryville High School (Mohammed's team),1,,buzzer not named; Maryville from the bonus (answered by Olivia),
S40 E27,Round 1,Bonus,28,"In June 2023, contestants on an episode of Jeopardy! were unable to name what missing word in the following line of the Lord's Prayer: ""Our Father, who art in heaven, ___ be thy name""?",Hallowed,Religion,Religion & Mythology,Maryville High School (Mohammed's team) vs Sevier County High School,Olivia,Maryville High School (Mohammed's team),Correct,,,,Correct,20,Maryville High School (Mohammed's team),1,,,
S40 E27,Round 1,Tossup,29,What term refers to the temperature at which the vapor pressures of the solid and liquid phases of a substance are equal?,Melting point,Science,Science & Technology,Maryville High School (Mohammed's team) vs Sevier County High School,,Maryville High School (Mohammed's team),Incorrect,Sidney,Sevier County High School,Correct,Correct,10,Sevier County High School,1,,"Maryville's buzzer is not named (the captions show ""boiling point"")",
S40 E27,Round 1,Bonus,29,Name four of the ten greatest scientists of all time as chosen by Discover magazine in 2017.,"Any four of: Einstein, Darwin, Newton, Tesla, Rosalind Franklin, Ada Lovelace, Carl Linnaeus, Galileo, Marie Curie, Pythagoras",Science,Science & Technology,Maryville High School (Mohammed's team) vs Sevier County High School,,Sevier County High School,Partial,,,,Partial,15,Sevier County High School,1,,"the team named Newton, Einstein, Darwin and Churchill; three counted (15 points)",
S40 E27,Round 1,Tossup,30,What book is the standard reference for parliamentary procedure?,Robert's Rules of Order,Government,Social Studies,Maryville High School (Mohammed's team) vs Sevier County High School,,Unknown,Correct,,,,Correct,10,Unknown,1,Yes,buzzer and team not identified in captions; team not identified in captions (captions lines 18797-18802),"They're toss up now in government. / What book is the standard reference for parliamentary procedure? / No. / Have a Robert's Rules of Order. / Yes, and a government bonus. / Bosnia and Herzegovina have been recognized by the EU as a candidate country for accession and is on the current agenda for future enlargement of the EU."
S40 E27,Round 1,Bonus,30,Bosnia and Herzegovina has been recognized by the EU as a candidate country for accession and is on the agenda for future enlargement of the EU. Bosnia and Herzegovina was formed following the collapse of which country?,Yugoslavia,Government,Social Studies,Maryville High School (Mohammed's team) vs Sevier County High School,,Unknown,Correct,,,,Correct,20,Unknown,1,Yes,team not identified in captions (captions lines 18801-18807),"Yes, and a government bonus. / Bosnia and Herzegovina have been recognized by the EU as a candidate country for accession and is on the current agenda for future enlargement of the EU. / Bosnia and Herzegovina was formed following the collapse of which country? / Yugoslavia. / Yugoslav. / I think it's Yugoslavia. / Yugoslavia is ranked 20 points tossup now in economics, in American publishing, which genre accounts for the largest amount?"
S40 E27,Round 1,Tossup,31,"In American publishing, which genre accounts for the largest amount?",Romance,Economics,Social Studies,Maryville High School (Mohammed's team) vs Sevier County High School,,Unknown,Correct,,,,Correct,10,Unknown,1,Yes,"buzzer and team not identified in captions; the answer is garbled in the captions (""romantic ... of paperbacks""); team not identified in captions (captions lines 18807-18809)","Yugoslavia is ranked 20 points tossup now in economics, in American publishing, which genre accounts for the largest amount? / My romantic of paperbacks and an economics bonus. / Who are the first two American billionaires?"
S40 E27,Round 1,Bonus,31,Who are the first two American billionaires?,Henry Ford and John D. Rockefeller,Economics,Social Studies,Maryville High School (Mohammed's team) vs Sevier County High School,,Unknown,Correct,,,,Correct,20,Unknown,1,Yes,team not identified in captions (captions lines 18808-18812),My romantic of paperbacks and an economics bonus. / Who are the first two American billionaires? / Ford and Rockefeller. / Ford and Rockefeller. / Ford and Rockefeller as write Henry Ford and John Rockefeller 20 points Tossup in grammar when two singular subjects are connected by the word or nor what type of verb should be used.
S40 E27,Round 1,Tossup,32,"When two singular subjects are connected by the word ""or"" or ""nor,"" what type of verb should be used?",A singular verb,Grammar,Language Arts,Maryville High School (Mohammed's team) vs Sevier County High School,Addison,Sevier County High School,Incorrect,Olivia,Maryville High School (Mohammed's team),Incorrect,Missed,0,None given,1,,"Addison said ""conjunctive""; Olivia said ""transitive""",
S40 E27,Round 1,Tossup,33,"Which sport features sculls, strokes and slides?",Rowing,Sports,General & Visual,Maryville High School (Mohammed's team) vs Sevier County High School,Olivia,Maryville High School (Mohammed's team),Correct,,,,Correct,10,Maryville High School (Mohammed's team),1,,,
S40 E27,Round 1,Bonus,33,"Part 1: Quarterback Y. A. Tittle, shown here, led what Big Apple team to the NFL's championship game in three of the final four seasons of his career? | Part 2: The Giants played in what Bronx baseball stadium from 1956 to 1973?",Part 1: The New York Giants | Part 2: Yankee Stadium,Visual,General & Visual,Maryville High School (Mohammed's team) vs Sevier County High School,,Maryville High School (Mohammed's team),Partial,,,,Partial,10,Maryville High School (Mohammed's team),2,,the team said MetLife Stadium for Part 2,
S40 E27,Round 1,Tossup,34,What is the name of the compound represented by the formula K2CO3?,Potassium carbonate,Chemistry,Science & Technology,Maryville High School (Mohammed's team) vs Sevier County High School,,Unknown,Correct,,,,Correct,10,Unknown,1,Yes,buzzer and team not identified in captions; team not identified in captions (captions lines 18828-18832),"They shared it with the Yankees toss up in chemistry. / What is the name of the compound represented by the formula K2 C O3? / Now, potassium carbonate is right. / Chemistry is your bonus. / Who is credited with the discovery of hydrogen?"
S40 E27,Round 1,Bonus,34,Who is credited with the discovery of hydrogen?,Henry Cavendish,Chemistry,Science & Technology,Maryville High School (Mohammed's team) vs Sevier County High School,,Unknown,Incorrect,,,,Missed,0,None given,1,Yes,team said Lavoisier; team not identified in captions (captions lines 18831-18836),"Chemistry is your bonus. / Who is credited with the discovery of hydrogen? / Oh, about the same answer, Lavoisier. / Now that is Cavendish, who is credited with the discovery of oxygen, as you say, Lavoisier now he named it, but Priestley is credited with discovering it. / Toss up in math. / What is the square root of three raised to the fourth power?"
S40 E27,Round 1,Tossup,35,What is the square root of three raised to the fourth power?,9,Math,Mathematics,Maryville High School (Mohammed's team) vs Sevier County High School,Olivia,Maryville High School (Mohammed's team),Correct,,,,Correct,10,Maryville High School (Mohammed's team),1,,,
S40 E27,Round 1,Bonus,35,Solve for x: (−5 − x) / 3 = 1.,x = −8,Math,Mathematics,Maryville High School (Mohammed's team) vs Sevier County High School,,Maryville High School (Mohammed's team),Correct,,,,Correct,20,Maryville High School (Mohammed's team),1,,,
S40 E27,Round 1,Tossup,36,What was the journey of the Cherokee Indians to lands west of the Mississippi called?,The Trail of Tears,U.S. History,Social Studies,Maryville High School (Mohammed's team) vs Sevier County High School,Olivia,Maryville High School (Mohammed's team),Correct,,,,Correct,10,Maryville High School (Mohammed's team),1,,,
S40 E27,Round 1,Bonus,36,Part 1: Which president signed the act that created the Tennessee Valley Authority in 1933? | Part 2: Which president met Joseph Stalin at the Potsdam Conference in Germany in July 1945?,Part 1: Franklin D. Roosevelt | Part 2: Harry S. Truman,U.S. History,Social Studies,Maryville High School (Mohammed's team) vs Sevier County High School,,Maryville High School (Mohammed's team),Correct,,,,Correct,20,Maryville High School (Mohammed's team),2,,,
S40 E27,Round 1,Tossup,37,How many different tones are involved in Mandarin Chinese?,Four,Foreign Language,Foreign Language,Maryville High School (Mohammed's team) vs Sevier County High School,Sidney,Sevier County High School,Incorrect,,Maryville High School (Mohammed's team),Correct,Correct,10,Maryville High School (Mohammed's team),1,,Sidney said six; Maryville's stealer is not named,
S40 E27,Round 1,Bonus,37,"What is the Latin term that is used in English to mean ""in exactly the same words""?",Verbatim,Foreign Language,Foreign Language,Maryville High School (Mohammed's team) vs Sevier County High School,Anna,Maryville High School (Mohammed's team),Correct,,,,Correct,20,Maryville High School (Mohammed's team),1,,Mohammed deferred to Anna,
S40 E27,Round 1,Tossup,38,What kind of musical note is made up of a blackened circle attached to a vertical stem?,A quarter note,Music,Fine Arts,Maryville High School (Mohammed's team) vs Sevier County High School,Addison,Sevier County High School,Incorrect,Olivia,Maryville High School (Mohammed's team),Correct,Correct,10,Maryville High School (Mohammed's team),1,,"Addison buzzed early and said ""an eighth note""",
S40 E27,Round 1,Bonus,38,Part 1: Who composed the opera Fidelio? | Part 2: Who composed the opera Tristan and Isolde?,Part 1: Ludwig van Beethoven | Part 2: Richard Wagner,Music,Fine Arts,Maryville High School (Mohammed's team) vs Sevier County High School,,Maryville High School (Mohammed's team),Incorrect,,,,Missed,0,None given,2,,the team said Verdi and then Strauss,
S40 E27,Round 1,Tossup,39,What is the name for the relatively rare sleep disorder that causes overwhelming daytime drowsiness?,Narcolepsy,Health,Science & Technology,Maryville High School (Mohammed's team) vs Sevier County High School,,Sevier County High School,Incorrect,Costin,Maryville High School (Mohammed's team),Correct,Correct,10,Maryville High School (Mohammed's team),1,,"Sevier's buzzer is not named (said sleep apnea); Costin's steal name is read from ""constant""",
S40 E27,Round 1,Bonus,39,"Part 1: What is the medical term for an extreme fear of fire? | Part 2: What is the medical term for an intense, sometimes irrational fear of the sun, sunlight or any bright light?",Part 1: Pyrophobia | Part 2: Heliophobia,Health,Science & Technology,Maryville High School (Mohammed's team) vs Sevier County High School,,Maryville High School (Mohammed's team),Correct,,,,Correct,20,Maryville High School (Mohammed's team),2,,,
S40 E27,Round 1,Tossup,40,Google Sheets is compatible with spreadsheet files from what Microsoft program?,Excel,Technology,Science & Technology,Maryville High School (Mohammed's team) vs Sevier County High School,,Unknown,Correct,,,,Correct,10,Unknown,1,Yes,buzzer and team not identified in captions; team not identified in captions (captions lines 18887-18888),"Google Sheets is compatible with spreadsheet files from what Microsoft program cost in Excel. / Yes, and a technology bonus Which Western state became the first to ban tick tock, citing fears that the app's Chinese owned parent company could be providing Americans data to the Chinese government."
S40 E27,Round 1,Bonus,40,"Which Western state became the first to ban TikTok, citing fears that the app's Chinese-owned parent company could be providing Americans' data to the Chinese government?",Montana,Technology,Science & Technology,Maryville High School (Mohammed's team) vs Sevier County High School,,Unknown,Correct,,,,Correct,20,Unknown,1,Yes,team not identified in captions (captions lines 18888-18891),"Yes, and a technology bonus Which Western state became the first to ban tick tock, citing fears that the app's Chinese owned parent company could be providing Americans data to the Chinese government. / Montana I think it's Montana. / Let's say Montana is right for 20 points. / Toss up now in geography, which canal is the most used waterway for shipping?"
S40 E27,Round 1,Tossup,41,Which canal is the most used waterway for shipping?,The Suez Canal,Geography,Social Studies,Maryville High School (Mohammed's team) vs Sevier County High School,Sidney,Sevier County High School,Incorrect,Olivia,Maryville High School (Mohammed's team),Correct,Correct,10,Maryville High School (Mohammed's team),1,,Sidney said Panama,
S40 E27,Round 1,Bonus,41,Name four of the nine TVA dams on the Tennessee River.,"Any four of: Kentucky, Pickwick Landing, Wilson, Wheeler, Guntersville, Nickajack, Chickamauga, Watts Bar, Fort Loudoun",Geography,Social Studies,Maryville High School (Mohammed's team) vs Sevier County High School,,Maryville High School (Mohammed's team),Incorrect,,,,Missed,0,None given,1,,"the team named Tellico, ""Fort Lauderdale,"" Loudon and ""Maryville"" dams; the host said none counted",
S40 E27,Round 1,Tossup,42,John Bunyan wrote what book about a man named Christian and his journey toward heaven?,The Pilgrim's Progress,Literature,Language Arts,Maryville High School (Mohammed's team) vs Sevier County High School,Costin,Maryville High School (Mohammed's team),Incorrect,Addison,Sevier County High School,Incorrect,Missed,0,None given,1,,"Costin said Paradise Lost (name read from ""Huston""); Addison said ""Journey to Heaven"" (name read from ""Harrison"")",
S40 E27,Round 1,Tossup,43,"What is the term for artwork that is applied directly to a wall or ceiling, using techniques including painting, fresco, mosaic and graffiti?",A mural,Art,Fine Arts,Maryville High School (Mohammed's team) vs Sevier County High School,Costin,Maryville High School (Mohammed's team),Incorrect,Sidney,Sevier County High School,Correct,Correct,10,Sevier County High School,1,,Costin buzzed early and said fresco,
S40 E27,Round 1,Bonus,43,What Dutch pioneer of 20th century abstract art is best known for using simple geometric elements like squares and rectangles and the three primary colors?,Piet Mondrian,Art,Fine Arts,Maryville High School (Mohammed's team) vs Sevier County High School,Sidney,Sevier County High School,Incorrect,,,,Missed,0,None given,1,,Sidney said Salvador Dalí,
S40 E27,Round 1,Tossup,44,What is the term for the process by which rainbows are formed?,Refraction,Physics,Science & Technology,Maryville High School (Mohammed's team) vs Sevier County High School,,Unknown,Incorrect,,,,Missed,0,None given,1,Yes,"buzzer not identified; the player said diffraction and the time ran out, ending the game; team not identified in captions (captions lines 18915-18930)","What is the term for the process by which rainbows are formed? / Is light from the sun or have diffraction that's against diffraction? / No, that's not it. / but the time has run out anyway. / It's refraction, not diffraction. / So we can't use it as the game ends. / But it wouldn't have mattered because Maryville did hang on to the lead run at the score a little bit more Seviere county at least you broke the century mark, So we appreciate you doing that. / And lot of underclassmen here, right? / So we'll see many of you again next year on Scholars Bowl. / We always appreciate the support from the Smokey Bears And meanwhile, Maryville, congratulations. / You're going to advance now to the threshold of 32. / We'll see you again. / You'll see all of our players again when you watch every single episode of Scholar's Bowl. / Don't miss any of them. / Check your listings, set your DVR or binge watch past seasons online using the PBS app. / My name is Frank Murphy and this is Tennessee Scholars Bowl 2024."
S40 E28,Round 1,Tossup,1,What U.S. inventor was the first to patent the incandescent electric lamp?,Thomas Edison,Science,Science & Technology,Scott County High School (Brylan's team) vs Oneida High School,Brylan,Scott County High School (Brylan's team),Correct,,,,Correct,10,Scott County High School (Brylan's team),1,,,
S40 E28,Round 1,Bonus,1,"Part 1: What branch of medicine is concerned with the uses, effects and modes of action of drugs? | Part 2: Which branch of physics is concerned with the properties of sound?",Part 1: Pharmacology | Part 2: Acoustics,Science,Science & Technology,Scott County High School (Brylan's team) vs Oneida High School,Connor,Scott County High School (Brylan's team),Incorrect,,,,Missed,0,None given,2,,"captions: ""And isn't it cleaner?"" (Brylan deferring to Connor); the team said ""pharmaceutical science"" and ""frequency""",
S40 E28,Round 1,Tossup,2,Which former UT football player who wore number 92 is the only NFL player to have his number officially retired by two different NFL franchises?,Reggie White,Sports,General & Visual,Scott County High School (Brylan's team) vs Oneida High School,Brylan,Scott County High School (Brylan's team),Correct,,,,Correct,10,Scott County High School (Brylan's team),1,,"the buzzer's answer is not in the captions (the host only joked ""No asterisk like Peyton's got""); the name is supplied from the question",
S40 E28,Round 1,Bonus,2,Part 1: What is the team name for the athletic program at the University of Washington? | Part 2: What is the team name for the athletic program at the University of Miami?,Part 1: Huskies | Part 2: Hurricanes,Sports,General & Visual,Scott County High School (Brylan's team) vs Oneida High School,,Scott County High School (Brylan's team),Correct,,,,Correct,20,Scott County High School (Brylan's team),2,,,
S40 E28,Round 1,Tossup,3,What is the commonly used Latin phrase that means solid ground?,Terra firma,Foreign Language,Foreign Language,Scott County High School (Brylan's team) vs Oneida High School,Connor,Scott County High School (Brylan's team),Correct,,,,Correct,10,Scott County High School (Brylan's team),1,,,
S40 E28,Round 1,Bonus,3,"What is the French phrase for complete freedom to do something that literally translates to ""blank document""?",Carte blanche,Foreign Language,Foreign Language,Scott County High School (Brylan's team) vs Oneida High School,,Scott County High School (Brylan's team),Incorrect,,,,Missed,0,None given,1,,"team said ""à la carte""; the host said they were on the right track",
S40 E28,Round 1,Tossup,4,The area of an isosceles right triangle is 98 square feet. What is the length of one leg?,14 feet,Geometry,Mathematics,Scott County High School (Brylan's team) vs Oneida High School,,,No Buzz,,,,Missed,0,None given,1,,nobody got it in time; the host gave the answer,
S40 E28,Round 1,Tossup,5,"Which famous American said, ""Tranquility Base here, the Eagle has landed""?",Neil Armstrong,U.S. History,Social Studies,Scott County High School (Brylan's team) vs Oneida High School,,Scott County High School (Brylan's team),Incorrect,,,,Missed,0,None given,1,,Scott's buzzer is not named (said Franklin); the steal went unanswered and the host gave the answer,
S40 E28,Round 1,Tossup,6,What force acts on an object perpendicular to the surface?,The normal force,Physics,Science & Technology,Scott County High School (Brylan's team) vs Oneida High School,Connor,Scott County High School (Brylan's team),Incorrect,Tina,Oneida High School,Incorrect,Missed,0,None given,1,,Connor said friction; Tina said gravity,
S40 E28,Round 1,Tossup,7,"What is the nickname for the great bell of the Great Clock of Westminster at the north end of the Palace of Westminster in London, England?",Big Ben,Architecture,Fine Arts,Scott County High School (Brylan's team) vs Oneida High School,Michaelan,Oneida High School,Correct,,,,Correct,10,Oneida High School,1,,,
S40 E28,Round 1,Bonus,7,"What New York City skyscraper, previously called Freedom Tower, is the tallest building in the United States?",One World Trade Center,Architecture,Fine Arts,Scott County High School (Brylan's team) vs Oneida High School,,Oneida High School,Incorrect,,,,Missed,0,None given,1,,team said the Empire State Building,
S40 E28,Round 1,Tossup,8,"What legendary monster is depicted as the large, hideous man-like being that lives under a bridge in the children's story The Three Billy Goats Gruff?",A troll,Mythology,Religion & Mythology,Scott County High School (Brylan's team) vs Oneida High School,Connor,Scott County High School (Brylan's team),Correct,,,,Correct,10,Scott County High School (Brylan's team),1,,,
S40 E28,Round 1,Bonus,8,Who was the mythological king who cheated death twice and was sentenced by Hades to perform the futile task illustrated here?,Sisyphus,Visual,General & Visual,Scott County High School (Brylan's team) vs Oneida High School,,Scott County High School (Brylan's team),Correct,,,,Correct,20,Scott County High School (Brylan's team),1,,"the captions garble the team's answer (""A Disney Corner office""), which the host accepted for 20 points",
S40 E28,Round 1,Tossup,9,What is the term for a tax on imported goods?,A tariff,Economics,Social Studies,Scott County High School (Brylan's team) vs Oneida High School,Cameron,Scott County High School (Brylan's team),Correct,,,,Correct,10,Scott County High School (Brylan's team),1,,,
S40 E28,Round 1,Bonus,9,India's highest value banknotes were withdrawn from circulation in 2023. What is the name of India's currency?,The rupee,Economics,Social Studies,Scott County High School (Brylan's team) vs Oneida High School,,Scott County High School (Brylan's team),Incorrect,,,,Missed,0,None given,1,,"team said ""ruby""",
S40 E28,Round 1,Tossup,10,"In what U.S. city is the Space Needle, built for the 1962 World's Fair, located?",Seattle,Geography,Social Studies,Scott County High School (Brylan's team) vs Oneida High School,Brylan,Scott County High School (Brylan's team),Correct,,,,Correct,10,Scott County High School (Brylan's team),1,,,
S40 E28,Round 1,Bonus,10,Part 1: In which state is Fort Belvoir located? | Part 2: In which state is Fort Knox located?,Part 1: Virginia | Part 2: Kentucky,Geography,Social Studies,Scott County High School (Brylan's team) vs Oneida High School,,Scott County High School (Brylan's team),Incorrect,,,,Missed,0,None given,2,,team said South Carolina for Part 1; its Part 2 answer is not captured,
S40 E28,Round 1,Tossup,11,What feature of the face might have a deviated septum?,The nose,Health,Science & Technology,Scott County High School (Brylan's team) vs Oneida High School,,Scott County High School (Brylan's team),Correct,,,,Correct,10,Scott County High School (Brylan's team),1,,buzzer not named; Scott from the bonus (Brylan deferred to Connor),
S40 E28,Round 1,Bonus,11,Part 1: What are the fibrous connective tissues that attach muscle to bone? | Part 2: What are the fibrous connective tissues that attach bone to bone?,Part 1: Tendons | Part 2: Ligaments,Health,Science & Technology,Scott County High School (Brylan's team) vs Oneida High School,Connor,Scott County High School (Brylan's team),Partial,,,,Partial,10,Scott County High School (Brylan's team),2,,"the team said ""sinew"" for Part 1",
S40 E28,Round 1,Tossup,12,"In the famous photograph of the flag raising at Iwo Jima, how many men are shown participating?",Six,Art,Fine Arts,Scott County High School (Brylan's team) vs Oneida High School,,Oneida High School,Incorrect,Cameron,Scott County High School (Brylan's team),Correct,Correct,10,Scott County High School (Brylan's team),1,,Oneida's buzzer is not named and the player answered before being called on (warning); Cameron stole with six,
S40 E28,Round 1,Bonus,12,Part 1: Who painted The Scream? | Part 2: The Scream is displayed in the National Museum in what city?,"Part 1: Edvard Munch | Part 2: Oslo, Norway",Art,Fine Arts,Scott County High School (Brylan's team) vs Oneida High School,,Scott County High School (Brylan's team),Partial,,,,Partial,10,Scott County High School (Brylan's team),2,,the team said Philadelphia for Part 2,
S40 E28,Round 1,Tossup,13,"What is the sudden movement of ice, snow and other debris down a mountainside?",An avalanche,Vocabulary,Language Arts,Scott County High School (Brylan's team) vs Oneida High School,Joslin,Scott County High School (Brylan's team),Correct,,,,Correct,10,Scott County High School (Brylan's team),1,,,
S40 E28,Round 1,Bonus,13,What five letter word beginning with A means a proverb or short statement expressing a general truth?,Adage,Vocabulary,Language Arts,Scott County High School (Brylan's team) vs Oneida High School,,Scott County High School (Brylan's team),Incorrect,,,,Missed,0,None given,1,,the team gave no answer,
S40 E28,Round 1,Tossup,14,"Solve for x: if x² = 121/169, give both solutions.",x = 11/13 and x = −11/13,Algebra,Mathematics,Scott County High School (Brylan's team) vs Oneida High School,,,No Buzz,,,,Missed,0,None given,1,,nobody rang in before the buzzer; the host gave the answer,
S40 E28,Round 1,Tossup,15,What color is most frequently used on national flags?,Red,Geography,Social Studies,Scott County High School (Brylan's team) vs Oneida High School,,Scott County High School (Brylan's team),Correct,,,,Correct,10,Scott County High School (Brylan's team),1,,"buzzer not named; the captions garble the question (""bright red national flags""); Scott from the bonus (answered by Brylan)",
S40 E28,Round 1,Bonus,15,"When the Olympic flag shown here was first displayed in 1914, what was the significance of the colors of the five rings and the white background?",They were the colors found on the national flags of all nations at the time,Visual,General & Visual,Scott County High School (Brylan's team) vs Oneida High School,Brylan,Scott County High School (Brylan's team),Incorrect,,,,Missed,0,None given,1,,"the team's answer is garbled (""the sports""); the host explained the real answer",
S40 E28,Round 1,Tossup,16,Google Docs is compatible with document files from what Microsoft program?,Word,Technology,Science & Technology,Scott County High School (Brylan's team) vs Oneida High School,Cameron,Scott County High School (Brylan's team),Correct,,,,Correct,10,Scott County High School (Brylan's team),1,,,
S40 E28,Round 1,Bonus,16,"Part 1: Who won the 1952 presidential election, which was the first time a computer predicted the outcome? | Part 2: What was the name of the computer that correctly predicted that outcome?",Part 1: Dwight D. Eisenhower | Part 2: UNIVAC,Technology,Science & Technology,Scott County High School (Brylan's team) vs Oneida High School,,Scott County High School (Brylan's team),Partial,,,,Partial,10,Scott County High School (Brylan's team),2,Yes,"the captions are ambiguous: for Part 1 they show ""Truman and Sir Truman Eisenhower"" with no clear ruling; Part 2 had no answer; treated as ten points (captions lines 18222-18227)","And technology is your bonus. / Who won the 1952 presidential election, which was the first time a computer predicted the outcome next time after Truman and Sir Truman Eisenhower. / What was the name of the computer that correctly predicted that outcome? / No answer. / That is the UNIVAC UNIVAC toss now in music. / Which of the Beatles wrote the song Here Comes the Sun?"
S40 E28,Round 1,Tossup,17,"Which of the Beatles wrote the song ""Here Comes the Sun""?",George Harrison,Music,Fine Arts,Scott County High School (Brylan's team) vs Oneida High School,Brylan,Scott County High School (Brylan's team),Incorrect,Michaelan,Oneida High School,Incorrect,Missed,0,None given,1,,"Brylan said Paul McCartney; the steal name is read from ""McCallum"" (Michaelan) and the answer was John Lennon",
S40 E28,Round 1,Tossup,18,At what time did Poe's Raven gently rap on the chamber door?,Midnight,Literature,Language Arts,Scott County High School (Brylan's team) vs Oneida High School,Brylan,Scott County High School (Brylan's team),Correct,,,,Correct,10,Scott County High School (Brylan's team),1,,,
S40 E28,Round 1,Bonus,18,"Who are the two close friends who each wrote about fantasy worlds, one creating Middle-earth and the other Narnia?",J.R.R. Tolkien and C.S. Lewis,Literature,Language Arts,Scott County High School (Brylan's team) vs Oneida High School,Connor,Scott County High School (Brylan's team),Correct,,,,Correct,20,Scott County High School (Brylan's team),1,,Brylan deferred to Connor,
S40 E28,Round 1,Tossup,19,"In the fourth millennium BCE, the invention of what device marked the beginning of agricultural civilization?",The plow,Miscellaneous,General & Visual,Scott County High School (Brylan's team) vs Oneida High School,Joslin,Scott County High School (Brylan's team),Correct,,,,Correct,10,Scott County High School (Brylan's team),1,,,
S40 E28,Round 1,Bonus,19,"According to the Economist's annual index, what city in Austria is the world's most livable for 2023, based on health care, education, culture and infrastructure?",Vienna,Miscellaneous,General & Visual,Scott County High School (Brylan's team) vs Oneida High School,,Scott County High School (Brylan's team),Incorrect,,,,Missed,0,None given,1,,the team's answer is not captured; the host gave Vienna and no points,
S40 E28,Round 1,Tossup,20,Who was the woman whose refusal to give up her seat on a Montgomery city bus ... [cut off by the buzzer]?,Rosa Parks,U.S. History,Social Studies,Scott County High School (Brylan's team) vs Oneida High School,Tina,Oneida High School,Correct,,,,Correct,10,Oneida High School,1,,,
S40 E28,Round 1,Bonus,20,"When Douglas Dam was under construction in 1941, downtown Dandridge was scheduled to be flooded. Instead, a levee was built because of the intervention of citizens and civic leaders and which First Lady?",Eleanor Roosevelt,U.S. History,Social Studies,Scott County High School (Brylan's team) vs Oneida High School,,Oneida High School,Correct,,,,Correct,20,Oneida High School,1,,,
S40 E28,Round 1,Tossup,21,What type of ecosystem is characterized by poorly drained mineral soils and waterlogged ground?,A marsh (a swamp was also accepted),Biology,Science & Technology,Scott County High School (Brylan's team) vs Oneida High School,Joslin,Scott County High School (Brylan's team),Correct,,,,Correct,10,Scott County High School (Brylan's team),1,,,
S40 E28,Round 1,Bonus,21,"Part 1: Of the world's five oceans, which is the largest? | Part 2: Geologically, which is the youngest ocean?",Part 1: The Pacific | Part 2: The Atlantic,Biology,Science & Technology,Scott County High School (Brylan's team) vs Oneida High School,,Scott County High School (Brylan's team),Partial,,,,Partial,10,Scott County High School (Brylan's team),2,,the team said the Arctic for Part 2,
S40 E28,Round 1,Tossup,22,Who is the king of the gods in Hinduism?,Indra,Religion,Religion & Mythology,Scott County High School (Brylan's team) vs Oneida High School,Tina,Oneida High School,Incorrect,,,,Missed,0,None given,1,,Tina said Buddha; no Scott answer captured; the first half ended after this question,
S40 E28,Round 1,Tossup,23,"A buffet is a food spread. Spell ""buffet.""",B-U-F-F-E-T,Spelling,Language Arts,Scott County High School (Brylan's team) vs Oneida High School,Brylan,Scott County High School (Brylan's team),Correct,,,,Correct,10,Scott County High School (Brylan's team),1,,,
S40 E28,Round 1,Bonus,23,"Broccoli is a green vegetable and a good source of calcium. Spell ""broccoli.""",B-R-O-C-C-O-L-I,Spelling,Language Arts,Scott County High School (Brylan's team) vs Oneida High School,,Scott County High School (Brylan's team),Correct,,,,Correct,20,Scott County High School (Brylan's team),1,,,
S40 E28,Round 1,Tossup,24,What is the perimeter of a square with an area of 169?,52,Geometry,Mathematics,Scott County High School (Brylan's team) vs Oneida High School,,Scott County High School (Brylan's team),Incorrect,,,,Missed,0,None given,1,,Scott's buzzer is not named (said 13); the host reminded Oneida it could steal and no answer was captured,
S40 E28,Round 1,Tossup,25,What is the term for a court order that forbids or halts a certain action?,An injunction,Government,Social Studies,Scott County High School (Brylan's team) vs Oneida High School,Tina,Oneida High School,Incorrect,,,,Missed,0,None given,1,,"Tina said ""restraint""; no Scott answer captured",
S40 E28,Round 1,Tossup,26,"Using a single block of marble that two other sculptors had started to use but rejected, who was hired in 1501 to complete a statue?",Michelangelo (David),Art,Fine Arts,Scott County High School (Brylan's team) vs Oneida High School,Joslin,Scott County High School (Brylan's team),Correct,,,,Correct,10,Scott County High School (Brylan's team),1,,,
S40 E28,Round 1,Bonus,26,"The reign of which leader, from 336 B.C. to 323 B.C., is taken as the separation of the classical from the Hellenistic periods of ancient Greek art?",Alexander the Great,Art,Fine Arts,Scott County High School (Brylan's team) vs Oneida High School,,Scott County High School (Brylan's team),Correct,,,,Correct,20,Scott County High School (Brylan's team),1,,,
S40 E28,Round 1,Tossup,27,Which element gets its symbol from its Latin name?,"Lead (Pb, from plumbum)",Chemistry,Science & Technology,Scott County High School (Brylan's team) vs Oneida High School,Joslin,Scott County High School (Brylan's team),Correct,,,,Correct,10,Scott County High School (Brylan's team),1,,the host accepted lead; the captions show only this question wording,
S40 E28,Round 1,Bonus,27,"Part 1: What is the chemical symbol for tin, a silvery colored metal that is soft enough to cut with little effort? | Part 2: What is its atomic number?",Part 1: Sn | Part 2: 50,Visual,General & Visual,Scott County High School (Brylan's team) vs Oneida High School,,Scott County High School (Brylan's team),Partial,,,,Partial,10,Scott County High School (Brylan's team),2,,the team said 36 for Part 2,
S40 E28,Round 1,Tossup,28,"Translate the Spanish question ""¿Quién sabe?"" into English.",Who knows?,Foreign Language,Foreign Language,Scott County High School (Brylan's team) vs Oneida High School,Philip,Oneida High School,Incorrect,Brylan,Scott County High School (Brylan's team),Incorrect,Missed,0,None given,1,,"Philip said ""How are you doing?"" and Brylan said ""What's up?""",
S40 E28,Round 1,Tossup,29,"Which fault line runs along the borders of West Tennessee, Arkansas and Missouri?",The New Madrid fault,Geology,Science & Technology,Scott County High School (Brylan's team) vs Oneida High School,,,No Buzz,,,,Missed,0,None given,1,,nobody answered; the host gave the answer,
S40 E28,Round 1,Tossup,30,Who invented the modern steam engine in 1775?,James Watt,Economics,Social Studies,Scott County High School (Brylan's team) vs Oneida High School,,Unknown,Correct,,,,Correct,10,Unknown,1,Yes,buzzer and team not identified in captions; team not identified in captions (captions lines 18315-18318),"Who invented the modern steam engine in 1775? / What? / Yes, and an economics bonus. / James, what is the guy what is a 12 letter term?"
S40 E28,Round 1,Bonus,30,What 12 letter term means the action of gradually writing off the initial cost of an asset or paying off a debt over time?,Amortization,Economics,Social Studies,Scott County High School (Brylan's team) vs Oneida High School,,Unknown,Incorrect,,,,Missed,0,None given,1,Yes,"team said ""financing""; team not identified in captions (captions lines 18317-18322)","Yes, and an economics bonus. / James, what is the guy what is a 12 letter term? / That means the action of gradually writing off the initial cost of an asset or paying off a debt over time. / Finance financing. / The equivalent or term I'm looking for is Amortization toss up in health. / What is the object placed in a blood vessel to open a closed blood vessel to keep it open afterwards?"
S40 E28,Round 1,Tossup,31,What is the object placed in a blood vessel to open a closed blood vessel and keep it open afterwards?,A stent,Health,Science & Technology,Scott County High School (Brylan's team) vs Oneida High School,Joslin,Scott County High School (Brylan's team),Correct,,,,Correct,10,Scott County High School (Brylan's team),1,,,
S40 E28,Round 1,Bonus,31,Part 1: What blood vessel carries blood from the heart? | Part 2: What blood vessel supplies blood to the thigh and leg?,Part 1: The aorta | Part 2: The femoral artery,Health,Science & Technology,Scott County High School (Brylan's team) vs Oneida High School,,Scott County High School (Brylan's team),Partial,,,,Partial,10,Scott County High School (Brylan's team),2,,"Part 1 was answered by Brylan (""Aruba"" in the captions, ruled the aorta); Connor said vena cava for Part 2",
S40 E28,Round 1,Tossup,32,Which letter of the alphabet is not used to spell any of the names of the 50 United States?,Q,Miscellaneous,General & Visual,Scott County High School (Brylan's team) vs Oneida High School,,Scott County High School (Brylan's team),Incorrect,Tina,Oneida High School,Correct,Correct,10,Oneida High School,1,,Scott's buzzer and answer are not captured,
S40 E28,Round 1,Bonus,32,Part 1: What is the geometric shape of the traffic signs for yield? | Part 2: What is the geometric shape of the traffic signs for stop?,Part 1: Triangle | Part 2: Octagon,Miscellaneous,General & Visual,Scott County High School (Brylan's team) vs Oneida High School,,Oneida High School,Correct,,,,Correct,20,Oneida High School,2,,,
S40 E28,Round 1,Tossup,33,Which Knoxville-born author won a posthumous Pulitzer Prize in 1958 for his novel A Death in the Family?,James Agee,Literature,Language Arts,Scott County High School (Brylan's team) vs Oneida High School,Joslin,Scott County High School (Brylan's team),Incorrect,,,,Missed,0,None given,1,,Joslin said Alan Gratz; no Oneida answer captured,
S40 E28,Round 1,Tossup,34,What is 15% of 120?,18,Math,Mathematics,Scott County High School (Brylan's team) vs Oneida High School,Connor,Scott County High School (Brylan's team),Incorrect,,,,Missed,0,None given,1,,Connor said 20; time ran out before a steal,
S40 E28,Round 1,Tossup,35,"During the Fourth Crusade, which Orthodox city was pillaged by the crusading armies?",Constantinople,World History,Social Studies,Scott County High School (Brylan's team) vs Oneida High School,Brylan,Scott County High School (Brylan's team),Incorrect,,,,Missed,0,None given,1,,Brylan said Rome; no Oneida answer captured,
S40 E28,Round 1,Tossup,36,What is the name of the single point of light that we see as the North Star?,Polaris,Astronomy,Science & Technology,Scott County High School (Brylan's team) vs Oneida High School,Connor,Scott County High School (Brylan's team),Correct,,,,Correct,10,Scott County High School (Brylan's team),1,,the answer is not spoken in the captions (the host commented that it is a triple star system); the name is supplied from the question,
S40 E28,Round 1,Bonus,36,Part 1: What is the name for the Northern Lights? | Part 2: What is the name for the southern lights?,Part 1: Aurora Borealis | Part 2: Aurora Australis,Astronomy,Science & Technology,Scott County High School (Brylan's team) vs Oneida High School,Cameron,Scott County High School (Brylan's team),Partial,,,,Partial,10,Scott County High School (Brylan's team),2,,no answer for Part 2,
S40 E28,Round 1,Tossup,37,"For what holiday occasion is the tune ""Auld Lang Syne"" traditionally sung?",New Year's Eve (and New Year's Day),Music,Fine Arts,Scott County High School (Brylan's team) vs Oneida High School,Joslin,Scott County High School (Brylan's team),Incorrect,,,,Missed,0,None given,1,,Joslin said Christmas; no Oneida answer captured,
S40 E28,Round 1,Tossup,38,What five letter word beginning with G is a stew that is Louisiana's official state cuisine?,Gumbo,Vocabulary,Language Arts,Scott County High School (Brylan's team) vs Oneida High School,Philip,Oneida High School,Correct,,,,Correct,10,Oneida High School,1,,,
S40 E28,Round 1,Bonus,38,Part 1: Spell the seven letter word that begins with S that means the action or process of fastening or closing something securely. | Part 2: Spell its homonym that means the surface above your head when indoors.,Part 1: S-E-A-L-I-N-G | Part 2: C-E-I-L-I-N-G,Vocabulary,Language Arts,Scott County High School (Brylan's team) vs Oneida High School,,Oneida High School,Incorrect,,,,Missed,0,None given,2,,"the captions garble the team's attempts (""stapling""); the host said the homonyms were sealing and ceiling",
S40 E28,Round 1,Tossup,39,In which African country is the Aswan High Dam?,Egypt,History,Social Studies,Scott County High School (Brylan's team) vs Oneida High School,Brylan,Scott County High School (Brylan's team),Correct,,,,Correct,10,Scott County High School (Brylan's team),1,,,
S40 E28,Round 1,Bonus,39,Marie Antoinette's secret apartment was reopened to the public in 2023 as part of what palace's 400th anniversary?,The Palace of Versailles,History,Social Studies,Scott County High School (Brylan's team) vs Oneida High School,,Scott County High School (Brylan's team),Incorrect,,,,Missed,0,None given,1,,team said Buckingham Palace,
S40 E28,Round 1,Tossup,40,Which state's highest elevation is the lowest of all the states' highest elevations?,Florida,Geography,Social Studies,Scott County High School (Brylan's team) vs Oneida High School,Joslin,Scott County High School (Brylan's team),Incorrect,,,,Missed,0,None given,1,,Joslin said Louisiana; the host would not allow an Oneida steal because the Oneida players talked to or looked at each other,
S40 E28,Round 1,Tossup,41,Which alkaline earth metal has the largest atomic radius?,Radium,Chemistry,Science & Technology,Scott County High School (Brylan's team) vs Oneida High School,Connor,Scott County High School (Brylan's team),Incorrect,Tina,Oneida High School,Incorrect,Missed,0,None given,1,,Connor said francium; Tina said uranium on the steal at the buzzer,
S40 E28,Round 1,Tossup,42,In what tabletop game for 2 to 4 players does each player try to collect as many marbles as possible using a hippo's mouth?,Hungry Hungry Hippos,Games,General & Visual,Scott County High School (Brylan's team) vs Oneida High School,Connor,Scott County High School (Brylan's team),Correct,,,,Correct,10,Scott County High School (Brylan's team),1,,,
S40 E28,Round 1,Bonus,42,"What Nintendo game franchise features intergalactic bounty hunter Samus Aran taking on missions against space pirates, parasitic alien species and rogue A.I., while collecting power-ups like the Ice Beam and Morph Ball?",Metroid,Games,General & Visual,Scott County High School (Brylan's team) vs Oneida High School,,Scott County High School (Brylan's team),Correct,,,,Correct,20,Scott County High School (Brylan's team),1,,,
S40 E28,Round 1,Tossup,43,"Polish, Russian and Czech are examples of which language group?",Slavic,Foreign Language,Foreign Language,Scott County High School (Brylan's team) vs Oneida High School,Connor,Scott County High School (Brylan's team),Correct,,,,Correct,10,Scott County High School (Brylan's team),1,,,
S40 E28,Round 1,Bonus,43,"Part 1: What is the French word for a bakery that sells everyday items like bread and croissants? | Part 2: What is the French word for a pastry shop, which is more specialized than a bakery?",Part 1: Boulangerie | Part 2: Pâtisserie,Foreign Language,Foreign Language,Scott County High School (Brylan's team) vs Oneida High School,,Scott County High School (Brylan's team),Correct,,,,Correct,20,Scott County High School (Brylan's team),2,Yes,"the captions give no clear ruling (""Like something that's a bit larger? ... Yes, that is a particularly for pastries""); treated as both parts right (20 points) (captions lines 18388-18393)","Polish, Russian and Czech are examples of which language group Connor Slavic right and a foreign language bonus. / What is the French word for bakery that sells everyday items like bread and croissants? / Like something that's a bit larger? / Oh, what is the French word for a pastry shop with which is more specialized than a bakery, you know, as it is. / Yes, that is a particularly for pastries. / Plus up now in math, simplify three divided by the square root of three, one third."
S40 E28,Round 1,Tossup,44,Simplify 3 divided by the square root of 3.,√3,Math,Mathematics,Scott County High School (Brylan's team) vs Oneida High School,,Scott County High School (Brylan's team),Incorrect,Philip,Oneida High School,Incorrect,Missed,0,None given,1,,Scott's buzzer is not named (said one third); Philip's steal answer was also wrong,
S40 E28,Round 1,Tossup,45,Whose face is on a U.S. 50 cent coin?,John F. Kennedy,Economics,Social Studies,Scott County High School (Brylan's team) vs Oneida High School,Philip,Oneida High School,Correct,,,,Correct,10,Oneida High School,1,,,
S40 E28,Round 1,Bonus,45,"Part 1: Maya Angelou, Dr. Sally Ride, Wilma Mankiller, Nina Otero-Warren and Anna May Wong were honored in 2022 when the U.S. Mint placed their pictures on what coin? | Part 2: A Union shield is on the reverse of which U.S. coin?",Part 1: Quarters | Part 2: The penny (one-cent coin),Economics,Social Studies,Scott County High School (Brylan's team) vs Oneida High School,,Oneida High School,Partial,,,,Partial,10,Oneida High School,2,,the team said a nickel for Part 2,
S40 E28,Round 1,Tossup,46,In which month is the vernal equinox?,March,Science,Science & Technology,Scott County High School (Brylan's team) vs Oneida High School,Philip,Oneida High School,Incorrect,Cameron,Scott County High School (Brylan's team),Incorrect,Missed,0,None given,1,,Philip said December; Cameron said November,
S40 E28,Round 1,Tossup,47,"What are the next four words in this quote from Psalm 23, which are also used as a lyric in ""Gangsta's Paradise"": ""As I walk through the valley of ...""?",The shadow of death,Religion,Religion & Mythology,Scott County High School (Brylan's team) vs Oneida High School,Cameron,Scott County High School (Brylan's team),Correct,,,,Correct,10,Scott County High School (Brylan's team),1,,,
S40 E28,Round 1,Bonus,47,Name two of the seven sacraments of Catholicism.,"Any two of: baptism, confirmation, Eucharist, reconciliation, anointing of the sick, holy orders, matrimony",Religion,Religion & Mythology,Scott County High School (Brylan's team) vs Oneida High School,,Scott County High School (Brylan's team),Incorrect,,,,Missed,0,None given,1,,time ran out and the host read the sacraments; the game ended after this bonus,
S40 E29,Round 1,Tossup,1,"What city, known as the Eternal City, was built on the banks of the Tiber River?",Rome,Geography,Social Studies,Knoxville Catholic High School vs Oliver Springs High School (Walker's team),James,Knoxville Catholic High School,Correct,,,,Correct,10,Knoxville Catholic High School,1,,,
S40 E29,Round 1,Bonus,1,"Part 1: In 2022, a Moai statue that had been removed in 1870 was returned to the Pacific island where it was carved. From what World Heritage Site was it returned? | Part 2: That island is a special territory of which country, whose capital city housed the Moai in a museum?",Part 1: Easter Island (Rapa Nui) | Part 2: Chile,Geography,Social Studies,Knoxville Catholic High School vs Oliver Springs High School (Walker's team),,Knoxville Catholic High School,Correct,,,,Correct,20,Knoxville Catholic High School,2,,,
S40 E29,Round 1,Tossup,2,What type of bridge is the Golden Gate Bridge?,A suspension bridge,Architecture,Fine Arts,Knoxville Catholic High School vs Oliver Springs High School (Walker's team),Alvaro,Knoxville Catholic High School,Correct,,,,Correct,10,Knoxville Catholic High School,1,,,
S40 E29,Round 1,Bonus,2,"What modern art museum on the National Mall in Washington, D.C., is located in a unique cylindrical building with a sculpture garden?",The Hirshhorn Museum and Sculpture Garden,Architecture,Fine Arts,Knoxville Catholic High School vs Oliver Springs High School (Walker's team),,Knoxville Catholic High School,Incorrect,,,,Missed,0,None given,1,,"team said ""the Smithsonian""",
S40 E29,Round 1,Tossup,3,What is the term for a drug such as alcohol that lowers the functional activity of the nervous system?,A depressant,Health,Science & Technology,Knoxville Catholic High School vs Oliver Springs High School (Walker's team),,Knoxville Catholic High School,Correct,,,,Correct,10,Knoxville Catholic High School,1,,the buzzer's answer is not in the captions (the answer is supplied from the question); buzzer not named; Knoxville Catholic from the bonus,
S40 E29,Round 1,Bonus,3,"Part 1: Which part of the vertebrate brain is continuous posteriorly with the spinal cord and contains the centers controlling involuntary vital functions? | Part 2: Spell that word, ""medulla.""",Part 1: The medulla oblongata | Part 2: M-E-D-U-L-L-A,Health,Science & Technology,Knoxville Catholic High School vs Oliver Springs High School (Walker's team),,Knoxville Catholic High School,Partial,,,,Partial,10,Knoxville Catholic High School,2,,"the team said ""brainstem"" for Part 1 (the host wanted the medulla oblongata) and spelled medulla correctly",
S40 E29,Round 1,Tossup,4,"Who wrote ""The Cask of Amontillado""?",Edgar Allan Poe,Literature,Language Arts,Knoxville Catholic High School vs Oliver Springs High School (Walker's team),Thomas,Knoxville Catholic High School,Correct,,,,Correct,10,Knoxville Catholic High School,1,,,
S40 E29,Round 1,Bonus,4,"Part 1: Which Pulitzer Prize winner wrote ""The woods are lovely, dark and deep, but I have promises to keep, and miles to go before I sleep""? | Part 2: What is the exact title of the poem quoted?","Part 1: Robert Frost | Part 2: ""Stopping by Woods on a Snowy Evening""",Literature,Language Arts,Knoxville Catholic High School vs Oliver Springs High School (Walker's team),,Knoxville Catholic High School,Partial,,,,Partial,10,Knoxville Catholic High School,2,,the team gave a close but inexact title for Part 2,
S40 E29,Round 1,Tossup,5,"Put these numbers in order from least to greatest: 9/4, 7/3, √5.","√5, 9/4, 7/3",Math,Mathematics,Knoxville Catholic High School vs Oliver Springs High School (Walker's team),,Knoxville Catholic High School,Correct,,,,Correct,10,Knoxville Catholic High School,1,,buzzer not named; Knoxville Catholic from the visual bonus,
S40 E29,Round 1,Bonus,5,Evaluate the result when the square root of 289 is added to the cube root of 729 and then 6 squared is subtracted from the result.,−10,Visual,General & Visual,Knoxville Catholic High School vs Oliver Springs High School (Walker's team),,Knoxville Catholic High School,Incorrect,,,,Missed,0,None given,1,,team said -12,
S40 E29,Round 1,Tossup,6,What two word term is given to the unwritten custom of the American government that allows the President to withhold information?,Executive privilege,Government,Social Studies,Knoxville Catholic High School vs Oliver Springs High School (Walker's team),James,Knoxville Catholic High School,Correct,,,,Correct,10,Knoxville Catholic High School,1,,,
S40 E29,Round 1,Bonus,6,Part 1: How long is the initial term of a Tennessee Supreme Court justice? | Part 2: How long is the term of a U.S. Supreme Court justice?,Part 1: Eight years | Part 2: Life,Government,Social Studies,Knoxville Catholic High School vs Oliver Springs High School (Walker's team),,Knoxville Catholic High School,Partial,,,,Partial,10,Knoxville Catholic High School,2,,"the team said six years for Part 1 and ""lifelong"" for Part 2",
S40 E29,Round 1,Tossup,7,Which board game uses pawns?,Chess,Games,General & Visual,Knoxville Catholic High School vs Oliver Springs High School (Walker's team),Anna,Oliver Springs High School (Walker's team),Correct,,,,Correct,10,Oliver Springs High School (Walker's team),1,,the answer is not clear in the captions; chess is inferred,
S40 E29,Round 1,Bonus,7,Name the four suits in a standard deck of playing cards.,"Diamonds, hearts, clubs, spades",Games,General & Visual,Knoxville Catholic High School vs Oliver Springs High School (Walker's team),,Oliver Springs High School (Walker's team),Correct,,,,Correct,20,Oliver Springs High School (Walker's team),1,,,
S40 E29,Round 1,Tossup,8,Google Meet is comparable to video meetings in what Microsoft program?,Teams,Technology,Science & Technology,Knoxville Catholic High School vs Oliver Springs High School (Walker's team),James,Knoxville Catholic High School,Correct,,,,Correct,10,Knoxville Catholic High School,1,,,
S40 E29,Round 1,Bonus,8,"Which government agency developed artificial limbs, scratch-resistant lenses, insulin pumps, ear thermometers and invisible braces for teeth?",NASA,Technology,Science & Technology,Knoxville Catholic High School vs Oliver Springs High School (Walker's team),Thomas,Knoxville Catholic High School,Incorrect,,,,Missed,0,None given,1,,Thomas said the NSA,
S40 E29,Round 1,Tossup,9,"Translate ""thank you very much"" into French.",Merci beaucoup,Foreign Language,Foreign Language,Knoxville Catholic High School vs Oliver Springs High School (Walker's team),James,Knoxville Catholic High School,Correct,,,,Correct,10,Knoxville Catholic High School,1,,,
S40 E29,Round 1,Bonus,9,"Part 1: What is the English translation of the phrase ""la ropa""? | Part 2: What is the Spanish word for ""belt""?",Part 1: The clothing | Part 2: Cinturón,Foreign Language,Foreign Language,Knoxville Catholic High School vs Oliver Springs High School (Walker's team),Alvaro,Knoxville Catholic High School,Correct,,,,Correct,20,Knoxville Catholic High School,2,,"James deferred; the captions garble both answers; the host said the Spanish club president had it (""I guess the Spanish club doesn't need ..."")",
S40 E29,Round 1,Tossup,10,Which United States president's inauguration was the first to be broadcast live on the Internet?,Bill Clinton,U.S. History,Social Studies,Knoxville Catholic High School vs Oliver Springs High School (Walker's team),James,Knoxville Catholic High School,Incorrect,Bryan,Oliver Springs High School (Walker's team),Incorrect,Missed,0,None given,1,,James said George W. Bush; Bryan said Jimmy Carter,
S40 E29,Round 1,Tossup,11,What is the term for a systematic and official examination of business finance activities of an organization?,An audit,Economics,Social Studies,Knoxville Catholic High School vs Oliver Springs High School (Walker's team),Thomas,Knoxville Catholic High School,Correct,,,,Correct,10,Knoxville Catholic High School,1,,,
S40 E29,Round 1,Bonus,11,"At the beginning of the 18th century, which nation was the most powerful in Europe, with the largest economy and population?",France,Economics,Social Studies,Knoxville Catholic High School vs Oliver Springs High School (Walker's team),,Knoxville Catholic High School,Incorrect,,,,Missed,0,None given,1,,team said England,
S40 E29,Round 1,Tossup,12,"What word derived from the Japanese words for ""fold"" and ""paper"" refers to the art of paper folding?",Origami,Art,Fine Arts,Knoxville Catholic High School vs Oliver Springs High School (Walker's team),,Unknown,Correct,,,,Correct,10,Unknown,1,Yes,"buzzer and team not identified in captions; the captions garble the question (""two fold ... the art of money"") and the player answered before being called on but was accepted; team not identified in captions (captions lines 17757-17759)","What word derived from the Japanese words meaning two fold refers to the art of money and make sure I've called on you all the way. / But it is origami and you get a visual bonus. / Now what is the title of the 19th century Japanese painting shown here that depicts three boats moving through a storm tossed sea and is considered to be one of the most, if not the most famous artworks in Japanese history."
S40 E29,Round 1,Bonus,12,"What is the title of the 19th century Japanese painting shown here that depicts three boats moving through a storm-tossed sea and is considered to be one of the most, if not the most, famous artworks in Japanese history?",The Great Wave off Kanagawa,Visual,General & Visual,Knoxville Catholic High School vs Oliver Springs High School (Walker's team),,Unknown,Incorrect,,,,Missed,0,None given,1,Yes,the team said it had no idea; team not identified in captions (captions lines 17758-17764),"But it is origami and you get a visual bonus. / Now what is the title of the 19th century Japanese painting shown here that depicts three boats moving through a storm tossed sea and is considered to be one of the most, if not the most famous artworks in Japanese history. / Yes, yes. / Home of Say Star starring. / I have no idea. / That is the great wave off Kanagawa. / Tell several players in geology what is the name of the seismic fault that goes through San Francisco and San Andreas?"
S40 E29,Round 1,Tossup,13,What is the name of the seismic fault that goes through San Francisco?,The San Andreas Fault,Geology,Science & Technology,Knoxville Catholic High School vs Oliver Springs High School (Walker's team),,Oliver Springs High School (Walker's team),Correct,,,,Correct,10,Oliver Springs High School (Walker's team),1,,"buzzer not named; Oliver Springs from the bonus (""for Walker to answer"")",
S40 E29,Round 1,Bonus,13,"Part 1: What does a paleontologist study? | Part 2: Spell ""paleontologist.""",Part 1: Fossils | Part 2: P-A-L-E-O-N-T-O-L-O-G-I-S-T,Geology,Science & Technology,Knoxville Catholic High School vs Oliver Springs High School (Walker's team),,Oliver Springs High School (Walker's team),Partial,,,,Partial,10,Oliver Springs High School (Walker's team),2,,the team missed an O in the spelling,
S40 E29,Round 1,Tossup,14,"What is the superlative of the adjective ""good""?",Best,Vocabulary,Language Arts,Knoxville Catholic High School vs Oliver Springs High School (Walker's team),,Unknown,Correct,,,,Correct,10,Unknown,1,Yes,buzzer and team not identified in captions; team not identified in captions (captions lines 17771-17772),"Now, in vocabulary, what is the superlative of the adjective good ever best and a vocabulary bonus. / What 11 letter word beginning with C means a person with expert knowledge or discriminating taste connoisseur correct for ten a spell connoisseur C O N N O S S I E U R Well, you put the eye in the wrong spot and it's C O N N O I S S E U R ten points on the bonus toss up in geometry."
S40 E29,Round 1,Bonus,14,Part 1: What 11 letter word beginning with C means a person with expert knowledge or discriminating taste? | Part 2: Spell that word.,Part 1: Connoisseur | Part 2: C-O-N-N-O-I-S-S-E-U-R,Vocabulary,Language Arts,Knoxville Catholic High School vs Oliver Springs High School (Walker's team),,Unknown,Partial,,,,Partial,10,Unknown,2,Yes,the team misplaced the I in the spelling; team not identified in captions (captions lines 17771-17773),"Now, in vocabulary, what is the superlative of the adjective good ever best and a vocabulary bonus. / What 11 letter word beginning with C means a person with expert knowledge or discriminating taste connoisseur correct for ten a spell connoisseur C O N N O S S I E U R Well, you put the eye in the wrong spot and it's C O N N O I S S E U R ten points on the bonus toss up in geometry. / A trapezoid has a height of 12 an area of 120."
S40 E29,Round 1,Tossup,15,A trapezoid has a height of 12 and an area of 120. What is the sum of its two bases?,20,Geometry,Mathematics,Knoxville Catholic High School vs Oliver Springs High School (Walker's team),,Knoxville Catholic High School,Incorrect,Bryan,Oliver Springs High School (Walker's team),Incorrect,Missed,0,None given,1,,Knoxville Catholic's buzzer is not named (said ten); Bryan said 132,
S40 E29,Round 1,Tossup,16,Who was the first czar of Russia?,Ivan the Terrible,History,Social Studies,Knoxville Catholic High School vs Oliver Springs High School (Walker's team),James,Knoxville Catholic High School,Correct,,,,Correct,10,Knoxville Catholic High School,1,,,
S40 E29,Round 1,Bonus,16,"Part 1: In 1940, what prevented the German Luftwaffe from flying missions over the English Channel against the Allied troops evacuating Dunkirk? | Part 2: Dunkirk is part of what country?",Part 1: Fog | Part 2: France,History,Social Studies,Knoxville Catholic High School vs Oliver Springs High School (Walker's team),Thomas,Knoxville Catholic High School,Partial,,,,Partial,10,Knoxville Catholic High School,2,,"the team said ""a storm"" for Part 1",
S40 E29,Round 1,Tossup,17,How many years is one Olympiad?,Four,Miscellaneous,General & Visual,Knoxville Catholic High School vs Oliver Springs High School (Walker's team),Bryan,Oliver Springs High School (Walker's team),Incorrect,James,Knoxville Catholic High School,Correct,Correct,10,Knoxville Catholic High School,1,,Bryan said one million,
S40 E29,Round 1,Bonus,17,What is the name of the editorially independent student newspaper serving the UT Knoxville campus?,The Daily Beacon,Miscellaneous,General & Visual,Knoxville Catholic High School vs Oliver Springs High School (Walker's team),,Knoxville Catholic High School,Correct,,,,Correct,20,Knoxville Catholic High School,1,,"the team said ""The Beacon"" and the host accepted it",
S40 E29,Round 1,Tossup,18,What element has the highest electronegativity?,Fluorine,Chemistry,Science & Technology,Knoxville Catholic High School vs Oliver Springs High School (Walker's team),,Unknown,Correct,,,,Correct,10,Unknown,1,Yes,buzzer and team not identified in captions; team not identified in captions (captions lines 17796-17798),"What element has the highest electronegativity fallen? / Yeah, and a chemistry bonus. / What is the chemical formula?"
S40 E29,Round 1,Bonus,18,Part 1: What is the chemical formula for ammonia? | Part 2: What is the chemical formula for the table salt substitute potassium chloride?,Part 1: NH3 | Part 2: KCl,Chemistry,Science & Technology,Knoxville Catholic High School vs Oliver Springs High School (Walker's team),,Unknown,Correct,,,,Correct,20,Unknown,2,Yes,"the captions garble the host's final ruling (""ratio is right""); both parts treated as right; team not identified in captions (captions lines 17797-17801)","Yeah, and a chemistry bonus. / What is the chemical formula? / First for ammonia? / NH three And what is the chemical formula for the table? / Salts Substitute potassium chloride ratio is right points on the bonus toss up in spelling the crime of fraudulently appropriating property entrusted to one's care and converting it to one's own use."
S40 E29,Round 1,Tossup,19,"Spell ""embezzlement,"" the crime of fraudulently appropriating property entrusted to one's care and converting it to one's own use.",E-M-B-E-Z-Z-L-E-M-E-N-T,Spelling,Language Arts,Knoxville Catholic High School vs Oliver Springs High School (Walker's team),James,Knoxville Catholic High School,Incorrect,Anna,Oliver Springs High School (Walker's team),Incorrect,Missed,0,None given,1,,James said the word instead of spelling it; Anna's spelling was wrong,
S40 E29,Round 1,Tossup,20,Which group of religious followers did Bloody Mary Tudor persecute because she feared they would revolt?,The Protestants,Religion,Religion & Mythology,Knoxville Catholic High School vs Oliver Springs High School (Walker's team),Bryan,Oliver Springs High School (Walker's team),Correct,,,,Correct,10,Oliver Springs High School (Walker's team),1,,the first half ended after this question without a bonus being read,
S40 E29,Round 1,Tossup,21,"In what Tennessee city is Sun Studio, where Elvis Presley, B.B. King and others recorded?",Memphis,Geography,Social Studies,Knoxville Catholic High School vs Oliver Springs High School (Walker's team),James,Knoxville Catholic High School,Correct,,,,Correct,10,Knoxville Catholic High School,1,,,
S40 E29,Round 1,Bonus,21,Part 1: In what state is Fort Detrick located? | Part 2: In what state is Fort Leavenworth located?,Part 1: Maryland | Part 2: Kansas,Geography,Social Studies,Knoxville Catholic High School vs Oliver Springs High School (Walker's team),,Knoxville Catholic High School,Incorrect,,,,Missed,0,None given,2,,the team said Wisconsin and North Carolina,
S40 E29,Round 1,Tossup,22,How much does a regulation NCAA football weigh?,14 to 15 ounces (about 14.5 ounces),Sports,General & Visual,Knoxville Catholic High School vs Oliver Springs High School (Walker's team),James,Knoxville Catholic High School,Incorrect,Bryan,Oliver Springs High School (Walker's team),Incorrect,Missed,0,None given,1,,James said four pounds; Bryan said two pounds,
S40 E29,Round 1,Tossup,23,"When a full moon occurs twice in the same month, what is it called?",A blue moon,Astronomy,Science & Technology,Knoxville Catholic High School vs Oliver Springs High School (Walker's team),,Unknown,Correct,,,,Correct,10,Unknown,1,Yes,buzzer and team not identified in captions (the host warned the player for answering before being called on); team not identified in captions (captions lines 17852-17860),"Toss up now in astronomy, when a full moon occurs twice in the same month. / What is the moon? / What is it? / Blue moon. / That's your warning to make sure I've called on you. / Before you answer. / Blue Moon is right. / Astronomy is your bonus. / What are the four smallest planets in our solar system?"
S40 E29,Round 1,Bonus,23,What are the four smallest planets in our solar system?,"Mercury, Venus, Mars and Earth",Astronomy,Science & Technology,Knoxville Catholic High School vs Oliver Springs High School (Walker's team),,Unknown,Correct,,,,Correct,20,Unknown,1,Yes,team not identified in captions (captions lines 17859-17864),"Astronomy is your bonus. / What are the four smallest planets in our solar system? / Mercury, Venus, Mars and Earth? / Those four are correct. / 20 points Toss up now in mythology. / Which countries mythological gods live in the Kunlun Mountains?"
S40 E29,Round 1,Tossup,24,Which country's mythological gods live in the Kunlun Mountains?,China,Mythology,Religion & Mythology,Knoxville Catholic High School vs Oliver Springs High School (Walker's team),Anna,Oliver Springs High School (Walker's team),Incorrect,Thomas,Knoxville Catholic High School,Incorrect,Missed,0,None given,1,,Anna said Athens; Thomas said India,
S40 E29,Round 1,Tossup,25,What type of polynomial is 3x² + 4x + 6?,Quadratic,Algebra,Mathematics,Knoxville Catholic High School vs Oliver Springs High School (Walker's team),Nate,Knoxville Catholic High School,Correct,,,,Correct,10,Knoxville Catholic High School,1,,,
S40 E29,Round 1,Bonus,25,What is the slope of the line with the equation 4x + 2y = 0?,−2,Algebra,Mathematics,Knoxville Catholic High School vs Oliver Springs High School (Walker's team),,Knoxville Catholic High School,Correct,,,,Correct,20,Knoxville Catholic High School,1,,,
S40 E29,Round 1,Tossup,26,"Who was U.S. president on January 2, 1890, when Alice Sanger became the first woman to join the White House staff?",Benjamin Harrison,Government,Social Studies,Knoxville Catholic High School vs Oliver Springs High School (Walker's team),James,Knoxville Catholic High School,Incorrect,Bryan,Oliver Springs High School (Walker's team),Incorrect,Missed,0,None given,1,,James said Grover Cleveland; Bryan said William McKinley,
S40 E29,Round 1,Tossup,27,What 1994 Quentin Tarantino movie with a cast including ... [cut off by the buzzer]?,Pulp Fiction,Art,Fine Arts,Knoxville Catholic High School vs Oliver Springs High School (Walker's team),Walker,Oliver Springs High School (Walker's team),Correct,,,,Correct,10,Oliver Springs High School (Walker's team),1,,the host said he had been about to list the cast,
S40 E29,Round 1,Bonus,27,Part 1: What television show featured an eccentric yet compassionate extraterrestrial time traveler solving problems and battling injustice in various time periods? | Part 2: What was the name of his time-traveling device?,Part 1: Doctor Who | Part 2: The TARDIS,Art,Fine Arts,Knoxville Catholic High School vs Oliver Springs High School (Walker's team),,Oliver Springs High School (Walker's team),Incorrect,,,,Missed,0,None given,2,,the team said Quantum Leap and did not get the device name,
S40 E29,Round 1,Tossup,28,"Which class of organic compounds has names ending in ""-ol""?",Alcohols,Science,Science & Technology,Knoxville Catholic High School vs Oliver Springs High School (Walker's team),Thomas,Knoxville Catholic High School,Incorrect,Bryan,Oliver Springs High School (Walker's team),Incorrect,Missed,0,None given,1,,Thomas said sugar; Bryan said plants,
S40 E29,Round 1,Tossup,29,"What is the title of Ernest Lawrence Thayer's poem that includes ""There is no joy in Mudville; mighty Casey has struck out""?",Casey at the Bat,Literature,Language Arts,Knoxville Catholic High School vs Oliver Springs High School (Walker's team),Bryan,Oliver Springs High School (Walker's team),Incorrect,,,,Missed,0,None given,1,,"Bryan said ""Casey at Bat""; the host would not accept it as the exact title and no steal was taken",
S40 E29,Round 1,Tossup,30,The Erie Canal runs from Lake Erie to what?,The Hudson River,Geography,Social Studies,Knoxville Catholic High School vs Oliver Springs High School (Walker's team),,Oliver Springs High School (Walker's team),Incorrect,Alex,Knoxville Catholic High School,Incorrect,Missed,0,None given,1,,Oliver Springs' buzzer is not named (said the Mississippi); Alex said the St. Lawrence,
S40 E29,Round 1,Tossup,31,Which Ohio farm girl shot a cigarette from the mouth of Kaiser Wilhelm around 1887?,Annie Oakley,U.S. History,Social Studies,Knoxville Catholic High School vs Oliver Springs High School (Walker's team),James,Knoxville Catholic High School,Correct,,,,Correct,10,Knoxville Catholic High School,1,,,
S40 E29,Round 1,Bonus,31,Part 1: Who was the lead counsel for the defense in the Scopes Monkey Trial? | Part 2: Who was the lead counsel for the prosecution in the Scopes Monkey Trial?,Part 1: Clarence Darrow | Part 2: William Jennings Bryan,U.S. History,Social Studies,Knoxville Catholic High School vs Oliver Springs High School (Walker's team),,Knoxville Catholic High School,Correct,,,,Correct,20,Knoxville Catholic High School,2,,,
S40 E29,Round 1,Tossup,32,What carnivorous black and white mammal is in the genus Orcinus?,The orca (killer whale),Biology,Science & Technology,Knoxville Catholic High School vs Oliver Springs High School (Walker's team),Anna,Oliver Springs High School (Walker's team),Correct,,,,Correct,10,Oliver Springs High School (Walker's team),1,,,
S40 E29,Round 1,Bonus,32,"Who is the Nobel laureate in physics shown here who, while conducting experiments on cosmic rays, accidentally invented the first particle detector by noticing odd readings in his equipment, leading to groundbreaking research in particle physics?",Carl Anderson,Visual,General & Visual,Knoxville Catholic High School vs Oliver Springs High School (Walker's team),,Oliver Springs High School (Walker's team),Incorrect,,,,Missed,0,None given,1,,team said Oppenheimer,
S40 E29,Round 1,Tossup,33,Which one of the Beatles was killed by an obsessed fan?,John Lennon,Music,Fine Arts,Knoxville Catholic High School vs Oliver Springs High School (Walker's team),James,Knoxville Catholic High School,Correct,,,,Correct,10,Knoxville Catholic High School,1,,,
S40 E29,Round 1,Bonus,33,"Part 1: Who sang the 1988 hit song ""My Prerogative""? | Part 2: To which music star was Bobby Brown married from 1992 to 2007?",Part 1: Bobby Brown | Part 2: Whitney Houston,Music,Fine Arts,Knoxville Catholic High School vs Oliver Springs High School (Walker's team),,Knoxville Catholic High School,Correct,,,,Correct,20,Knoxville Catholic High School,2,,,
S40 E29,Round 1,Tossup,34,"If the square root of the quantity x + 4 equals ten, what is the value of x?",96,Algebra,Mathematics,Knoxville Catholic High School vs Oliver Springs High School (Walker's team),James,Knoxville Catholic High School,Correct,,,,Correct,10,Knoxville Catholic High School,1,,,
S40 E29,Round 1,Bonus,34,Simplify −3x(2x − 4).,−6x² + 12x,Algebra,Mathematics,Knoxville Catholic High School vs Oliver Springs High School (Walker's team),James,Knoxville Catholic High School,Correct,,,,Correct,20,Knoxville Catholic High School,1,,,
S40 E29,Round 1,Tossup,35,"What is the English translation of the German word ""wunderbar""?",Wonderful,Foreign Language,Foreign Language,Knoxville Catholic High School vs Oliver Springs High School (Walker's team),James,Knoxville Catholic High School,Correct,,,,Correct,10,Knoxville Catholic High School,1,,,
S40 E29,Round 1,Bonus,35,"What French word is used to describe an edible terrestrial snail prepared for use as food, shown here, usually served in the shell with a sauce of melted butter and garlic?",Escargot,Visual,General & Visual,Knoxville Catholic High School vs Oliver Springs High School (Walker's team),,Knoxville Catholic High School,Correct,,,,Correct,20,Knoxville Catholic High School,1,,,
S40 E29,Round 1,Tossup,36,In what city is the headquarters of General Motors?,Detroit,Economics,Social Studies,Knoxville Catholic High School vs Oliver Springs High School (Walker's team),Walker,Oliver Springs High School (Walker's team),Correct,,,,Correct,10,Oliver Springs High School (Walker's team),1,,,
S40 E29,Round 1,Bonus,36,Part 1: Which brand of shoes is recognizable by the swoosh? | Part 2: Which brand of shoes is recognizable by the three-stripe logo that represents a mountain pointing outwards toward challenges and goals?,Part 1: Nike | Part 2: Adidas,Economics,Social Studies,Knoxville Catholic High School vs Oliver Springs High School (Walker's team),,Oliver Springs High School (Walker's team),Correct,,,,Correct,20,Oliver Springs High School (Walker's team),2,,,
S40 E29,Round 1,Tossup,37,"Which festival in Hinduism symbolizes the spiritual victory of light over dark, good over evil and knowledge over ignorance?",Diwali,Religion,Religion & Mythology,Knoxville Catholic High School vs Oliver Springs High School (Walker's team),Thomas,Knoxville Catholic High School,Correct,,,,Correct,10,Knoxville Catholic High School,1,,,
S40 E29,Round 1,Bonus,37,"In 2014, Barack Obama invited Tibet's exiled spiritual leader to the White House, although the Chinese government warned that the meeting could damage U.S.-China relations. Who is Tibet's exiled spiritual leader?",The Dalai Lama,Religion,Religion & Mythology,Knoxville Catholic High School vs Oliver Springs High School (Walker's team),,Knoxville Catholic High School,Correct,,,,Correct,20,Knoxville Catholic High School,1,,,
S40 E29,Round 1,Tossup,38,The equation F = ma describes which of Newton's laws?,The second law of motion,Physics,Science & Technology,Knoxville Catholic High School vs Oliver Springs High School (Walker's team),,Knoxville Catholic High School,Correct,,,,Correct,10,Knoxville Catholic High School,1,,buzzer not named; Knoxville Catholic from the bonus,
S40 E29,Round 1,Bonus,38,"What is the subfield of physics that describes the physical behavior of particles, including atoms, electrons, photons and almost everything in the molecular and submolecular realm?",Quantum mechanics,Physics,Science & Technology,Knoxville Catholic High School vs Oliver Springs High School (Walker's team),,Knoxville Catholic High School,Incorrect,,,,Missed,0,None given,1,,"team said ""quantum physics"" and the host did not accept it",
S40 E29,Round 1,Tossup,39,Finish the familiar saying: What doesn't kill you makes you ...,Stronger,Vocabulary,Language Arts,Knoxville Catholic High School vs Oliver Springs High School (Walker's team),Walker,Oliver Springs High School (Walker's team),Correct,,,,Correct,10,Oliver Springs High School (Walker's team),1,,,
S40 E29,Round 1,Bonus,39,"Part 1: What nine letter word starting with O means very unpleasant or rude, highly objectionable or offensive? | Part 2: What seven letter word starting with O means foreboding or foreshadowing evil or harm?",Part 1: Obnoxious | Part 2: Ominous,Vocabulary,Language Arts,Knoxville Catholic High School vs Oliver Springs High School (Walker's team),,Oliver Springs High School (Walker's team),Partial,,,,Partial,10,Oliver Springs High School (Walker's team),2,,"the team said ""obscene"" for Part 1",
S40 E29,Round 1,Tossup,40,"When the coal-based fuel coke burns, what dangerous gas is produced?",Carbon monoxide,Chemistry,Science & Technology,Knoxville Catholic High School vs Oliver Springs High School (Walker's team),Anna,Oliver Springs High School (Walker's team),Incorrect,,,,Missed,0,None given,1,,Anna said nitrous oxide; the host did not allow a Knoxville Catholic steal because the players looked at each other,
S40 E29,Round 1,Tossup,41,Which Greek physician is known as the father of medicine?,Hippocrates,History,Social Studies,Knoxville Catholic High School vs Oliver Springs High School (Walker's team),,Knoxville Catholic High School,Correct,,,,Correct,10,Knoxville Catholic High School,1,,buzzer not named (the host joked about the pronunciation); Knoxville Catholic from the bonus,
S40 E29,Round 1,Bonus,41,Who was the 70 year old former Milwaukee schoolteacher elected as the first female prime minister of Israel in 1969?,Golda Meir,History,Social Studies,Knoxville Catholic High School vs Oliver Springs High School (Walker's team),Thomas,Knoxville Catholic High School,Incorrect,,,,Missed,0,None given,1,,the answer is garbled in the captions,
S40 E29,Round 1,Tossup,42,"In addition to being an environmentalist, with which art form is Ansel Adams associated?",Photography,Art,Fine Arts,Knoxville Catholic High School vs Oliver Springs High School (Walker's team),Walker,Oliver Springs High School (Walker's team),Incorrect,James,Knoxville Catholic High School,Incorrect,Missed,0,None given,1,,Walker said abstract; James said postmodernism,
S40 E29,Round 1,Tossup,43,The speed of sound through water is approximately how many feet per second?,"About 4,800 feet per second",Science,Science & Technology,Knoxville Catholic High School vs Oliver Springs High School (Walker's team),Bryan,Oliver Springs High School (Walker's team),Incorrect,Nate,Knoxville Catholic High School,Incorrect,Missed,0,None given,1,,Bryan said ten; Nate said about 140,
S40 E29,Round 1,Tossup,44,The Pequod began its fateful journey from Nantucket on Christmas Day in search of which specific sea creature?,Moby Dick,Literature,Language Arts,Knoxville Catholic High School vs Oliver Springs High School (Walker's team),,Oliver Springs High School (Walker's team),Incorrect,James,Knoxville Catholic High School,Incorrect,Missed,0,None given,1,,"Oliver Springs' buzzer is not named (said whale); James said ""the great whale""",
S40 E29,Round 1,Tossup,45,What is the shape of the graph of a quadratic equation?,A parabola,Math,Mathematics,Knoxville Catholic High School vs Oliver Springs High School (Walker's team),Walker,Oliver Springs High School (Walker's team),Incorrect,Nate,Knoxville Catholic High School,Correct,Correct,10,Knoxville Catholic High School,1,,"Walker's answer was garbled (""slope"")",
S40 E29,Round 1,Bonus,45,"A rectangular solid has a length of eight inches, a width of six inches and a height of three inches. What is its total volume?",144 cubic inches,Math,Mathematics,Knoxville Catholic High School vs Oliver Springs High School (Walker's team),,Knoxville Catholic High School,Correct,,,,Correct,20,Knoxville Catholic High School,1,,the game ended after this bonus,
S40 E30,Round 1,Tossup,1,Which sport awards the Davis Cup?,Tennis,Sports,General & Visual,West Ridge High School (Hunter's team) vs J. Frank White Academy (Shashi's team),Shashi,J. Frank White Academy (Shashi's team),Correct,,,,Correct,10,J. Frank White Academy (Shashi's team),1,,,
S40 E30,Round 1,Bonus,1,Part 1: What is the term for the score that an expert golfer would be expected to make for a given hole? | Part 2: What is the term for the closely mown area of a golf course between the tee and the green?,Part 1: Par | Part 2: The fairway,Sports,General & Visual,West Ridge High School (Hunter's team) vs J. Frank White Academy (Shashi's team),,J. Frank White Academy (Shashi's team),Incorrect,,,,Missed,0,None given,2,,"the team said ""hole in one"" and ""the green""",
S40 E30,Round 1,Tossup,2,The sale of spinach soared 33% [because of the eating habits of which cartoon character?],Popeye,Economics,Social Studies,West Ridge High School (Hunter's team) vs J. Frank White Academy (Shashi's team),Shashi,J. Frank White Academy (Shashi's team),Correct,,,,Correct,10,J. Frank White Academy (Shashi's team),1,,the question is only partly captured,
S40 E30,Round 1,Bonus,2,A 2022 Tennessee law repealed an exemption that previously allowed employees with disabilities to be paid below what level?,The minimum wage,Economics,Social Studies,West Ridge High School (Hunter's team) vs J. Frank White Academy (Shashi's team),,J. Frank White Academy (Shashi's team),Correct,,,,Correct,20,J. Frank White Academy (Shashi's team),1,,,
S40 E30,Round 1,Tossup,3,What is the 14 letter word for a person who is 70 to 79 years old?,Septuagenarian,Vocabulary,Language Arts,West Ridge High School (Hunter's team) vs J. Frank White Academy (Shashi's team),Shashi,J. Frank White Academy (Shashi's team),Incorrect,Hunter,West Ridge High School (Hunter's team),Incorrect,Missed,0,None given,1,,"Shashi said octogenarian; Hunter said ""geriatric, maybe""",
S40 E30,Round 1,Tossup,4,Who discovered important implications for the measurement of time intervals when he saw that the period of swing of a pendulum is independent of its amplitude?,Galileo,Science,Science & Technology,West Ridge High School (Hunter's team) vs J. Frank White Academy (Shashi's team),Shashi,J. Frank White Academy (Shashi's team),Correct,,,,Correct,10,J. Frank White Academy (Shashi's team),1,,,
S40 E30,Round 1,Bonus,4,"Who is the Serbian-American inventor and engineer shown here, best known for his contributions to the design of the modern alternating current electricity supply system?",Nikola Tesla,Visual,General & Visual,West Ridge High School (Hunter's team) vs J. Frank White Academy (Shashi's team),,J. Frank White Academy (Shashi's team),Correct,,,,Correct,20,J. Frank White Academy (Shashi's team),1,,,
S40 E30,Round 1,Tossup,5,Two consecutive angles of a parallelogram are 2x and 3x. What is the measure of the smaller angle?,72 degrees,Geometry,Mathematics,West Ridge High School (Hunter's team) vs J. Frank White Academy (Shashi's team),Shashi,J. Frank White Academy (Shashi's team),Correct,,,,Correct,10,J. Frank White Academy (Shashi's team),1,,,
S40 E30,Round 1,Bonus,5,"As decimals, what are the next two terms of the geometric sequence 80, 40, 20, 10, 5, ...?",2.5 and 1.25,Geometry,Mathematics,West Ridge High School (Hunter's team) vs J. Frank White Academy (Shashi's team),,J. Frank White Academy (Shashi's team),Correct,,,,Correct,20,J. Frank White Academy (Shashi's team),1,,,
S40 E30,Round 1,Tossup,6,What type of dance music that originated in Argentina and Uruguay was influenced by both regional folk music and European classical dance music and is composed in the easily danceable time signatures of 4/4 and 2/4?,Tango,Music,Fine Arts,West Ridge High School (Hunter's team) vs J. Frank White Academy (Shashi's team),Shashi,J. Frank White Academy (Shashi's team),Correct,,,,Correct,10,J. Frank White Academy (Shashi's team),1,,,
S40 E30,Round 1,Bonus,6,"Part 1: Who is considered the Queen of Soul and sang ""Freeway of Love"" and ""Respect""? | Part 2: Who wrote the song ""Respect,"" which Aretha Franklin made famous?",Part 1: Aretha Franklin | Part 2: Otis Redding,Music,Fine Arts,West Ridge High School (Hunter's team) vs J. Frank White Academy (Shashi's team),,J. Frank White Academy (Shashi's team),Partial,,,,Partial,10,J. Frank White Academy (Shashi's team),2,,the team said Louis Armstrong for Part 2,
S40 E30,Round 1,Tossup,7,Who was the first English adventurer to explore and map the Chesapeake Bay and help establish the English colony in North America in the early 17th century?,John Smith,History,Social Studies,West Ridge High School (Hunter's team) vs J. Frank White Academy (Shashi's team),Troy,J. Frank White Academy (Shashi's team),Incorrect,Harrison,West Ridge High School (Hunter's team),Correct,Correct,10,West Ridge High School (Hunter's team),1,,Troy said Henry Hudson,
S40 E30,Round 1,Bonus,7,"Part 1: On April 30, 1789, George Washington took the oath of office as President of the United States. In what city? | Part 2: In 1793, George Washington took the oath for a second term. In what city?",Part 1: New York City | Part 2: Philadelphia,History,Social Studies,West Ridge High School (Hunter's team) vs J. Frank White Academy (Shashi's team),,West Ridge High School (Hunter's team),Partial,,,,Partial,10,West Ridge High School (Hunter's team),2,,Hunter was to answer or defer; the team said Philadelphia for Part 1,
S40 E30,Round 1,Tossup,8,How many lines are in a limerick?,Five,Literature,Language Arts,West Ridge High School (Hunter's team) vs J. Frank White Academy (Shashi's team),Shashi,J. Frank White Academy (Shashi's team),Correct,,,,Correct,10,J. Frank White Academy (Shashi's team),1,,,
S40 E30,Round 1,Bonus,8,Part 1: What is the poetry term for a two-line stanza? | Part 2: What is the term for a six-line stanza?,Part 1: Couplet | Part 2: Sestet,Literature,Language Arts,West Ridge High School (Hunter's team) vs J. Frank White Academy (Shashi's team),,J. Frank White Academy (Shashi's team),Correct,,,,Correct,20,J. Frank White Academy (Shashi's team),2,,"the team said ""sextet"" for Part 2 and the host accepted it",
S40 E30,Round 1,Tossup,9,What prominent constellation immediately northwest of Orion has a central part that looks like a large V and is depicted as a bull?,Taurus,Astronomy,Science & Technology,West Ridge High School (Hunter's team) vs J. Frank White Academy (Shashi's team),Shashi,J. Frank White Academy (Shashi's team),Incorrect,Nathan,West Ridge High School (Hunter's team),Incorrect,Missed,0,None given,1,,"Shashi said Andromeda; Nathan said the Big Dipper; the captions show ""bowl"" for bull",
S40 E30,Round 1,Tossup,10,What is the medical technique devised in China before 2500 B.C. in which needles are inserted into the skin?,Acupuncture,Health,Science & Technology,West Ridge High School (Hunter's team) vs J. Frank White Academy (Shashi's team),Shashi,J. Frank White Academy (Shashi's team),Correct,,,,Correct,10,J. Frank White Academy (Shashi's team),1,,,
S40 E30,Round 1,Bonus,10,"In 2022, a company was convicted and fined $85,000 after its factory negligently released what chemical, with the formula NH3, that is used in the process of freezing waffles?",Ammonia,Health,Science & Technology,West Ridge High School (Hunter's team) vs J. Frank White Academy (Shashi's team),,J. Frank White Academy (Shashi's team),Correct,,,,Correct,20,J. Frank White Academy (Shashi's team),1,,,
S40 E30,Round 1,Tossup,11,What type of zoning ensures that businesses are located in appropriate areas?,Commercial zoning,Architecture,Fine Arts,West Ridge High School (Hunter's team) vs J. Frank White Academy (Shashi's team),Troy,J. Frank White Academy (Shashi's team),Correct,,,,Correct,10,J. Frank White Academy (Shashi's team),1,,,
S40 E30,Round 1,Bonus,11,Which Greek architectural order has a capital decorated with carvings of acanthus leaves?,Corinthian,Architecture,Fine Arts,West Ridge High School (Hunter's team) vs J. Frank White Academy (Shashi's team),,J. Frank White Academy (Shashi's team),Incorrect,,,,Missed,0,None given,1,,"team said ""Athens""",
S40 E30,Round 1,Tossup,12,The length of a U.S. senator's term is how many times as long as that of a member of the U.S. House?,Three times,Government,Social Studies,West Ridge High School (Hunter's team) vs J. Frank White Academy (Shashi's team),Harrison,West Ridge High School (Hunter's team),Incorrect,Troy,J. Frank White Academy (Shashi's team),Correct,Correct,10,J. Frank White Academy (Shashi's team),1,,Harrison said four,
S40 E30,Round 1,Bonus,12,Name the four U.S. presidents who did not make any nominations for Supreme Court appointments because there were no vacancies while they were in office.,"William Henry Harrison, Zachary Taylor, Andrew Johnson and Jimmy Carter",Government,Social Studies,West Ridge High School (Hunter's team) vs J. Frank White Academy (Shashi's team),,J. Frank White Academy (Shashi's team),Partial,,,,Partial,5,J. Frank White Academy (Shashi's team),1,Yes,"the host awarded five points; the team named Tyler, Benjamin Harrison, Obama, Johnson, Jackson and later Tyler, Andrew Johnson and Jimmy Carter, and the captions are unclear about which names counted (the host said ""five points for Andrew Johnson"" and named William Henry Harrison and Zachary Taylor as the ones missed) (captions lines 17276-17292)","Yes, three times longer and a government bonus. / Name the four U.S. presidents who did not make any nominations for Supreme Court appointments as there were no vacancies while they were in office. / Tyler Obama. / No, not Nova. / Tyler. / Benjamin Harrison, Obama, Johnson and Jackson. / And Obama does not answer. / Tyler, Benjamin Harrison Johnson and Jackson. / And more on Johnson and Jackson. / Yeah, and Andrew Jackson. / You get five points for Andrew Johnson. / It was William Henry Harrison. / Zachary Taylor. / You said Tyler, Andrew Johnson and Jimmy Carter. / So five points there. / Toss up now in English. / What four letter word is a synonym for reverberate Shashi, echo."
S40 E30,Round 1,Tossup,13,What four letter word is a synonym for reverberate?,Echo,English,Language Arts,West Ridge High School (Hunter's team) vs J. Frank White Academy (Shashi's team),Shashi,J. Frank White Academy (Shashi's team),Correct,,,,Correct,10,J. Frank White Academy (Shashi's team),1,,,
S40 E30,Round 1,Bonus,13,Fran's new car turned out to be a lemon is an example of what type of figurative speech?,A metaphor,English,Language Arts,West Ridge High School (Hunter's team) vs J. Frank White Academy (Shashi's team),,J. Frank White Academy (Shashi's team),Incorrect,,,,Missed,0,None given,1,,"team said ""hyperbole"" and ""idiom""",
S40 E30,Round 1,Tossup,14,Which atomic particle is made up of one up quark and two down quarks?,The neutron,Physics,Science & Technology,West Ridge High School (Hunter's team) vs J. Frank White Academy (Shashi's team),Shashi,J. Frank White Academy (Shashi's team),Incorrect,Hunter,West Ridge High School (Hunter's team),Incorrect,Missed,0,None given,1,,Shashi said proton; Hunter said electron,
S40 E30,Round 1,Tossup,15,Divide 144 by 0.12.,"1,200",Math,Mathematics,West Ridge High School (Hunter's team) vs J. Frank White Academy (Shashi's team),,J. Frank White Academy (Shashi's team),Correct,,,,Correct,10,J. Frank White Academy (Shashi's team),1,,buzzer not named; J. Frank White Academy from the visual bonus,
S40 E30,Round 1,Bonus,15,What is the correct change from a $100 bill for a meal costing $78.26?,$21.74,Visual,General & Visual,West Ridge High School (Hunter's team) vs J. Frank White Academy (Shashi's team),,J. Frank White Academy (Shashi's team),Correct,,,,Correct,20,J. Frank White Academy (Shashi's team),1,,the team first said 22.74 and corrected itself,
S40 E30,Round 1,Tossup,16,Name the pillar of Islam that is described as sincerely reciting the Muslim profession of faith.,The shahada,Religion,Religion & Mythology,West Ridge High School (Hunter's team) vs J. Frank White Academy (Shashi's team),Shashi,J. Frank White Academy (Shashi's team),Incorrect,Hunter,West Ridge High School (Hunter's team),Incorrect,Missed,0,None given,1,,Shashi said hajj; Hunter's answer is not captured,
S40 E30,Round 1,Tossup,17,In what deal did the U.S. acquire the land that became the state of Arkansas?,The Louisiana Purchase,Geography,Social Studies,West Ridge High School (Hunter's team) vs J. Frank White Academy (Shashi's team),Shashi,J. Frank White Academy (Shashi's team),Correct,,,,Correct,10,J. Frank White Academy (Shashi's team),1,,,
S40 E30,Round 1,Bonus,17,Part 1: Which dam on the border of Nevada and Arizona created the largest reservoir in the United States? | Part 2: What is the name of the reservoir?,Part 1: Hoover Dam | Part 2: Lake Mead,Geography,Social Studies,West Ridge High School (Hunter's team) vs J. Frank White Academy (Shashi's team),,J. Frank White Academy (Shashi's team),Correct,,,,Correct,20,J. Frank White Academy (Shashi's team),2,,,
S40 E30,Round 1,Tossup,18,"What is the English translation of the German phrase ""Guten Tag""?",Good afternoon,Foreign Language,Foreign Language,West Ridge High School (Hunter's team) vs J. Frank White Academy (Shashi's team),Shashi,J. Frank White Academy (Shashi's team),Incorrect,,Unknown,Incorrect,Missed,0,None given,1,Yes,"the captions show ""Guten Abend"" for the phrase (probably garbled) and a confusing exchange: Shashi said ""good evening"", a steal attempt said ""goodnight"", and the host said ""It's good afternoon""; no bonus followed, so both attempts are treated as wrong (captions lines 17315-17324)","Also read 20 points Toss up in foreign language. / What does the English translation of the German phrase? / Guten Abend. / Shashi, good evening. / No chance to steal, right? / Goodnight. / It's good afternoon. / It's what I was saying there. / Toss up now in biology. / What animals are classified as Chiroptera, the second largest order of mammals, Shashi, vertebrates."
S40 E30,Round 1,Tossup,19,"What animals are classified as Chiroptera, the second largest order of mammals?",Bats,Biology,Science & Technology,West Ridge High School (Hunter's team) vs J. Frank White Academy (Shashi's team),Shashi,J. Frank White Academy (Shashi's team),Incorrect,,,,Missed,0,None given,1,,Shashi said vertebrates; no West Ridge answer captured,
S40 E30,Round 1,Tossup,20,"What Knoxville-based comedian, currently on her nationwide ""Just Getting Started"" tour, released her first Netflix special titled ""I'm Every Woman"" in April 2023?",Leanne Morgan,Art,Fine Arts,West Ridge High School (Hunter's team) vs J. Frank White Academy (Shashi's team),Shashi,J. Frank White Academy (Shashi's team),Incorrect,,,,Missed,0,None given,1,,Shashi said Kelsea Ballerini; no West Ridge answer captured,
S40 E30,Round 1,Tossup,21,What racket or paddle sport can be played indoors or outdoors with two or four players hitting a hollow plastic ball?,Pickleball,Games,General & Visual,West Ridge High School (Hunter's team) vs J. Frank White Academy (Shashi's team),Harrison,West Ridge High School (Hunter's team),Correct,,,,Correct,10,West Ridge High School (Hunter's team),1,,,
S40 E30,Round 1,Bonus,21,"What Xbox-exclusive first-person shooter game introduced the artificial intelligence character Cortana, who provides tactical information to the main character Master Chief and whom Microsoft also used as the basis for its Windows virtual assistant?",Halo,Games,General & Visual,West Ridge High School (Hunter's team) vs J. Frank White Academy (Shashi's team),,West Ridge High School (Hunter's team),Correct,,,,Correct,20,West Ridge High School (Hunter's team),1,,,
S40 E30,Round 1,Tossup,22,"From approximately 1716 until his death in 1718, Edward Teach was a feared pirate known as what?",Blackbeard,History,Social Studies,West Ridge High School (Hunter's team) vs J. Frank White Academy (Shashi's team),,Unknown,Correct,,,,Correct,10,Unknown,1,Yes,buzzer and team not identified in captions (the host said he was stumbling over the question and the player answered before being called on); team not identified in captions (captions lines 17333-17338),"Harrison Pickleball Yeah, that's right A hollow plastic ball bonus and games for Westridge what X-Box exclusive first person shooter game introduced the artificial intelligence character Cortana who provides tactical information to the main character Master Chief and who Microsoft also used as the basis for its Windows Virtual Assistant. / Halo is right 20 points passive in history from proximately 1716 until his death in 1718. / Edward Teach was a feared pirate. / Yeah, I'm actually I'm calling all the way there. / I'm stumbling a little bit but yes Blackbeard and world history is your bonus. / Euclid is considered to be the father of which branch of mathematics?"
S40 E30,Round 1,Bonus,22,Euclid is considered to be the father of which branch of mathematics?,Geometry,World History,Social Studies,West Ridge High School (Hunter's team) vs J. Frank White Academy (Shashi's team),,Unknown,Correct,,,,Correct,20,Unknown,1,Yes,team not identified in captions (captions lines 17337-17341),I'm stumbling a little bit but yes Blackbeard and world history is your bonus. / Euclid is considered to be the father of which branch of mathematics? / Geometry. / Geometry is right for 20 plus up now in literature. / What was the title of the 23 page pamphlet written in 1848 by Karl Marx and Friedrich Engels?
S40 E30,Round 1,Tossup,23,What was the title of the 23 page pamphlet written in 1848 by Karl Marx and Friedrich Engels?,The Communist Manifesto,Literature,Language Arts,West Ridge High School (Hunter's team) vs J. Frank White Academy (Shashi's team),,J. Frank White Academy (Shashi's team),Correct,,,,Correct,10,J. Frank White Academy (Shashi's team),1,,"buzzer not named; J. Frank White Academy is inferred from the host's remark after the bonus that ""you guys are showing off trying to run up the scores""",
S40 E30,Round 1,Bonus,23,"Part 1: What influential American writer who would go on to write Cat's Cradle and Breakfast of Champions received Army training at the University of Tennessee in Knoxville in 1943? | Part 2: After being captured during the Battle of the Bulge, Vonnegut was imprisoned in an underground meat locker in Dresden, which was the inspiration for which of his novels?",Part 1: Kurt Vonnegut | Part 2: Slaughterhouse-Five,Literature,Language Arts,West Ridge High School (Hunter's team) vs J. Frank White Academy (Shashi's team),,J. Frank White Academy (Shashi's team),Partial,,,,Partial,10,J. Frank White Academy (Shashi's team),2,,the team said Cormac McCarthy for Part 1; the first half ended after this bonus,
S40 E30,Round 1,Tossup,24,Which branch of geological science is the study of the earth by quantitative physical methods and the relations between the physical features of the Earth and the forces that produce them?,Geophysics,Geology,Science & Technology,West Ridge High School (Hunter's team) vs J. Frank White Academy (Shashi's team),Troy,J. Frank White Academy (Shashi's team),Incorrect,Harrison,West Ridge High School (Hunter's team),Incorrect,Missed,0,None given,1,,"Troy said seismology; Harrison said ""geology""",
S40 E30,Round 1,Tossup,25,"What is the absolute value of the expression 4 + 3i, where i is the imaginary unit?",5,Algebra,Mathematics,West Ridge High School (Hunter's team) vs J. Frank White Academy (Shashi's team),Shashi,J. Frank White Academy (Shashi's team),Incorrect,Hunter,West Ridge High School (Hunter's team),Incorrect,Missed,0,None given,1,,both said seven,
S40 E30,Round 1,Tossup,26,"What does the Italian musical term ""adagio"" mean?",Slow (stately),Music,Fine Arts,West Ridge High School (Hunter's team) vs J. Frank White Academy (Shashi's team),Shashi,J. Frank White Academy (Shashi's team),Incorrect,Hunter,West Ridge High School (Hunter's team),Correct,Correct,10,West Ridge High School (Hunter's team),1,,Shashi said faster,
S40 E30,Round 1,Bonus,26,"What is the major key, for an instrument like a piano, when the key signature has no sharps or flats?",C major,Music,Fine Arts,West Ridge High School (Hunter's team) vs J. Frank White Academy (Shashi's team),,West Ridge High School (Hunter's team),Incorrect,,,,Missed,0,None given,1,,"team said ""natural""",
S40 E30,Round 1,Tossup,27,"The 1880s economic boom in the Amazon basin was fueled by what ""black gold"" that was not oil?",Rubber,Economics,Social Studies,West Ridge High School (Hunter's team) vs J. Frank White Academy (Shashi's team),,Unknown,Correct,,,,Correct,10,Unknown,1,Yes,buzzer and team not identified in captions; team not identified in captions (captions lines 17396-17398),"No points on that toss up in economics, the 1880s economic boom in the Amazon basin was fueled by rubber black gold that was not oil. / An economics bonus. / What car company is the manufacturer of the supra RAV4 and Prius models?"
S40 E30,Round 1,Bonus,27,"What car company is the manufacturer of the Supra, RAV4 and Prius models?",Toyota,Economics,Social Studies,West Ridge High School (Hunter's team) vs J. Frank White Academy (Shashi's team),,Unknown,Correct,,,,Correct,20,Unknown,1,Yes,team not identified in captions (captions lines 17397-17400),An economics bonus. / What car company is the manufacturer of the supra RAV4 and Prius models? / Toyota is right. / For 20 years I've been spelling a written word that cannot be read or deciphered.
S40 E30,Round 1,Tossup,28,"A written word that cannot be read or deciphered is illegible. Spell ""illegible.""",I-L-L-E-G-I-B-L-E,Spelling,Language Arts,West Ridge High School (Hunter's team) vs J. Frank White Academy (Shashi's team),Shashi,J. Frank White Academy (Shashi's team),Incorrect,,,,Missed,0,None given,1,,Shashi spelled it I-L-L-I-G-I-B-L-E; the host did not allow a West Ridge steal because the players were looking at each other's papers,
S40 E30,Round 1,Tossup,29,What part of the body do podiatrists treat?,The foot,Health,Science & Technology,West Ridge High School (Hunter's team) vs J. Frank White Academy (Shashi's team),,Unknown,Correct,,,,Correct,10,Unknown,1,Yes,buzzer and team not identified in captions; team not identified in captions (captions lines 17404-17409),"So unfortunately, it's a I L L E G I B L E no points on the spelling tossup in health. / What part of the body do podiatrists treat foot? / Yes. / And a visual bonus in health. / Look at the screen, please. / In the human body, what are the largest and thickest bones seen here that articulate proximately with the pelvic bone and distally interact with the patella and the proximal aspects of the tibia femur is right for 20 toss up."
S40 E30,Round 1,Bonus,29,"In the human body, what are the largest and thickest bones seen here that articulate proximally with the pelvic bone and distally interact with the patella and the proximal aspect of the tibia?",The femur,Visual,General & Visual,West Ridge High School (Hunter's team) vs J. Frank White Academy (Shashi's team),,Unknown,Correct,,,,Correct,20,Unknown,1,Yes,team not identified in captions (captions lines 17409-17410),"In the human body, what are the largest and thickest bones seen here that articulate proximately with the pelvic bone and distally interact with the patella and the proximal aspects of the tibia femur is right for 20 toss up. / Now in literature, in the children's book Charlotte's Web, what was the name of the pig?"
S40 E30,Round 1,Tossup,30,"In the children's book Charlotte's Web, what was the name of the pig?",Wilbur,Literature,Language Arts,West Ridge High School (Hunter's team) vs J. Frank White Academy (Shashi's team),Harrison,West Ridge High School (Hunter's team),Correct,,,,Correct,10,West Ridge High School (Hunter's team),1,,,
S40 E30,Round 1,Bonus,30,"Part 1: A British author's opinion column about her top ten favorite aunts in literature includes what character who was a sister to Lily Potter and who, along with her husband Vernon, allowed Harry to live in the cupboard under their stairs? | Part 2: What was the name of Petunia's son, who is Harry's cousin?",Part 1: Petunia Dursley | Part 2: Dudley Dursley,Literature,Language Arts,West Ridge High School (Hunter's team) vs J. Frank White Academy (Shashi's team),,West Ridge High School (Hunter's team),Correct,,,,Correct,20,West Ridge High School (Hunter's team),2,,,
S40 E30,Round 1,Tossup,31,"From the Batman comics, which character's alter ego is Harvey Dent?",Two-Face,Miscellaneous,General & Visual,West Ridge High School (Hunter's team) vs J. Frank White Academy (Shashi's team),,,No Buzz,,,,Missed,0,None given,1,,nobody answered; the host gave the answer,
S40 E30,Round 1,Tossup,32,"In what country is Neuschwanstein, a 19th century historical palace?",Germany,Geography,Social Studies,West Ridge High School (Hunter's team) vs J. Frank White Academy (Shashi's team),Shashi,J. Frank White Academy (Shashi's team),Correct,,,,Correct,10,J. Frank White Academy (Shashi's team),1,,,
S40 E30,Round 1,Bonus,32,Which two countries border the Dead Sea?,Israel and Jordan,Geography,Social Studies,West Ridge High School (Hunter's team) vs J. Frank White Academy (Shashi's team),Troy,J. Frank White Academy (Shashi's team),Incorrect,,,,Missed,0,None given,1,,the team said Saudi Arabia and Eritrea,
S40 E30,Round 1,Tossup,33,What term describes words of two languages that have almost the same spelling and the same meaning?,Cognates,Vocabulary,Language Arts,West Ridge High School (Hunter's team) vs J. Frank White Academy (Shashi's team),Shashi,J. Frank White Academy (Shashi's team),Incorrect,,,,Missed,0,None given,1,,"Shashi said ""conjugate""; no West Ridge answer captured",
S40 E30,Round 1,Tossup,34,What is the chemical formula for sulfur hexafluoride?,SF6,Chemistry,Science & Technology,West Ridge High School (Hunter's team) vs J. Frank White Academy (Shashi's team),Shashi,J. Frank White Academy (Shashi's team),Incorrect,,,,Missed,0,None given,1,,Shashi said SH6F; the captions show the host giving SF6 and no West Ridge answer,
S40 E30,Round 1,Tossup,35,Change 324 base five into a base ten number.,89,Math,Mathematics,West Ridge High School (Hunter's team) vs J. Frank White Academy (Shashi's team),,,No Buzz,,,,Missed,0,None given,1,,nobody answered (the host noted the players could not look at each other); the host gave 89,
S40 E30,Round 1,Tossup,36,Who became the first Christian martyr when he was stoned to death in 36 A.D.?,Stephen,Religion,Religion & Mythology,West Ridge High School (Hunter's team) vs J. Frank White Academy (Shashi's team),Stephen,J. Frank White Academy (Shashi's team),Correct,,,,Correct,10,J. Frank White Academy (Shashi's team),1,,"the captions repeat ""Stephen"" several times; the buzzer appears to be J. Frank White's Stephen answering ""Stephen""",
S40 E30,Round 1,Bonus,36,"According to Catholic tradition, where do the souls of those who have died undergo purification before they enter heaven?",Purgatory,Religion,Religion & Mythology,West Ridge High School (Hunter's team) vs J. Frank White Academy (Shashi's team),,J. Frank White Academy (Shashi's team),Correct,,,,Correct,20,J. Frank White Academy (Shashi's team),1,,,
S40 E30,Round 1,Tossup,37,"Sometimes a name is listed as ""a.k.a."" What does a.k.a. stand for?",Also known as,Government,Social Studies,West Ridge High School (Hunter's team) vs J. Frank White Academy (Shashi's team),Shashi,J. Frank White Academy (Shashi's team),Correct,,,,Correct,10,J. Frank White Academy (Shashi's team),1,,,
S40 E30,Round 1,Bonus,37,"On its 1976 bicentennial series of state flags, the U.S. Postal Service made what error on the Tennessee stamp seen here?",The stars in the middle were upside down,Visual,General & Visual,West Ridge High School (Hunter's team) vs J. Frank White Academy (Shashi's team),,J. Frank White Academy (Shashi's team),Incorrect,,,,Missed,0,None given,1,,the team said the stripe was on the wrong side,
S40 E30,Round 1,Tossup,38,What is the official language in Niger?,French,Foreign Language,Foreign Language,West Ridge High School (Hunter's team) vs J. Frank White Academy (Shashi's team),Shashi,J. Frank White Academy (Shashi's team),Correct,,,,Correct,10,J. Frank White Academy (Shashi's team),1,,,
S40 E30,Round 1,Bonus,38,In what two countries is the Urdu language spoken?,Pakistan and India,Foreign Language,Foreign Language,West Ridge High School (Hunter's team) vs J. Frank White Academy (Shashi's team),,J. Frank White Academy (Shashi's team),Partial,,,,Partial,10,J. Frank White Academy (Shashi's team),1,,the team said Pakistan and Afghanistan,
S40 E30,Round 1,Tossup,39,"On a Windows computer, what is the function of the keyboard shortcut Control+Z?",Undo,Technology,Science & Technology,West Ridge High School (Hunter's team) vs J. Frank White Academy (Shashi's team),Troy,J. Frank White Academy (Shashi's team),Incorrect,Harrison,West Ridge High School (Hunter's team),Incorrect,Missed,0,None given,1,,Troy said copy; Harrison said backspace,
S40 E30,Round 1,Tossup,40,What is the collective name for compounds that are made up of only carbon and hydrogen?,Hydrocarbons,Chemistry,Science & Technology,West Ridge High School (Hunter's team) vs J. Frank White Academy (Shashi's team),Shashi,J. Frank White Academy (Shashi's team),Incorrect,,,,Missed,0,None given,1,,"the host said Shashi's answer ""hydrocarbons"" was right but the time had been called, so no points",
S40 E30,Round 1,Tossup,41,"In American football, how many points are awarded for a field goal?",Three,Sports,General & Visual,West Ridge High School (Hunter's team) vs J. Frank White Academy (Shashi's team),Hunter,West Ridge High School (Hunter's team),Correct,,,,Correct,10,West Ridge High School (Hunter's team),1,,,
S40 E30,Round 1,Bonus,41,Part 1: What is the team name for the athletic program at Yale University? | Part 2: What is the team name for the athletic program at the University of Pennsylvania?,Part 1: Bulldogs | Part 2: Quakers,Sports,General & Visual,West Ridge High School (Hunter's team) vs J. Frank White Academy (Shashi's team),Harrison,West Ridge High School (Hunter's team),Partial,,,,Partial,10,West Ridge High School (Hunter's team),2,,"Hunter deferred to Harrison, who said Falcons for Part 2",
S40 E30,Round 1,Tossup,42,The Civil War Battle of Antietam was fought in which state?,Maryland,U.S. History,Social Studies,West Ridge High School (Hunter's team) vs J. Frank White Academy (Shashi's team),Shashi,J. Frank White Academy (Shashi's team),Correct,,,,Correct,10,J. Frank White Academy (Shashi's team),1,,,
S40 E30,Round 1,Bonus,42,Part 1: Woodrow was President Wilson's middle name. What was his first name? | Part 2: What was the middle name of President Richard Nixon?,Part 1: Thomas | Part 2: Milhous,U.S. History,Social Studies,West Ridge High School (Hunter's team) vs J. Frank White Academy (Shashi's team),,J. Frank White Academy (Shashi's team),Incorrect,,,,Missed,0,None given,2,,"the team said Henry and Patrick Henry for Part 1 and ""none"" for Part 2",
S40 E30,Round 1,Tossup,43,Who was the mythological Roman god of freshwater and the sea and is a counterpart of the Greek Poseidon?,Neptune,Mythology,Religion & Mythology,West Ridge High School (Hunter's team) vs J. Frank White Academy (Shashi's team),,Unknown,Correct,,,,Correct,10,Unknown,1,Yes,buzzer and team not identified in captions; team not identified in captions (captions lines 17490-17494),"Toss up in mythology, who was the mythological Roman god of Freshwater and the Sea and is a counterpart of the mythological Stephen Neptune. / Yeah. / Gotcha. / And a bonus in mythology. / What mythological Greek demi god of the deep sea was the son of Poseidon and represented as a merman."
S40 E30,Round 1,Bonus,43,What mythological Greek demigod of the deep sea was the son of Poseidon and represented as a merman?,Triton,Mythology,Religion & Mythology,West Ridge High School (Hunter's team) vs J. Frank White Academy (Shashi's team),,Unknown,Correct,,,,Correct,20,Unknown,1,Yes,team not identified in captions (captions lines 17493-17495),And a bonus in mythology. / What mythological Greek demi god of the deep sea was the son of Poseidon and represented as a merman. / Triton is right 20 plus up in biology which phylum of animals have a no record dorsal nerve cord and pharyngeal slits at some point in their development then fish that you can steal Westridge Nathan Nematodes.
S40 E30,Round 1,Tossup,44,"Which phylum of animals has a notochord, a dorsal nerve cord and pharyngeal slits at some point in their development?",Chordata,Biology,Science & Technology,West Ridge High School (Hunter's team) vs J. Frank White Academy (Shashi's team),,J. Frank White Academy (Shashi's team),Incorrect,Nathan,West Ridge High School (Hunter's team),Incorrect,Missed,0,None given,1,,J. Frank White's buzzer is not named (said fish); Nathan said nematodes,
S40 E30,Round 1,Tossup,45,Find the area of a triangle with a base of 14 feet and an altitude of nine feet.,63 square feet,Geometry,Mathematics,West Ridge High School (Hunter's team) vs J. Frank White Academy (Shashi's team),Shashi,J. Frank White Academy (Shashi's team),Correct,,,,Correct,10,J. Frank White Academy (Shashi's team),1,,,
S40 E30,Round 1,Bonus,45,"The area of a triangle is 48 square feet. If its base is 12 feet, what is the length of the height to that base?",8 feet,Geometry,Mathematics,West Ridge High School (Hunter's team) vs J. Frank White Academy (Shashi's team),,J. Frank White Academy (Shashi's team),Correct,,,,Correct,20,J. Frank White Academy (Shashi's team),1,,,
S40 E30,Round 1,Tossup,46,What modern instrument is the successor to the clavichord and harpsichord?,The piano,Music,Fine Arts,West Ridge High School (Hunter's team) vs J. Frank White Academy (Shashi's team),Shashi,J. Frank White Academy (Shashi's team),Correct,,,,Correct,10,J. Frank White Academy (Shashi's team),1,,,
S40 E30,Round 1,Bonus,46,"Part 1: What does the musical term ""poco a poco"" mean? | Part 2: What does the musical term ""staccato"" mean?","Part 1: Little by little | Part 2: Detached, short notes",Music,Fine Arts,West Ridge High School (Hunter's team) vs J. Frank White Academy (Shashi's team),,J. Frank White Academy (Shashi's team),Correct,,,,Correct,20,J. Frank White Academy (Shashi's team),2,,,
S40 E30,Round 1,Tossup,47,What chain of volcanic islands extends over 900 miles westward from the tip of the Alaskan peninsula and separates the Pacific Ocean from the Bering Sea?,The Aleutian Islands,Geography,Social Studies,West Ridge High School (Hunter's team) vs J. Frank White Academy (Shashi's team),,J. Frank White Academy (Shashi's team),Incorrect,,,,Missed,0,None given,1,,J. Frank White's buzzer is not named (said the Ring of Fire); no West Ridge answer captured,
S40 E30,Round 1,Tossup,48,"What seven letter word, starting with A, is a synonym of forgive and also means to declare someone free from blame or guilt?",Absolve,Vocabulary,Language Arts,West Ridge High School (Hunter's team) vs J. Frank White Academy (Shashi's team),Shashi,J. Frank White Academy (Shashi's team),Incorrect,,,,Missed,0,None given,1,,Shashi said amnesty; no West Ridge answer captured,
S40 E30,Round 1,Tossup,49,Name the famous scientist who wrote The Interpretation of Dreams.,Sigmund Freud,Science,Science & Technology,West Ridge High School (Hunter's team) vs J. Frank White Academy (Shashi's team),,Unknown,Correct,,,,Correct,10,Unknown,1,Yes,buzzer and team not identified in captions; team not identified in captions (captions lines 17515-17519),"Chance to steal Westridge The seven letter word we're looking for there is absolve toss up in science. / Name the famous scientist who wrote the interpretation of dreams. / Sigmund Freud. / Correct. / In a science bonus, What is the name for the phenomenon?"
S40 E30,Round 1,Bonus,49,What is the name for the phenomenon when parts of the Pacific Ocean become warmer than usual and rising moist air currents are produced that affect weather patterns around the world?,El Niño,Science,Science & Technology,West Ridge High School (Hunter's team) vs J. Frank White Academy (Shashi's team),,Unknown,Incorrect,,,,Missed,0,None given,1,Yes,team said La Niña; team not identified in captions (captions lines 17519-17525),"In a science bonus, What is the name for the phenomenon? / When parts of the Pacific Ocean become warmer than usual and rising moist air currents are produced that affect weather patterns around the world? / And you don't like that? / La Nina? / No, it's the other one. / El Nino toss up in art. / What does the Renaissance mean in English?"
S40 E30,Round 1,Tossup,50,"What does the word ""Renaissance"" mean in English?",Rebirth,Art,Fine Arts,West Ridge High School (Hunter's team) vs J. Frank White Academy (Shashi's team),,J. Frank White Academy (Shashi's team),Incorrect,Harrison,West Ridge High School (Hunter's team),Correct,Correct,10,West Ridge High School (Hunter's team),1,,"J. Frank White's buzzer is not named (said ""a driven revolution"")",
S40 E30,Round 1,Bonus,50,"In 2023, the town of Shrewsbury, England, displayed surrealist sculptures by what Spanish artist, well known for his painting of softened solid objects inspired by seeing a piece of runny Camembert cheese melting in the sun?",Salvador Dalí,Art,Fine Arts,West Ridge High School (Hunter's team) vs J. Frank White Academy (Shashi's team),Hunter,West Ridge High School (Hunter's team),Incorrect,,,,Missed,0,None given,1,,Hunter said he had no idea; the game ended after this bonus,
S40 E31,Round 1,Tossup,1,What is the term limit for the vice president of the United States?,There is no term limit,Government,Social Studies,Roane County High School vs Science Hill High School (Emily's team),Lucas,Roane County High School,Incorrect,Emily,Science Hill High School (Emily's team),Incorrect,Missed,0,None given,1,,Lucas said four years; Emily said two terms,
S40 E31,Round 1,Tossup,2,"What is the eight letter word beginning with C for a long game in which players take turns throwing fabric beanbags at a raised, angled board?",Cornhole,Games,General & Visual,Roane County High School vs Science Hill High School (Emily's team),Nathan,Roane County High School,Correct,,,,Correct,10,Roane County High School,1,,,
S40 E31,Round 1,Bonus,2,"What childhood game is similar to hide and seek, but all players can be freed if someone knocks over an item with their foot?",Kick the Can,Games,General & Visual,Roane County High School vs Science Hill High School (Emily's team),,Roane County High School,Incorrect,,,,Missed,0,None given,1,,the team gave no answer,
S40 E31,Round 1,Tossup,3,What is the term that refers to a certain place in which a species normally lives and grows?,Habitat,Biology,Science & Technology,Roane County High School vs Science Hill High School (Emily's team),Isabella,Science Hill High School (Emily's team),Correct,,,,Correct,10,Science Hill High School (Emily's team),1,,the host reminded Isabella to wait to be called on,
S40 E31,Round 1,Bonus,3,Part 1: What is the branch of zoology concerned with the study of insects? | Part 2: What is the branch of zoology concerned with the study of reptiles and amphibians?,Part 1: Entomology | Part 2: Herpetology,Biology,Science & Technology,Roane County High School vs Science Hill High School (Emily's team),,Science Hill High School (Emily's team),Incorrect,,,,Missed,0,None given,2,,"the team said ""etymology"" for Part 1 and gave no answer for Part 2",
S40 E31,Round 1,Tossup,4,"What is the term for a comparison in literature beginning with the words ""like"" or ""as""?",A simile,Literature,Language Arts,Roane County High School vs Science Hill High School (Emily's team),Lucas,Roane County High School,Correct,,,,Correct,10,Roane County High School,1,,,
S40 E31,Round 1,Bonus,4,"Who at age 16 made satirical comments on Boston society, politics and religion using the name Silence Dogood?",Benjamin Franklin,Literature,Language Arts,Roane County High School vs Science Hill High School (Emily's team),,Roane County High School,Correct,,,,Correct,20,Roane County High School,1,,,
S40 E31,Round 1,Tossup,5,"Simplify the expression (3 + 2i)(3 − 2i), where i is the imaginary unit.",13,Algebra,Mathematics,Roane County High School vs Science Hill High School (Emily's team),Lucas,Roane County High School,Correct,,,,Correct,10,Roane County High School,1,,,
S40 E31,Round 1,Bonus,5,Simplify the expression (2x + 7)(2x − 7).,4x² − 49,Algebra,Mathematics,Roane County High School vs Science Hill High School (Emily's team),,Roane County High School,Correct,,,,Correct,20,Roane County High School,1,,,
S40 E31,Round 1,Tossup,6,What document served as the United States' first Constitution from March 1781 to 1789?,The Articles of Confederation,U.S. History,Social Studies,Roane County High School vs Science Hill High School (Emily's team),Ethan,Roane County High School,Correct,,,,Correct,10,Roane County High School,1,,,
S40 E31,Round 1,Bonus,6,What famous journalist and orator argued for black suffrage in a speech delivered at the Massachusetts Anti-Slavery Society in Boston in August of 1841?,Frederick Douglass,U.S. History,Social Studies,Roane County High School vs Science Hill High School (Emily's team),,Roane County High School,Correct,,,,Correct,20,Roane County High School,1,,,
S40 E31,Round 1,Tossup,7,"During an October 2023 trip to Latin America, New York Mayor Eric Adams was given a private tour of what Catholic basilica in Mexico City that houses a cloak with an image of Mary?",The Basilica of Our Lady of Guadalupe,Religion,Religion & Mythology,Roane County High School vs Science Hill High School (Emily's team),,,No Buzz,,,,Missed,0,None given,1,,nobody answered; the host gave the answer,
S40 E31,Round 1,Tossup,8,How many milligrams are in one gram?,"1,000",Science,Science & Technology,Roane County High School vs Science Hill High School (Emily's team),Lucas,Roane County High School,Correct,,,,Correct,10,Roane County High School,1,,,
S40 E31,Round 1,Bonus,8,"Part 1: Who is the renowned theoretical physicist seen here, known for developing the theory of relativity and making important contributions to quantum mechanics? | Part 2: What is his mass-energy equivalence formula, which has been called the world's most famous equation?",Part 1: Albert Einstein | Part 2: E = mc²,Visual,General & Visual,Roane County High School vs Science Hill High School (Emily's team),,Roane County High School,Correct,,,,Correct,20,Roane County High School,2,,,
S40 E31,Round 1,Tossup,9,What is the 11 letter sociological term for the action of two or more individuals working together to achieve a common goal?,Cooperation,Vocabulary,Language Arts,Roane County High School vs Science Hill High School (Emily's team),,Science Hill High School (Emily's team),Correct,,,,Correct,10,Science Hill High School (Emily's team),1,,"buzzer not named (the host reminded the player to wait to be called on); Science Hill from the bonus (""for Emily to answer or defer"")",
S40 E31,Round 1,Bonus,9,Part 1: What word is used when a person's reputation is damaged by word of mouth? | Part 2: What word is used when a person's reputation is damaged in print?,Part 1: Slander | Part 2: Libel,Vocabulary,Language Arts,Roane County High School vs Science Hill High School (Emily's team),,Science Hill High School (Emily's team),Incorrect,,,,Missed,0,None given,2,,the team gave no answers and ran out of time,
S40 E31,Round 1,Tossup,10,What U.S. city has hosted the Winter Olympics twice?,"Lake Placid, New York",Sports,General & Visual,Roane County High School vs Science Hill High School (Emily's team),Emily,Science Hill High School (Emily's team),Incorrect,Nathan,Roane County High School,Incorrect,Missed,0,None given,1,,Emily said Beijing; Nathan said Nevada,
S40 E31,Round 1,Tossup,11,What is the common name of the demarcation that is roughly based on the meridian of 180 degrees longitude in the Pacific Ocean?,The International Date Line,Geography,Social Studies,Roane County High School vs Science Hill High School (Emily's team),Maddox,Roane County High School,Correct,,,,Correct,10,Roane County High School,1,,"the captions write ""International Dateline"" as one word",
S40 E31,Round 1,Bonus,11,Name the four U.S. states that begin with the letter I.,"Idaho, Illinois, Indiana and Iowa",Geography,Social Studies,Roane County High School vs Science Hill High School (Emily's team),Maddox,Roane County High School,Correct,,,,Correct,20,Roane County High School,1,,,
S40 E31,Round 1,Tossup,12,What style of humor involves exaggerated physical activity that exceeds the boundaries of normal physical comedy?,Slapstick,Miscellaneous,General & Visual,Roane County High School vs Science Hill High School (Emily's team),Ethan,Roane County High School,Correct,,,,Correct,10,Roane County High School,1,,"buzzer name read from ""Even"" (probably Ethan); Roane County from the order of play",
S40 E31,Round 1,Bonus,12,"In 2022, as part of a 150th anniversary celebration, the nonprofit partner of America's first national park sold an ""Inheritance Pass"" for $1,500, valid for a year, at which park in the year 2172?",Yellowstone,Miscellaneous,General & Visual,Roane County High School vs Science Hill High School (Emily's team),,Roane County High School,Correct,,,,Correct,20,Roane County High School,1,,,
S40 E31,Round 1,Tossup,13,"What is the term for the gigantic pieces of the Earth's crust and uppermost mantle, made up of oceanic crust and continental crust, whose slight movement might cause earthquakes?",Tectonic plates,Geology,Science & Technology,Roane County High School vs Science Hill High School (Emily's team),Lucas,Roane County High School,Incorrect,Emily,Science Hill High School (Emily's team),Correct,Correct,10,Science Hill High School (Emily's team),1,,"Lucas said continental plates (name read from ""Look"")",
S40 E31,Round 1,Bonus,13,Part 1: What five letter geological term that begins with the letter F is a fracture in a rock body along which one side has been displaced relative to the other? | Part 2: What four letter geological term that begins with the letter F is a drifting section of Arctic ice?,Part 1: Fault | Part 2: Floe,Geology,Science & Technology,Roane County High School vs Science Hill High School (Emily's team),,Science Hill High School (Emily's team),Partial,,,,Partial,10,Science Hill High School (Emily's team),2,,"the team said ""a fiord"" for Part 2",
S40 E31,Round 1,Tossup,14,"What is the official language in Tunisia, Morocco and Egypt?",Arabic,Foreign Language,Foreign Language,Roane County High School vs Science Hill High School (Emily's team),Hafsah,Science Hill High School (Emily's team),Correct,,,,Correct,10,Science Hill High School (Emily's team),1,,"the captions show ""after Arabic"" for ""Hafsah: Arabic""",
S40 E31,Round 1,Bonus,14,"Part 1: What commonly used German phrase means ""bless you""? | Part 2: What commonly used French phrase means ""that's life""?",Part 1: Gesundheit | Part 2: C'est la vie,Foreign Language,Foreign Language,Roane County High School vs Science Hill High School (Emily's team),,Science Hill High School (Emily's team),Correct,,,,Correct,20,Science Hill High School (Emily's team),2,,,
S40 E31,Round 1,Tossup,15,What is the quotient of 1.2 divided by 0.06?,20,Math,Mathematics,Roane County High School vs Science Hill High School (Emily's team),Lucas,Roane County High School,Correct,,,,Correct,10,Roane County High School,1,,,
S40 E31,Round 1,Bonus,15,"If 5 pounds of hamburger cost $18, what is the cost for 6 pounds of hamburger?",$21.60,Visual,General & Visual,Roane County High School vs Science Hill High School (Emily's team),,Roane County High School,Correct,,,,Correct,20,Roane County High School,1,,,
S40 E31,Round 1,Tossup,16,Which Native American is pictured on a gold dollar coin?,Sacagawea,Economics,Social Studies,Roane County High School vs Science Hill High School (Emily's team),Hafsah,Science Hill High School (Emily's team),Correct,,,,Correct,10,Science Hill High School (Emily's team),1,,"buzzer name read from ""Has the suckered you""",
S40 E31,Round 1,Bonus,16,Name the four C's of diamond quality.,"Cut, clarity, carat and color",Economics,Social Studies,Roane County High School vs Science Hill High School (Emily's team),,Science Hill High School (Emily's team),Incorrect,,,,Missed,0,None given,1,,"the team named things like ""compression"" and ""cinch"" and ran out of time",
S40 E31,Round 1,Tossup,17,"Grisaille is a method of painting, often on glass, using only shades of what color?",Gray,Art,Fine Arts,Roane County High School vs Science Hill High School (Emily's team),Nathan,Roane County High School,Incorrect,Hafsah,Science Hill High School (Emily's team),Incorrect,Missed,0,None given,1,,Nathan said blue; Hafsah said red,
S40 E31,Round 1,Tossup,18,"What pale fluid bathes tissues, maintains fluid balance and removes bacteria in the human body?",Lymph,Health,Science & Technology,Roane County High School vs Science Hill High School (Emily's team),,Roane County High School,Incorrect,,,,Missed,0,None given,1,,Roane County's buzzer is not named (said bile); no Science Hill answer captured,
S40 E31,Round 1,Tossup,19,"Who was the mythological Roman god of fire, including the fire of volcanoes, deserts, metalworking and the forge?",Vulcan,Mythology,Religion & Mythology,Roane County High School vs Science Hill High School (Emily's team),Lucas,Roane County High School,Incorrect,Emily,Science Hill High School (Emily's team),Incorrect,Missed,0,None given,1,,Lucas said Saturn; Emily said Hades,
S40 E31,Round 1,Tossup,20,"In what year was the 19th Amendment, giving women the right to vote, passed?",1920,Government,Social Studies,Roane County High School vs Science Hill High School (Emily's team),Emily,Science Hill High School (Emily's team),Correct,,,,Correct,10,Science Hill High School (Emily's team),1,,,
S40 E31,Round 1,Bonus,20,"In 2023, Panama announced a new effort to control migrants trying to reach the U.S. by way of the treacherous Darién Gap that interrupts which 19,000 mile system of roads?",The Pan-American Highway,Government,Social Studies,Roane County High School vs Science Hill High School (Emily's team),,Science Hill High School (Emily's team),Incorrect,,,,Missed,0,None given,1,,"team said ""the Transcontinental Road""",
S40 E31,Round 1,Tossup,21,"In February 1870, who became the first African American to serve in the U.S. Congress?",Hiram Rhodes Revels,U.S. History,Social Studies,Roane County High School vs Science Hill High School (Emily's team),,,No Buzz,,,,Missed,0,None given,1,,nobody answered; the host gave the answer,
S40 E31,Round 1,Tossup,22,What is a person's ability to identify and reproduce a musical note without reference to a tuned instrument?,Perfect pitch,Music,Fine Arts,Roane County High School vs Science Hill High School (Emily's team),Emily,Science Hill High School (Emily's team),Correct,,,,Correct,10,Science Hill High School (Emily's team),1,,,
S40 E31,Round 1,Bonus,22,Part 1: Which of the famous three B-named composers earned his living by playing the piano in dance halls? | Part 2: Which of the famous three B-named composers had fewer than a dozen of his compositions printed during his lifetime?,Part 1: Brahms | Part 2: Bach,Music,Fine Arts,Roane County High School vs Science Hill High School (Emily's team),,Science Hill High School (Emily's team),Incorrect,,,,Missed,0,None given,2,,the team said Beethoven for both,
S40 E31,Round 1,Tossup,23,What chemical compound is a gas that smells of rotten eggs?,Hydrogen sulfide (H2S),Chemistry,Science & Technology,Roane County High School vs Science Hill High School (Emily's team),Ethan,Roane County High School,Incorrect,Emily,Science Hill High School (Emily's team),Correct,Correct,10,Science Hill High School (Emily's team),1,,"Ethan's answer is garbled in the captions (""silver""); the host mentioned the formula H2S",
S40 E31,Round 1,Bonus,23,Part 1: What is the name of the test to determine if a substance is an acid or a base? | Part 2: What color does litmus paper turn if the substance is an acid?,Part 1: The litmus test | Part 2: Red,Chemistry,Science & Technology,Roane County High School vs Science Hill High School (Emily's team),,Science Hill High School (Emily's team),Correct,,,,Correct,20,Science Hill High School (Emily's team),2,,,
S40 E31,Round 1,Tossup,24,"A noncommissioned officer in the armed forces is a sergeant. Spell ""sergeant.""",S-E-R-G-E-A-N-T,Spelling,Language Arts,Roane County High School vs Science Hill High School (Emily's team),Ethan,Roane County High School,Incorrect,,,,Missed,0,None given,1,,Ethan spelled it S-E-A-R-G-E-A-N-T; time ran out before a steal and the first half ended,
S40 E31,Round 1,Tossup,25,"In the equation (x + 4)² + (y − 6)² = 49, what is the diameter of the circle?",14,Geometry,Mathematics,Roane County High School vs Science Hill High School (Emily's team),Lucas,Roane County High School,Correct,,,,Correct,10,Roane County High School,1,,,
S40 E31,Round 1,Bonus,25,Two angles are complementary with degree measures of 2x and 3x. What is the measure of the larger angle?,54 degrees,Geometry,Mathematics,Roane County High School vs Science Hill High School (Emily's team),,Roane County High School,Correct,,,,Correct,20,Roane County High School,1,,,
S40 E31,Round 1,Tossup,26,Which of the 50 U.S. states has more inland water than any other state?,Alaska,Geography,Social Studies,Roane County High School vs Science Hill High School (Emily's team),Hafsah,Science Hill High School (Emily's team),Incorrect,Lucas,Roane County High School,Correct,Correct,10,Roane County High School,1,,Hafsah said Michigan,
S40 E31,Round 1,Bonus,26,Part 1: What fort is located on Locust Point in Baltimore Harbor? | Part 2: In what war did Fort McHenry successfully defend against the British Navy?,Part 1: Fort McHenry | Part 2: The War of 1812,Geography,Social Studies,Roane County High School vs Science Hill High School (Emily's team),,Roane County High School,Correct,,,,Correct,20,Roane County High School,2,,,
S40 E31,Round 1,Tossup,27,Which religious tradition is most closely associated with Kabbalah?,Judaism,Religion,Religion & Mythology,Roane County High School vs Science Hill High School (Emily's team),Emily,Science Hill High School (Emily's team),Incorrect,,Roane County High School,Incorrect,Missed,0,None given,1,,Emily said Ramadan; Roane County's stealer is not named and said Hanukkah,
S40 E31,Round 1,Tossup,28,What simple machine is represented by a chisel?,A wedge,Physics,Science & Technology,Roane County High School vs Science Hill High School (Emily's team),,Unknown,Correct,,,,Correct,10,Unknown,1,Yes,buzzer and team not identified in captions; team not identified in captions (captions lines 16955-16957),"What simple machine is represented by a chisel after a wedge? / Correct. / In physics bonus, which component is used to convert one AC source into another AC source of different voltage and current a converter that's called a transformer."
S40 E31,Round 1,Bonus,28,Which component is used to convert one AC source into another AC source of different voltage and current?,A transformer,Physics,Science & Technology,Roane County High School vs Science Hill High School (Emily's team),,Unknown,Incorrect,,,,Missed,0,None given,1,Yes,team said a converter; team not identified in captions (captions lines 16957-16959),"In physics bonus, which component is used to convert one AC source into another AC source of different voltage and current a converter that's called a transformer. / So similar but not the same toss up for all players in literature. / Who is the only American poet to have been memorialized by a bust in the poet's corner of Westminster Abbey?"
S40 E31,Round 1,Tossup,29,Who is the only American poet to have been memorialized by a bust in the Poets' Corner of Westminster Abbey?,Henry Wadsworth Longfellow,Literature,Language Arts,Roane County High School vs Science Hill High School (Emily's team),Lucas,Roane County High School,Incorrect,Isabella,Science Hill High School (Emily's team),Incorrect,Missed,0,None given,1,,Lucas said Edgar Allan Poe; Isabella said Robert Frost,
S40 E31,Round 1,Tossup,30,"On a Windows computer, what is the function of the keyboard shortcut Control+Y?",Redo,Technology,Science & Technology,Roane County High School vs Science Hill High School (Emily's team),Nathan,Roane County High School,Correct,,,,Correct,10,Roane County High School,1,,,
S40 E31,Round 1,Bonus,30,"In 2023, a Moscow court tried to silence criticism of the Russian invasion online and restrict public access to information by fining the nonprofit foundation that runs which free, publicly edited online encyclopedia?",Wikipedia,Technology,Science & Technology,Roane County High School vs Science Hill High School (Emily's team),,Roane County High School,Correct,,,,Correct,20,Roane County High School,1,,,
S40 E31,Round 1,Tossup,31,In what year was the Magna Carta signed?,1215,History,Social Studies,Roane County High School vs Science Hill High School (Emily's team),,,No Buzz,,,,Missed,0,None given,1,,the buzzer sounded before anyone answered; the host gave the year,
S40 E31,Round 1,Tossup,32,Which architect designed the Solomon R. Guggenheim Museum's building on Fifth Avenue in New York City?,Frank Lloyd Wright,Architecture,Fine Arts,Roane County High School vs Science Hill High School (Emily's team),,,No Buzz,,,,Missed,0,None given,1,,nobody answered; the host gave the answer,
S40 E31,Round 1,Tossup,33,Topaz is to yellow as amethyst is to what?,Purple,Vocabulary,Language Arts,Roane County High School vs Science Hill High School (Emily's team),Emily,Science Hill High School (Emily's team),Incorrect,Nathan,Roane County High School,Correct,Correct,10,Roane County High School,1,,Emily said green,
S40 E31,Round 1,Bonus,33,"Part 1: The carved limestone image shown here is of Pharaoh Akhenaten and what queen, whose name translates to ""the beautiful woman has come""? | Part 2: Akhenaten changed his name from Amenhotep when he shifted away from Egypt's traditional religious belief system to what type of religion?",Part 1: Nefertiti | Part 2: Monotheism,Visual,General & Visual,Roane County High School vs Science Hill High School (Emily's team),,Roane County High School,Incorrect,,,,Missed,0,None given,2,,"the team said Cleopatra and Islam; the captions say ""Imhotep"" for Amenhotep",
S40 E31,Round 1,Tossup,34,The sum of twice a number and 14 is 32. What is the number?,9,Math,Mathematics,Roane County High School vs Science Hill High School (Emily's team),Lucas,Roane County High School,Correct,,,,Correct,10,Roane County High School,1,,,
S40 E31,Round 1,Bonus,34,"What is the next number in this sequence: 4, 16, 8, 32, 24, 96, ...?",88,Math,Mathematics,Roane County High School vs Science Hill High School (Emily's team),,Roane County High School,Incorrect,,,,Missed,0,None given,1,,the team ran out of time,
S40 E31,Round 1,Tossup,35,Paper money was invented in the seventh century. In what country?,China,Economics,Social Studies,Roane County High School vs Science Hill High School (Emily's team),Nathan,Roane County High School,Incorrect,Emily,Science Hill High School (Emily's team),Incorrect,Missed,0,None given,1,,Nathan said Egypt; Emily said Rome,
S40 E31,Round 1,Tossup,36,Which national park is known as the salamander capital of the world?,Great Smoky Mountains National Park,Science,Science & Technology,Roane County High School vs Science Hill High School (Emily's team),Maddox,Roane County High School,Correct,,,,Correct,10,Roane County High School,1,,,
S40 E31,Round 1,Bonus,36,"The polymerase chain reaction machine shown here is used to amplify certain nucleotide chains through a process involving temperature cycling, producing results commonly known as what phrase, used in fields such as forensics and genealogy?",DNA testing (genetic testing),Visual,General & Visual,Roane County High School vs Science Hill High School (Emily's team),,Roane County High School,Incorrect,,,,Missed,0,None given,1,,"the team said ""DNA fingerprint""",
S40 E31,Round 1,Tossup,37,"What instrument gets its name from the Italian word for small, little or young and is pitched one octave above a flute?",The piccolo,Music,Fine Arts,Roane County High School vs Science Hill High School (Emily's team),Nathan,Roane County High School,Correct,,,,Correct,10,Roane County High School,1,,,
S40 E31,Round 1,Bonus,37,"Part 1: In which state is Elvis Presley's birthplace? | Part 2: In which state is Elvis's mansion, Graceland?",Part 1: Mississippi | Part 2: Tennessee,Music,Fine Arts,Roane County High School vs Science Hill High School (Emily's team),,Roane County High School,Correct,,,,Correct,20,Roane County High School,2,,,
S40 E31,Round 1,Tossup,38,What is the term for plants that have seeds which develop within structures called ovaries?,Angiosperms,Biology,Science & Technology,Roane County High School vs Science Hill High School (Emily's team),,,No Buzz,,,,Missed,0,None given,1,,nobody answered; the host gave the answer,
S40 E31,Round 1,Tossup,39,"What does the Spanish expression ""Tengo dolor de cabeza"" translate to?",I have a headache,Foreign Language,Foreign Language,Roane County High School vs Science Hill High School (Emily's team),Emily,Science Hill High School (Emily's team),Correct,,,,Correct,10,Science Hill High School (Emily's team),1,,,
S40 E31,Round 1,Bonus,39,China passed laws in 2000 to standardize spoken and written language at the expense of regional dialects. Which language is now spoken by 80% of China's population?,Mandarin,Foreign Language,Foreign Language,Roane County High School vs Science Hill High School (Emily's team),,Science Hill High School (Emily's team),Correct,,,,Correct,20,Science Hill High School (Emily's team),1,,"the captions garble the example dialects (""Mongolian and Han"")",
S40 E31,Round 1,Tossup,40,"In Shakespeare's play, who was the wife of Othello?",Desdemona,Literature,Language Arts,Roane County High School vs Science Hill High School (Emily's team),,,No Buzz,,,,Missed,0,None given,1,,nobody answered; the host gave the answer,
S40 E31,Round 1,Tossup,41,What country is located between Nicaragua and Panama?,Costa Rica,Geography,Social Studies,Roane County High School vs Science Hill High School (Emily's team),,Science Hill High School (Emily's team),Incorrect,Nathan,Roane County High School,Correct,Correct,10,Roane County High School,1,,Science Hill's buzzer is not named (said Honduras),
S40 E31,Round 1,Bonus,41,Name four of the eight countries that contain land within the Arctic Circle.,"Any four of: Canada, Russia, Norway, Sweden, Finland, the United States, Greenland (Denmark), Iceland",Geography,Social Studies,Roane County High School vs Science Hill High School (Emily's team),,Roane County High School,Correct,,,,Correct,20,Roane County High School,1,,"the team named Canada, Russia, Norway and Sweden",
S40 E31,Round 1,Tossup,42,"What Louisiana-born comedian and host of the ""This Past Weekend"" podcast got his start on MTV's Road Rules and also won the title of fan favorite on Last Comic Standing?",Theo Von,Art,Fine Arts,Roane County High School vs Science Hill High School (Emily's team),,,No Buzz,,,,Missed,0,None given,1,,nobody answered; the host gave the answer,
S40 E31,Round 1,Tossup,43,Who discovered three laws that describe planetary motion?,Johannes Kepler,Astronomy,Science & Technology,Roane County High School vs Science Hill High School (Emily's team),Lucas,Roane County High School,Correct,,,,Correct,10,Roane County High School,1,,,
S40 E31,Round 1,Bonus,43,"A treasured manuscript at the University of Michigan that was exposed as counterfeit had been attributed to which Italian astronomer, who was born in 1564 and was known for heliocentrism and analytical dynamics?",Galileo,Astronomy,Science & Technology,Roane County High School vs Science Hill High School (Emily's team),,Roane County High School,Incorrect,,,,Missed,0,None given,1,,team said Copernicus,
S40 E31,Round 1,Tossup,44,What eight letter word beginning with A is the antonym of dismantle?,Assemble,English,Language Arts,Roane County High School vs Science Hill High School (Emily's team),Ethan,Roane County High School,Correct,,,,Correct,10,Roane County High School,1,,"the captions show ""a symbol"" for the answer",
S40 E31,Round 1,Bonus,44,"How many of the verbs in the following sentence are irregular? ""Our athletes ran, swam, jumped, thought, rode bikes and played team sports.""",Four,English,Language Arts,Roane County High School vs Science Hill High School (Emily's team),,Roane County High School,Incorrect,,,,Missed,0,None given,1,,team said three,
S40 E31,Round 1,Tossup,45,"To complete the square for x² − 10x, what number must be added to the expression?",25,Algebra,Mathematics,Roane County High School vs Science Hill High School (Emily's team),Lucas,Roane County High School,Correct,,,,Correct,10,Roane County High School,1,,,
S40 E31,Round 1,Bonus,45,How many real roots does the quadratic equation x² + 25 = 0 have?,Zero,Algebra,Mathematics,Roane County High School vs Science Hill High School (Emily's team),,Roane County High School,Incorrect,,,,Missed,0,None given,1,,the team's answer was wrong (garbled in the captions),
S40 E31,Round 1,Tossup,46,Which president's autobiography is entitled Dreams from My Father?,Barack Obama,U.S. History,Social Studies,Roane County High School vs Science Hill High School (Emily's team),Eric,Science Hill High School (Emily's team),Correct,,,,Correct,10,Science Hill High School (Emily's team),1,,,
S40 E31,Round 1,Bonus,46,Part 1: What is the name of the practice of drawing political boundaries for partisan gain? | Part 2: The word comes from the name of politician Elbridge Gerry and what animal?,Part 1: Gerrymandering | Part 2: The salamander,U.S. History,Social Studies,Roane County High School vs Science Hill High School (Emily's team),,Science Hill High School (Emily's team),Correct,,,,Correct,20,Science Hill High School (Emily's team),2,,,
S40 E31,Round 1,Tossup,47,"To the nearest tenth of a mile, what is the approximate mileage covered on a race course of 10,000 meters?",6.2 miles,Sports,General & Visual,Roane County High School vs Science Hill High School (Emily's team),Lucas,Roane County High School,Incorrect,,,,Missed,0,None given,1,,Lucas said 26.2; no Science Hill answer captured,
S40 E31,Round 1,Tossup,48,What is the term for a compound that can be both an acid and a base?,An amphoteric compound,Chemistry,Science & Technology,Roane County High School vs Science Hill High School (Emily's team),Emily,Science Hill High School (Emily's team),Incorrect,,,,Missed,0,None given,1,,Emily said buffer; Roane County let the clock run out and the game ended,
S40 E32,Round of 32,Tossup,1,Who was the first governor of the state of Tennessee?,John Sevier,History,Social Studies,Farragut High School vs Central High School (Knoxville),Oliver,Central High School (Knoxville),Incorrect,Roshan,Farragut High School,Correct,Correct,10,Farragut High School,1,,Oliver said Andrew Jackson,
S40 E32,Round of 32,Bonus,1,"Part 1: Who was president of the United States when the movie It's a Wonderful Life premiered on December 20, 1946? | Part 2: Who was president of the United States when the movie A Christmas Story was released on November 18, 1983?",Part 1: Harry S. Truman | Part 2: Ronald Reagan,History,Social Studies,Farragut High School vs Central High School (Knoxville),,Farragut High School,Correct,,,,Correct,20,Farragut High School,2,,,
S40 E32,Round of 32,Tossup,2,Who was the first pope of the Roman Catholic Church?,Saint Peter,Religion,Religion & Mythology,Farragut High School vs Central High School (Knoxville),Leo,Farragut High School,Incorrect,Oliver,Central High School (Knoxville),Incorrect,Missed,0,None given,1,,"Leo's answer is garbled in the captions (""Virgil""); Oliver said John",
S40 E32,Round of 32,Tossup,3,Which company developed the PlayStation video game console?,Sony,Technology,Science & Technology,Farragut High School vs Central High School (Knoxville),Tom,Farragut High School,Correct,,,,Correct,10,Farragut High School,1,,,
S40 E32,Round of 32,Bonus,3,YouTube was founded by three former PayPal employees in 2005 and purchased for $1.65 billion in 2006 by what company?,Google,Technology,Science & Technology,Farragut High School vs Central High School (Knoxville),,Farragut High School,Correct,,,,Correct,20,Farragut High School,1,,,
S40 E32,Round of 32,Tossup,4,"One of the drink sizes at Starbucks is Venti, which is the Italian word for what?",Twenty,Foreign Language,Foreign Language,Farragut High School vs Central High School (Knoxville),Oliver,Central High School (Knoxville),Incorrect,Roshan,Farragut High School,Correct,Correct,10,Farragut High School,1,,Oliver said large; Roshan said twenty (20 ounces),
S40 E32,Round of 32,Bonus,4,Part 1: What is the French word for welcome? | Part 2: What is the German word for welcome?,Part 1: Bienvenue | Part 2: Willkommen,Foreign Language,Foreign Language,Farragut High School vs Central High School (Knoxville),Sophie,Farragut High School,Correct,,,,Correct,20,Farragut High School,2,,Leo deferred Part 1 to Sophie,
S40 E32,Round of 32,Tossup,5,What is a strong woven cloth traditionally used by artists as a surface on which to paint?,Canvas,Art,Fine Arts,Farragut High School vs Central High School (Knoxville),Tom,Farragut High School,Correct,,,,Correct,10,Farragut High School,1,,,
S40 E32,Round of 32,Bonus,5,"Algeria, Kuwait, Lebanon, the Philippines and Vietnam banned what 2023 movie starring Margot Robbie?",Barbie,Art,Fine Arts,Farragut High School vs Central High School (Knoxville),Leo,Farragut High School,Correct,,,,Correct,20,Farragut High School,1,,"the host joked that Sophie wanted to answer ""Taylor Swift""",
S40 E32,Round of 32,Tossup,6,What is the only U.S. state that begins with the letter H?,Hawaii,Geography,Social Studies,Farragut High School vs Central High School (Knoxville),,Central High School (Knoxville),Correct,,,,Correct,10,Central High School (Knoxville),1,,buzzer not named; Central from the bonus,
S40 E32,Round of 32,Bonus,6,Name the four state capitals that begin with the letter H.,"Honolulu, Harrisburg, Hartford and Helena",Geography,Social Studies,Farragut High School vs Central High School (Knoxville),,Central High School (Knoxville),Partial,,,,Partial,5,Central High School (Knoxville),1,,the team named Honolulu only,
S40 E32,Round of 32,Tossup,7,Former Vols quarterback Tee Martin is currently the quarterbacks coach for what NFL team?,The Baltimore Ravens,Sports,General & Visual,Farragut High School vs Central High School (Knoxville),Roshan,Farragut High School,Incorrect,Jessica,Central High School (Knoxville),Incorrect,Missed,0,None given,1,,"Farragut's buzzer is read from ""brushing"" (probably Roshan; said the Titans); Jessica said the Cowboys",
S40 E32,Round of 32,Tossup,8,What happens to a person when the diaphragm has muscle spasms?,Hiccups,Health,Science & Technology,Farragut High School vs Central High School (Knoxville),Oliver,Central High School (Knoxville),Correct,,,,Correct,10,Central High School (Knoxville),1,,,
S40 E32,Round of 32,Bonus,8,A DNA molecule has two linked strands resembling a twisted ladder. By what term is this structure commonly known?,A double helix,Visual,General & Visual,Farragut High School vs Central High School (Knoxville),,Central High School (Knoxville),Correct,,,,Correct,20,Central High School (Knoxville),1,,,
S40 E32,Round of 32,Tossup,9,"Who was the author of the narrative poem ""The Road Not Taken""?",Robert Frost,Literature,Language Arts,Farragut High School vs Central High School (Knoxville),,Central High School (Knoxville),Correct,,,,Correct,10,Central High School (Knoxville),1,,buzzer not named; Central from the bonus,
S40 E32,Round of 32,Bonus,9,What New England city and state serve as the setting for Nathaniel Hawthorne's The House of the Seven Gables?,"Salem, Massachusetts",Literature,Language Arts,Farragut High School vs Central High School (Knoxville),,Central High School (Knoxville),Incorrect,,,,Missed,0,None given,1,,team said Boston,
S40 E32,Round of 32,Tossup,10,"What is the y-intercept of the line 2x − 3y = 12, in coordinate form?","(0, −4)",Algebra,Mathematics,Farragut High School vs Central High School (Knoxville),Roshan,Farragut High School,Correct,,,,Correct,10,Farragut High School,1,,,
S40 E32,Round of 32,Bonus,10,What value for c will make the expression x² − 26x + c a perfect square trinomial?,169,Algebra,Mathematics,Farragut High School vs Central High School (Knoxville),,Farragut High School,Correct,,,,Correct,20,Farragut High School,1,,,
S40 E32,Round of 32,Tossup,11,How many justices are on the Tennessee Supreme Court?,Five,Government,Social Studies,Farragut High School vs Central High School (Knoxville),Leo,Farragut High School,Incorrect,Jessica,Central High School (Knoxville),Incorrect,Missed,0,None given,1,,Leo said nine; Jessica said twelve,
S40 E32,Round of 32,Tossup,12,Which band reunited in 1994 to make the album Hell Freezes Over?,The Eagles,Music,Fine Arts,Farragut High School vs Central High School (Knoxville),Oliver,Central High School (Knoxville),Incorrect,,Farragut High School,Incorrect,Missed,0,None given,1,,Oliver said Nirvana; a Farragut player (not named) then said the Beatles,
S40 E32,Round of 32,Tossup,13,Galileo discovered that the trajectories of projectiles are in what shape?,A parabola,Physics,Science & Technology,Farragut High School vs Central High School (Knoxville),Tom,Farragut High School,Correct,,,,Correct,10,Farragut High School,1,,,
S40 E32,Round of 32,Bonus,13,"If the volume of an enclosed gas at constant pressure is increased by a factor of three, the pressure on the gas must be changed by a factor of what value?",One third,Physics,Science & Technology,Farragut High School vs Central High School (Knoxville),,Farragut High School,Correct,,,,Correct,20,Farragut High School,1,,wording as captured (the host's question mentions constant pressure),
S40 E32,Round of 32,Tossup,14,"What punctuation symbol is used to express ratios, time, or chapter and verse of the Bible?",The colon,English,Language Arts,Farragut High School vs Central High School (Knoxville),Tom,Farragut High School,Correct,,,,Correct,10,Farragut High School,1,,,
S40 E32,Round of 32,Bonus,14,"Part 1: What part of speech is the word ""fast"" in the sentence ""Leo was driving so fast that he lost control of the car""? | Part 2: What part of speech is ""fast"" in the sentence ""Their family planned a fast while trying to lose weight""?",Part 1: An adverb | Part 2: A noun,English,Language Arts,Farragut High School vs Central High School (Knoxville),,Farragut High School,Partial,,,,Partial,10,Farragut High School,2,,"the team said ""adjective"" for Part 1",
S40 E32,Round of 32,Tossup,15,Which animal is the symbol of a rising stock market?,The bull,Economics,Social Studies,Farragut High School vs Central High School (Knoxville),Tom,Farragut High School,Correct,,,,Correct,10,Farragut High School,1,,,
S40 E32,Round of 32,Bonus,15,"In Chile's Atacama Desert, a huge pile of what type of unsold merchandise from various retailers, including Shein, can be seen in satellite images?",Clothes,Economics,Social Studies,Farragut High School vs Central High School (Knoxville),,Farragut High School,Correct,,,,Correct,20,Farragut High School,1,,,
S40 E32,Round of 32,Tossup,16,What is the capital of Iowa?,Des Moines,Geography,Social Studies,Farragut High School vs Central High School (Knoxville),Roshan,Farragut High School,Correct,,,,Correct,10,Farragut High School,1,,,
S40 E32,Round of 32,Bonus,16,"Part 1: The Grand Canyon shown here is located in which state? | Part 2: At 1,904 square miles, Grand Canyon National Park is actually larger than what state?",Part 1: Arizona | Part 2: Rhode Island,Visual,General & Visual,Farragut High School vs Central High School (Knoxville),,Farragut High School,Correct,,,,Correct,20,Farragut High School,2,,,
S40 E32,Round of 32,Tossup,17,What is the stone at the top of an arch that holds the other stones in place called?,The keystone,Architecture,Fine Arts,Farragut High School vs Central High School (Knoxville),Oliver,Central High School (Knoxville),Incorrect,Tom,Farragut High School,Incorrect,Missed,0,None given,1,,Oliver said cornerstone; Tom's answer is garbled in the captions,
S40 E32,Round of 32,Tossup,18,"What celestial bodies were known in ancient times as ""hairy stars""?",Comets,Astronomy,Science & Technology,Farragut High School vs Central High School (Knoxville),Oliver,Central High School (Knoxville),Correct,,,,Correct,10,Central High School (Knoxville),1,,,
S40 E32,Round of 32,Bonus,18,Who was the first person to go to outer space and orbit the Earth?,Yuri Gagarin,Astronomy,Science & Technology,Farragut High School vs Central High School (Knoxville),Kylie,Central High School (Knoxville),Correct,,,,Correct,20,Central High School (Knoxville),1,,"Jessica deferred to Kylie (captions: ""Kelly"")",
S40 E32,Round of 32,Tossup,19,"A supplement to a will is a codicil. Spell ""codicil.""",C-O-D-I-C-I-L,Spelling,Language Arts,Farragut High School vs Central High School (Knoxville),Tom,Farragut High School,Incorrect,,,,Missed,0,None given,1,,Tom's spelling was wrong; the buzzer sounded before a Central steal,
S40 E32,Round of 32,Tossup,20,What is the value of the secant function of 60 degrees?,2,Pre-Calculus,Mathematics,Farragut High School vs Central High School (Knoxville),Tom,Farragut High School,Incorrect,Jessica,Central High School (Knoxville),Incorrect,Missed,0,None given,1,,Tom said three over two; Jessica said one over three,
S40 E32,Round of 32,Tossup,21,Who was Lord Protector of England from 1653 to 1658 after the defeat of King Charles I?,Oliver Cromwell,History,Social Studies,Farragut High School vs Central High School (Knoxville),,Farragut High School,Incorrect,Oliver,Central High School (Knoxville),Incorrect,Missed,0,None given,1,,Farragut's buzzer is not named (said Raleigh); Oliver said Charles the Second,
S40 E32,Round of 32,Tossup,22,Smokey the Bear is the mascot for which Smoky Mountain city?,Gatlinburg,Miscellaneous,General & Visual,Farragut High School vs Central High School (Knoxville),Roshan,Farragut High School,Correct,,,,Correct,10,Farragut High School,1,,,
S40 E32,Round of 32,Bonus,22,Part 1: What is the Tennessee state flower? | Part 2: What is the Tennessee state fruit?,Part 1: The iris | Part 2: The tomato,Miscellaneous,General & Visual,Farragut High School vs Central High School (Knoxville),,Farragut High School,Partial,,,,Partial,10,Farragut High School,2,,the team said iris (accepted) and mango,
S40 E32,Round of 32,Tossup,23,Which element has the symbol Xe?,Xenon,Chemistry,Science & Technology,Farragut High School vs Central High School (Knoxville),Tom,Farragut High School,Correct,,,,Correct,10,Farragut High School,1,,,
S40 E32,Round of 32,Bonus,23,Sulfur's atomic number is 16. What is the electron configuration of sulfur in exponential form?,1s² 2s² 2p⁶ 3s² 3p⁴,Chemistry,Science & Technology,Farragut High School vs Central High School (Knoxville),,Farragut High School,Correct,,,,Correct,20,Farragut High School,1,,,
S40 E32,Round of 32,Tossup,24,Which day of the week is named for the Norse god Odin?,Wednesday,Mythology,Religion & Mythology,Farragut High School vs Central High School (Knoxville),Oliver,Central High School (Knoxville),Correct,,,,Correct,10,Central High School (Knoxville),1,,the first half ended after this bonus,
S40 E32,Round of 32,Bonus,24,"Which day is named for Frigga, the Norse goddess of marital love and the hearth?",Friday,Mythology,Religion & Mythology,Farragut High School vs Central High School (Knoxville),,Central High School (Knoxville),Correct,,,,Correct,20,Central High School (Knoxville),1,,,
S40 E32,Round of 32,Tossup,25,Obsidian is formed by what type of geologic event?,A volcanic eruption,Geology,Science & Technology,Farragut High School vs Central High School (Knoxville),Oliver,Central High School (Knoxville),Correct,,,,Correct,10,Central High School (Knoxville),1,,,
S40 E32,Round of 32,Bonus,25,"People in Hawaii were urged to cut back on activities when Mauna Loa erupted in 2022 to avoid inhaling volcanic gases, including what chemical compound?",Sulfur dioxide (SO2),Geology,Science & Technology,Farragut High School vs Central High School (Knoxville),Oliver,Central High School (Knoxville),Incorrect,,,,Missed,0,None given,1,,"the captions give the formula as CO2 (a garble); Jessica deferred to Oliver, who said silicon dioxide",
S40 E32,Round of 32,Tossup,26,Which amendment to the U.S. Constitution states a person cannot be forced to testify against themselves?,The Fifth Amendment,Government,Social Studies,Farragut High School vs Central High School (Knoxville),Alex,Farragut High School,Correct,,,,Correct,10,Farragut High School,1,,,
S40 E32,Round of 32,Bonus,26,Which amendment to the U.S. Constitution establishes procedures for an orderly transition of presidential power?,The 25th Amendment,Government,Social Studies,Farragut High School vs Central High School (Knoxville),,Farragut High School,Incorrect,,,,Missed,0,None given,1,,team said the 21st,
S40 E32,Round of 32,Tossup,27,"What do we call the art of creating music, comedy or drama spontaneously?",Improvisation,Art,Fine Arts,Farragut High School vs Central High School (Knoxville),Alex,Farragut High School,Correct,,,,Correct,10,Farragut High School,1,,,
S40 E32,Round of 32,Bonus,27,"What singer and actress, one of the most followed people worldwide on Instagram, began her career as a child on Barney and Friends and went on to star in movies and TV series including Wizards of Waverly Place and Only Murders in the Building?",Selena Gomez,Art,Fine Arts,Farragut High School vs Central High School (Knoxville),,Farragut High School,Incorrect,,,,Missed,0,None given,1,,team said Taylor Swift,
S40 E32,Round of 32,Tossup,28,How many pairs of chromosomes are in the nucleus of each human cell?,23,Biology,Science & Technology,Farragut High School vs Central High School (Knoxville),Tom,Farragut High School,Incorrect,Oliver,Central High School (Knoxville),Incorrect,Missed,0,None given,1,,Tom said 46; Oliver said 32,
S40 E32,Round of 32,Tossup,29,"""To thine own self be true"" is a famous quote from which Shakespearean play?",Hamlet,Literature,Language Arts,Farragut High School vs Central High School (Knoxville),Tom,Farragut High School,Correct,,,,Correct,10,Farragut High School,1,,,
S40 E32,Round of 32,Bonus,29,"Part 1: In Shakespeare's Romeo and Juliet, which character is a kinsman to the prince and a close friend of Romeo? | Part 2: Which character is Juliet's cousin who was killed by Romeo?",Part 1: Mercutio | Part 2: Tybalt,Literature,Language Arts,Farragut High School vs Central High School (Knoxville),,Farragut High School,Correct,,,,Correct,20,Farragut High School,2,,,
S40 E32,Round of 32,Tossup,30,What is the two word expression that describes a pair of adjacent supplementary angles?,A linear pair,Geometry,Mathematics,Farragut High School vs Central High School (Knoxville),,Farragut High School,Incorrect,,,,Missed,0,None given,1,,"Farragut's buzzer is not named (said ""supplements""); the host teased Central about the steal and no answer was captured",
S40 E32,Round of 32,Tossup,31,Which large Midwest city is also known as the Windy City?,Chicago,Geography,Social Studies,Farragut High School vs Central High School (Knoxville),Leo,Farragut High School,Correct,,,,Correct,10,Farragut High School,1,,,
S40 E32,Round of 32,Bonus,31,Part 1: What U.S. city is nicknamed the Motor City? | Part 2: What U.S. city is nicknamed the Gateway to the West?,Part 1: Detroit | Part 2: St. Louis,Geography,Social Studies,Farragut High School vs Central High School (Knoxville),,Farragut High School,Partial,,,,Partial,10,Farragut High School,2,,the team said Indianapolis and then St. Paul for Part 2,
S40 E32,Round of 32,Tossup,32,What does the title Buddha mean?,Enlightened one,Religion,Religion & Mythology,Farragut High School vs Central High School (Knoxville),Oliver,Central High School (Knoxville),Correct,,,,Correct,10,Central High School (Knoxville),1,,,
S40 E32,Round of 32,Bonus,32,Justin Welby tweeted that it was the honor of a lifetime and among its saddest moments to preach at the state funeral of Her Majesty Queen Elizabeth II. What is Justin Welby's title?,Archbishop of Canterbury,Religion,Religion & Mythology,Farragut High School vs Central High School (Knoxville),,Central High School (Knoxville),Incorrect,,,,Missed,0,None given,1,,"team said ""high priest""",
S40 E32,Round of 32,Tossup,33,Who discovered the law of universal gravitation?,Isaac Newton,Science,Science & Technology,Farragut High School vs Central High School (Knoxville),Tom,Farragut High School,Correct,,,,Correct,10,Farragut High School,1,,,
S40 E32,Round of 32,Bonus,33,What species shown here is the only living relative of the giraffe and zebra?,The okapi,Visual,General & Visual,Farragut High School vs Central High School (Knoxville),,Farragut High School,Incorrect,,,,Missed,0,None given,1,,the team's answer is garbled in the captions; no points,
S40 E32,Round of 32,Tossup,34,"What common Latin phrase means ""something for something""?",Quid pro quo,Foreign Language,Foreign Language,Farragut High School vs Central High School (Knoxville),Oliver,Central High School (Knoxville),Correct,,,,Correct,10,Central High School (Knoxville),1,,,
S40 E32,Round of 32,Bonus,34,"What alphabet is used for Russian, Bulgarian, Serbian, Ukrainian and some other Slavic languages?",Cyrillic,Foreign Language,Foreign Language,Farragut High School vs Central High School (Knoxville),,Central High School (Knoxville),Correct,,,,Correct,20,Central High School (Knoxville),1,,,
S40 E32,Round of 32,Tossup,35,What famous country singer was inducted into the Rock and Roll Hall of Fame in 2022?,Dolly Parton,Music,Fine Arts,Farragut High School vs Central High School (Knoxville),Jessica,Central High School (Knoxville),Correct,,,,Correct,10,Central High School (Knoxville),1,,,
S40 E32,Round of 32,Bonus,35,"Dolly Parton's cover version of ""Let It Be"" has piano and drums played by which two musicians who were also on the original 1970 recording of the song?",Paul McCartney and Ringo Starr,Music,Fine Arts,Farragut High School vs Central High School (Knoxville),Quill,Central High School (Knoxville),Correct,,,,Correct,20,Central High School (Knoxville),1,,Jessica deferred to Quill,
S40 E32,Round of 32,Tossup,36,"In 1986, the third Monday in January was first observed as a federal holiday in honor of what historical figure?",Martin Luther King Jr.,U.S. History,Social Studies,Farragut High School vs Central High School (Knoxville),Jessica,Central High School (Knoxville),Correct,,,,Correct,10,Central High School (Knoxville),1,,,
S40 E32,Round of 32,Bonus,36,Part 1: Which president shown here became the youngest president elected at the time? | Part 2: What was his actual first name?,Part 1: Ulysses S. Grant | Part 2: Hiram,Visual,General & Visual,Farragut High School vs Central High School (Knoxville),,Central High School (Knoxville),Partial,,,,Partial,10,Central High School (Knoxville),2,,the team said George for Part 2,
S40 E32,Round of 32,Tossup,37,What term is used to describe a hue that has a high level of intensity?,Saturated,Art,Fine Arts,Farragut High School vs Central High School (Knoxville),Alex,Farragut High School,Correct,,,,Correct,10,Farragut High School,1,,,
S40 E32,Round of 32,Bonus,37,"Which of the founders of the Impressionist movement, known for Luncheon of the Boating Party and Two Sisters on the Terrace, suffered from rheumatoid arthritis starting in 1892 but continued to paint for the last 20 years of his life?",Pierre-Auguste Renoir,Art,Fine Arts,Farragut High School vs Central High School (Knoxville),,Farragut High School,Incorrect,,,,Missed,0,None given,1,,team said Monet,
S40 E32,Round of 32,Tossup,38,What is the condition in which the temperature of the human body is below normal due to cold?,Hypothermia,Health,Science & Technology,Farragut High School vs Central High School (Knoxville),Oliver,Central High School (Knoxville),Correct,,,,Correct,10,Central High School (Knoxville),1,,,
S40 E32,Round of 32,Bonus,38,Part 1: Give the specific name of vitamin B3. | Part 2: Give the specific name of vitamin B7.,Part 1: Niacin | Part 2: Biotin,Health,Science & Technology,Farragut High School vs Central High School (Knoxville),,Central High School (Knoxville),Partial,,,,Partial,10,Central High School (Knoxville),2,,no answer for Part 2,
S40 E32,Round of 32,Tossup,39,Cardiologist is to heart as neurologist is to what?,Brain,Vocabulary,Language Arts,Farragut High School vs Central High School (Knoxville),Oliver,Central High School (Knoxville),Correct,,,,Correct,10,Central High School (Knoxville),1,,,
S40 E32,Round of 32,Bonus,39,"Spell the comparative and superlative forms of the adjective ""dry.""",D-R-I-E-R and D-R-I-E-S-T,Vocabulary,Language Arts,Farragut High School vs Central High School (Knoxville),,Central High School (Knoxville),Incorrect,,,,Missed,0,None given,1,,the team spelled D-R-Y-E-R and D-R-Y-E-S-T,
S40 E32,Round of 32,Tossup,40,90 is what percent of 200?,45 percent,Math,Mathematics,Farragut High School vs Central High School (Knoxville),Alex,Farragut High School,Correct,,,,Correct,10,Farragut High School,1,,,
S40 E32,Round of 32,Bonus,40,"Alex's average on four tests was 85. If the first three scores were 81, 89 and 79, what was Alex's score on the fourth test?",91,Math,Mathematics,Farragut High School vs Central High School (Knoxville),,Farragut High School,Incorrect,,,,Missed,0,None given,1,,the team said 90,
S40 E32,Round of 32,Tossup,41,Who was born Princess Sophie of Anhalt-Zerbst and was Empress of Russia from 1762 until 1796?,Catherine the Great,World History,Social Studies,Farragut High School vs Central High School (Knoxville),Leo,Farragut High School,Incorrect,Oliver,Central High School (Knoxville),Incorrect,Missed,0,None given,1,,Leo's answer is not captured; Oliver said Queen Alexandra,
S40 E32,Round of 32,Tossup,42,Which sport is called the sport of kings?,Horse racing,Sports,General & Visual,Farragut High School vs Central High School (Knoxville),Oliver,Central High School (Knoxville),Incorrect,Tom,Farragut High School,Incorrect,Missed,0,None given,1,,Oliver said chess; Tom said golf,
S40 E32,Round of 32,Tossup,43,What is the process used to extract a gas from a liquid or a solid?,Distillation,Chemistry,Science & Technology,Farragut High School vs Central High School (Knoxville),Oliver,Central High School (Knoxville),Incorrect,Tom,Farragut High School,Correct,Correct,10,Farragut High School,1,,Oliver said evaporation,
S40 E32,Round of 32,Bonus,43,What are the four lightest gases?,"Hydrogen, helium, nitrogen and oxygen",Chemistry,Science & Technology,Farragut High School vs Central High School (Knoxville),Alex,Farragut High School,Correct,,,,Correct,20,Farragut High School,1,,Tom deferred to Alex,
S40 E32,Round of 32,Tossup,44,"Give the comparative form of the adjective ""handsome.""",More handsome,English,Language Arts,Farragut High School vs Central High School (Knoxville),Alex,Farragut High School,Incorrect,Jessica,Central High School (Knoxville),Correct,Correct,10,Central High School (Knoxville),1,,"Alex said ""handsomer""",
S40 E32,Round of 32,Bonus,44,Name the two classes of nouns.,Abstract and concrete,English,Language Arts,Farragut High School vs Central High School (Knoxville),,Central High School (Knoxville),Incorrect,,,,Missed,0,None given,1,,team said proper and common,
S40 E32,Round of 32,Tossup,45,What is the better known term for −273.15 degrees Celsius?,Absolute zero,Science,Science & Technology,Farragut High School vs Central High School (Knoxville),Alex,Farragut High School,Correct,,,,Correct,10,Farragut High School,1,,,
S40 E32,Round of 32,Bonus,45,"In a 2023 study, scientists said they measured a world record of solar irradiance on the Altiplano high plateau in Chile that is comparable to the solar radiation on what planet, which is 28% closer than Earth to the sun?",Venus,Science,Science & Technology,Farragut High School vs Central High School (Knoxville),,Farragut High School,Correct,,,,Correct,20,Farragut High School,1,,,
S40 E32,Round of 32,Tossup,46,What is the name of the daily account that publishes the proceedings of both the U.S. Senate and House of Representatives?,The Congressional Record,Government,Social Studies,Farragut High School vs Central High School (Knoxville),Oliver,Central High School (Knoxville),Incorrect,,,,Missed,0,None given,1,,"Oliver's answer is garbled in the captions; Leo blurted out ""Congressional Journal"" on the steal before being called on, so it was not accepted",
S40 E33,Round of 32,Tossup,1,What is the branch of medicine devoted to the care of the muscular and skeletal systems?,Orthopedics,Health,Science & Technology,Temple Baptist Academy vs Somerset High School (KY),Quentin,Somerset High School (KY),Incorrect,Will,Temple Baptist Academy,Correct,Correct,10,Temple Baptist Academy,1,,Quentin said osteopathic,
S40 E33,Round of 32,Bonus,1,Name four bones in a human leg.,"Any four of: femur, tibia, fibula, patella",Health,Science & Technology,Temple Baptist Academy vs Somerset High School (KY),,Temple Baptist Academy,Partial,,,,Partial,10,Temple Baptist Academy,1,,"the team named tibia and femur (accepted, ten points) and hip",
S40 E33,Round of 32,Tossup,2,What children's novel by Katherine Paterson is a story about two children named Leslie and Jess who create a magical forest kingdom in their imaginations?,Bridge to Terabithia,Literature,Language Arts,Temple Baptist Academy vs Somerset High School (KY),Caroline,Somerset High School (KY),Correct,,,,Correct,10,Somerset High School (KY),1,,,
S40 E33,Round of 32,Bonus,2,Part 1: What book has the characters of Mr. and Mrs. Wormwood? | Part 2: Who is the main antagonist and headmistress at Crunchem Hall in Roald Dahl's 1988 novel?,Part 1: Matilda | Part 2: Miss (Agatha) Trunchbull,Literature,Language Arts,Temple Baptist Academy vs Somerset High School (KY),Caroline,Somerset High School (KY),Correct,,,,Correct,20,Somerset High School (KY),2,,Caroline answered Part 2,
S40 E33,Round of 32,Tossup,3,What is the sum of the interior angle measures of a dodecagon in degrees?,"1,800 degrees",Geometry,Mathematics,Temple Baptist Academy vs Somerset High School (KY),John,Somerset High School (KY),Incorrect,Easton,Temple Baptist Academy,Incorrect,Missed,0,None given,1,,"John said 1,080; Easton said 1,280",
S40 E33,Round of 32,Tossup,4,What is the professional title of the person who creates the dances for a musical production?,Choreographer,Music,Fine Arts,Temple Baptist Academy vs Somerset High School (KY),,Temple Baptist Academy,Correct,,,,Correct,10,Temple Baptist Academy,1,,buzzer not named (the host reminded the player to wait to be called on); Temple Baptist from the bonus,
S40 E33,Round of 32,Bonus,4,"Part 1: Name the Broadway musical with the songs ""Grizabella"" and ""Memory."" | Part 2: Name the Broadway musical with the songs ""Castle on a Cloud"" and ""Bring Him Home.""",Part 1: Cats | Part 2: Les Misérables,Music,Fine Arts,Temple Baptist Academy vs Somerset High School (KY),,Temple Baptist Academy,Incorrect,,,,Missed,0,None given,2,,team said Wicked and then The Lion King (Easton answered Part 2),
S40 E33,Round of 32,Tossup,5,Who succeeded Julius Caesar as Emperor of Rome?,Augustus Caesar,History,Social Studies,Temple Baptist Academy vs Somerset High School (KY),Will,Temple Baptist Academy,Correct,,,,Correct,10,Temple Baptist Academy,1,,,
S40 E33,Round of 32,Bonus,5,Part 1: Julius Caesar was stabbed to death in what year? | Part 2: On what day of the year?,Part 1: 44 B.C. | Part 2: March 15 (the Ides of March),History,Social Studies,Temple Baptist Academy vs Somerset High School (KY),Micah,Temple Baptist Academy,Partial,,,,Partial,10,Temple Baptist Academy,2,,Micah said 325 B.C. for Part 1,
S40 E33,Round of 32,Tossup,6,"All proteins contain carbon, hydrogen, oxygen and what other element?",Nitrogen,Chemistry,Science & Technology,Temple Baptist Academy vs Somerset High School (KY),John,Somerset High School (KY),Correct,,,,Correct,10,Somerset High School (KY),1,,,
S40 E33,Round of 32,Bonus,6,Name four of the seven elements classified as noble gases.,"Any four of: helium, neon, argon, krypton, xenon, radon, oganesson",Chemistry,Science & Technology,Temple Baptist Academy vs Somerset High School (KY),,Somerset High School (KY),Partial,,,,Partial,15,Somerset High School (KY),1,,"the team named argon, neon and xenon (three counted, 15 points)",
S40 E33,Round of 32,Tossup,7,What is the giant one-eyed creature of Greek mythology?,A Cyclops,Mythology,Religion & Mythology,Temple Baptist Academy vs Somerset High School (KY),Will,Temple Baptist Academy,Correct,,,,Correct,10,Temple Baptist Academy,1,,"buzzer name read from ""Well""",
S40 E33,Round of 32,Bonus,7,"Part 1: What is the name of the temple shown here, the largest structure at the Acropolis in Athens? | Part 2: To which mythological god was it built to worship?",Part 1: The Parthenon | Part 2: Athena,Visual,General & Visual,Temple Baptist Academy vs Somerset High School (KY),,Temple Baptist Academy,Correct,,,,Correct,20,Temple Baptist Academy,2,,,
S40 E33,Round of 32,Tossup,8,"In 1831, Charles Darwin started his five year research expedition as the ship's naturalist aboard what ship?",HMS Beagle,Biology,Science & Technology,Temple Baptist Academy vs Somerset High School (KY),Will,Temple Baptist Academy,Incorrect,Caroline,Somerset High School (KY),Correct,Correct,10,Somerset High School (KY),1,,"Will said the Galapagos Islands (name read from ""Well"")",
S40 E33,Round of 32,Bonus,8,"Since 2020, hundreds of boats have been attacked by pods of orca whales in what narrow strait that connects the Atlantic Ocean to the Mediterranean Sea?",The Strait of Gibraltar,Biology,Science & Technology,Temple Baptist Academy vs Somerset High School (KY),John,Somerset High School (KY),Incorrect,,,,Missed,0,None given,1,,"John said something like ""Iberian""",
S40 E33,Round of 32,Tossup,9,Which English king embraced the Protestant Reformation and made himself head of the Church of England?,Henry VIII,Religion,Religion & Mythology,Temple Baptist Academy vs Somerset High School (KY),Parker,Temple Baptist Academy,Incorrect,Caroline,Somerset High School (KY),Correct,Correct,10,Somerset High School (KY),1,,Parker said Edward VIII,
S40 E33,Round of 32,Bonus,9,"Which English brothers were ordained in the Anglican Church but became known as Methodists owing to their conspicuously pious ways, methodical approach to Bible study and daily prayer?",John and Charles Wesley,Religion,Religion & Mythology,Temple Baptist Academy vs Somerset High School (KY),,Somerset High School (KY),Correct,,,,Correct,20,Somerset High School (KY),1,,,
S40 E33,Round of 32,Tossup,10,Airports in the USA have TSA checkpoints. What does TSA stand for?,Transportation Security Administration,Government,Social Studies,Temple Baptist Academy vs Somerset High School (KY),Micah,Temple Baptist Academy,Incorrect,Quentin,Somerset High School (KY),Incorrect,Missed,0,None given,1,,"Micah said ""terminal security agents"" (name read from ""My""); Quentin said ""Terminal Security Administration""",
S40 E33,Round of 32,Tossup,11,"According to folklore, the second full moon in a calendar month is known as what?",A blue moon,Astronomy,Science & Technology,Temple Baptist Academy vs Somerset High School (KY),Will,Temple Baptist Academy,Correct,,,,Correct,10,Temple Baptist Academy,1,,,
S40 E33,Round of 32,Bonus,11,"In 1983, who became the first American woman and third woman of all time to go into space when she rode aboard the space shuttle Challenger?",Sally Ride,Astronomy,Science & Technology,Temple Baptist Academy vs Somerset High School (KY),Micah,Temple Baptist Academy,Correct,,,,Correct,20,Temple Baptist Academy,1,,Will deferred to Micah,
S40 E33,Round of 32,Tossup,12,What five letter Spanish word is commonly used in English to mean manly or masculine in a noticeable or exaggerated way?,Macho,Foreign Language,Foreign Language,Temple Baptist Academy vs Somerset High School (KY),,Somerset High School (KY),Correct,,,,Correct,10,Somerset High School (KY),1,,buzzer not named; Somerset from the bonus,
S40 E33,Round of 32,Bonus,12,What Swedish word that can mean a wide range of something is actually a type of Swedish meal served buffet style with multiple hot and cold dishes?,Smörgåsbord,Foreign Language,Foreign Language,Temple Baptist Academy vs Somerset High School (KY),,Somerset High School (KY),Incorrect,,,,Missed,0,None given,1,,the team gave no answer,
S40 E33,Round of 32,Tossup,13,What is the value of x if −(3/4)x + 20 = 8?,x = 16,Algebra,Mathematics,Temple Baptist Academy vs Somerset High School (KY),John,Somerset High School (KY),Incorrect,,,,Missed,0,None given,1,,John said -16; no Temple Baptist answer captured,
S40 E33,Round of 32,Tossup,14,Which museum houses the Mona Lisa and the Venus de Milo among other treasures?,The Louvre,Art,Fine Arts,Temple Baptist Academy vs Somerset High School (KY),Easton,Temple Baptist Academy,Correct,,,,Correct,10,Temple Baptist Academy,1,,,
S40 E33,Round of 32,Bonus,14,Part 1: The National Gallery of Art says this impressionist painting is one of the most popular works in their collection. Who was the artist? | Part 2: What is the title of the painting?,Part 1: Pierre-Auguste Renoir | Part 2: A Girl with a Watering Can,Visual,General & Visual,Temple Baptist Academy vs Somerset High School (KY),,Temple Baptist Academy,Incorrect,,,,Missed,0,None given,2,,"the team said Vermeer and ""Girl in the Dress""",
S40 E33,Round of 32,Tossup,15,"Which river runs through Nashville, Tennessee?",The Cumberland River,Geography,Social Studies,Temple Baptist Academy vs Somerset High School (KY),Will,Temple Baptist Academy,Correct,,,,Correct,10,Temple Baptist Academy,1,,,
S40 E33,Round of 32,Bonus,15,"The Colorado River traverses seven states before reaching Mexico. Other than Colorado, name four of those seven states.","Any four of: Wyoming, Utah, New Mexico, Arizona, Nevada, California",Geography,Social Studies,Temple Baptist Academy vs Somerset High School (KY),Easton,Temple Baptist Academy,Partial,,,,Partial,15,Temple Baptist Academy,1,,"the team said New Mexico, Nevada, Montana and Wyoming; three counted (15 points)",
S40 E33,Round of 32,Tossup,16,What layer of the earth just outside the core is made up mostly of silicates?,The mantle,Geology,Science & Technology,Temple Baptist Academy vs Somerset High School (KY),Will,Temple Baptist Academy,Correct,,,,Correct,10,Temple Baptist Academy,1,,,
S40 E33,Round of 32,Bonus,16,In which geological era did mammals first appear?,"The Cenozoic era (Tertiary period), per the host",Geology,Science & Technology,Temple Baptist Academy vs Somerset High School (KY),,Temple Baptist Academy,Incorrect,,,,Missed,0,None given,1,,the captions are confusing: the host mentions the Tertiary period and the Cenozoic era; the team said the Mesozoic,
S40 E33,Round of 32,Tossup,17,"In Greek mythology, which king of Thebes unwittingly killed his father and married his mother?",Oedipus,Literature,Language Arts,Temple Baptist Academy vs Somerset High School (KY),Caroline,Somerset High School (KY),Correct,,,,Correct,10,Somerset High School (KY),1,,,
S40 E33,Round of 32,Bonus,17,Part 1: What is the name of Homer's epic poem that tells of a king's perilous ten year journey home from war? | Part 2: From which war was he returning?,Part 1: The Odyssey | Part 2: The Trojan War,Literature,Language Arts,Temple Baptist Academy vs Somerset High School (KY),,Somerset High School (KY),Correct,,,,Correct,20,Somerset High School (KY),2,,,
S40 E33,Round of 32,Tossup,18,What is the title for the U.S. representative who presides over the House and is elected by the majority party?,Speaker of the House,Government,Social Studies,Temple Baptist Academy vs Somerset High School (KY),Micah,Temple Baptist Academy,Correct,,,,Correct,10,Temple Baptist Academy,1,,,
S40 E33,Round of 32,Bonus,18,"In 2022, the UN and the G7 condemned a Russian attack on Ukraine's energy infrastructure as a possible war crime. Other than the European Union, name four of the G7 countries.","Any four of: United States, United Kingdom, Canada, France, Germany, Italy, Japan",Government,Social Studies,Temple Baptist Academy vs Somerset High School (KY),,Temple Baptist Academy,Partial,,,,Partial,15,Temple Baptist Academy,1,,"the team named the U.S., Great Britain, Canada and Russia; three counted (15 points)",
S40 E33,Round of 32,Tossup,19,"In the year 2000, who became the youngest golfer to complete a career grand slam?",Tiger Woods,Sports,General & Visual,Temple Baptist Academy vs Somerset High School (KY),Will,Temple Baptist Academy,Correct,,,,Correct,10,Temple Baptist Academy,1,,"buzzer name read from ""Well""",
S40 E33,Round of 32,Bonus,19,Part 1: In what sport is the Ryder Cup awarded? | Part 2: How often is the Ryder Cup played?,Part 1: Golf | Part 2: Every two years,Sports,General & Visual,Temple Baptist Academy vs Somerset High School (KY),,Temple Baptist Academy,Correct,,,,Correct,20,Temple Baptist Academy,2,,the first half ended after this bonus,
S40 E33,Round of 32,Tossup,20,The Good Friday Agreement is a pair of agreements signed in April 1998 that ended most of the violence. In what country?,Northern Ireland,World History,Social Studies,Temple Baptist Academy vs Somerset High School (KY),Quentin,Somerset High School (KY),Incorrect,Easton,Temple Baptist Academy,Incorrect,Missed,0,None given,1,,"Quentin said the United Kingdom (name read from ""Clinton""); Easton said Afghanistan",
S40 E33,Round of 32,Tossup,21,"What is a mixture of chemical elements, of which at least one is a metal, that retains all the properties of a metal in the resulting material, such as conductivity?",An alloy,Chemistry,Science & Technology,Temple Baptist Academy vs Somerset High School (KY),John,Somerset High School (KY),Correct,,,,Correct,10,Somerset High School (KY),1,,"the captions show ""such as John Elway""",
S40 E33,Round of 32,Bonus,21,Aluminum's atomic number is 13. What is the electron configuration of aluminum in exponential form?,1s² 2s² 2p⁶ 3s² 3p¹,Chemistry,Science & Technology,Temple Baptist Academy vs Somerset High School (KY),,Somerset High School (KY),Correct,,,,Correct,20,Somerset High School (KY),1,,,
S40 E33,Round of 32,Tossup,22,In what country is the Great Sphinx of Giza located?,Egypt,Geography,Social Studies,Temple Baptist Academy vs Somerset High School (KY),Easton,Temple Baptist Academy,Correct,,,,Correct,10,Temple Baptist Academy,1,,,
S40 E33,Round of 32,Bonus,22,Part 1: Which Southeast Asian country is highlighted on the map? | Part 2: What is its capital?,Part 1: Vietnam | Part 2: Hanoi,Visual,General & Visual,Temple Baptist Academy vs Somerset High School (KY),,Temple Baptist Academy,Partial,,,,Partial,10,Temple Baptist Academy,2,,"the team said ""Ho Chi Minh"" for Part 2",
S40 E33,Round of 32,Tossup,23,Spell the word that can mean a vessel for water or a player who throws the ball to the batter.,P-I-T-C-H-E-R,Vocabulary,Language Arts,Temple Baptist Academy vs Somerset High School (KY),Will,Temple Baptist Academy,Correct,,,,Correct,10,Temple Baptist Academy,1,,,
S40 E33,Round of 32,Bonus,23,What ten letter word beginning with U means seeming to be found everywhere at the same time?,Ubiquitous,Vocabulary,Language Arts,Temple Baptist Academy vs Somerset High School (KY),Micah,Temple Baptist Academy,Correct,,,,Correct,20,Temple Baptist Academy,1,,the host did not state the points; treated as 20,
S40 E33,Round of 32,Tossup,24,What is the name of our nation's tallest monument?,The Gateway Arch,Architecture,Fine Arts,Temple Baptist Academy vs Somerset High School (KY),Easton,Temple Baptist Academy,Incorrect,Caroline,Somerset High School (KY),Incorrect,Missed,0,None given,1,,"Easton said the Washington Monument; Caroline said ""St. Louis Arch""",
S40 E33,Round of 32,Tossup,25,What is the organization of two or more firms into one firm?,A merger,Economics,Social Studies,Temple Baptist Academy vs Somerset High School (KY),Easton,Temple Baptist Academy,Correct,,,,Correct,10,Temple Baptist Academy,1,,,
S40 E33,Round of 32,Bonus,25,What term means to decrease in value because of wear and tear?,Depreciation,Economics,Social Studies,Temple Baptist Academy vs Somerset High School (KY),,Temple Baptist Academy,Correct,,,,Correct,20,Temple Baptist Academy,1,,,
S40 E33,Round of 32,Tossup,26,What are horizontal movements of water called?,Currents,Science,Science & Technology,Temple Baptist Academy vs Somerset High School (KY),Will,Temple Baptist Academy,Incorrect,,,,Missed,0,None given,1,,Will said tides; no Somerset answer captured,
S40 E33,Round of 32,Tossup,27,English and what other language are the official languages of India?,Hindi,Foreign Language,Foreign Language,Temple Baptist Academy vs Somerset High School (KY),Quentin,Somerset High School (KY),Incorrect,Will,Temple Baptist Academy,Correct,Correct,10,Temple Baptist Academy,1,,"Quentin said ""Hindu and Sanskrit""",
S40 E33,Round of 32,Bonus,27,What are the two official languages of Iraq?,Arabic and Kurdish,Foreign Language,Foreign Language,Temple Baptist Academy vs Somerset High School (KY),,Temple Baptist Academy,Partial,,,,Partial,10,Temple Baptist Academy,1,,the team said Urdu and Arabic,
S40 E33,Round of 32,Tossup,28,What is 10 minus 6 5/9 as a mixed number?,3 4/9,Math,Mathematics,Temple Baptist Academy vs Somerset High School (KY),John,Somerset High School (KY),Correct,,,,Correct,10,Somerset High School (KY),1,,,
S40 E33,Round of 32,Bonus,28,"In a circle, the measure of a major arc is four times the measure of its minor arc. Find the measures of both arcs.",288 degrees (major) and 72 degrees (minor),Visual,General & Visual,Temple Baptist Academy vs Somerset High School (KY),,Somerset High School (KY),Correct,,,,Correct,20,Somerset High School (KY),1,,,
S40 E33,Round of 32,Tossup,29,What is the city that no one but Muslims are allowed to enter and was the birthplace of Muhammad?,Mecca,Religion,Religion & Mythology,Temple Baptist Academy vs Somerset High School (KY),Will,Temple Baptist Academy,Correct,,,,Correct,10,Temple Baptist Academy,1,,,
S40 E33,Round of 32,Bonus,29,"In spring 2023, Iran's chief justice threatened that women appearing in public without their veils would be prosecuted without mercy, by authority of which set of religious laws that obliged women to cover their hair and wear loose clothes to disguise their figures?",Sharia law,Religion,Religion & Mythology,Temple Baptist Academy vs Somerset High School (KY),,Temple Baptist Academy,Incorrect,,,,Missed,0,None given,1,,team said the Koran,
S40 E33,Round of 32,Tossup,30,Which art movement lasted from 1600 to 1750 and included artists such as Bernini and Rembrandt?,Baroque,Art,Fine Arts,Temple Baptist Academy vs Somerset High School (KY),John,Somerset High School (KY),Correct,,,,Correct,10,Somerset High School (KY),1,,,
S40 E33,Round of 32,Bonus,30,"Of Claude Monet and Edvard Munch, which was the Expressionist and which was the Impressionist?",Munch was the Expressionist and Monet the Impressionist,Art,Fine Arts,Temple Baptist Academy vs Somerset High School (KY),,Somerset High School (KY),Correct,,,,Correct,20,Somerset High School (KY),1,,,
S40 E33,Round of 32,Tossup,31,What is the term to describe tumors or growths that are not malignant or cancerous?,Benign,Health,Science & Technology,Temple Baptist Academy vs Somerset High School (KY),Easton,Temple Baptist Academy,Correct,,,,Correct,10,Temple Baptist Academy,1,,,
S40 E33,Round of 32,Bonus,31,"Part 1: What common disease is an infection that causes an itchy rash with small fluid-filled blisters and might be prevented by the varicella vaccine? | Part 2: What typically adult virus is a reactivation of the chickenpox virus in the body, causing a painful rash?",Part 1: Chickenpox | Part 2: Shingles,Health,Science & Technology,Temple Baptist Academy vs Somerset High School (KY),,Temple Baptist Academy,Correct,,,,Correct,20,Temple Baptist Academy,2,,,
S40 E33,Round of 32,Tossup,32,"First in order of importance, or the head of a school, is the meaning of ""principal."" Spell ""principal.""",P-R-I-N-C-I-P-A-L,Spelling,Language Arts,Temple Baptist Academy vs Somerset High School (KY),Caroline,Somerset High School (KY),Correct,,,,Correct,10,Somerset High School (KY),1,,,
S40 E33,Round of 32,Bonus,32,"Dilate means to make or become wider, larger or more open, as in ""the doctor will dilate my eyes."" Spell ""dilate.""",D-I-L-A-T-E,Spelling,Language Arts,Temple Baptist Academy vs Somerset High School (KY),Caroline,Somerset High School (KY),Incorrect,,,,Missed,0,None given,1,,Caroline spelled D-I-A-L-A-T-E; the captions show the captain designating Caroline,
S40 E33,Round of 32,Tossup,33,With which war is Ernest Hemingway's A Farewell to Arms associated?,World War I,Literature,Language Arts,Temple Baptist Academy vs Somerset High School (KY),Caroline,Somerset High School (KY),Correct,,,,Correct,10,Somerset High School (KY),1,,,
S40 E33,Round of 32,Bonus,33,"In 2023, Gabriel García Márquez became the most translated Spanish language writer of the century, surpassing which author known for writing Don Quixote?",Miguel de Cervantes,Literature,Language Arts,Temple Baptist Academy vs Somerset High School (KY),Caroline,Somerset High School (KY),Correct,,,,Correct,20,Somerset High School (KY),1,,John deferred to Caroline,
S40 E33,Round of 32,Tossup,34,What is a cappella music?,Music sung without instrumental accompaniment,Music,Fine Arts,Temple Baptist Academy vs Somerset High School (KY),Will,Temple Baptist Academy,Correct,,,,Correct,10,Temple Baptist Academy,1,,,
S40 E33,Round of 32,Bonus,34,Who composed the oratorio Elijah and a concert overture for Shakespeare's A Midsummer Night's Dream?,Felix Mendelssohn,Music,Fine Arts,Temple Baptist Academy vs Somerset High School (KY),,Temple Baptist Academy,Incorrect,,,,Missed,0,None given,1,,"Will deferred to Micah, who said Handel",
S40 E33,Round of 32,Tossup,35,Davy Crockett and many others died while defending what?,The Alamo,U.S. History,Social Studies,Temple Baptist Academy vs Somerset High School (KY),Quentin,Somerset High School (KY),Correct,,,,Correct,10,Somerset High School (KY),1,,the captions run Quentin's name into the question,
S40 E33,Round of 32,Bonus,35,Part 1: In which U.S. city was John F. Kennedy assassinated? | Part 2: What was the name of the first lady who was in the car with him?,Part 1: Dallas | Part 2: Jacqueline Kennedy,U.S. History,Social Studies,Temple Baptist Academy vs Somerset High School (KY),,Somerset High School (KY),Correct,,,,Correct,20,Somerset High School (KY),2,,,
S40 E33,Round of 32,Tossup,36,What is the term for the tendency of a solvent like water to diffuse through a membrane until the concentrations of the solutions are equal on either side?,Osmosis,Physics,Science & Technology,Temple Baptist Academy vs Somerset High School (KY),,Temple Baptist Academy,Incorrect,,,,Missed,0,None given,1,,"Temple Baptist's buzzer is not named (the answer was garbled, ""instant and permeable""); no Somerset answer captured",
S40 E33,Round of 32,Tossup,37,What are words that have different meanings but are spelled and pronounced the same?,Homonyms,Vocabulary,Language Arts,Temple Baptist Academy vs Somerset High School (KY),Easton,Temple Baptist Academy,Incorrect,,,,Missed,0,None given,1,,Easton said onomatopoeia and then homophones; no Somerset answer captured,
S40 E33,Round of 32,Tossup,38,For what values of x is the fraction 20/(x² + 5x − 14) undefined?,x = −7 and x = 2,Pre-Calculus,Mathematics,Temple Baptist Academy vs Somerset High School (KY),John,Somerset High School (KY),Incorrect,Will,Temple Baptist Academy,Incorrect,Missed,0,None given,1,,John said -2 and 7; Will said -2,
S40 E33,Round of 32,Tossup,39,In what state is Old Dominion University located?,Virginia,Miscellaneous,General & Visual,Temple Baptist Academy vs Somerset High School (KY),Will,Temple Baptist Academy,Correct,,,,Correct,10,Temple Baptist Academy,1,,,
S40 E33,Round of 32,Bonus,39,Part 1: In what state is the University of Miami located? | Part 2: In what state is Miami University located?,Part 1: Florida | Part 2: Ohio,Miscellaneous,General & Visual,Temple Baptist Academy vs Somerset High School (KY),,Temple Baptist Academy,Correct,,,,Correct,20,Temple Baptist Academy,2,,,
S40 E33,Round of 32,Tossup,40,What is the legal process by which a person becomes a citizen of another country at some time after birth?,Naturalization,Government,Social Studies,Temple Baptist Academy vs Somerset High School (KY),Quentin,Somerset High School (KY),Correct,,,,Correct,10,Somerset High School (KY),1,,,
S40 E33,Round of 32,Bonus,40,Name two of the three documents collectively known as the Charters of Freedom.,"Any two of: the Constitution, the Declaration of Independence, the Bill of Rights",Government,Social Studies,Temple Baptist Academy vs Somerset High School (KY),,Somerset High School (KY),Correct,,,,Correct,20,Somerset High School (KY),1,,,
S40 E33,Round of 32,Tossup,41,What is the process by which a gas changes to a liquid?,Condensation,Science,Science & Technology,Temple Baptist Academy vs Somerset High School (KY),Kate,Somerset High School (KY),Incorrect,Micah,Temple Baptist Academy,Correct,Correct,10,Temple Baptist Academy,1,,Kate ran out of time,
S40 E33,Round of 32,Bonus,41,Which material in each of the two pairs has more mass for the same volume? Part 1: Brick or glass? | Part 2: Water or gasoline?,Part 1: Glass | Part 2: Water,Science,Science & Technology,Temple Baptist Academy vs Somerset High School (KY),,Temple Baptist Academy,Correct,,,,Correct,20,Temple Baptist Academy,2,,,
S40 E33,Round of 32,Tossup,42,Who is the author of The Catcher in the Rye?,J.D. Salinger,Literature,Language Arts,Temple Baptist Academy vs Somerset High School (KY),Caroline,Somerset High School (KY),Correct,,,,Correct,10,Somerset High School (KY),1,,,
S40 E33,Round of 32,Bonus,42,Part 1: Name the novel written by Ray Bradbury that presents an American society where books have been banned. | Part 2: Bradbury meant for the title to refer to what?,Part 1: Fahrenheit 451 | Part 2: The temperature at which paper burns,Literature,Language Arts,Temple Baptist Academy vs Somerset High School (KY),,Somerset High School (KY),Correct,,,,Correct,20,Somerset High School (KY),2,,,
S40 E33,Round of 32,Tossup,43,Which famous mathematician's name ... [question cut off by the buzzer]?,[unclear],Pre-Calculus,Mathematics,Temple Baptist Academy vs Somerset High School (KY),Will,Temple Baptist Academy,Incorrect,,,,Missed,0,None given,1,Yes,"the question was cut off by the buzzer and the end of the game; Will said ""Sir Isaac Newton"" and was ruled wrong; the question wording and answer are not captured",
S40 E34,Round of 32,Tossup,1,What is the standard name for a potential cancer-causing agent?,A carcinogen,Health,Science & Technology,Dobyns-Bennett High School (Sachin's team) vs Alcoa High School,Claire,Dobyns-Bennett High School (Sachin's team),Correct,,,,Correct,10,Dobyns-Bennett High School (Sachin's team),1,,,
S40 E34,Round of 32,Bonus,1,"Following a two-year investigation, an e-cigarette company agreed to pay $438 million in a settlement over marketing its product to teens. What electronic cigarette company was it?",Juul,Health,Science & Technology,Dobyns-Bennett High School (Sachin's team) vs Alcoa High School,,Dobyns-Bennett High School (Sachin's team),Correct,,,,Correct,20,Dobyns-Bennett High School (Sachin's team),1,,"the captions show ""Jewel"" for Juul",
S40 E34,Round of 32,Tossup,2,"Evaluate 4x + 3y − 5z if x = 3, y = 2 and z = 4.",−2,Algebra,Mathematics,Dobyns-Bennett High School (Sachin's team) vs Alcoa High School,Michael,Dobyns-Bennett High School (Sachin's team),Correct,,,,Correct,10,Dobyns-Bennett High School (Sachin's team),1,,,
S40 E34,Round of 32,Bonus,2,Name the coordinates of the point where the lines y = 2x + 4 and y = (1/2)x + 4 intersect.,"(0, 4)",Algebra,Mathematics,Dobyns-Bennett High School (Sachin's team) vs Alcoa High School,,Dobyns-Bennett High School (Sachin's team),Correct,,,,Correct,20,Dobyns-Bennett High School (Sachin's team),1,,,
S40 E34,Round of 32,Tossup,3,What famous singer played the lead role in the 2018 movie version of A Star Is Born?,Lady Gaga,Music,Fine Arts,Dobyns-Bennett High School (Sachin's team) vs Alcoa High School,Reed,Alcoa High School,Correct,,,,Correct,10,Alcoa High School,1,,,
S40 E34,Round of 32,Bonus,3,"In his song ""Know Yourself,"" Drake says he's running through the 6 with his woes, in reference to his hometown area code 416, which is used in what city?",Toronto,Music,Fine Arts,Dobyns-Bennett High School (Sachin's team) vs Alcoa High School,,Alcoa High School,Correct,,,,Correct,20,Alcoa High School,1,,,
S40 E34,Round of 32,Tossup,4,"What is the past participle form of the word ""draw""?",Drawn,Vocabulary,Language Arts,Dobyns-Bennett High School (Sachin's team) vs Alcoa High School,Tripp,Alcoa High School,Correct,,,,Correct,10,Alcoa High School,1,,,
S40 E34,Round of 32,Bonus,4,Part 1: What word ending in -archy means ruling by a single ruler? | Part 2: What word ending in -archy means rule by a father or eldest male?,Part 1: Monarchy | Part 2: Patriarchy,Vocabulary,Language Arts,Dobyns-Bennett High School (Sachin's team) vs Alcoa High School,,Alcoa High School,Partial,,,,Partial,10,Alcoa High School,2,,"the team said ""anarchy"" for Part 1",
S40 E34,Round of 32,Tossup,5,Most planets in our solar system are named for mythological gods from which ancient civilization?,Rome,Astronomy,Science & Technology,Dobyns-Bennett High School (Sachin's team) vs Alcoa High School,,Unknown,Correct,,,,Correct,10,Unknown,1,Yes,buzzer and team not identified in captions; team not identified in captions (captions lines 15307-15308),"Ten points on the bonus toss up in astronomy, most planets in our solar system are named for mythological gods from which clear earth, which ancient civilization, like Rome, is right for ten, and an astronomy bonus. / Which of the constellations is the largest and is named for the mythological creature that Hercules killed in his second labor Day versus versus Hydra Is that one?"
S40 E34,Round of 32,Bonus,5,"Part 1: Which constellation is the largest and is named for the mythological creature that Hercules killed in his second labor? | Part 2: Which constellation is the smallest, with a name that is Latin for ""cross""?",Part 1: Hydra | Part 2: Crux,Astronomy,Science & Technology,Dobyns-Bennett High School (Sachin's team) vs Alcoa High School,,Unknown,Partial,,,,Partial,10,Unknown,2,Yes,"the team said ""Crucis"" for Part 2; team not identified in captions (captions lines 15307-15313)","Ten points on the bonus toss up in astronomy, most planets in our solar system are named for mythological gods from which clear earth, which ancient civilization, like Rome, is right for ten, and an astronomy bonus. / Which of the constellations is the largest and is named for the mythological creature that Hercules killed in his second labor Day versus versus Hydra Is that one? / Try this. / Which of the constellations is the smallest and its name is Latin for Cross crews? / No, I think I needed Crux on that cigar. / You toss it for all players in literature. / What is the seven letter word starting with the letter P that refers to a simple story from which, Tripp?"
S40 E34,Round of 32,Tossup,6,What seven letter word starting with P refers to a simple story from which a lesson should be drawn?,Parable,Literature,Language Arts,Dobyns-Bennett High School (Sachin's team) vs Alcoa High School,Tripp,Alcoa High School,Incorrect,Adam,Dobyns-Bennett High School (Sachin's team),Incorrect,Missed,0,None given,1,,Tripp said protagonist; Adam said proverb,
S40 E34,Round of 32,Tossup,7,"What earthenware substance is a clay-based, unglazed or glazed ceramic with a fired body that is porous?",Terracotta,Art,Fine Arts,Dobyns-Bennett High School (Sachin's team) vs Alcoa High School,Tripp,Alcoa High School,Incorrect,Claire,Dobyns-Bennett High School (Sachin's team),Incorrect,Missed,0,None given,1,,Tripp said clay; Claire said adobe,
S40 E34,Round of 32,Tossup,8,Which famous U.S. general accepted the Japanese surrender in 1945 aboard the USS Missouri?,General Douglas MacArthur,U.S. History,Social Studies,Dobyns-Bennett High School (Sachin's team) vs Alcoa High School,Luke,Alcoa High School,Incorrect,Claire,Dobyns-Bennett High School (Sachin's team),Incorrect,Missed,0,None given,1,,Luke said Truman; Claire said Patton (at the buzzer),
S40 E34,Round of 32,Tossup,9,"What is the English translation of the French ""Mayday""?","""Help me""",Foreign Language,Foreign Language,Dobyns-Bennett High School (Sachin's team) vs Alcoa High School,Tripp,Alcoa High School,Incorrect,Claire,Dobyns-Bennett High School (Sachin's team),Incorrect,Missed,0,None given,1,,"Tripp said ""going down""; Claire said ""crashing""",
S40 E34,Round of 32,Tossup,10,Which element makes a metal or alloy ferrous?,Iron,Chemistry,Science & Technology,Dobyns-Bennett High School (Sachin's team) vs Alcoa High School,Sachin,Dobyns-Bennett High School (Sachin's team),Correct,,,,Correct,10,Dobyns-Bennett High School (Sachin's team),1,,,
S40 E34,Round of 32,Bonus,10,"Francium is the heaviest chemical of the alkali metal group, and its isotopes decay quickly into nearby elements on the periodic table such as radium and radon. What is francium's atomic number?",87,Visual,General & Visual,Dobyns-Bennett High School (Sachin's team) vs Alcoa High School,,Dobyns-Bennett High School (Sachin's team),Incorrect,,,,Missed,0,None given,1,,team said 82,
S40 E34,Round of 32,Tossup,11,What is the product of 0.004 and 0.051?,0.000204,Math,Mathematics,Dobyns-Bennett High School (Sachin's team) vs Alcoa High School,Claire,Dobyns-Bennett High School (Sachin's team),Correct,,,,Correct,10,Dobyns-Bennett High School (Sachin's team),1,,,
S40 E34,Round of 32,Bonus,11,"What is the cash value of 11 quarters, 12 dimes and 13 nickels?",$4.60,Math,Mathematics,Dobyns-Bennett High School (Sachin's team) vs Alcoa High School,Claire,Dobyns-Bennett High School (Sachin's team),Incorrect,,,,Missed,0,None given,1,,Claire said $5.20,
S40 E34,Round of 32,Tossup,12,With which religion are the five pillars associated?,Islam,Religion,Religion & Mythology,Dobyns-Bennett High School (Sachin's team) vs Alcoa High School,Sachin,Dobyns-Bennett High School (Sachin's team),Correct,,,,Correct,10,Dobyns-Bennett High School (Sachin's team),1,,,
S40 E34,Round of 32,Bonus,12,"What 13 letter word is used to describe the Roman Catholic dogma, most recently used in 1950, that the Pope has the authority to teach without error?",Infallibility,Religion,Religion & Mythology,Dobyns-Bennett High School (Sachin's team) vs Alcoa High School,,Dobyns-Bennett High School (Sachin's team),Incorrect,,,,Missed,0,None given,1,,"team said ""communion""",
S40 E34,Round of 32,Tossup,13,Who invented dynamite and bequeathed his fortune to recognize those who conferred the greatest benefit to humankind?,Alfred Nobel,World History,Social Studies,Dobyns-Bennett High School (Sachin's team) vs Alcoa High School,Tripp,Alcoa High School,Correct,,,,Correct,10,Alcoa High School,1,,,
S40 E34,Round of 32,Bonus,13,Part 1: Who ruled Russia prior to his abdication in March 1917? | Part 2: Who led the overthrow of Russia's provisional government in October 1917 to become the first leader of the Soviet Union?,Part 1: Nicholas II | Part 2: Lenin,World History,Social Studies,Dobyns-Bennett High School (Sachin's team) vs Alcoa High School,,Alcoa High School,Partial,,,,Partial,10,Alcoa High School,2,,the team said Stalin for Part 1,
S40 E34,Round of 32,Tossup,14,"What is the past tense of the verb ""bring""?",Brought,English,Language Arts,Dobyns-Bennett High School (Sachin's team) vs Alcoa High School,Tripp,Alcoa High School,Incorrect,Sachin,Dobyns-Bennett High School (Sachin's team),Correct,Correct,10,Dobyns-Bennett High School (Sachin's team),1,,"Tripp said ""brung""",
S40 E34,Round of 32,Bonus,14,"Which four words need to be capitalized in the following sentence? ""William the Conqueror was the first Norman king of England.""","William, Conqueror, Norman and England",English,Language Arts,Dobyns-Bennett High School (Sachin's team) vs Alcoa High School,,Dobyns-Bennett High School (Sachin's team),Correct,,,,Correct,20,Dobyns-Bennett High School (Sachin's team),1,,,
S40 E34,Round of 32,Tossup,15,A small earthquake that precedes a larger earthquake by several days is called what?,A foreshock,Geology,Science & Technology,Dobyns-Bennett High School (Sachin's team) vs Alcoa High School,Claire,Dobyns-Bennett High School (Sachin's team),Correct,,,,Correct,10,Dobyns-Bennett High School (Sachin's team),1,,,
S40 E34,Round of 32,Bonus,15,"Part 1: What 800 mile stretch through California, where the Pacific and North American tectonic plates meet, consistently produces a magnitude 6.0 earthquake approximately once every 22 years? | Part 2: After whom is San Andreas, California, named?",Part 1: The San Andreas Fault | Part 2: Saint Andrew,Geology,Science & Technology,Dobyns-Bennett High School (Sachin's team) vs Alcoa High School,Adam,Dobyns-Bennett High School (Sachin's team),Partial,,,,Partial,10,Dobyns-Bennett High School (Sachin's team),2,,"Adam answered Part 1; Claire guessed ""Andreas"" for Part 2",
S40 E34,Round of 32,Tossup,16,"Which U.S. president's inaugural speech included ""The only thing we have to fear is fear itself""?",Franklin D. Roosevelt,History,Social Studies,Dobyns-Bennett High School (Sachin's team) vs Alcoa High School,Sachin,Dobyns-Bennett High School (Sachin's team),Correct,,,,Correct,10,Dobyns-Bennett High School (Sachin's team),1,,,
S40 E34,Round of 32,Bonus,16,"Part 1: What is the name of the building shown here, which means ""little mountain"" in Italian, Thomas Jefferson's home and plantation? | Part 2: It is located just outside what city that is home to the University of Virginia?",Part 1: Monticello | Part 2: Charlottesville,Visual,General & Visual,Dobyns-Bennett High School (Sachin's team) vs Alcoa High School,,Dobyns-Bennett High School (Sachin's team),Correct,,,,Correct,20,Dobyns-Bennett High School (Sachin's team),2,,,
S40 E34,Round of 32,Tossup,17,What is the term for a score of zero in tennis?,Love,Sports,General & Visual,Dobyns-Bennett High School (Sachin's team) vs Alcoa High School,Reed,Alcoa High School,Correct,,,,Correct,10,Alcoa High School,1,,,
S40 E34,Round of 32,Bonus,17,Part 1: In what city is the Kentucky Derby held? | Part 2: On what racetrack is the Derby held?,Part 1: Louisville | Part 2: Churchill Downs,Sports,General & Visual,Dobyns-Bennett High School (Sachin's team) vs Alcoa High School,,Alcoa High School,Correct,,,,Correct,20,Alcoa High School,2,,,
S40 E34,Round of 32,Tossup,18,A state law requires people using the waterways in Tennessee to wear a life jacket if under what age?,12,Government,Social Studies,Dobyns-Bennett High School (Sachin's team) vs Alcoa High School,Luke,Alcoa High School,Correct,,,,Correct,10,Alcoa High School,1,,,
S40 E34,Round of 32,Bonus,18,Part 1: What is the minimum age to run for governor of Tennessee? | Part 2: How many consecutive terms may the Tennessee governor serve?,Part 1: 30 | Part 2: Two,Government,Social Studies,Dobyns-Bennett High School (Sachin's team) vs Alcoa High School,Jahoyta,Alcoa High School,Correct,,,,Correct,20,Alcoa High School,2,,,
S40 E34,Round of 32,Tossup,19,Gregory Peck won an Academy Award for his portrayal of what character in a film?,Atticus Finch (To Kill a Mockingbird),Literature,Language Arts,Dobyns-Bennett High School (Sachin's team) vs Alcoa High School,Michael,Dobyns-Bennett High School (Sachin's team),Correct,,,,Correct,10,Dobyns-Bennett High School (Sachin's team),1,,,
S40 E34,Round of 32,Bonus,19,"Part 1: In To Kill a Mockingbird, what was Atticus Finch's profession? | Part 2: Who wrote the novel To Kill a Mockingbird?",Part 1: Lawyer | Part 2: Harper Lee,Literature,Language Arts,Dobyns-Bennett High School (Sachin's team) vs Alcoa High School,,Dobyns-Bennett High School (Sachin's team),Correct,,,,Correct,20,Dobyns-Bennett High School (Sachin's team),2,,,
S40 E34,Round of 32,Tossup,20,What unit is commonly used to measure the energy value of a food?,The calorie,Science,Science & Technology,Dobyns-Bennett High School (Sachin's team) vs Alcoa High School,Luke,Alcoa High School,Incorrect,Adam,Dobyns-Bennett High School (Sachin's team),Correct,Correct,10,Dobyns-Bennett High School (Sachin's team),1,,Luke said watts,
S40 E34,Round of 32,Bonus,20,"Part 1: Which solvent has the higher flash point, acetone or acetic acid? | Part 2: Which solvent has the higher flash point, turpentine or methanol?",Part 1: Acetic acid | Part 2: Turpentine,Science,Science & Technology,Dobyns-Bennett High School (Sachin's team) vs Alcoa High School,,Dobyns-Bennett High School (Sachin's team),Correct,,,,Correct,20,Dobyns-Bennett High School (Sachin's team),2,,,
S40 E34,Round of 32,Tossup,21,What is the measure in radians of the quadrant I angle with a sine of 1/2?,π/6,Pre-Calculus,Mathematics,Dobyns-Bennett High School (Sachin's team) vs Alcoa High School,Adam,Dobyns-Bennett High School (Sachin's team),Correct,,,,Correct,10,Dobyns-Bennett High School (Sachin's team),1,,,
S40 E34,Round of 32,Bonus,21,"In calculus, what is the process of combining infinitesimal data to describe displacement, area, volume and other concepts, such as an integral?",Integration,Pre-Calculus,Mathematics,Dobyns-Bennett High School (Sachin's team) vs Alcoa High School,,Dobyns-Bennett High School (Sachin's team),Incorrect,,,,Missed,0,None given,1,,"the team said ""integral"" and the host did not accept it; the first half ended after this bonus",
S40 E34,Round of 32,Tossup,22,Who composed the ballet The Nutcracker?,Tchaikovsky,Music,Fine Arts,Dobyns-Bennett High School (Sachin's team) vs Alcoa High School,Claire,Dobyns-Bennett High School (Sachin's team),Correct,,,,Correct,10,Dobyns-Bennett High School (Sachin's team),1,,,
S40 E34,Round of 32,Bonus,22,"Who composed the tone poem Also sprach Zarathustra, which was made famous as the opening theme of 2001: A Space Odyssey?",Richard Strauss,Music,Fine Arts,Dobyns-Bennett High School (Sachin's team) vs Alcoa High School,,Dobyns-Bennett High School (Sachin's team),Incorrect,,,,Missed,0,None given,1,,team said Bach,
S40 E34,Round of 32,Tossup,23,Who was president of the United States during the War of 1812?,James Madison,U.S. History,Social Studies,Dobyns-Bennett High School (Sachin's team) vs Alcoa High School,Tripp,Alcoa High School,Incorrect,Sachin,Dobyns-Bennett High School (Sachin's team),Correct,Correct,10,Dobyns-Bennett High School (Sachin's team),1,,Tripp said Jackson,
S40 E34,Round of 32,Bonus,23,"In 2022, Native Americans asked a Scottish museum to return three items taken from victims of what massacre that occurred on the Pine Ridge Indian Reservation in South Dakota on December 29, 1890?",The Wounded Knee Massacre,U.S. History,Social Studies,Dobyns-Bennett High School (Sachin's team) vs Alcoa High School,,Dobyns-Bennett High School (Sachin's team),Correct,,,,Correct,20,Dobyns-Bennett High School (Sachin's team),1,,"the team said ""Massacre of Wounded Knee""; the host would also accept ""Battle of Wounded Knee""",
S40 E34,Round of 32,Tossup,24,"In Roman mythology, who was the counterpart to the Greek goddess Artemis and sister to Apollo?",Diana,Mythology,Religion & Mythology,Dobyns-Bennett High School (Sachin's team) vs Alcoa High School,Adam,Dobyns-Bennett High School (Sachin's team),Correct,,,,Correct,10,Dobyns-Bennett High School (Sachin's team),1,,,
S40 E34,Round of 32,Bonus,24,What item from mythology is also called a horn of plenty and represents nature's bounty?,A cornucopia,Mythology,Religion & Mythology,Dobyns-Bennett High School (Sachin's team) vs Alcoa High School,,Dobyns-Bennett High School (Sachin's team),Correct,,,,Correct,20,Dobyns-Bennett High School (Sachin's team),1,,,
S40 E34,Round of 32,Tossup,25,What word describes three lines that pass through the same point?,Concurrent,Physics,Science & Technology,Dobyns-Bennett High School (Sachin's team) vs Alcoa High School,Claire,Dobyns-Bennett High School (Sachin's team),Incorrect,Tripp,Alcoa High School,Incorrect,Missed,0,None given,1,,Claire said collinear; Tripp said intersection,
S40 E34,Round of 32,Tossup,26,"In texting and social media, what do the letters FWIW represent?",For what it's worth,Technology,Science & Technology,Dobyns-Bennett High School (Sachin's team) vs Alcoa High School,Sachin,Dobyns-Bennett High School (Sachin's team),Incorrect,Tripp,Alcoa High School,Incorrect,Missed,0,None given,1,,"Sachin said ""for your information""; Tripp said ""free Wi-Fi""",
S40 E34,Round of 32,Tossup,27,"If something is dichromatic, how many colors does it have?",Two,Art,Fine Arts,Dobyns-Bennett High School (Sachin's team) vs Alcoa High School,Claire,Dobyns-Bennett High School (Sachin's team),Correct,,,,Correct,10,Dobyns-Bennett High School (Sachin's team),1,,,
S40 E34,Round of 32,Bonus,27,Who is the actor seen here who rose to fame during the silent movie era and is considered one of Hollywood's most important historical figures?,Charlie Chaplin,Visual,General & Visual,Dobyns-Bennett High School (Sachin's team) vs Alcoa High School,,Dobyns-Bennett High School (Sachin's team),Correct,,,,Correct,20,Dobyns-Bennett High School (Sachin's team),1,,,
S40 E34,Round of 32,Tossup,28,Which Italian explorer traveled to China in 1275 and remained to serve Kublai Khan?,Marco Polo,History,Social Studies,Dobyns-Bennett High School (Sachin's team) vs Alcoa High School,Sachin,Dobyns-Bennett High School (Sachin's team),Correct,,,,Correct,10,Dobyns-Bennett High School (Sachin's team),1,,,
S40 E34,Round of 32,Bonus,28,"To what group of people does the mnemonic device ""divorced, beheaded, died, divorced, beheaded, survived"" refer?",The six wives of Henry VIII,History,Social Studies,Dobyns-Bennett High School (Sachin's team) vs Alcoa High School,,Dobyns-Bennett High School (Sachin's team),Correct,,,,Correct,20,Dobyns-Bennett High School (Sachin's team),1,,,
