Episode,Round,Question Type,Question #,Question Text,Correct Answer,Category,Subject Area,Matchup,Answered By,Team,Result,Steal By,Steal Team,Steal Result,Outcome,Points,Points To,Parts,Needs Review,Review Notes,Transcript Excerpt
S40 E01,Round 1,Tossup,1,What part of the eye has a diaphragm to control the amount of light going through the pupil?,The iris,Health,Science & Technology,Christian Academy of Knoxville vs Carter High School,Reagan,Carter High School,Correct,,,,Correct,10,Carter High School,1,,,
S40 E01,Round 1,Bonus,1,Which two of the three types of human muscles are striated?,Cardiac muscle and skeletal muscle,Health,Science & Technology,Christian Academy of Knoxville vs Carter High School,,Carter High School,Correct,,,,Correct,20,Carter High School,1,,"responder's name garbled in captions (""Batman"")",
S40 E01,Round 1,Tossup,2,Who wrote James and the Giant Peach?,Roald Dahl,Literature,Language Arts,Christian Academy of Knoxville vs Carter High School,Reagan,Carter High School,Correct,,,,Correct,10,Carter High School,1,,question cut off by the buzz; the host added that Matilda is also Roald Dahl,
S40 E01,Round 1,Bonus,2,"Who wrote The Once and Future King, a collection of fantasy novels about King Arthur that includes the book The Sword in the Stone?",T. H. White,Literature,Language Arts,Christian Academy of Knoxville vs Carter High School,,Carter High School,Incorrect,,,,Missed,0,None given,1,,team said Mark Twain,
S40 E01,Round 1,Tossup,3,What is the only piece of artwork that Michelangelo ever signed?,The Pietà,Art,Fine Arts,Christian Academy of Knoxville vs Carter High School,Olivia,Christian Academy of Knoxville,Incorrect,,,,Missed,0,None given,1,,"Olivia said the David; steal offered to Carter, no answer captured; the host's answer is garbled in captions (""That's the way to test it"")",
S40 E01,Round 1,Tossup,4,Which British commander surrendered to General George Washington at Yorktown?,Cornwallis,U.S. History,Social Studies,Christian Academy of Knoxville vs Carter High School,,Carter High School,Correct,,,,Correct,10,Carter High School,1,,"buzzer's name garbled in captions (""Brig.""); team from ""history bonus for Carter""",
S40 E01,Round 1,Bonus,4,Part 1: Who was the fugitive slave that helped 300 slaves escape via the Underground Railroad? | Part 2: What biblical nickname did abolitionist William Lloyd Garrison give to Harriet Tubman?,Part 1: Harriet Tubman | Part 2: Moses,History,Social Studies,Christian Academy of Knoxville vs Carter High School,,Carter High School,Correct,,,,Correct,20,Carter High School,2,,,
S40 E01,Round 1,Tossup,5,"According to the Bible, in what city did Jesus live during much of his childhood and young adulthood?",Nazareth,Religion,Religion & Mythology,Christian Academy of Knoxville vs Carter High School,Harrison,Christian Academy of Knoxville,Correct,,,,Correct,10,Christian Academy of Knoxville,1,,,
S40 E01,Round 1,Bonus,5,What word means ritually correct in regards to food preparation in accordance with Jewish laws?,Kosher,Religion,Religion & Mythology,Christian Academy of Knoxville vs Carter High School,Olivia,Christian Academy of Knoxville,Correct,,,,Correct,20,Christian Academy of Knoxville,1,,,
S40 E01,Round 1,Tossup,6,What is the study of microscopic organisms?,Microbiology,Science,Science & Technology,Christian Academy of Knoxville vs Carter High School,Harrison,Christian Academy of Knoxville,Correct,,,,Correct,10,Christian Academy of Knoxville,1,,,
S40 E01,Round 1,Bonus,6,"Who is the scientist shown here who jotted down the symbols for the chemical elements in order according to their atomic weights, in such a way that they ended up grouped on the page according to known regularities or curiosities of behavior?",Dmitri Mendeleev,Visual,General & Visual,Christian Academy of Knoxville vs Carter High School,,Christian Academy of Knoxville,Correct,,,,Correct,20,Christian Academy of Knoxville,1,,,
S40 E01,Round 1,Tossup,7,"What eight letter word starting with R means to produce or be filled with a deep, full, reverberating sound?",Resonate,Vocabulary,Language Arts,Christian Academy of Knoxville vs Carter High School,Reagan,Carter High School,Incorrect,Olivia,Christian Academy of Knoxville,Correct,Correct,10,Christian Academy of Knoxville,1,,Reagan said ricochet,
S40 E01,Round 1,Bonus,7,What seven letter word beginning with I means to cause something or someone to be alone or apart from others?,Isolate,Vocabulary,Language Arts,Christian Academy of Knoxville vs Carter High School,,Christian Academy of Knoxville,Correct,,,,Correct,20,Christian Academy of Knoxville,1,,,
S40 E01,Round 1,Tossup,8,Name the factors of the trinomial x² − 4x − 12.,(x − 6)(x + 2),Algebra,Mathematics,Christian Academy of Knoxville vs Carter High School,Olivia,Christian Academy of Knoxville,Incorrect,,,,Missed,0,None given,1,,"Olivia hedged between ""negative six and two"" and ""six and negative two""; steal offered to Carter, no answer captured",
S40 E01,Round 1,Tossup,9,"On which of the Great Lakes is Buffalo, New York?",Lake Erie,Geography,Social Studies,Christian Academy of Knoxville vs Carter High School,Harrison,Christian Academy of Knoxville,Correct,,,,Correct,10,Christian Academy of Knoxville,1,,,
S40 E01,Round 1,Bonus,9,"Part 1: On which continent are the rivers St. Lawrence, Colorado and Rio Grande? | Part 2: On which continent are the rivers Yellow, Euphrates and Irrawaddy?",Part 1: North America | Part 2: Asia,Geography,Social Studies,Christian Academy of Knoxville vs Carter High School,,Christian Academy of Knoxville,Correct,,,,Correct,20,Christian Academy of Knoxville,2,,"river names in Part 1 garbled in captions (""Catawba"")",
S40 E01,Round 1,Tossup,10,What classical composer would attach a wooden rod to his piano and clench the other end in his teeth in order to feel the vibrations through his jaw?,Beethoven,Music,Fine Arts,Christian Academy of Knoxville vs Carter High School,,Carter High School,Correct,,,,Correct,10,Carter High School,1,,"buzzer not named; team from ""music bonus for Carter""",
S40 E01,Round 1,Bonus,10,Part 1: What musical term refers to a romantic and dreamy short composition suggestive of night? | Part 2: Which Polish composer wrote 27 nocturnes?,Part 1: Nocturne | Part 2: Chopin,Music,Fine Arts,Christian Academy of Knoxville vs Carter High School,,Carter High School,Incorrect,,,,Missed,0,None given,2,,no answer for Part 1; team said Beethoven for Part 2,
S40 E01,Round 1,Tossup,11,What is the monomer of a protein?,Amino acid,Biology,Science & Technology,Christian Academy of Knoxville vs Carter High School,Karen,Carter High School,Correct,,,,Correct,10,Carter High School,1,,,
S40 E01,Round 1,Bonus,11,What is the only member of the marsupial order that is endemic to the Americas and found in Tennessee?,The opossum,Biology,Science & Technology,Christian Academy of Knoxville vs Carter High School,,Carter High School,Correct,,,,Correct,20,Carter High School,1,,question text partly garbled in captions,
S40 E01,Round 1,Tossup,12,What is the Spanish word for exit?,Salida,Foreign Language,Foreign Language,Christian Academy of Knoxville vs Carter High School,Olivia,Christian Academy of Knoxville,Incorrect,Karen,Carter High School,Incorrect,Missed,0,None given,1,,"Olivia's answer garbled in captions (""salt son""); Karen's answer not captured",
S40 E01,Round 1,Tossup,13,In what state is the volcano Mount St. Helens?,Washington,Geology,Science & Technology,Christian Academy of Knoxville vs Carter High School,Reagan,Carter High School,Correct,,,,Correct,10,Carter High School,1,,,
S40 E01,Round 1,Bonus,13,Algeria is mining one of the largest deposits in the world of what metal with the atomic number 26 and the symbol Fe?,Iron,Geology,Science & Technology,Christian Academy of Knoxville vs Carter High School,,Carter High School,Correct,,,,Correct,20,Carter High School,1,,answer not spoken in captions (the host just said correct),
S40 E01,Round 1,Tossup,14,What term beginning with the letter C refers to someone who uses goods and services?,Consumer,Economics,Social Studies,Christian Academy of Knoxville vs Carter High School,,Carter High School,Correct,,,,Correct,10,Carter High School,1,,"buzzer not named in captions; Carter is inferred from the game result (without these 30 points Carter would trail) and the bonus responder (""cover me"", probably Karen)",
S40 E01,Round 1,Bonus,14,"In a command economy, who makes the economic decisions about product availability and pricing?",The government,Economics,Social Studies,Christian Academy of Knoxville vs Carter High School,,Carter High School,Correct,,,,Correct,20,Carter High School,1,,"responder's name garbled in captions (""cover me"")",
S40 E01,Round 1,Tossup,15,"Which sport uses terms such as pass, set, spike, dig and side out?",Volleyball,Sports,General & Visual,Christian Academy of Knoxville vs Carter High School,Reagan,Carter High School,Incorrect,Olivia,Christian Academy of Knoxville,Correct,Correct,10,Christian Academy of Knoxville,1,,Reagan said football,
S40 E01,Round 1,Bonus,15,"A meeting of club representatives in a London tavern on October 26, 1863 led to the formation of the first official set of rules, shown here, and the creation of a governing body known as the FA that still oversees a sport in England. What is that sport known as in America?",Soccer,Visual,General & Visual,Christian Academy of Knoxville vs Carter High School,,Christian Academy of Knoxville,Correct,,,,Correct,20,Christian Academy of Knoxville,1,,,
S40 E01,Round 1,Tossup,16,What malignant disease is characterized by a marked increase in the number of a person's white blood cells and swollen lymph glands?,Leukemia,Health,Science & Technology,Christian Academy of Knoxville vs Carter High School,Olivia,Christian Academy of Knoxville,Incorrect,Karen,Carter High School,Incorrect,Missed,0,None given,1,,"Olivia's answer garbled in captions (""Lynn"", probably lymphoma); Karen said cancer, which the host said was too general",
S40 E01,Round 1,Tossup,17,"Spell a nine letter word for a French crescent shaped roll made of sweet, flaky dough.",C-R-O-I-S-S-A-N-T,Spelling,Language Arts,Christian Academy of Knoxville vs Carter High School,Olivia,Christian Academy of Knoxville,Correct,,,,Correct,10,Christian Academy of Knoxville,1,,,
S40 E01,Round 1,Bonus,17,"Part 1: A nice thing to say about someone is a compliment. Spell ""compliment."" | Part 2: A thing that completes or brings to perfection is a complement. Spell ""complement.""",Part 1: C-O-M-P-L-I-M-E-N-T | Part 2: C-O-M-P-L-E-M-E-N-T,Spelling,Language Arts,Christian Academy of Knoxville vs Carter High School,,Christian Academy of Knoxville,Correct,,,,Correct,20,Christian Academy of Knoxville,2,,,
S40 E01,Round 1,Tossup,18,What is the ratio of the areas of two circles if the ratio of their diameters is 2 to 5?,4 to 25,Geometry,Mathematics,Christian Academy of Knoxville vs Carter High School,,,No Buzz,,,,Missed,0,None given,1,,the host warned a team about looking at each other during a tossup and gave the answer; no answer was credited,
S40 E01,Round 1,Tossup,19,Who was the only U.S. president to receive the Purple Heart?,John F. Kennedy,U.S. History,Social Studies,Christian Academy of Knoxville vs Carter High School,Michael,Christian Academy of Knoxville,Incorrect,Reagan,Carter High School,Incorrect,Missed,0,None given,1,,"Michael said Eisenhower; Reagan said ""Reagan""",
S40 E01,Round 1,Tossup,20,The Rhodes Scholarship is an international postgraduate award for students to study at what university in the United Kingdom?,Oxford,Miscellaneous,General & Visual,Christian Academy of Knoxville vs Carter High School,Reagan,Carter High School,Correct,,,,Correct,10,Carter High School,1,,,
S40 E01,Round 1,Bonus,20,"What private university in Terre Haute, Indiana, reached a milestone in September 2023 with its 25th consecutive year as the number one ranked undergraduate engineering college in U.S. News and World Report's Best Colleges guide?",Rose-Hulman Institute of Technology,Miscellaneous,General & Visual,Christian Academy of Knoxville vs Carter High School,,Carter High School,Incorrect,,,,Missed,0,None given,1,,team said Notre Dame,
S40 E01,Round 1,Tossup,21,"What is the term for a computer program that organizes, stores and retrieves information in a structured way?",Database,Technology,Science & Technology,Christian Academy of Knoxville vs Carter High School,,Carter High School,Incorrect,,Christian Academy of Knoxville,Correct,Correct,10,Christian Academy of Knoxville,1,,Carter's first buzzer not named (said algorithm); CAK's stealing player not named,
S40 E01,Round 1,Bonus,21,What do the letters URL represent?,Uniform Resource Locator,Technology,Science & Technology,Christian Academy of Knoxville vs Carter High School,,Christian Academy of Knoxville,Incorrect,,,,Missed,0,None given,1,,"team's answer garbled in captions (""unrestricted link"")",
S40 E01,Round 1,Tossup,22,What mountain in Greece was said to be the home to several mythological Greek gods?,Mount Olympus,Mythology,Religion & Mythology,Christian Academy of Knoxville vs Carter High School,Stix,Carter High School,Correct,,,,Correct,10,Carter High School,1,,"buzzer name read from ""Styx""",
S40 E01,Round 1,Bonus,22,Name four of the 12 Olympians of Greek mythology whose home was on Mount Olympus.,"Any four of: Zeus, Hera, Poseidon, Demeter, Athena, Apollo, Artemis, Ares, Aphrodite, Hephaestus, Hermes, Dionysus",Mythology,Religion & Mythology,Christian Academy of Knoxville vs Carter High School,Stix,Carter High School,Correct,,,,Correct,20,Carter High School,1,,"team named Zeus, Athena, Apollo and Dionysus",
S40 E01,Round 1,Tossup,23,The king and his government were declared to not be above the law and the English aristocracy was granted rights with what charter?,Magna Carta,Government,Social Studies,Christian Academy of Knoxville vs Carter High School,,Carter High School,Correct,,,,Correct,10,Carter High School,1,,"buzzer not named; the captions run the question and answer together; team from ""bonus for Carter""",
S40 E01,Round 1,Bonus,23,"In 2022, the U.N. Security Council imposed a targeted arms embargo, travel ban and asset freeze in an effort to stop criminal gangs and violence in which nation, ranked as the poorest country in the Western Hemisphere?",Haiti,Government,Social Studies,Christian Academy of Knoxville vs Carter High School,,Carter High School,Correct,,,,Correct,20,Carter High School,1,,,
S40 E01,Round 1,Tossup,24,"Which Tennessee city was known as ""the town that temperance built""?",Harriman,Geography,Social Studies,Christian Academy of Knoxville vs Carter High School,Reagan,Carter High School,Incorrect,Olivia,Christian Academy of Knoxville,Incorrect,Missed,0,None given,1,,Reagan said Nashville; Olivia said Memphis,
S40 E01,Round 1,Tossup,25,"What game is played on a flat felt mat with sets of small disks, a pot which is the target, and a collection of squidgers, which are the larger disks used to shoot the smaller disks into the target?",Tiddlywinks,Games,General & Visual,Christian Academy of Knoxville vs Carter High School,,Unknown,Incorrect,,,,Missed,0,None given,1,Yes,"buzzer and team not identified in captions; the answer given was shuffleboard, and the host said the team had been conferring on a tossup; team not identified in captions (captions lines 28498-28505)","What game is played on a flat felt mat with sets of small disks, a pot which is the target, and a collection of squiggles which are the larger disks used to shoot the smaller disks into the target. / And we can't look shuffleboard. / No, that's not it. / I know you guys were conferring on a toss up, so I can't. / I can't take it anyway. / Ask your grandparents if they ever heard of Tiddledywinks. / That's. / toss up now in chemistry, What is the chemical formula for phosphoric acid?"
S40 E01,Round 1,Tossup,26,What is the chemical formula for phosphoric acid?,H3PO4,Chemistry,Science & Technology,Christian Academy of Knoxville vs Carter High School,Tim,Christian Academy of Knoxville,Correct,,,,Correct,10,Christian Academy of Knoxville,1,,,
S40 E01,Round 1,Bonus,26,What is a very pale blue liquid that is slightly more viscous than water and has the formula H2O2?,Hydrogen peroxide,Chemistry,Science & Technology,Christian Academy of Knoxville vs Carter High School,,Christian Academy of Knoxville,Correct,,,,Correct,20,Christian Academy of Knoxville,1,,,
S40 E01,Round 1,Tossup,27,"What four letter word beginning with F is the antonym of ""coarse""?",Fine,English,Language Arts,Christian Academy of Knoxville vs Carter High School,Karen,Carter High School,Correct,,,,Correct,10,Carter High School,1,,"question's last word read from ""Of course"" in captions",
S40 E01,Round 1,Bonus,27,"What is the past simple form of the verb ""become""?",Became,English,Language Arts,Christian Academy of Knoxville vs Carter High School,,Carter High School,Correct,,,,Correct,20,Carter High School,1,,,
S40 E01,Round 1,Tossup,28,What is one half raised to the negative three power?,8,Math,Mathematics,Christian Academy of Knoxville vs Carter High School,Tim,Christian Academy of Knoxville,Correct,,,,Correct,10,Christian Academy of Knoxville,1,,"buzzer name read from ""chem""; team from the bonus deferral to Michael",
S40 E01,Round 1,Bonus,28,"The perimeter of a rhombus is 40 meters. If the diagonals are in a 3 to 4 ratio, what are their lengths?",12 and 16 meters,Math,Mathematics,Christian Academy of Knoxville vs Carter High School,,Christian Academy of Knoxville,Incorrect,,,,Missed,0,None given,1,,team (via Michael) said 10 and 30,
S40 E01,Round 1,Tossup,29,Which country implemented a one child policy between 1980 and 2015?,China,History,Social Studies,Christian Academy of Knoxville vs Carter High School,Reagan,Carter High School,Correct,,,,Correct,10,Carter High School,1,,,
S40 E01,Round 1,Bonus,29,Name two of the five main countries that battled in the Crimean War between 1853 and 1856.,"Any two of: Russia, the United Kingdom, France, the Ottoman Empire, Sardinia",History,Social Studies,Christian Academy of Knoxville vs Carter High School,,Carter High School,Correct,,,,Correct,20,Carter High School,1,,team said Russia and the United Kingdom,
S40 E01,Round 1,Tossup,30,"Who, at age eight, began singing lead in the Jackson 5?",Michael Jackson,Music,Fine Arts,Christian Academy of Knoxville vs Carter High School,Harrison,Christian Academy of Knoxville,Correct,,,,Correct,10,Christian Academy of Knoxville,1,,,
S40 E01,Round 1,Bonus,30,"Guests on the Lockdown Sessions album included Miley Cyrus, Lil Nas X, Charlie Puth and others. The album's first single, ""Cold Heart,"" with guest Dua Lipa, made which superstar the first solo artist to reach the UK top ten in six separate decades?",Elton John,Music,Fine Arts,Christian Academy of Knoxville vs Carter High School,,Christian Academy of Knoxville,Incorrect,,,,Missed,0,None given,1,Yes,"the team's answer is garbled in captions (""SCISSOR"") and the host said ""That's Elton John"" without giving points, so it was probably missed (captions lines 28529-28533)","So that's 20 points plus up now in music who at age eight began singing lead in the Jackson five, Harrison, Michael Jackson and a music bonus. / Guests on the lockdown sessions album included Miley Cyrus, Lil Nas X, Charlie Puth and others. / The album's first single, Cold Heart, with guest Dua LIPA made, which superstar the first solo artist to reach the UK top ten in six separate decades. / SCISSOR That's Elton John is the guy who's been around that long to set for all players in science. / What is the attractive force that acts between molecules of different substances?"
S40 E01,Round 1,Tossup,31,What is the attractive force that acts between molecules of different substances?,Adhesion,Science,Science & Technology,Christian Academy of Knoxville vs Carter High School,Olivia,Christian Academy of Knoxville,Incorrect,,Carter High School,Incorrect,Missed,0,None given,1,,Olivia said intermolecular forces; Carter's stealing player is not clear in captions (said gravity),
S40 E01,Round 1,Tossup,32,"What is the English translation of the French phrase ""au revoir""?",Goodbye,Foreign Language,Foreign Language,Christian Academy of Knoxville vs Carter High School,Reagan,Carter High School,Correct,,,,Correct,10,Carter High School,1,,"the host would also have accepted ""until we meet again""",
S40 E01,Round 1,Bonus,32,"What is the English translation of the French phrase ""je suis désolé""?",I am sorry,Foreign Language,Foreign Language,Christian Academy of Knoxville vs Carter High School,,Carter High School,Correct,,,,Correct,20,Carter High School,1,,"French phrase reconstructed from the translation (captions: ""Just sweet easily"")",
S40 E01,Round 1,Tossup,33,"What 11 letter word starting with B comes from the Latin words for ""speak well"" and means the prayer sung or spoken at the end of a religious service?",Benediction,Religion,Religion & Mythology,Christian Academy of Knoxville vs Carter High School,Olivia,Christian Academy of Knoxville,Correct,,,,Correct,10,Christian Academy of Knoxville,1,,,
S40 E01,Round 1,Bonus,33,"In 2023, Christian missionaries from South Korea risked prosecution in what country, the birthplace of Buddha, where it is illegal to convert people to another religion?",Nepal,Religion,Religion & Mythology,Christian Academy of Knoxville vs Carter High School,,Christian Academy of Knoxville,Incorrect,,,,Missed,0,None given,1,,team said India,
S40 E01,Round 1,Tossup,34,"What country is made up of the large islands of Honshu, Shikoku and Kyushu and others?",Japan,Geography,Social Studies,Christian Academy of Knoxville vs Carter High School,Harrison,Christian Academy of Knoxville,Correct,,,,Correct,10,Christian Academy of Knoxville,1,,,
S40 E01,Round 1,Bonus,34,Part 1: What is the name of the group of about 90 islands that make up the smallest independent country by area in Africa? | Part 2: Spell that name.,Part 1: Seychelles | Part 2: S-E-Y-C-H-E-L-L-E-S,Geography,Social Studies,Christian Academy of Knoxville vs Carter High School,,Christian Academy of Knoxville,Correct,,,,Correct,20,Christian Academy of Knoxville,2,,,
S40 E01,Round 1,Tossup,35,"In Botticelli's famous painting The Birth of Venus, the goddess is floating in the ocean on what?",A scallop shell,Art,Fine Arts,Christian Academy of Knoxville vs Carter High School,Harrison,Christian Academy of Knoxville,Correct,,,,Correct,10,Christian Academy of Knoxville,1,,"answer garbled in captions (""Fisher"")",
S40 E01,Round 1,Bonus,35,"What is the commonly used name for the world's largest bronze sculpture of modern times, shown here at the World Trade Center prior to being damaged in the 9/11 attacks, which was eventually moved to Liberty Park overlooking the September 11 Memorial?",The Sphere,Visual,General & Visual,Christian Academy of Knoxville vs Carter High School,,Christian Academy of Knoxville,Incorrect,,,,Missed,0,None given,1,,"the team's answer is garbled in captions; the host said ""they call it the Sphere""",
S40 E01,Round 1,Tossup,36,"What very hard, granular, crystalline igneous rock, consisting mainly of quartz, mica and feldspar, is often used as a building stone like limestone?",Granite,Geology,Science & Technology,Christian Academy of Knoxville vs Carter High School,,Carter High School,Incorrect,Olivia,Christian Academy of Knoxville,Incorrect,Missed,0,None given,1,,"Carter's first buzzer not named, answer not captured; Olivia said marble",
S40 E01,Round 1,Tossup,37,What is the sequel to The Adventures of Tom Sawyer?,The Adventures of Huckleberry Finn,Literature,Language Arts,Christian Academy of Knoxville vs Carter High School,Harrison,Christian Academy of Knoxville,Correct,,,,Correct,10,Christian Academy of Knoxville,1,,,
S40 E01,Round 1,Bonus,37,"In the book The Wonderful Wizard of Oz, which four characters accompany Dorothy on her way to see the Wizard?","The Tin Man, the Scarecrow, the Cowardly Lion and Toto",Literature,Language Arts,Christian Academy of Knoxville vs Carter High School,,Christian Academy of Knoxville,Correct,,,,Correct,20,Christian Academy of Knoxville,1,,,
S40 E01,Round 1,Tossup,38,Solve the equation for x: x − 40 = −16.,x = 24,Algebra,Mathematics,Christian Academy of Knoxville vs Carter High School,Olivia,Christian Academy of Knoxville,Correct,,,,Correct,10,Christian Academy of Knoxville,1,,"the equation is only partly captured (""-40 equals -16""); answer inferred",
S40 E01,Round 1,Bonus,38,What is the formula for the nth term of an arithmetic sequence with a common difference of four and a first term of one?,aₙ = 4n − 3,Algebra,Mathematics,Christian Academy of Knoxville vs Carter High School,,Christian Academy of Knoxville,Incorrect,,,,Missed,0,None given,1,,"team's answer garbled in captions (""40 plus one""), apparently 4n + 1",
S40 E01,Round 1,Tossup,39,How many nautical miles does the maritime boundary extend from a jurisdiction's coastline?,12 nautical miles,Government,Social Studies,Christian Academy of Knoxville vs Carter High School,Harrison,Christian Academy of Knoxville,Correct,,,,Correct,10,Christian Academy of Knoxville,1,,,
S40 E01,Round 1,Bonus,39,"Who said, ""It's all right to be the first to do something, but I didn't want to be the last woman on the Supreme Court""?",Sandra Day O'Connor,Government,Social Studies,Christian Academy of Knoxville vs Carter High School,,Christian Academy of Knoxville,Incorrect,,,,Missed,0,None given,1,,team said Ruth Bader Ginsburg,
S40 E01,Round 1,Tossup,40,How many horses are on a polo team?,Four,Sports,General & Visual,Christian Academy of Knoxville vs Carter High School,Reagan,Carter High School,Correct,,,,Correct,10,Carter High School,1,,,
S40 E01,Round 1,Bonus,40,The Arkansas Razorbacks of the SEC play their home games in what city?,"Fayetteville, Arkansas",Sports,General & Visual,Christian Academy of Knoxville vs Carter High School,,Carter High School,Correct,,,,Correct,20,Carter High School,1,,,
S40 E01,Round 1,Tossup,41,What is the term to describe the length of time it takes for 50% of the atoms in a radioactive sample to decay?,Half-life,Physics,Science & Technology,Christian Academy of Knoxville vs Carter High School,Harrison,Christian Academy of Knoxville,Correct,,,,Correct,10,Christian Academy of Knoxville,1,,"answer garbled in captions (""five"")",
S40 E01,Round 1,Bonus,41,"If a crater on a moon moves 20 degrees in 4 hours, what is the moon's period of complete rotation?",72 hours,Physics,Science & Technology,Christian Academy of Knoxville vs Carter High School,,Christian Academy of Knoxville,Incorrect,,,,Missed,0,None given,1,,team said 52 hours,
S40 E01,Round 1,Tossup,42,"What four letter word beginning with T means to make one's way arduously, or an organized migration?",Trek,Vocabulary,Language Arts,Christian Academy of Knoxville vs Carter High School,Blake,Carter High School,Correct,,,,Correct,10,Carter High School,1,,,
S40 E01,Round 1,Bonus,42,Part 1: What nine letter word beginning with S means to supplant or take the place of a person or thing previously in authority? | Part 2: Spell that word.,Part 1: Supersede | Part 2: S-U-P-E-R-S-E-D-E,Vocabulary,Language Arts,Christian Academy of Knoxville vs Carter High School,,Carter High School,Incorrect,,,,Missed,0,None given,2,,the first answer was wrong; the spelling used C instead of the second S,
S40 E01,Round 1,Tossup,43,What element's Latin name is stannum?,Tin,Chemistry,Science & Technology,Christian Academy of Knoxville vs Carter High School,Olivia,Christian Academy of Knoxville,Correct,,,,Correct,10,Christian Academy of Knoxville,1,,"answer garbled in captions (""Emma"")",
S40 E01,Round 1,Bonus,43,"The U.S. will spend $250 million to help clean up California's Salton Sea because its exposed shoreline has toxic chemicals from agricultural runoff and wastewater, including what element with the symbol Se and what element with the symbol As?",Selenium and arsenic,Chemistry,Science & Technology,Christian Academy of Knoxville vs Carter High School,,Christian Academy of Knoxville,Correct,,,,Correct,20,Christian Academy of Knoxville,1,,,
S40 E01,Round 1,Tossup,44,Which man was the only U.S. senator from the South to stay loyal to the Union and then went on to become president?,Andrew Johnson,U.S. History,Social Studies,Christian Academy of Knoxville vs Carter High School,Reagan,Carter High School,Correct,,,,Correct,10,Carter High School,1,,,
S40 E01,Round 1,Bonus,44,"Which two expansion trails of the 1800s led west out of St. Louis, Missouri?",The Oregon Trail and the Santa Fe Trail,History,Social Studies,Christian Academy of Knoxville vs Carter High School,,Carter High School,Partial,,,,Partial,10,Carter High School,1,,team said Oregon and Missouri,
S40 E01,Round 1,Tossup,45,"What movie musical includes the songs ""Consider Yourself"" and ""You've Got to Pick a Pocket or Two""?",Oliver!,Music,Fine Arts,Christian Academy of Knoxville vs Carter High School,Olivia,Christian Academy of Knoxville,Incorrect,,Carter High School,Incorrect,Missed,0,None given,1,,both answers garbled or missing in captions; the game ended after this question,
S40 E02,Round 1,Tossup,1,What is the French word for king?,Roi,Foreign Language,Foreign Language,Hardin Valley Academy (Zoe's team) vs Harriman High School,,,No Buzz,,,,Missed,0,None given,1,,"nobody answered in the captions; the host gave ""roi""",
S40 E02,Round 1,Tossup,2,How many total degrees are there in a triangle?,180,Geometry,Mathematics,Hardin Valley Academy (Zoe's team) vs Harriman High School,Evan,Harriman High School,Correct,,,,Correct,10,Harriman High School,1,,"buzzer name read from ""780"" (probably ""Evan, 180""); team inferred from the halftime lead and the final margin",
S40 E02,Round 1,Bonus,2,"If the length and width of a rectangle are eight and 15, what are the lengths of its two diagonals?",17 and 17,Geometry,Mathematics,Hardin Valley Academy (Zoe's team) vs Harriman High School,,Harriman High School,Correct,,,,Correct,20,Harriman High School,1,,,
S40 E02,Round 1,Tossup,3,What is a facade in architecture?,"The outside walls of a building, especially the front",Architecture,Fine Arts,Hardin Valley Academy (Zoe's team) vs Harriman High School,,,No Buzz,,,,Missed,0,None given,1,,nobody answered; the host gave the definition,
S40 E02,Round 1,Tossup,4,In what state is Key West?,Florida,Geography,Social Studies,Hardin Valley Academy (Zoe's team) vs Harriman High School,Zoe,Hardin Valley Academy (Zoe's team),Correct,,,,Correct,10,Hardin Valley Academy (Zoe's team),1,,"buzzer name read from ""So""; team from the halftime lead and final margin",
S40 E02,Round 1,Bonus,4,Which two states border Lake Tahoe?,Nevada and California,Geography,Social Studies,Hardin Valley Academy (Zoe's team) vs Harriman High School,,Hardin Valley Academy (Zoe's team),Partial,,,,Partial,10,Hardin Valley Academy (Zoe's team),1,,team said Utah and Nevada; Nevada counted,
S40 E02,Round 1,Tossup,5,"What human features have arches, loops, whorls, islands and dots?",Fingerprints,Biology,Science & Technology,Hardin Valley Academy (Zoe's team) vs Harriman High School,,,No Buzz,,,,Missed,0,None given,1,,nobody answered; the host gave the answer,
S40 E02,Round 1,Tossup,6,"Transform the sentence with a simile into a sentence with a metaphor: ""My child is like a blessing to me.""",My child is a blessing to me.,English,Language Arts,Hardin Valley Academy (Zoe's team) vs Harriman High School,Evan,Harriman High School,Correct,,,,Correct,10,Harriman High School,1,,"buzzer name read from ""Even""",
S40 E02,Round 1,Bonus,6,Part 1: Which punctuation mark should be used to set off nonessential elements? | Part 2: Which punctuation mark should be used to form the possessive case?,Part 1: Comma | Part 2: Apostrophe,English,Language Arts,Hardin Valley Academy (Zoe's team) vs Harriman High School,,Harriman High School,Correct,,,,Correct,20,Harriman High School,2,,,
S40 E02,Round 1,Tossup,7,"In 1935, the country of Persia changed its name to what?",Iran,History,Social Studies,Hardin Valley Academy (Zoe's team) vs Harriman High School,Evan,Harriman High School,Incorrect,,Hardin Valley Academy (Zoe's team),Incorrect,Missed,0,None given,1,,Evan said Germany; Hardin Valley's stealing player not named (said Turkey),
S40 E02,Round 1,Tossup,8,A B-flat key on a piano is also known as what key?,A-sharp,Music,Fine Arts,Hardin Valley Academy (Zoe's team) vs Harriman High School,,Hardin Valley Academy (Zoe's team),Incorrect,Evan,Harriman High School,Correct,Correct,10,Harriman High School,1,,"Hardin Valley's first buzzer is read from ""So"" in captions and gave a wrong ""A..."" answer",
S40 E02,Round 1,Bonus,8,"Which composer wrote the Surprise Symphony, which is called that because of the startling loud chord that occurs in the second movement amongst very soft dynamics?",Joseph Haydn,Music,Fine Arts,Hardin Valley Academy (Zoe's team) vs Harriman High School,,Harriman High School,Incorrect,,,,Missed,0,None given,1,,team said Mozart,
S40 E02,Round 1,Tossup,9,"What is the word for an official mark or stamp on a passport that allows someone to enter or leave a country, usually for a particular reason?",Visa,Government,Social Studies,Hardin Valley Academy (Zoe's team) vs Harriman High School,Evan,Harriman High School,Correct,,,,Correct,10,Harriman High School,1,,,
S40 E02,Round 1,Bonus,9,Part 1: What is the legal process by which a person gains citizenship in an adopted country? | Part 2: What is the act of giving up citizenship in a country?,Part 1: Naturalization | Part 2: Expatriation,Government,Social Studies,Hardin Valley Academy (Zoe's team) vs Harriman High School,,Harriman High School,Incorrect,,,,Missed,0,None given,2,,"team said ""immigration"" and ""alien possession""",
S40 E02,Round 1,Tossup,10,What is a circular hairdryer adapter called that spreads airflow to a wider area or surface?,A diffuser,Physics,Science & Technology,Hardin Valley Academy (Zoe's team) vs Harriman High School,,Hardin Valley Academy (Zoe's team),Incorrect,Laney,Harriman High School,Correct,Correct,10,Harriman High School,1,,Hardin Valley's first buzzer not named (said a fan),
S40 E02,Round 1,Bonus,10,What species of owl shown here is the only one found in Tennessee with dark eyes?,The barred owl,Visual,General & Visual,Hardin Valley Academy (Zoe's team) vs Harriman High School,,Harriman High School,Incorrect,,,,Missed,0,None given,1,,team said a white owl,
S40 E02,Round 1,Tossup,11,Who wrote The Screwtape Letters and the Space Trilogy?,C. S. Lewis,Literature,Language Arts,Hardin Valley Academy (Zoe's team) vs Harriman High School,,,No Buzz,,,,Missed,0,None given,1,,nobody answered; the host gave the answer,
S40 E02,Round 1,Tossup,12,What type of line has a zero slope?,Horizontal,Algebra,Mathematics,Hardin Valley Academy (Zoe's team) vs Harriman High School,Zoe,Hardin Valley Academy (Zoe's team),Correct,,,,Correct,10,Hardin Valley Academy (Zoe's team),1,,,
S40 E02,Round 1,Bonus,12,Solve the equation for x: x² − x − 42 = 0.,x = 7 or x = -6,Algebra,Mathematics,Hardin Valley Academy (Zoe's team) vs Harriman High School,,Hardin Valley Academy (Zoe's team),Incorrect,,,,Missed,0,None given,1,,no team answer in the captions; the host gave the solutions (the final margin agrees with no points),
S40 E02,Round 1,Tossup,13,What is the term for a color that can't be made by mixing other colors together?,Primary color,Art,Fine Arts,Hardin Valley Academy (Zoe's team) vs Harriman High School,Evan,Harriman High School,Correct,,,,Correct,10,Harriman High School,1,,"Hardin Valley's Jake blurted out the answer and the host credited Harriman (""Thank Jake for those ten points"")",
S40 E02,Round 1,Bonus,13,Part 1: Who is the artist in the self-portrait shown here? | Part 2: What is the title of that work?,Part 1: Frida Kahlo | Part 2: Self-Portrait with Thorn Necklace and Hummingbird,Visual,General & Visual,Hardin Valley Academy (Zoe's team) vs Harriman High School,,Harriman High School,Incorrect,,,,Missed,0,None given,2,,team had no answers,
S40 E02,Round 1,Tossup,14,"By separating fiber from the seed, what machine invented by Eli Whitney revolutionized production?",The cotton gin,Economics,Social Studies,Hardin Valley Academy (Zoe's team) vs Harriman High School,,Harriman High School,Correct,,,,Correct,10,Harriman High School,1,,"buzzer not named; team from ""economics bonus for Harriman""",
S40 E02,Round 1,Bonus,14,"Part 1: What commodity was called the ""sweat of the sun"" by the Incas? | Part 2: What commodity did they call the ""tears of the moon""?",Part 1: Gold | Part 2: Silver,Economics,Social Studies,Hardin Valley Academy (Zoe's team) vs Harriman High School,,Harriman High School,Partial,,,,Partial,10,Harriman High School,2,,"team said gold for Part 1; for Part 2 it gave several guesses (sapphire, silver, gold and silver) that were not accepted",
S40 E02,Round 1,Tossup,15,What compound with the chemical formula CH3OH is used as an alternative fuel to gasoline?,Methanol,Chemistry,Science & Technology,Hardin Valley Academy (Zoe's team) vs Harriman High School,Evan,Harriman High School,Incorrect,Jake,Hardin Valley Academy (Zoe's team),Incorrect,Missed,0,None given,1,,Evan said ethanol; Jake said diesel,
S40 E02,Round 1,Tossup,16,"A basic rule of spelling is ""I before E except after"" what letter?",C,Spelling,Language Arts,Hardin Valley Academy (Zoe's team) vs Harriman High School,Laney,Harriman High School,Correct,,,,Correct,10,Harriman High School,1,,,
S40 E02,Round 1,Bonus,16,"Spell an eight letter word that begins with B and means a meddlesome, prying or officious person.",B-U-S-Y-B-O-D-Y,Spelling,Language Arts,Hardin Valley Academy (Zoe's team) vs Harriman High School,,Harriman High School,Incorrect,,,,Missed,0,None given,1,,the captions show the spelling b-u-s-y-b-o-d-y but the host said no points (the final margin agrees),
S40 E02,Round 1,Tossup,17,The Christian celebration of Candlemas is 40 days after Christmas and coincides with what rodent based event?,Groundhog Day,Religion,Religion & Mythology,Hardin Valley Academy (Zoe's team) vs Harriman High School,Jake,Hardin Valley Academy (Zoe's team),Correct,,,,Correct,10,Hardin Valley Academy (Zoe's team),1,,,
S40 E02,Round 1,Bonus,17,"In 2022, mummies with gold chips for tongues were discovered in Egypt. Experts believe the chips were placed so the deceased could speak to which ancient Egyptian god of the underworld?",Osiris,Religion,Religion & Mythology,Hardin Valley Academy (Zoe's team) vs Harriman High School,,Hardin Valley Academy (Zoe's team),Incorrect,,,,Missed,0,None given,1,,team said Anubis,
S40 E02,Round 1,Tossup,18,One lap around a track is 440 yards. How many laps would you have to run around this track to cover two miles?,8,Sports,General & Visual,Hardin Valley Academy (Zoe's team) vs Harriman High School,Zoe,Hardin Valley Academy (Zoe's team),Correct,,,,Correct,10,Hardin Valley Academy (Zoe's team),1,,,
S40 E02,Round 1,Bonus,18,Part 1: What is the diameter of the center circle on an official basketball court? | Part 2: How far is the free throw line from the backboard?,Part 1: Four feet (inner circle) | Part 2: 15 feet,Sports,General & Visual,Hardin Valley Academy (Zoe's team) vs Harriman High School,Jake,Hardin Valley Academy (Zoe's team),Incorrect,,,,Missed,0,None given,2,,team said 30 (via Jake) and 12 feet,
S40 E02,Round 1,Tossup,19,Which U.S. president served in between the terms of Grover Cleveland's nonconsecutive terms?,Benjamin Harrison,U.S. History,Social Studies,Hardin Valley Academy (Zoe's team) vs Harriman High School,,,No Buzz,,,,Missed,0,None given,1,,nobody answered; the host gave the answer,
S40 E02,Round 1,Tossup,20,What is the common name for acetylsalicylic acid?,Aspirin,Health,Science & Technology,Hardin Valley Academy (Zoe's team) vs Harriman High School,,Unknown,Incorrect,,,,Missed,0,None given,1,Yes,buzzer and team not identified in captions (answered salicylic acid); team not identified in captions (captions lines 27930-27935),No points toss up in health. / What is the common name for acetyl? / Salicylic acid? / Nope. / Aspirin is what I described that for all players in foreign language. / What is the Latin word for the minimum number of members required to be present at an assembly?
S40 E02,Round 1,Tossup,21,What is the Latin word for the minimum number of members required to be present at an assembly to transact business?,Quorum,Foreign Language,Foreign Language,Hardin Valley Academy (Zoe's team) vs Harriman High School,Zoe,Hardin Valley Academy (Zoe's team),Correct,,,,Correct,10,Hardin Valley Academy (Zoe's team),1,,,
S40 E02,Round 1,Bonus,21,The Basque language Euskara is spoken on the border of which two European countries?,Spain and France,Foreign Language,Foreign Language,Hardin Valley Academy (Zoe's team) vs Harriman High School,,Hardin Valley Academy (Zoe's team),Correct,,,,Correct,20,Hardin Valley Academy (Zoe's team),1,,,
S40 E02,Round 1,Tossup,22,"In the unit circle, what is the sine of pi over six radians?",1/2,Pre-Calculus,Mathematics,Hardin Valley Academy (Zoe's team) vs Harriman High School,Evan,Harriman High School,Correct,,,,Correct,10,Harriman High School,1,,"buzzer name read from ""11""",
S40 E02,Round 1,Bonus,22,"Determine the equation for a circle in standard form with a radius of three and centered at the point (-3, 4).",(x + 3)² + (y − 4)² = 9,Pre-Calculus,Mathematics,Hardin Valley Academy (Zoe's team) vs Harriman High School,,Harriman High School,Correct,,,,Correct,20,Harriman High School,1,,,
S40 E02,Round 1,Tossup,23,What type of product is Gorgonzola?,A cheese,Miscellaneous,General & Visual,Hardin Valley Academy (Zoe's team) vs Harriman High School,Jake,Hardin Valley Academy (Zoe's team),Incorrect,,Harriman High School,Incorrect,Missed,0,None given,1,,"Jake said ""food"", which the host said was not specific enough; Harriman's steal attempt was a question back to the host and was not credited",
S40 E02,Round 1,Tossup,24,"Which U.S. city has the nickname ""the Mile High City""?",Denver,Geography,Social Studies,Hardin Valley Academy (Zoe's team) vs Harriman High School,Drake,Harriman High School,Incorrect,,Hardin Valley Academy (Zoe's team),Correct,Correct,10,Hardin Valley Academy (Zoe's team),1,,Drake said Seattle; Hardin Valley's stealing player not named,
S40 E02,Round 1,Bonus,24,Name four of the six time zones that include the 50 United States.,"Any four of: Eastern, Central, Mountain, Pacific, Alaska, Hawaii",Geography,Social Studies,Hardin Valley Academy (Zoe's team) vs Harriman High School,,Hardin Valley Academy (Zoe's team),Partial,,,,Partial,15,Hardin Valley Academy (Zoe's team),1,,"team named Eastern, Central and Pacific; three counted (15 points)",
S40 E02,Round 1,Tossup,25,What is the term for any change in speed or direction of a moving object?,Acceleration,Science,Science & Technology,Hardin Valley Academy (Zoe's team) vs Harriman High School,Jake,Hardin Valley Academy (Zoe's team),Incorrect,Drake,Harriman High School,Correct,Correct,10,Harriman High School,1,,Jake said magnitude,
S40 E02,Round 1,Bonus,25,"According to a 2022 study, almost half of the bald eagles and golden eagles in the U.S. showed signs of chronic lead poisoning from eating the carcasses of animals killed by hunters. What manmade items were the birds ingesting?",Bullet fragments,Science,Science & Technology,Hardin Valley Academy (Zoe's team) vs Harriman High School,,Harriman High School,Correct,,,,Correct,20,Harriman High School,1,,,
S40 E02,Round 1,Tossup,26,What is the name of the mythological three headed dog in Greek mythology?,Cerberus,Mythology,Religion & Mythology,Hardin Valley Academy (Zoe's team) vs Harriman High School,Jake,Hardin Valley Academy (Zoe's team),Correct,,,,Correct,10,Hardin Valley Academy (Zoe's team),1,,the host accepted Jake's pronunciation,
S40 E02,Round 1,Bonus,26,Part 1: The residents of what island in Greek mythology became so corrupted by greed and power that Zeus and the gods destroyed them by letting the island be swallowed up by the sea? | Part 2: Atlantis and the Atlantic Ocean are named after which mythological Greek god?,Part 1: Atlantis | Part 2: Atlas,Mythology,Religion & Mythology,Hardin Valley Academy (Zoe's team) vs Harriman High School,,Hardin Valley Academy (Zoe's team),Correct,,,,Correct,20,Hardin Valley Academy (Zoe's team),2,,,
S40 E02,Round 1,Tossup,27,"On a number line, what is the distance between positive 23 and negative eight?",31,Math,Mathematics,Hardin Valley Academy (Zoe's team) vs Harriman High School,Evan,Harriman High School,Correct,,,,Correct,10,Harriman High School,1,,"buzzer name read from ""11""",
S40 E02,Round 1,Bonus,27,Change the decimals 0.65 and 0.875 to reduced fractions.,13/20 and 7/8,Visual,General & Visual,Hardin Valley Academy (Zoe's team) vs Harriman High School,,Harriman High School,Partial,,,,Partial,10,Harriman High School,1,,team got 13/20 but not 7/8,
S40 E02,Round 1,Tossup,28,"What superhero character, created by artist Bob Kane and writer Bill Finger, debuted in 1939 in Detective Comics number 27?",Batman,Art,Fine Arts,Hardin Valley Academy (Zoe's team) vs Harriman High School,Zoe,Hardin Valley Academy (Zoe's team),Correct,,,,Correct,10,Hardin Valley Academy (Zoe's team),1,,,
S40 E02,Round 1,Bonus,28,"Britain's Got Talent judges were surprised when a quartet that Simon Cowell had signed as one of his first artists back in 1997 showed up to audition. Which quartet, whose showbusiness names are Tinky Winky, Dipsy, Laa-Laa and Po, is it?",The Teletubbies,Art,Fine Arts,Hardin Valley Academy (Zoe's team) vs Harriman High School,,Hardin Valley Academy (Zoe's team),Correct,,,,Correct,20,Hardin Valley Academy (Zoe's team),1,,,
S40 E02,Round 1,Tossup,29,What Nile Valley civilization believed in an elaborate afterlife that was reflected in their art and hieroglyphics?,The Egyptians,History,Social Studies,Hardin Valley Academy (Zoe's team) vs Harriman High School,,Hardin Valley Academy (Zoe's team),Correct,,,,Correct,10,Hardin Valley Academy (Zoe's team),1,,buzzer not named; Hardin Valley is inferred from the final margin (five points),
S40 E02,Round 1,Bonus,29,"Two diamond bracelets were commissioned by what Austrian-born monarch, who would marry Louis XVI and be the last queen of France?",Marie Antoinette,World History,Social Studies,Hardin Valley Academy (Zoe's team) vs Harriman High School,,Hardin Valley Academy (Zoe's team),Correct,,,,Correct,20,Hardin Valley Academy (Zoe's team),1,,,
S40 E02,Round 1,Tossup,30,What are limestone rock structures built by living organisms in warmer parts of the ocean?,Coral reefs,Geology,Science & Technology,Hardin Valley Academy (Zoe's team) vs Harriman High School,Zoe,Hardin Valley Academy (Zoe's team),Correct,,,,Correct,10,Hardin Valley Academy (Zoe's team),1,,"buzzer name read from ""So""",
S40 E02,Round 1,Bonus,30,"A 23 year old American tourist from Maryland was injured in 2022 after he and two family members hiked up a closed path and he fell into a crater trying to take a selfie at the top of which famous volcano that overlooks Naples, Italy?",Mount Vesuvius,Geology,Science & Technology,Hardin Valley Academy (Zoe's team) vs Harriman High School,,Hardin Valley Academy (Zoe's team),Correct,,,,Correct,20,Hardin Valley Academy (Zoe's team),1,,,
S40 E02,Round 1,Tossup,31,"Spell the plural form of the word ""knife.""",K-N-I-V-E-S,Vocabulary,Language Arts,Hardin Valley Academy (Zoe's team) vs Harriman High School,Jake,Hardin Valley Academy (Zoe's team),Correct,,,,Correct,10,Hardin Valley Academy (Zoe's team),1,,,
S40 E02,Round 1,Bonus,31,"Part 1: What 13 letter word beginning with J means the theory or philosophy of law, a legal system or judicial system? | Part 2: Spell that word.",Part 1: Jurisprudence | Part 2: J-U-R-I-S-P-R-U-D-E-N-C-E,Vocabulary,Language Arts,Hardin Valley Academy (Zoe's team) vs Harriman High School,,Hardin Valley Academy (Zoe's team),Incorrect,,,,Missed,0,None given,2,,"team said ""judiciary"" and misspelled it with a C where an S belongs",
S40 E02,Round 1,Tossup,32,"In The Adventures of Tom Sawyer, who was the juvenile pariah of the village?",Huckleberry Finn,Literature,Language Arts,Hardin Valley Academy (Zoe's team) vs Harriman High School,Zoe,Hardin Valley Academy (Zoe's team),Correct,,,,Correct,10,Hardin Valley Academy (Zoe's team),1,,,
S40 E02,Round 1,Bonus,32,"In 2023, a researcher at the Library of Congress found a previously unknown short story, handwritten in pencil, in the notebook of what author who also wrote In Cold Blood and Breakfast at Tiffany's?",Truman Capote,Literature,Language Arts,Hardin Valley Academy (Zoe's team) vs Harriman High School,,Hardin Valley Academy (Zoe's team),Incorrect,,,,Missed,0,None given,1,,team said Stephen King and Edgar Allan Poe,
S40 E02,Round 1,Tossup,33,What kind of puzzle requires the numbers one through nine to be entered into squares so that each contains one number?,Sudoku,Games,General & Visual,Hardin Valley Academy (Zoe's team) vs Harriman High School,Jake,Hardin Valley Academy (Zoe's team),Correct,,,,Correct,10,Hardin Valley Academy (Zoe's team),1,,,
S40 E02,Round 1,Bonus,33,What game has 64 alternating colored squares and players try to jump their opponent's pieces to capture them?,Checkers,Games,General & Visual,Hardin Valley Academy (Zoe's team) vs Harriman High School,,Hardin Valley Academy (Zoe's team),Correct,,,,Correct,20,Hardin Valley Academy (Zoe's team),1,,,
S40 E02,Round 1,Tossup,34,A monopoly means an absence of what?,Competition,Economics,Social Studies,Hardin Valley Academy (Zoe's team) vs Harriman High School,Drake,Harriman High School,Correct,,,,Correct,10,Harriman High School,1,,"buzzer name read from ""trick""",
S40 E02,Round 1,Bonus,34,"Who invented the steel plowshare in 1837, whose name is now synonymous with a company that supplies farm equipment, especially tractors?",John Deere,Economics,Social Studies,Hardin Valley Academy (Zoe's team) vs Harriman High School,,Harriman High School,Correct,,,,Correct,20,Harriman High School,1,,,
S40 E02,Round 1,Tossup,35,"If a chemical solution is neutral, what is its pH?",7,Chemistry,Science & Technology,Hardin Valley Academy (Zoe's team) vs Harriman High School,Evan,Harriman High School,Correct,,,,Correct,10,Harriman High School,1,,"buzzer name read from ""Even""",
S40 E02,Round 1,Bonus,35,"Part 1: Lead has an atomic number of 82. What is its chemical symbol? | Part 2: Lead is a heavy metal that is soft and highly malleable. Spell ""malleable.""",Part 1: Pb | Part 2: M-A-L-L-E-A-B-L-E,Visual,General & Visual,Hardin Valley Academy (Zoe's team) vs Harriman High School,,Harriman High School,Correct,,,,Correct,20,Harriman High School,2,,,
S40 E02,Round 1,Tossup,36,What commonly used French word is defined as a mixture of dried petal flowers with spices?,Potpourri,Foreign Language,Foreign Language,Hardin Valley Academy (Zoe's team) vs Harriman High School,Zoe,Hardin Valley Academy (Zoe's team),Correct,,,,Correct,10,Hardin Valley Academy (Zoe's team),1,,,
S40 E02,Round 1,Bonus,36,"Part 1: What is the diacritical mark used in Spanish above an N? | Part 2: What is the diacritical mark used in German above an a, o or u?",Part 1: Tilde | Part 2: Umlaut,Foreign Language,Foreign Language,Hardin Valley Academy (Zoe's team) vs Harriman High School,,Hardin Valley Academy (Zoe's team),Incorrect,,,,Missed,0,None given,2,,team had no answers,
S40 E02,Round 1,Tossup,37,The Solicitor General of the United States is the fourth highest ranking official in which Cabinet level department?,The Department of Justice,Government,Social Studies,Hardin Valley Academy (Zoe's team) vs Harriman High School,Jake,Hardin Valley Academy (Zoe's team),Incorrect,Evan,Harriman High School,Incorrect,Missed,0,None given,1,,Jake said Defense; Evan said Treasury,
S40 E02,Round 1,Tossup,38,What religion did Prince Siddhartha Gautama found?,Buddhism,Religion,Religion & Mythology,Hardin Valley Academy (Zoe's team) vs Harriman High School,Jake,Hardin Valley Academy (Zoe's team),Incorrect,Evan,Harriman High School,Correct,Correct,10,Harriman High School,1,,Jake said Hinduism,
S40 E02,Round 1,Bonus,38,Gandhi was assassinated in 1948 by a conspiracy of fundamentalists who were disturbed by his efforts to reform Indian society and to promote brotherhood between which two religious groups?,Hindus and Muslims,Religion,Religion & Mythology,Hardin Valley Academy (Zoe's team) vs Harriman High School,,Harriman High School,Incorrect,,,,Missed,0,None given,1,,team said the Sikhs and another group,
S40 E02,Round 1,Tossup,39,"In 1860, the Pony Express began carrying mail from Missouri all the way to what other state?",California,U.S. History,Social Studies,Hardin Valley Academy (Zoe's team) vs Harriman High School,Evan,Harriman High School,Incorrect,,Hardin Valley Academy (Zoe's team),Incorrect,Missed,0,None given,1,,Evan said Utah; Hardin Valley's stealing player said Tennessee; time ran out and the game ended,
S40 E03,Round 1,Tossup,1,What part of the human body is affected by myopia?,The eye,Health,Science & Technology,Grace Christian Academy vs Central High School (Knoxville),Oliver,Central High School (Knoxville),Incorrect,,Grace Christian Academy,Incorrect,Missed,0,None given,1,,Oliver said the liver; Grace Christian's stealing player not named (said the kidney),
S40 E03,Round 1,Tossup,2,"What is the plural of ""calf""?",Calves,Vocabulary,Language Arts,Grace Christian Academy vs Central High School (Knoxville),,Central High School (Knoxville),Correct,,,,Correct,10,Central High School (Knoxville),1,,"buzzer not named; team from ""vocabulary bonus for Central""",
S40 E03,Round 1,Bonus,2,Part 1: What seven letter word means the wreckage of a ship or its cargo found floating on or washed up by the sea? | Part 2: What six letter word means material or goods that have been thrown overboard from a ship and washed ashore?,Part 1: Flotsam | Part 2: Jetsam,Vocabulary,Language Arts,Grace Christian Academy vs Central High School (Knoxville),,Central High School (Knoxville),Partial,,,,Partial,10,Central High School (Knoxville),2,,"team said ""shipwreck"" for Part 1",
S40 E03,Round 1,Tossup,3,"Which property of equality is illustrated by: if x equals y and y equals z, then x equals z?",Transitive property,Geometry,Mathematics,Grace Christian Academy vs Central High School (Knoxville),Christian,Grace Christian Academy,Correct,,,,Correct,10,Grace Christian Academy,1,,,
S40 E03,Round 1,Bonus,3,The width of a rectangle is twice its length and the area is 72. What is the length of the rectangle?,6,Geometry,Mathematics,Grace Christian Academy vs Central High School (Knoxville),Kate,Grace Christian Academy,Incorrect,,,,Missed,0,None given,1,,Kate's answer was not accepted (the host gave 6),
S40 E03,Round 1,Tossup,4,Name the spaces on the treble clef staff.,F-A-C-E,Music,Fine Arts,Grace Christian Academy vs Central High School (Knoxville),Jessica,Central High School (Knoxville),Correct,,,,Correct,10,Central High School (Knoxville),1,,,
S40 E03,Round 1,Bonus,4,Part 1: How many strings are on a ukulele? | Part 2: How many keys or holes does a piccolo have?,Part 1: Four | Part 2: 13,Music,Fine Arts,Grace Christian Academy vs Central High School (Knoxville),,Central High School (Knoxville),Partial,,,,Partial,10,Central High School (Knoxville),2,,team said ten for Part 2,
S40 E03,Round 1,Tossup,5,During which war did Congress authorize the Medal of Honor as the highest military award?,The Civil War,History,Social Studies,Grace Christian Academy vs Central High School (Knoxville),Jessica,Central High School (Knoxville),Incorrect,Christian,Grace Christian Academy,Incorrect,Missed,0,None given,1,,Jessica said World War II; Christian's answer garbled in captions (probably World War I),
S40 E03,Round 1,Tossup,6,"What is the biological class that includes ticks, scorpions and spiders?",Arachnida,Biology,Science & Technology,Grace Christian Academy vs Central High School (Knoxville),Oliver,Central High School (Knoxville),Correct,,,,Correct,10,Central High School (Knoxville),1,,"the host accepted ""arachnoid""",
S40 E03,Round 1,Bonus,6,What feature shown here is unique to marsupials to help them care for their young?,The pouch,Visual,General & Visual,Grace Christian Academy vs Central High School (Knoxville),,Central High School (Knoxville),Correct,,,,Correct,20,Central High School (Knoxville),1,,,
S40 E03,Round 1,Tossup,7,What is the pattern of stressed and unstressed syllables in poetry?,Meter,Literature,Language Arts,Grace Christian Academy vs Central High School (Knoxville),Lauren,Grace Christian Academy,Incorrect,Oliver,Central High School (Knoxville),Incorrect,Missed,0,None given,1,,Lauren said iambic; Oliver said rhyme scheme,
S40 E03,Round 1,Tossup,8,What metal is found in bauxite?,Aluminum,Geology,Science & Technology,Grace Christian Academy vs Central High School (Knoxville),Oliver,Central High School (Knoxville),Correct,,,,Correct,10,Central High School (Knoxville),1,,,
S40 E03,Round 1,Bonus,8,"A huge phosphate deposit discovered in Norway in 2023 also contains titanium and other minerals, including what chemical element with the symbol V?",Vanadium,Geology,Science & Technology,Grace Christian Academy vs Central High School (Knoxville),Oliver,Central High School (Knoxville),Correct,,,,Correct,20,Central High School (Knoxville),1,,,
S40 E03,Round 1,Tossup,9,What water soluble synthetic paint allows an artist to combine the techniques of oil and watercolor paintings?,Acrylic,Art,Fine Arts,Grace Christian Academy vs Central High School (Knoxville),Kylie,Central High School (Knoxville),Incorrect,,,,Missed,0,None given,1,,"Kaylee's answer garbled in captions (""Carwash""); steal offered to Grace Christian, no answer captured",
S40 E03,Round 1,Tossup,10,"What is the term for fair treatment through the normal judicial system, especially as a citizen's entitlement?",Due process,Government,Social Studies,Grace Christian Academy vs Central High School (Knoxville),Oliver,Central High School (Knoxville),Incorrect,,,,Missed,0,None given,1,,"Oliver's answer not captured; steal offered to Grace Christian, no answer captured",
S40 E03,Round 1,Tossup,11,What entities have gravitational fields so strong that even light cannot escape?,Black holes,Astronomy,Science & Technology,Grace Christian Academy vs Central High School (Knoxville),Oliver,Central High School (Knoxville),Correct,,,,Correct,10,Central High School (Knoxville),1,,,
S40 E03,Round 1,Bonus,11,Part 1: Which was the first planet discovered on the basis of theoretical calculations? | Part 2: Which was the first planet discovered with the aid of a telescope?,Part 1: Neptune | Part 2: Uranus,Astronomy,Science & Technology,Grace Christian Academy vs Central High School (Knoxville),,Central High School (Knoxville),Partial,,,,Partial,10,Central High School (Knoxville),2,,team said Mercury for Part 2,
S40 E03,Round 1,Tossup,12,Who led the crew of the Argo in search of the Golden Fleece?,Jason,Mythology,Religion & Mythology,Grace Christian Academy vs Central High School (Knoxville),Christian,Grace Christian Academy,Correct,,,,Correct,10,Grace Christian Academy,1,,,
S40 E03,Round 1,Bonus,12,Part 1: Who was the Roman ruler of the gods in mythology? | Part 2: Who was Jupiter's wife?,Part 1: Jupiter | Part 2: Juno,Mythology,Religion & Mythology,Grace Christian Academy vs Central High School (Knoxville),,Grace Christian Academy,Partial,,,,Partial,10,Grace Christian Academy,2,,team said Venus for Part 2,
S40 E03,Round 1,Tossup,13,Solve the equation: 12 − 4x = 40.,x = -7,Algebra,Mathematics,Grace Christian Academy vs Central High School (Knoxville),,,No Buzz,,,,Missed,0,None given,1,,nobody answered; the host gave the answer,
S40 E03,Round 1,Tossup,14,What is the general name for any atom that has more electrons than protons?,An ion (anion),Chemistry,Science & Technology,Grace Christian Academy vs Central High School (Knoxville),Lauren,Grace Christian Academy,Correct,,,,Correct,10,Grace Christian Academy,1,,"buzzer name read from ""Lawrence""",
S40 E03,Round 1,Bonus,14,Bromine is a liquid at room temperature and has a bleach-like odor. Fill in this part of the periodic table: what are its atomic number and symbol?,"Atomic number 35, symbol Br",Visual,General & Visual,Grace Christian Academy vs Central High School (Knoxville),,Grace Christian Academy,Partial,,,,Partial,10,Grace Christian Academy,1,,team got the symbol Br but said 33 for the atomic number,
S40 E03,Round 1,Tossup,15,What is the common name for an alloy of mostly purified iron combined with about 2% or less of carbon?,Steel,Economics,Social Studies,Grace Christian Academy vs Central High School (Knoxville),Oliver,Central High School (Knoxville),Correct,,,,Correct,10,Central High School (Knoxville),1,,"the host accepted ""carbon steel""",
S40 E03,Round 1,Bonus,15,The author of The Wealth of Nations is known as the father of economics. What was his name?,Adam Smith,Economics,Social Studies,Grace Christian Academy vs Central High School (Knoxville),Oliver,Central High School (Knoxville),Correct,,,,Correct,20,Central High School (Knoxville),1,,,
S40 E03,Round 1,Tossup,16,What name is given to an inactive substance given in place of a drug in medical research?,Placebo,Health,Science & Technology,Grace Christian Academy vs Central High School (Knoxville),Christian,Grace Christian Academy,Correct,,,,Correct,10,Grace Christian Academy,1,,,
S40 E03,Round 1,Bonus,16,"Over 55 nutrients have been discovered and divided into six major groups, two of them being water and vitamins. What are the other four groups?","Carbohydrates, fats (lipids), proteins and minerals",Health,Science & Technology,Grace Christian Academy vs Central High School (Knoxville),,Grace Christian Academy,Correct,,,,Correct,20,Grace Christian Academy,1,,"the host accepted ""lipids"" as fats",
S40 E03,Round 1,Tossup,17,What is the term that means a strange feeling that I have been here before?,Déjà vu,Foreign Language,Foreign Language,Grace Christian Academy vs Central High School (Knoxville),Oliver,Central High School (Knoxville),Correct,,,,Correct,10,Central High School (Knoxville),1,,,
S40 E03,Round 1,Bonus,17,"Part 1: Translate ""thank you"" into French. | Part 2: Translate ""thank you"" into German.",Part 1: Merci | Part 2: Danke,Foreign Language,Foreign Language,Grace Christian Academy vs Central High School (Knoxville),,Central High School (Knoxville),Correct,,,,Correct,20,Central High School (Knoxville),2,,"Part 2 garbled in captions (""Dunker""); the host did not state the points but accepted both",
S40 E03,Round 1,Tossup,18,"In the 2023 QS World University Rankings, which U.S. university was named number one for the 12th year in a row?",MIT,Miscellaneous,General & Visual,Grace Christian Academy vs Central High School (Knoxville),Christian,Grace Christian Academy,Incorrect,Oliver,Central High School (Knoxville),Incorrect,Missed,0,None given,1,,Christian said Harvard; Oliver said Yale,
S40 E03,Round 1,Tossup,19,Which religion teaches the principles of Zen?,Buddhism,Religion,Religion & Mythology,Grace Christian Academy vs Central High School (Knoxville),Oliver,Central High School (Knoxville),Correct,,,,Correct,10,Central High School (Knoxville),1,,,
S40 E03,Round 1,Bonus,19,Part 1: John Calvin was a leader in the Protestant Reformation. What were his followers called in France? | Part 2: What were they called in England?,Part 1: Huguenots | Part 2: Puritans,Religion,Religion & Mythology,Grace Christian Academy vs Central High School (Knoxville),,Central High School (Knoxville),Incorrect,,,,Missed,0,None given,2,,"team said ""Calvinists""; the host gave Huguenots and Puritans and said no points",
S40 E03,Round 1,Tossup,20,"Of the 50 state capitals, which one comes first in alphabetical order?",Albany,Geography,Social Studies,Grace Christian Academy vs Central High School (Knoxville),Oliver,Central High School (Knoxville),Incorrect,,,,Missed,0,None given,1,,"Oliver said Annapolis; steal offered to Grace Christian, no answer captured",
S40 E03,Round 1,Tossup,21,What does a hertz measure?,Frequency,Physics,Science & Technology,Grace Christian Academy vs Central High School (Knoxville),Oliver,Central High School (Knoxville),Correct,,,,Correct,10,Central High School (Knoxville),1,,,
S40 E03,Round 1,Bonus,21,Part 1: What great theoretical physicist was offered the presidency of Israel in 1952? | Part 2: What theory is Einstein best known for discovering?,Part 1: Albert Einstein | Part 2: Relativity (general relativity),Physics,Science & Technology,Grace Christian Academy vs Central High School (Knoxville),,Central High School (Knoxville),Correct,,,,Correct,20,Central High School (Knoxville),2,,,
S40 E03,Round 1,Tossup,22,"What term refers to a word formed from the initial letters of parts of other words, for example ""laser"" or ""scuba""?",Acronym,Vocabulary,Language Arts,Grace Christian Academy vs Central High School (Knoxville),Oliver,Central High School (Knoxville),Correct,,,,Correct,10,Central High School (Knoxville),1,,,
S40 E03,Round 1,Bonus,22,Part 1: Complete the well-known simile: like a lamb to the ___. | Part 2: Complete the well-known simile: like water off a duck's ___.,Part 1: Slaughter | Part 2: Back,Vocabulary,Language Arts,Grace Christian Academy vs Central High School (Knoxville),,Central High School (Knoxville),Correct,,,,Correct,20,Central High School (Knoxville),2,,,
S40 E03,Round 1,Tossup,23,Solve for x: the cube root of the quantity x minus five equals three.,32,Pre-Calculus,Mathematics,Grace Christian Academy vs Central High School (Knoxville),,,No Buzz,,,,Missed,0,None given,1,,nobody answered; the host gave the answer,
S40 E03,Round 1,Tossup,24,Who was the first European to reach India by sea?,Vasco da Gama,History,Social Studies,Grace Christian Academy vs Central High School (Knoxville),Christian,Grace Christian Academy,Incorrect,Jessica,Central High School (Knoxville),Incorrect,Missed,0,None given,1,,Christian said Magellan; Jessica said Marco Polo,
S40 E03,Round 1,Tossup,25,What do the initials AI represent?,Artificial intelligence,Technology,Science & Technology,Grace Christian Academy vs Central High School (Knoxville),Christian,Grace Christian Academy,Correct,,,,Correct,10,Grace Christian Academy,1,,,
S40 E03,Round 1,Bonus,25,Part 1: What is the name of Amazon's voice AI? | Part 2: What is the name of Apple's voice AI?,Part 1: Alexa | Part 2: Siri,Technology,Science & Technology,Grace Christian Academy vs Central High School (Knoxville),,Grace Christian Academy,Correct,,,,Correct,20,Grace Christian Academy,2,,,
S40 E03,Round 1,Tossup,26,Which percussion instrument is made of one or two circular plates to be struck with a drumstick or to be struck together?,Cymbals,Music,Fine Arts,Grace Christian Academy vs Central High School (Knoxville),Jackson,Grace Christian Academy,Correct,,,,Correct,10,Grace Christian Academy,1,,"buzzer name read from ""Jack""",
S40 E03,Round 1,Bonus,26,The distinctive sound from what instrument shown here has become the standard tuning pitch for orchestral performances?,The oboe,Visual,General & Visual,Grace Christian Academy vs Central High School (Knoxville),,Grace Christian Academy,Incorrect,,,,Missed,0,None given,1,,team said piccolo,
S40 E03,Round 1,Tossup,27,"In the active voice, what part of the sentence receives the action of the verb?",The direct object,Grammar,Language Arts,Grace Christian Academy vs Central High School (Knoxville),Oliver,Central High School (Knoxville),Incorrect,,Grace Christian Academy,Incorrect,Missed,0,None given,1,,"Oliver said the subject; Grace Christian's player blurted out ""direct object"" without ringing in, so the host could not give the points",
S40 E03,Round 1,Tossup,28,What substance produces hydrogen ions in water solutions?,An acid,Chemistry,Science & Technology,Grace Christian Academy vs Central High School (Knoxville),Oliver,Central High School (Knoxville),Correct,,,,Correct,10,Central High School (Knoxville),1,,"answer garbled in captions (""has a yes"")",
S40 E03,Round 1,Bonus,28,Part 1: Certain pipes that carry drinking water from the main water source to homes may contain which element with the symbol Pb? | Part 2: The symbol for lead comes from what Latin word?,Part 1: Lead | Part 2: Plumbum,Chemistry,Science & Technology,Grace Christian Academy vs Central High School (Knoxville),Oliver,Central High School (Knoxville),Partial,,,,Partial,10,Central High School (Knoxville),2,,"team said ""plumber"" for Part 2",
S40 E03,Round 1,Tossup,29,How many red squares are on a red and black checkerboard?,32,Games,General & Visual,Grace Christian Academy vs Central High School (Knoxville),Lauren,Grace Christian Academy,Correct,,,,Correct,10,Grace Christian Academy,1,,,
S40 E03,Round 1,Bonus,29,Which two pieces are moved in a chess castling maneuver?,The rook and the king,Games,General & Visual,Grace Christian Academy vs Central High School (Knoxville),,Grace Christian Academy,Correct,,,,Correct,20,Grace Christian Academy,1,,,
S40 E03,Round 1,Tossup,30,What is the standard six letter term for a tax on imports?,Tariff,Government,Social Studies,Grace Christian Academy vs Central High School (Knoxville),Christian,Grace Christian Academy,Correct,,,,Correct,10,Grace Christian Academy,1,,,
S40 E03,Round 1,Bonus,30,"What international organization provides secure access to global databases containing police information on criminals and crime, operational and forensic support, analytical services and training to 195 member countries through National Central Bureaus?",Interpol,Government,Social Studies,Grace Christian Academy vs Central High School (Knoxville),,Grace Christian Academy,Incorrect,,,,Missed,0,None given,1,Yes,"the captions do not show the team's answer; the host said ""They are the international police and they go by the name Interpol"" without saying points, so it was probably missed (captions lines 27554-27557)","Christian tariff Yes, for ten government bonus. / What international organization provides secure access to global databases containing police information on criminals in crime, operational and forensic support, analytical services and training to 195 member countries through National Crime Committee. / They are the international police and they go by the name Interpol, toss up everybody in biology. / What physical feature makes the manatee helpless on land?"
S40 E03,Round 1,Tossup,31,What physical feature makes the manatee helpless on land?,Lack of back legs,Biology,Science & Technology,Grace Christian Academy vs Central High School (Knoxville),Jessica,Central High School (Knoxville),Correct,,,,Correct,10,Central High School (Knoxville),1,,,
S40 E03,Round 1,Bonus,31,Part 1: How many pairs of legs do insects have? | Part 2: To which insect body segment are the legs attached?,Part 1: Three | Part 2: The thorax,Biology,Science & Technology,Grace Christian Academy vs Central High School (Knoxville),,Central High School (Knoxville),Correct,,,,Correct,20,Central High School (Knoxville),2,,,
S40 E03,Round 1,Tossup,32,English is one of two official languages of Ireland. What is the other?,Irish (Gaelic),Foreign Language,Foreign Language,Grace Christian Academy vs Central High School (Knoxville),Oliver,Central High School (Knoxville),Correct,,,,Correct,10,Central High School (Knoxville),1,,,
S40 E03,Round 1,Bonus,32,"What is the 23rd letter of the Greek alphabet, which looks like a trident and indicates the wave function in quantum mechanics in its lowercase form?",Psi,Foreign Language,Foreign Language,Grace Christian Academy vs Central High School (Knoxville),,Central High School (Knoxville),Incorrect,,,,Missed,0,None given,1,,team said theta,
S40 E03,Round 1,Tossup,33,What is the sum of the square root of 289 added to the square root of 49?,24,Math,Mathematics,Grace Christian Academy vs Central High School (Knoxville),,,No Buzz,,,,Missed,0,None given,1,,nobody answered; the host gave 17 plus 7,
S40 E03,Round 1,Tossup,34,"What city do Jews, Christians and Muslims consider holy?",Jerusalem,Religion,Religion & Mythology,Grace Christian Academy vs Central High School (Knoxville),Oliver,Central High School (Knoxville),Correct,,,,Correct,10,Central High School (Knoxville),1,,,
S40 E03,Round 1,Bonus,34,"Name four of the five books of the Pentateuch, the first five books of the Old Testament.","Any four of: Genesis, Exodus, Leviticus, Numbers, Deuteronomy",Religion,Religion & Mythology,Grace Christian Academy vs Central High School (Knoxville),,Central High School (Knoxville),Correct,,,,Correct,20,Central High School (Knoxville),1,,team named four (Deuteronomy was the one it did not give),
S40 E03,Round 1,Tossup,35,Which of the Great Lakes of North America is the largest?,Lake Superior,Geography,Social Studies,Grace Christian Academy vs Central High School (Knoxville),Lauren,Grace Christian Academy,Incorrect,Jessica,Central High School (Knoxville),Incorrect,Missed,0,None given,1,,Lauren said Lake Michigan; Jessica said Lake Ontario,
S40 E03,Round 1,Tossup,36,What is the element with the symbol K?,Potassium,Chemistry,Science & Technology,Grace Christian Academy vs Central High School (Knoxville),Kylie,Central High School (Knoxville),Correct,,,,Correct,10,Central High School (Knoxville),1,,"buzzer name read from ""K""; team inferred",
S40 E03,Round 1,Bonus,36,Part 1: What is the common name of ferric oxide? | Part 2: What is the common name of ethylene glycol used in car radiators?,Part 1: Rust | Part 2: Antifreeze,Chemistry,Science & Technology,Grace Christian Academy vs Central High School (Knoxville),,Central High School (Knoxville),Incorrect,,,,Missed,0,None given,2,,"team said ""salt"" (rust) and ""oil"" for the two parts",
S40 E03,Round 1,Tossup,37,What mythical lumberjack supposedly carved out the Grand Canyon with his ax?,Paul Bunyan,Literature,Language Arts,Grace Christian Academy vs Central High School (Knoxville),Oliver,Central High School (Knoxville),Incorrect,Jackson,Grace Christian Academy,Correct,Correct,10,Grace Christian Academy,1,,time was called on Oliver; the host re-read the question for the steal,
S40 E03,Round 1,Bonus,37,"What Knoxville Catholic High School alumnus, who died in 2023, wrote No Country for Old Men and All the Pretty Horses and won the Pulitzer Prize for The Road?",Cormac McCarthy,Literature,Language Arts,Grace Christian Academy vs Central High School (Knoxville),,Grace Christian Academy,Incorrect,,,,Missed,0,None given,1,,team had no answer,
S40 E03,Round 1,Tossup,38,"On a computer keyboard, what letter is between S and F?",D,Technology,Science & Technology,Grace Christian Academy vs Central High School (Knoxville),Jessica,Central High School (Knoxville),Incorrect,,Grace Christian Academy,Correct,Correct,10,Grace Christian Academy,1,,Jessica said A; Grace Christian's stealing player not named,
S40 E03,Round 1,Bonus,38,"Several authors are suing OpenAI and Meta, claiming that their books were used without permission to train artificial intelligence systems, which would be an infringement of their what?",Copyright,Technology,Science & Technology,Grace Christian Academy vs Central High School (Knoxville),,Grace Christian Academy,Correct,,,,Correct,20,Grace Christian Academy,1,,,
S40 E03,Round 1,Tossup,39,What is the standard height of a tennis net?,Three feet,Sports,General & Visual,Grace Christian Academy vs Central High School (Knoxville),Lauren,Grace Christian Academy,Correct,,,,Correct,10,Grace Christian Academy,1,,,
S40 E03,Round 1,Bonus,39,Identify the sport associated with each of these two terms: Part 1: line drive. Part 2: wicket.,Part 1: Baseball | Part 2: Cricket,Sports,General & Visual,Grace Christian Academy vs Central High School (Knoxville),,Grace Christian Academy,Correct,,,,Correct,20,Grace Christian Academy,2,,the host would also have accepted croquet for the second term,
S40 E03,Round 1,Tossup,40,Poland regained its independence at the end of what war?,World War I,History,Social Studies,Grace Christian Academy vs Central High School (Knoxville),,Unknown,Correct,,,,Correct,10,Unknown,1,Yes,buzzer and team not identified in captions; team not identified in captions (captions lines 27625-27627),"But we'll take that 20 points toss up for every one in history. / Poland regained its independence at the end of what version or one at the end of World War One. / And a history bonus Now which 64,000 year old weapon helped Homo sapiens conquer the planet before being overtaken by guns."
S40 E03,Round 1,Bonus,40,"Which 64,000 year old weapon helped Homo sapiens conquer the planet before being overtaken by guns?",The bow and arrow,History,Social Studies,Grace Christian Academy vs Central High School (Knoxville),,Unknown,Incorrect,,,,Missed,0,None given,1,Yes,"team said ""sword""; team not identified in captions (captions lines 27627-27630)","And a history bonus Now which 64,000 year old weapon helped Homo sapiens conquer the planet before being overtaken by guns. / Sword, A bow and arrow is the early weapon we're talking about there. / No points on the bonus toss up in health. / What is the part of the tooth that is above the gum and covered with enamel?"
S40 E03,Round 1,Tossup,41,What is the part of the tooth that is above the gum and covered with enamel?,The crown,Health,Science & Technology,Grace Christian Academy vs Central High School (Knoxville),Christian,Grace Christian Academy,Correct,,,,Correct,10,Grace Christian Academy,1,,"buzzer name read from ""Brown"" (the answer is crown)",
S40 E03,Round 1,Bonus,41,What field of medicine deals with children's diseases?,Pediatrics,Health,Science & Technology,Grace Christian Academy vs Central High School (Knoxville),,Grace Christian Academy,Correct,,,,Correct,20,Grace Christian Academy,1,,,
S40 E03,Round 1,Tossup,42,"A simultaneous discharge of many firearms is called a fusillade. Spell ""fusillade.""",F-U-S-I-L-L-A-D-E,Spelling,Language Arts,Grace Christian Academy vs Central High School (Knoxville),Oliver,Central High School (Knoxville),Incorrect,Christian,Grace Christian Academy,Incorrect,Missed,0,None given,1,,Oliver missed the double L; Christian's attempt was also not accepted,
S40 E03,Round 1,Tossup,43,What is the value of the expression 3x if 15x equals 55?,11,Algebra,Mathematics,Grace Christian Academy vs Central High School (Knoxville),Christian,Grace Christian Academy,Incorrect,,,,Missed,0,None given,1,,"Christian said 165; steal offered to Central, no answer captured",
S40 E03,Round 1,Tossup,44,"In which city is the Willis Tower, formerly known as the Sears Tower?",Chicago,Architecture,Fine Arts,Grace Christian Academy vs Central High School (Knoxville),Lauren,Grace Christian Academy,Correct,,,,Correct,10,Grace Christian Academy,1,,,
S40 E03,Round 1,Bonus,44,"Which dam is on the French Broad River in Dandridge, near Sevierville?",Douglas Dam,Architecture,Fine Arts,Grace Christian Academy vs Central High School (Knoxville),,Grace Christian Academy,Incorrect,,,,Missed,0,None given,1,,team said Norris,
S40 E03,Round 1,Tossup,45,In which state is Carlsbad Caverns located?,New Mexico,Geography,Social Studies,Grace Christian Academy vs Central High School (Knoxville),Oliver,Central High School (Knoxville),Correct,,,,Correct,10,Central High School (Knoxville),1,,,
S40 E03,Round 1,Bonus,45,"New York State, shown here, borders which two Great Lakes?",Lake Erie and Lake Ontario,Visual,General & Visual,Grace Christian Academy vs Central High School (Knoxville),,Central High School (Knoxville),Correct,,,,Correct,20,Central High School (Knoxville),1,,,
S40 E03,Round 1,Tossup,46,What is the hardest naturally occurring substance on the Mohs scale?,Diamond,Geology,Science & Technology,Grace Christian Academy vs Central High School (Knoxville),Oliver,Central High School (Knoxville),Correct,,,,Correct,10,Central High School (Knoxville),1,,,
S40 E03,Round 1,Bonus,46,"Which gem, the birthstone for March, is a pale blue to light green variety of beryl whose color can be changed by heat and which has a hardness of seven and a half to eight?",Aquamarine,Geology,Science & Technology,Grace Christian Academy vs Central High School (Knoxville),,Central High School (Knoxville),Incorrect,,,,Missed,0,None given,1,,team said sapphire,
S40 E03,Round 1,Tossup,47,Who invented and patented the first practical telephone?,Alexander Graham Bell,Miscellaneous,General & Visual,Grace Christian Academy vs Central High School (Knoxville),,Central High School (Knoxville),Correct,,,,Correct,10,Central High School (Knoxville),1,,"buzzer not named; the host noted the player had not been called on but accepted it; team from ""bonus for Central""",
S40 E03,Round 1,Bonus,47,Name four of the six categories of Nobel Prizes.,"Any four of: Peace, Chemistry, Physics, Economics, Literature, Medicine",Miscellaneous,General & Visual,Grace Christian Academy vs Central High School (Knoxville),,Central High School (Knoxville),Partial,,,,Partial,15,Central High School (Knoxville),1,,"team named peace, chemistry and physics (plus one wrong); three counted (15 points)",
S40 E04,Round 1,Tossup,1,"The most famous example of preaching of terror was the 1741 sermon ""Sinners in the Hands of an Angry God"" by which Puritan theologian?",Jonathan Edwards,Religion,Religion & Mythology,Seymour High School (Timothy's team) vs Career Magnet Academy,Atticus,Career Magnet Academy,Incorrect,Timothy,Seymour High School (Timothy's team),Incorrect,Missed,0,None given,1,,"Atticus said Martin Luther; Timothy's answer was incomplete (""John ..."")",
S40 E04,Round 1,Tossup,2,In which state is Mount Rushmore located?,South Dakota,Geography,Social Studies,Seymour High School (Timothy's team) vs Career Magnet Academy,Eli,Seymour High School (Timothy's team),Correct,,,,Correct,10,Seymour High School (Timothy's team),1,,,
S40 E04,Round 1,Bonus,2,Name four of the eight U.S. states that have a panhandle.,"Any four of: Alaska, Florida, Idaho, Maryland, Nebraska, Oklahoma, Texas, West Virginia",Geography,Social Studies,Seymour High School (Timothy's team) vs Career Magnet Academy,Eli,Seymour High School (Timothy's team),Partial,,,,Partial,15,Seymour High School (Timothy's team),1,,"team said Florida, Oklahoma, Alaska and Massachusetts; three counted (15 points)",
S40 E04,Round 1,Tossup,3,Who is the author of the Harry Potter series?,J. K. Rowling,Literature,Language Arts,Seymour High School (Timothy's team) vs Career Magnet Academy,Atticus,Career Magnet Academy,Correct,,,,Correct,10,Career Magnet Academy,1,,,
S40 E04,Round 1,Bonus,3,"Part 1: What book by E. B. White takes place on a farm and concerns a pig and his devoted friend, a spider who manages to save his life by spinning words about him? | Part 2: What is the name of the rat who goes searching for words at night?",Part 1: Charlotte's Web | Part 2: Templeton,Literature,Language Arts,Seymour High School (Timothy's team) vs Career Magnet Academy,,Career Magnet Academy,Partial,,,,Partial,10,Career Magnet Academy,2,,"team missed Part 2 (said ""Jonathan"")",
S40 E04,Round 1,Tossup,4,Name the only one digit number that is not a factor of 720.,7,Math,Mathematics,Seymour High School (Timothy's team) vs Career Magnet Academy,Atticus,Career Magnet Academy,Incorrect,Timothy,Seymour High School (Timothy's team),Correct,Correct,10,Seymour High School (Timothy's team),1,,Atticus said 3,
S40 E04,Round 1,Bonus,4,What are the only two perfect cubes between 200 and 400?,216 and 343,Math,Mathematics,Seymour High School (Timothy's team) vs Career Magnet Academy,,Seymour High School (Timothy's team),Correct,,,,Correct,20,Seymour High School (Timothy's team),1,,,
S40 E04,Round 1,Tossup,5,What event created Reelfoot Lake in upper West Tennessee?,An earthquake,Geology,Science & Technology,Seymour High School (Timothy's team) vs Career Magnet Academy,Atticus,Career Magnet Academy,Incorrect,,Seymour High School (Timothy's team),Incorrect,Missed,0,None given,1,,"Atticus said sinkhole; a Seymour player said ""I know"" but the buzzer had already sounded",
S40 E04,Round 1,Tossup,6,"In a chorus, what is the lowest male vocal part?",Bass,Music,Fine Arts,Seymour High School (Timothy's team) vs Career Magnet Academy,Timothy,Seymour High School (Timothy's team),Correct,,,,Correct,10,Seymour High School (Timothy's team),1,,,
S40 E04,Round 1,Bonus,6,Part 1: What does the top number in any time signature indicate? | Part 2: What does the bottom number in any time signature indicate?,Part 1: The number of beats per measure | Part 2: Which note value gets one beat,Visual,General & Visual,Seymour High School (Timothy's team) vs Career Magnet Academy,,Seymour High School (Timothy's team),Incorrect,,,,Missed,0,None given,2,,"team said ""beats per second"" and ""the number of measures""",
S40 E04,Round 1,Tossup,7,"What car company makes the Grand Cherokee, Renegade and Wrangler Rubicon?",Jeep,Economics,Social Studies,Seymour High School (Timothy's team) vs Career Magnet Academy,Atticus,Career Magnet Academy,Correct,,,,Correct,10,Career Magnet Academy,1,,,
S40 E04,Round 1,Bonus,7,"What is the term for the supply on hand of a product, such as raw materials or goods for sale?",Inventory,Economics,Social Studies,Seymour High School (Timothy's team) vs Career Magnet Academy,,Career Magnet Academy,Incorrect,,,,Missed,0,None given,1,,"team said ""stock"", which the host said has multiple meanings",
S40 E04,Round 1,Tossup,8,"What nine letter word beginning with F, meaning witty or jocular especially at inappropriate times, has all the vowels in alphabetical order?",Facetious,Vocabulary,Language Arts,Seymour High School (Timothy's team) vs Career Magnet Academy,Atticus,Career Magnet Academy,Correct,,,,Correct,10,Career Magnet Academy,1,,,
S40 E04,Round 1,Bonus,8,Part 1: Rearrange the letters shown to spell a word meaning a vital organ of the body. | Part 2: Now rearrange those same letters to spell the name of a planet in our solar system.,Part 1: Heart | Part 2: Earth,Vocabulary,Language Arts,Seymour High School (Timothy's team) vs Career Magnet Academy,,Career Magnet Academy,Correct,,,,Correct,20,Career Magnet Academy,2,,the letters were shown on screen and are not in the captions,
S40 E04,Round 1,Tossup,9,What age was between the Stone Age and the Iron Age?,The Bronze Age,History,Social Studies,Seymour High School (Timothy's team) vs Career Magnet Academy,Timothy,Seymour High School (Timothy's team),Correct,,,,Correct,10,Seymour High School (Timothy's team),1,,,
S40 E04,Round 1,Bonus,9,"In 2022, Egyptologists discovered hieroglyphics inside King Tut's tomb indicating that his burial chamber could contain a hidden door to his stepmother's secret tomb. Who was King Tut's stepmother?",Nefertiti,World History,Social Studies,Seymour High School (Timothy's team) vs Career Magnet Academy,,Seymour High School (Timothy's team),Incorrect,,,,Missed,0,None given,1,,the team's answer and the host's correction are garbled in captions,
S40 E04,Round 1,Tossup,10,What is the most common element in the Earth's atmosphere?,Nitrogen,Chemistry,Science & Technology,Seymour High School (Timothy's team) vs Career Magnet Academy,Timothy,Seymour High School (Timothy's team),Correct,,,,Correct,10,Seymour High School (Timothy's team),1,,,
S40 E04,Round 1,Bonus,10,Part 1: What is the formula for sodium hydroxide? | Part 2: What is the formula for phosphorous acid?,Part 1: NaOH | Part 2: H3PO3,Chemistry,Science & Technology,Seymour High School (Timothy's team) vs Career Magnet Academy,,Seymour High School (Timothy's team),Partial,,,,Partial,10,Seymour High School (Timothy's team),2,,team said H2PO3 for Part 2,
S40 E04,Round 1,Tossup,11,Which NFL team's stadium is about 33 miles south of Boston?,The New England Patriots,Sports,General & Visual,Seymour High School (Timothy's team) vs Career Magnet Academy,,Seymour High School (Timothy's team),Correct,,,,Correct,10,Seymour High School (Timothy's team),1,,buzzer not named; team from the bonus deferral to Eli,
S40 E04,Round 1,Bonus,11,The Missouri Tigers of the SEC play their home games in what city?,"Columbia, Missouri",Sports,General & Visual,Seymour High School (Timothy's team) vs Career Magnet Academy,Eli,Seymour High School (Timothy's team),Correct,,,,Correct,20,Seymour High School (Timothy's team),1,,,
S40 E04,Round 1,Tossup,12,"What procedure is the use of obstructionist tactics, like prolonged speechmaking, especially in the Senate?",Filibuster,Government,Social Studies,Seymour High School (Timothy's team) vs Career Magnet Academy,Atticus,Career Magnet Academy,Correct,,,,Correct,10,Career Magnet Academy,1,,,
S40 E04,Round 1,Bonus,12,Part 1: What does OSHA stand for? | Part 2: Under which federal department is OSHA?,Part 1: Occupational Safety and Health Administration | Part 2: The Department of Labor,Government,Social Studies,Seymour High School (Timothy's team) vs Career Magnet Academy,,Career Magnet Academy,Partial,,,,Partial,10,Career Magnet Academy,2,,"team said ""Organizational Safety Hazards Association"" for Part 1",
S40 E04,Round 1,Tossup,13,"What is the English translation of the French phrase ""à pied""?",On foot,Foreign Language,Foreign Language,Seymour High School (Timothy's team) vs Career Magnet Academy,,Seymour High School (Timothy's team),Incorrect,,,,Missed,0,None given,1,,"Seymour's buzzer not named and the answer garbled in captions; steal offered to Career Magnet, no answer captured",
S40 E04,Round 1,Tossup,14,What place value does the three have in the number 24.563 (digits partly garbled in captions)?,Thousandths,Math,Mathematics,Seymour High School (Timothy's team) vs Career Magnet Academy,Cooper,Career Magnet Academy,Incorrect,Eli,Seymour High School (Timothy's team),Incorrect,Missed,0,None given,1,,Cooper said ten-thousandths; Eli said he knew it but the host gave thousandths,
S40 E04,Round 1,Tossup,15,What is the name of the upper arm bone?,Humerus,Health,Science & Technology,Seymour High School (Timothy's team) vs Career Magnet Academy,,Career Magnet Academy,Correct,,,,Correct,10,Career Magnet Academy,1,,"buzzer not named; team from ""health bonus for Career Magnet""",
S40 E04,Round 1,Bonus,15,"Which joint is formed by the articulation of the tibia, the malleolus of the fibula and the convex surface of the talus?",The ankle,Health,Science & Technology,Seymour High School (Timothy's team) vs Career Magnet Academy,D.J.,Career Magnet Academy,Correct,,,,Correct,20,Career Magnet Academy,1,,,
S40 E04,Round 1,Tossup,16,Which chess piece makes an L shaped move?,The knight,Games,General & Visual,Seymour High School (Timothy's team) vs Career Magnet Academy,Atticus,Career Magnet Academy,Correct,,,,Correct,10,Career Magnet Academy,1,,the host noted the player had not been called on but accepted it,
S40 E04,Round 1,Bonus,16,"Give the equation of a parabola in standard form with x-intercepts at (3, 0) and (-2, 0) and a quadratic coefficient of -2.",y = -2x² + 2x + 12,Visual,General & Visual,Seymour High School (Timothy's team) vs Career Magnet Academy,,Career Magnet Academy,Incorrect,,,,Missed,0,None given,1,,"team gave the factored form, which the host did not accept",
S40 E04,Round 1,Tossup,17,What name was given to the fortune seekers who rushed to California after the discovery of gold?,The forty-niners,U.S. History,Social Studies,Seymour High School (Timothy's team) vs Career Magnet Academy,Eli,Seymour High School (Timothy's team),Incorrect,Cooper,Career Magnet Academy,Incorrect,Missed,0,None given,1,,"Eli said ""miners""; Cooper said ""beggars""",
S40 E04,Round 1,Tossup,18,Who is the devoted friend and associate of Sherlock Holmes who was also the narrator of the novels?,Dr. John Watson,Literature,Language Arts,Seymour High School (Timothy's team) vs Career Magnet Academy,Eli,Seymour High School (Timothy's team),Correct,,,,Correct,10,Seymour High School (Timothy's team),1,,,
S40 E04,Round 1,Bonus,18,"Part 1: In the comic strip Garfield, what is the name of Garfield's owner? | Part 2: What is the name of the pet dog?",Part 1: Jon | Part 2: Odie,Literature,Language Arts,Seymour High School (Timothy's team) vs Career Magnet Academy,,Seymour High School (Timothy's team),Correct,,,,Correct,20,Seymour High School (Timothy's team),2,,,
S40 E04,Round 1,Tossup,19,"The Parthenon is in Athens, but in which European city is the Pantheon?",Rome,Geography,Social Studies,Seymour High School (Timothy's team) vs Career Magnet Academy,Timothy,Seymour High School (Timothy's team),Incorrect,,Career Magnet Academy,Incorrect,Missed,0,None given,1,,"Timothy's answer was wrong (garbled in captions); Career Magnet conferred on the steal, so the host could not accept ""Rome""",
S40 E04,Round 1,Tossup,20,"Radio waves, light waves, microwaves and X-rays are classified as what kind of waves?",Electromagnetic waves,Physics,Science & Technology,Seymour High School (Timothy's team) vs Career Magnet Academy,Atticus,Career Magnet Academy,Incorrect,,Seymour High School (Timothy's team),Incorrect,Missed,0,None given,1,,"Atticus said radiation; a Seymour player answered without ringing in, so no points",
S40 E04,Round 1,Tossup,21,Antonio Stradivari is well known for perfecting the design of what instrument?,The violin,Music,Fine Arts,Seymour High School (Timothy's team) vs Career Magnet Academy,Atticus,Career Magnet Academy,Correct,,,,Correct,10,Career Magnet Academy,1,,,
S40 E04,Round 1,Bonus,21,Part 1: Vivaldi is associated with which musical period? | Part 2: Mozart is associated with which musical period?,Part 1: Baroque | Part 2: Classical,Music,Fine Arts,Seymour High School (Timothy's team) vs Career Magnet Academy,,Career Magnet Academy,Correct,,,,Correct,20,Career Magnet Academy,2,,,
S40 E04,Round 1,Tossup,22,Which federal agency is the regulator that can penalize networks for indecency shown on television?,The FCC,Government,Social Studies,Seymour High School (Timothy's team) vs Career Magnet Academy,Eli,Seymour High School (Timothy's team),Correct,,,,Correct,10,Seymour High School (Timothy's team),1,,,
S40 E04,Round 1,Bonus,22,Which two rights are provided for by Miranda v. Arizona?,The right to an attorney and the right to remain silent,Government,Social Studies,Seymour High School (Timothy's team) vs Career Magnet Academy,,Seymour High School (Timothy's team),Correct,,,,Correct,20,Seymour High School (Timothy's team),1,,,
S40 E04,Round 1,Tossup,23,"If you cooked spaghetti ""al dente,"" how would you want it prepared?",Slightly chewy (firm to the bite),Foreign Language,Foreign Language,Seymour High School (Timothy's team) vs Career Magnet Academy,Atticus,Career Magnet Academy,Incorrect,,Seymour High School (Timothy's team),Incorrect,Missed,0,None given,1,,"Atticus said ""firm""; Seymour's steal was not accepted either",
S40 E04,Round 1,Tossup,24,In which direction does the graph of the equation x = y² open?,To the right,Algebra,Mathematics,Seymour High School (Timothy's team) vs Career Magnet Academy,Eli,Seymour High School (Timothy's team),Incorrect,D.J.,Career Magnet Academy,Incorrect,Missed,0,None given,1,,Eli said up; D.J. said down,
S40 E04,Round 1,Tossup,25,What is a major component of plant cell walls that provides flexibility and stability?,Cellulose,Biology,Science & Technology,Seymour High School (Timothy's team) vs Career Magnet Academy,Timothy,Seymour High School (Timothy's team),Correct,,,,Correct,10,Seymour High School (Timothy's team),1,,,
S40 E04,Round 1,Bonus,25,Part 1: What is the term for the green pigment in plants? | Part 2: Spell that word.,Part 1: Chlorophyll | Part 2: C-H-L-O-R-O-P-H-Y-L-L,Biology,Science & Technology,Seymour High School (Timothy's team) vs Career Magnet Academy,,Seymour High School (Timothy's team),Correct,,,,Correct,20,Seymour High School (Timothy's team),2,,,
S40 E04,Round 1,Tossup,26,What is the capital of Australia?,Canberra,Geography,Social Studies,Seymour High School (Timothy's team) vs Career Magnet Academy,Atticus,Career Magnet Academy,Incorrect,Eli,Seymour High School (Timothy's team),Incorrect,Missed,0,None given,1,,Atticus said Brisbane; Eli said Sydney,
S40 E04,Round 1,Tossup,27,In what U.S. city is the headquarters of the Church of Jesus Christ of Latter-day Saints located?,Salt Lake City,Religion,Religion & Mythology,Seymour High School (Timothy's team) vs Career Magnet Academy,,Seymour High School (Timothy's team),Correct,,,,Correct,10,Seymour High School (Timothy's team),1,,"buzzer not named; team from ""visual bonus ... Seymour""",
S40 E04,Round 1,Bonus,27,"Who was the Lord High Chancellor of England, shown here, who was beheaded in 1535 for refusing to approve Henry VIII's divorce, remarriage and the establishment of the Church of England, was canonized as a Catholic saint in 1935 and was the subject of the Oscar-winning film A Man for All Seasons?",Thomas More,Visual,General & Visual,Seymour High School (Timothy's team) vs Career Magnet Academy,,Seymour High School (Timothy's team),Incorrect,,,,Missed,0,None given,1,,the team's answer is garbled in captions,
S40 E04,Round 1,Tossup,28,"Claude Monet, Edgar Degas and Pierre-Auguste Renoir were what style of painters?",Impressionists,Art,Fine Arts,Seymour High School (Timothy's team) vs Career Magnet Academy,Ty,Seymour High School (Timothy's team),Correct,,,,Correct,10,Seymour High School (Timothy's team),1,,"buzzer name read from ""type""; the host said he would take it",
S40 E04,Round 1,Bonus,28,"A cryptocurrency entrepreneur claimed in 2022 that he burned a drawing worth $10 million, saying he wanted to permanently transition it to the metaverse, by which famous Mexican artist known for self-portraits and works inspired by nature?",Frida Kahlo,Art,Fine Arts,Seymour High School (Timothy's team) vs Career Magnet Academy,,Seymour High School (Timothy's team),Correct,,,,Correct,20,Seymour High School (Timothy's team),1,,"the team said only ""Frida""; the host said he would check with the judges, and the final five-point margin implies it was accepted",
S40 E04,Round 1,Tossup,29,The first American satellite was placed in orbit from what launch site?,Cape Canaveral,Astronomy,Science & Technology,Seymour High School (Timothy's team) vs Career Magnet Academy,Atticus,Career Magnet Academy,Correct,,,,Correct,10,Career Magnet Academy,1,,,
S40 E04,Round 1,Bonus,29,Part 1: What is the chemical formula for calcium sulfate? | Part 2: Which planet did the Curiosity rover explore?,Part 1: CaSO4 | Part 2: Mars,Astronomy,Science & Technology,Seymour High School (Timothy's team) vs Career Magnet Academy,,Career Magnet Academy,Partial,,,,Partial,10,Career Magnet Academy,2,,the team's formula for Part 1 was wrong or garbled in captions,
S40 E04,Round 1,Tossup,30,Which drums are the only drums that can be tuned to a definite pitch?,Timpani (kettle drums),Music,Fine Arts,Seymour High School (Timothy's team) vs Career Magnet Academy,,Career Magnet Academy,Incorrect,,Seymour High School (Timothy's team),Incorrect,Missed,0,None given,1,,Career Magnet's first buzzer (name garbled) said steel drums; Seymour's steal said snare drums,
S40 E04,Round 1,Tossup,31,What is a signed authorization for someone else to vote a stockholder's shares?,A proxy,Economics,Social Studies,Seymour High School (Timothy's team) vs Career Magnet Academy,Atticus,Career Magnet Academy,Incorrect,,,,Missed,0,None given,1,,"Atticus said affidavit; steal offered to Seymour, no answer captured",
S40 E04,Round 1,Tossup,32,"What seven letter word starting with O means a view or judgment formed about something, not necessarily based on fact or knowledge?",Opinion,Vocabulary,Language Arts,Seymour High School (Timothy's team) vs Career Magnet Academy,Timothy,Seymour High School (Timothy's team),Correct,,,,Correct,10,Seymour High School (Timothy's team),1,,,
S40 E04,Round 1,Bonus,32,The name of what dog breed can also be used to describe a person who is a sleuth or who pursues something keenly or relentlessly?,Bloodhound,Vocabulary,Language Arts,Seymour High School (Timothy's team) vs Career Magnet Academy,,Seymour High School (Timothy's team),Incorrect,,,,Missed,0,None given,1,,"team said ""hound"", and the host needed ""bloodhound""",
S40 E04,Round 1,Tossup,33,What is the longest chord in any circle called?,The diameter,Geometry,Mathematics,Seymour High School (Timothy's team) vs Career Magnet Academy,Cooper,Career Magnet Academy,Correct,,,,Correct,10,Career Magnet Academy,1,,"buzzer name read from ""capacitor""; the host noted the player had not been called on but accepted it",
S40 E04,Round 1,Bonus,33,This theorem is a fundamental relation in Euclidean geometry between the three sides of a right triangle. Name the theorem.,The Pythagorean theorem,Visual,General & Visual,Seymour High School (Timothy's team) vs Career Magnet Academy,,Career Magnet Academy,Correct,,,,Correct,20,Career Magnet Academy,1,,,
S40 E04,Round 1,Tossup,34,What is the formula for dinitrogen monoxide?,N2O,Chemistry,Science & Technology,Seymour High School (Timothy's team) vs Career Magnet Academy,Atticus,Career Magnet Academy,Correct,,,,Correct,10,Career Magnet Academy,1,,the host noted it was formerly called nitrous oxide,
S40 E04,Round 1,Bonus,34,Name two elements that compose the alloy brass.,Copper and zinc,Chemistry,Science & Technology,Seymour High School (Timothy's team) vs Career Magnet Academy,,Career Magnet Academy,Correct,,,,Correct,20,Career Magnet Academy,1,,,
S40 E04,Round 1,Tossup,35,In which sport do players win the Cy Young Award?,Baseball,Sports,General & Visual,Seymour High School (Timothy's team) vs Career Magnet Academy,,Seymour High School (Timothy's team),Correct,,,,Correct,10,Seymour High School (Timothy's team),1,,"buzzer not named; team from ""sports bonus for Seymour""",
S40 E04,Round 1,Bonus,35,Who was born as Edson Arantes do Nascimento but was known by what one word name that is the most recognized name in soccer history?,Pelé,Sports,General & Visual,Seymour High School (Timothy's team) vs Career Magnet Academy,Eli,Seymour High School (Timothy's team),Correct,,,,Correct,20,Seymour High School (Timothy's team),1,,,
S40 E04,Round 1,Tossup,36,Which small island sits just to the south of Cuba in the Caribbean and has Kingston as its capital?,Jamaica,Geography,Social Studies,Seymour High School (Timothy's team) vs Career Magnet Academy,Atticus,Career Magnet Academy,Correct,,,,Correct,10,Career Magnet Academy,1,,,
S40 E04,Round 1,Bonus,36,What river is the boundary between Washington and Oregon and is the largest North American river that empties into the Pacific Ocean?,The Columbia River,Geography,Social Studies,Seymour High School (Timothy's team) vs Career Magnet Academy,,Career Magnet Academy,Incorrect,,,,Missed,0,None given,1,,team said the Snake River,
S40 E04,Round 1,Tossup,37,What hybrid mythological being is half human female and half fish?,A mermaid,Mythology,Religion & Mythology,Seymour High School (Timothy's team) vs Career Magnet Academy,Atticus,Career Magnet Academy,Correct,,,,Correct,10,Career Magnet Academy,1,,,
S40 E04,Round 1,Bonus,37,What Greek mythological creature is half human and half bull?,The Minotaur,Mythology,Religion & Mythology,Seymour High School (Timothy's team) vs Career Magnet Academy,,Career Magnet Academy,Correct,,,,Correct,20,Career Magnet Academy,1,,,
S40 E04,Round 1,Tossup,38,What is the French word for shirt?,Chemise,Foreign Language,Foreign Language,Seymour High School (Timothy's team) vs Career Magnet Academy,,Career Magnet Academy,Incorrect,,,,Missed,0,None given,1,,"Career Magnet's buzzer not named (said blouse); steal offered to Seymour, no answer captured",
S40 E04,Round 1,Tossup,39,What is the term for a solution with the ability to maintain a constant pH?,A buffer,Chemistry,Science & Technology,Seymour High School (Timothy's team) vs Career Magnet Academy,Cooper,Career Magnet Academy,Incorrect,Ty,Seymour High School (Timothy's team),Correct,Correct,10,Seymour High School (Timothy's team),1,,"Cooper said neutral; Ty's name read from ""type""",
S40 E04,Round 1,Bonus,39,Part 1: What kind of luminescence causes materials to glow as they absorb radiation? | Part 2: What kind of luminescence causes materials to glow for minutes or even days longer?,Part 1: Fluorescence | Part 2: Phosphorescence,Chemistry,Science & Technology,Seymour High School (Timothy's team) vs Career Magnet Academy,,Seymour High School (Timothy's team),Incorrect,,,,Missed,0,None given,2,,team said iridescence for both,
S40 E04,Round 1,Tossup,40,What ten letter word beginning with C means a drawing which exaggerates the physical features of a person?,Caricature,Art,Fine Arts,Seymour High School (Timothy's team) vs Career Magnet Academy,Ty,Seymour High School (Timothy's team),Incorrect,,Career Magnet Academy,Correct,Correct,10,Career Magnet Academy,1,,"Ty said ""character""; Career Magnet's stealing player (""she"") said caricature and the host accepted the pronunciation",
S40 E04,Round 1,Bonus,40,"Which influential artist of the Flemish Baroque tradition painted Massacre of the Innocents, in which the Biblical massacre of Bethlehem is depicted?",Peter Paul Rubens,Art,Fine Arts,Seymour High School (Timothy's team) vs Career Magnet Academy,,Career Magnet Academy,Incorrect,,,,Missed,0,None given,1,,the team's answer (a first name) was not accepted,
S40 E04,Round 1,Tossup,41,Which political party included U.S. presidents Washington and Adams?,The Federalists,U.S. History,Social Studies,Seymour High School (Timothy's team) vs Career Magnet Academy,Timothy,Seymour High School (Timothy's team),Correct,,,,Correct,10,Seymour High School (Timothy's team),1,,,
S40 E04,Round 1,Bonus,41,Part 1: Who was the commander of the victorious Union forces at the Battle of Gettysburg? | Part 2: Who was the commander of the Confederate forces at Gettysburg?,Part 1: George Meade | Part 2: Robert E. Lee,U.S. History,Social Studies,Seymour High School (Timothy's team) vs Career Magnet Academy,,Seymour High School (Timothy's team),Incorrect,,,,Missed,0,None given,2,,team said Grant (via Ty) and Andrew Jackson,
S40 E04,Round 1,Tossup,42,"In Spanish, what does ""más"" mean?",More,Foreign Language,Foreign Language,Seymour High School (Timothy's team) vs Career Magnet Academy,Atticus,Career Magnet Academy,Correct,,,,Correct,10,Career Magnet Academy,1,,"the Spanish word is garbled in captions (""Kurtulmus""); inferred from the answer (""more"")",
S40 E04,Round 1,Bonus,42,"Part 1: How do you say ""I speak Spanish"" in Spanish? | Part 2: How do you say ""I read a lot"" in Spanish?",Part 1: Yo hablo español | Part 2: Leo mucho,Foreign Language,Foreign Language,Seymour High School (Timothy's team) vs Career Magnet Academy,,Career Magnet Academy,Partial,,,,Partial,10,Career Magnet Academy,2,,"team said ""Mi Ramos"" for Part 2",
S40 E04,Round 1,Tossup,43,What is the name of a non-square equilateral quadrilateral?,A rhombus,Geometry,Mathematics,Seymour High School (Timothy's team) vs Career Magnet Academy,Eli,Seymour High School (Timothy's team),Correct,,,,Correct,10,Seymour High School (Timothy's team),1,,,
S40 E04,Round 1,Bonus,43,"A triangle has angle measures of 2x, 3x and 115 degrees. What are the measures of the two missing angles?",26 and 39 degrees,Geometry,Mathematics,Seymour High School (Timothy's team) vs Career Magnet Academy,,Seymour High School (Timothy's team),Incorrect,,,,Missed,0,None given,1,,team said 46 and 69,
S40 E04,Round 1,Tossup,44,What is the standard six letter term for the removal and examination of body cells?,Biopsy,Health,Science & Technology,Seymour High School (Timothy's team) vs Career Magnet Academy,,Career Magnet Academy,Correct,,,,Correct,10,Career Magnet Academy,1,,buzzer not named; Career Magnet is inferred from the final five-point margin,
S40 E04,Round 1,Bonus,44,Part 1: Who is credited with developing the earliest effective vaccine against rabies? | Part 2: What is the process called by which Louis Pasteur showed that abnormal fermentation of wine and beer could be prevented by heating the beverages?,Part 1: Louis Pasteur | Part 2: Pasteurization,Health,Science & Technology,Seymour High School (Timothy's team) vs Career Magnet Academy,,Career Magnet Academy,Partial,,,,Partial,10,Career Magnet Academy,2,,"team said ""Williams"" for Part 1",
S40 E04,Round 1,Tossup,45,"According to the proverb, which does the early bird catch?",The worm,Miscellaneous,General & Visual,Seymour High School (Timothy's team) vs Career Magnet Academy,,,No Buzz,,,,Missed,0,None given,1,,time ran out before anyone answered; the game ended,
S40 E05,Round 1,Tossup,1,What is the line in an artwork where water or land seem to end and the sky begins?,The horizon,Art,Fine Arts,Farragut High School vs Rockwood High School,Leo,Farragut High School,Correct,,,,Correct,10,Farragut High School,1,,,
S40 E05,Round 1,Bonus,1,Part 1: Name two of the three secondary colors. | Part 2: What is the complementary color of green?,"Part 1: Any two of: green, orange, purple | Part 2: Red",Art,Fine Arts,Farragut High School vs Rockwood High School,,Farragut High School,Partial,,,,Partial,10,Farragut High School,2,,team said orange for Part 2,
S40 E05,Round 1,Tossup,2,"Which mountain system stretches from Alabama to Newfoundland, Canada?",The Appalachian Mountains,Geography,Social Studies,Farragut High School vs Rockwood High School,Roshan,Farragut High School,Correct,,,,Correct,10,Farragut High School,1,,"buzzer name read from ""Russian""",
S40 E05,Round 1,Bonus,2,Name the capital city of each of the following states. Part 1: Wyoming. Part 2: West Virginia.,Part 1: Cheyenne | Part 2: Charleston,Geography,Social Studies,Farragut High School vs Rockwood High School,,Farragut High School,Partial,,,,Partial,10,Farragut High School,2,,team knew Cheyenne but not Charleston,
S40 E05,Round 1,Tossup,3,The hare and the tortoise and the fox and the crow are fables by which famous writer?,Aesop,Literature,Language Arts,Farragut High School vs Rockwood High School,Tom,Farragut High School,Correct,,,,Correct,10,Farragut High School,1,,"answer garbled in captions (""Izzo"")",
S40 E05,Round 1,Bonus,3,"Who wrote The Vampire Chronicles, which include the novels The Vampire Lestat, Blood and Gold and Interview with the Vampire?",Anne Rice,Literature,Language Arts,Farragut High School vs Rockwood High School,,Farragut High School,Incorrect,,,,Missed,0,None given,1,,team said Hemingway,
S40 E05,Round 1,Tossup,4,What name is given to the solid form of carbon dioxide?,Dry ice,Chemistry,Science & Technology,Farragut High School vs Rockwood High School,Tom,Farragut High School,Correct,,,,Correct,10,Farragut High School,1,,,
S40 E05,Round 1,Bonus,4,What element with an atomic number of one is represented on the periodic table with this symbol?,Hydrogen,Visual,General & Visual,Farragut High School vs Rockwood High School,,Farragut High School,Correct,,,,Correct,20,Farragut High School,1,,,
S40 E05,Round 1,Tossup,5,"What is the sum of one half, one third and one fourth?",13/12,Math,Mathematics,Farragut High School vs Rockwood High School,,Farragut High School,Correct,,,,Correct,10,Farragut High School,1,,"buzzer not named; team from ""math bonus for Farragut""; the host would also accept 1 1/12",
S40 E05,Round 1,Bonus,5,"Part 1: Given the numbers 10, 20, 30 and 50, find the mean of the data set. | Part 2: Find the median of the same data set.",Part 1: 27.5 | Part 2: 25,Math,Mathematics,Farragut High School vs Rockwood High School,,Farragut High School,Partial,,,,Partial,10,Farragut High School,2,,team said 30 for the mean,
S40 E05,Round 1,Tossup,6,In which sport is the ball always in the possession of the team on defense while the team on offense can score without touching the ball?,Baseball,Sports,General & Visual,Farragut High School vs Rockwood High School,,Farragut High School,Incorrect,Chloe,Rockwood High School,Correct,Correct,10,Rockwood High School,1,,Farragut's first buzzer not named (said football),
S40 E05,Round 1,Bonus,6,Part 1: How many Major League Baseball teams are in the National League? | Part 2: What former National League team switched to the American League in 2013?,Part 1: 15 | Part 2: The Houston Astros,Sports,General & Visual,Farragut High School vs Rockwood High School,,Rockwood High School,Incorrect,,,,Missed,0,None given,2,,"team said 50 and ""Canadians""",
S40 E05,Round 1,Tossup,7,"What is the term for trying to get someone to do wrong by offering him or her special favors, bribery or money?",[unclear],Government,Social Studies,Farragut High School vs Rockwood High School,,Farragut High School,Correct,,,,Correct,10,Farragut High School,1,Yes,"the buzzer's answer is merged into the question in the captions (""special favors Some bribery or money is right""); probably ""corruption""; the same question appears in S41 E53 T11; team from ""bonus in government for Farragut"" (captions lines 26332-26336)",No points toss up in government. / What is the term for trying to get someone to do wrong by offering him or her special favors? / Some bribery or money is right. / Bonus in government for Farragut. / What is the term for the constitutional division of power between the US state governments and the national government?
S40 E05,Round 1,Bonus,7,What is the term for the constitutional division of power between the U.S. state governments and the national government?,Federalism,Government,Social Studies,Farragut High School vs Rockwood High School,,Farragut High School,Correct,,,,Correct,20,Farragut High School,1,,,
S40 E05,Round 1,Tossup,8,Both a present participle and a gerund end with which three letters?,I-N-G,English,Language Arts,Farragut High School vs Rockwood High School,Roshan,Farragut High School,Correct,,,,Correct,10,Farragut High School,1,,"buzzer name read from ""Russian""",
S40 E05,Round 1,Bonus,8,"Part 1: Is the verb active or passive in the following sentence? ""The war on terror is being fought daily."" | Part 2: Is the verb active or passive in the sentence ""The marathon runners worked diligently""?",Part 1: Passive | Part 2: Active,English,Language Arts,Farragut High School vs Rockwood High School,,Farragut High School,Correct,,,,Correct,20,Farragut High School,2,,the team first said passive for Part 2 and then corrected itself to active,
S40 E05,Round 1,Tossup,9,What is the six letter scientific term for a shooting star?,Meteor,Astronomy,Science & Technology,Farragut High School vs Rockwood High School,Tom,Farragut High School,Correct,,,,Correct,10,Farragut High School,1,,,
S40 E05,Round 1,Bonus,9,"Part 1: Unlike the other planets in our solar system, Venus spins in which direction on its axis? | Part 2: Venus is the second brightest natural object in the night sky after what?",Part 1: Clockwise (backwards) | Part 2: The moon,Astronomy,Science & Technology,Farragut High School vs Rockwood High School,,Farragut High School,Correct,,,,Correct,20,Farragut High School,2,,,
S40 E05,Round 1,Tossup,10,Which fruit is used to produce the most common cider?,Apple,Economics,Social Studies,Farragut High School vs Rockwood High School,Leo,Farragut High School,Correct,,,,Correct,10,Farragut High School,1,,,
S40 E05,Round 1,Bonus,10,"Candidates for the 2024 elections are seeking the endorsement of what federation of 60 labor unions, representing 12.5 million workers in the United States?",The AFL-CIO,Economics,Social Studies,Farragut High School vs Rockwood High School,,Farragut High School,Incorrect,,,,Missed,0,None given,1,,"team said ""Auto Workers Union""",
S40 E05,Round 1,Tossup,11,On what continent is the Sydney Opera House located?,Australia,Music,Fine Arts,Farragut High School vs Rockwood High School,Molly,Rockwood High School,Correct,,,,Correct,10,Rockwood High School,1,,,
S40 E05,Round 1,Bonus,11,"Part 1: What early type of musical instrument shown here is similar to a piano, but with strings that are plucked instead of being hit? | Part 2: The harpsichord was often used in what dominant style of Western classical music, composed from about 1600 to 1750?",Part 1: Harpsichord | Part 2: Baroque,Visual,General & Visual,Farragut High School vs Rockwood High School,Chloe,Rockwood High School,Partial,,,,Partial,10,Rockwood High School,2,,team said harp for Part 1,
S40 E05,Round 1,Tossup,12,Who invented the movable type printing press?,Johannes Gutenberg,History,Social Studies,Farragut High School vs Rockwood High School,Leo,Farragut High School,Correct,,,,Correct,10,Farragut High School,1,,,
S40 E05,Round 1,Bonus,12,Name two of the three Allied leaders who represented their countries at the Yalta Conference in February 1945.,"Any two of: Roosevelt, Stalin, Churchill",History,Social Studies,Farragut High School vs Rockwood High School,,Farragut High School,Correct,,,,Correct,20,Farragut High School,1,,,
S40 E05,Round 1,Tossup,13,What is the main language spoken in Egypt?,Arabic,Foreign Language,Foreign Language,Farragut High School vs Rockwood High School,Leo,Farragut High School,Correct,,,,Correct,10,Farragut High School,1,,,
S40 E05,Round 1,Bonus,13,In what languages was the Old Testament of the Bible originally written?,Hebrew and Aramaic,Foreign Language,Foreign Language,Farragut High School vs Rockwood High School,,Farragut High School,Partial,,,,Partial,10,Farragut High School,1,,team said Latin and Hebrew; Hebrew counted,
S40 E05,Round 1,Tossup,14,What organ of the body is enclosed in a sac called the pericardium?,The heart,Health,Science & Technology,Farragut High School vs Rockwood High School,Roshan,Farragut High School,Correct,,,,Correct,10,Farragut High School,1,,"buzzer name read from ""Rush""",
S40 E05,Round 1,Bonus,14,"Part 1: What is the term for chemicals used to kill microbes upon contact, thus deterring the spread of disease? | Part 2: What is the easiest and least expensive method to slow the spread of germs and disease?",Part 1: Disinfectants | Part 2: Handwashing,Health,Science & Technology,Farragut High School vs Rockwood High School,,Farragut High School,Incorrect,,,,Missed,0,None given,2,,team said antibiotics and sterilization,
S40 E05,Round 1,Tossup,15,Solve the equation 3x − 12 = 33.,x = 15,Algebra,Mathematics,Farragut High School vs Rockwood High School,Tom,Farragut High School,Correct,,,,Correct,10,Farragut High School,1,,,
S40 E05,Round 1,Bonus,15,Name the axis of symmetry for the graph of the quadratic equation y = -2x² + 8x - 6.,x = 2,Algebra,Mathematics,Farragut High School vs Rockwood High School,Sophie,Farragut High School,Correct,,,,Correct,20,Farragut High School,1,,"the team first said negative two, then deferred to Sophie",
S40 E05,Round 1,Tossup,16,What live streaming service was introduced in 2011 as a spinoff of Justin.tv and is now a subsidiary of Amazon?,Twitch,Games,General & Visual,Farragut High School vs Rockwood High School,Molly,Rockwood High School,Correct,,,,Correct,10,Rockwood High School,1,,,
S40 E05,Round 1,Bonus,16,"In 2022, the FTC fined Epic Games $520 million over allegations that the company violated the Children's Online Privacy Protection Act and tricked millions of players into making unintentional purchases in which game that combines looting, crafting, shootouts and chaos?",Fortnite,Games,General & Visual,Farragut High School vs Rockwood High School,,Rockwood High School,Correct,,,,Correct,20,Rockwood High School,1,,,
S40 E05,Round 1,Tossup,17,What is the name of the series of laws passed after the Boston Tea Party?,The Intolerable Acts,U.S. History,Social Studies,Farragut High School vs Rockwood High School,,Unknown,Correct,,,,Correct,10,Unknown,1,Yes,buzzer and team not identified in captions; team not identified in captions (captions lines 26421-26423),"Fortnite write for 20 points Toss up in U.S. History. / What is the name of the series of laws passed after the Boston Tea Party written Intolerable Acts? / That's right for ten points and a bonus in U.S. history who surrendered his army of some 8000 British soldiers to General George Washington, giving up any chance of the British winning the Revolutionary War."
S40 E05,Round 1,Bonus,17,"Part 1: Who surrendered his army of some 8,000 British soldiers to General George Washington, giving up any chance of the British winning the Revolutionary War? | Part 2: Where did the surrender take place?",Part 1: Cornwallis | Part 2: Yorktown,U.S. History,Social Studies,Farragut High School vs Rockwood High School,,Unknown,Correct,,,,Correct,20,Unknown,2,Yes,team not identified in captions (captions lines 26423-26429),"That's right for ten points and a bonus in U.S. history who surrendered his army of some 8000 British soldiers to General George Washington, giving up any chance of the British winning the Revolutionary War. / And Wallace is right. / And where did the surrender take place? / Yorktown, both right. / 20 points. / Toss up now in vocabulary. / If a magazine is published by monthly, how many issues in a year?"
S40 E05,Round 1,Tossup,18,"If a magazine is published bimonthly, how many issues are there in a year?",Six,Vocabulary,Language Arts,Farragut High School vs Rockwood High School,Leo,Farragut High School,Correct,,,,Correct,10,Farragut High School,1,,,
S40 E05,Round 1,Bonus,18,Part 1: What is the unit of measurement for nautical miles per hour? | Part 2: What word is used to describe an aircraft's speed compared with the speed of sound in air?,Part 1: Knots | Part 2: Mach,Vocabulary,Language Arts,Farragut High School vs Rockwood High School,,Farragut High School,Correct,,,,Correct,20,Farragut High School,2,,,
S40 E05,Round 1,Tossup,19,"The ohm, the standard unit of electrical resistance, is represented by what Greek letter?",Omega,Physics,Science & Technology,Farragut High School vs Rockwood High School,Tom,Farragut High School,Correct,,,,Correct,10,Farragut High School,1,,,
S40 E05,Round 1,Bonus,19,What simple machine is represented by a playground slide?,An inclined plane,Physics,Science & Technology,Farragut High School vs Rockwood High School,,Farragut High School,Incorrect,,,,Missed,0,None given,1,,"team said lever, which was the answer to a second part that was never asked because time ran out",
S40 E05,Round 1,Tossup,20,"Oceanus was a titan, a mythical god that ruled over the freshwater of Earth and preceded what Olympian water god that ruled over the ocean?",Poseidon,Mythology,Religion & Mythology,Farragut High School vs Rockwood High School,Tom,Farragut High School,Correct,,,,Correct,10,Farragut High School,1,,"answer garbled in captions (""site"")",
S40 E05,Round 1,Bonus,20,The Catholic charitable organization Caritas receives 15% of its annual budget to help the homeless and others in need with a donation of over 1 million euros per year that the City of Rome collects from what landmark featuring a statue of the mythical titan Oceanus?,The Trevi Fountain,Mythology,Religion & Mythology,Farragut High School vs Rockwood High School,,Farragut High School,Incorrect,,,,Missed,0,None given,1,,team said the Sistine Chapel,
S40 E05,Round 1,Tossup,21,What is the title of the spiritual leader of a Jewish synagogue or temple?,Rabbi,Religion,Religion & Mythology,Farragut High School vs Rockwood High School,Chloe,Rockwood High School,Correct,,,,Correct,10,Rockwood High School,1,,,
S40 E05,Round 1,Bonus,21,Part 1: Which book of the Bible contains the story of Moses and the Israelites leaving slavery in Egypt to find the Promised Land? | Part 2: Which book of the Bible contains the story of Abraham being asked to sacrifice his son Isaac?,Part 1: Exodus | Part 2: Genesis,Religion,Religion & Mythology,Farragut High School vs Rockwood High School,,Rockwood High School,Partial,,,,Partial,10,Rockwood High School,2,,team said Exodus for both parts,
S40 E05,Round 1,Tossup,22,What event is used as the basis for reapportionment in the U.S. House of Representatives every ten years?,The census,Government,Social Studies,Farragut High School vs Rockwood High School,Alex,Farragut High School,Correct,,,,Correct,10,Farragut High School,1,,,
S40 E05,Round 1,Bonus,22,What are four of the five largest cities in the United States by population according to the 2020 census?,"Any four of: New York, Los Angeles, Chicago, Houston, Philadelphia",Government,Social Studies,Farragut High School vs Rockwood High School,Leo,Farragut High School,Partial,,,,Partial,10,Farragut High School,1,,"team named New York, Atlanta, Chicago and Boston; two counted (10 points)",
S40 E05,Round 1,Tossup,23,"What type of poem has only three lines of five, seven and five syllables?",Haiku,Literature,Language Arts,Farragut High School vs Rockwood High School,Tom,Farragut High School,Correct,,,,Correct,10,Farragut High School,1,,,
S40 E05,Round 1,Bonus,23,Name four of the five basic elements of a short story.,"Any four of: theme, plot, character, setting, conflict",Literature,Language Arts,Farragut High School vs Rockwood High School,Leo,Farragut High School,Correct,,,,Correct,20,Farragut High School,1,,"team named theme, plot, character and setting",
S40 E05,Round 1,Tossup,24,What type of rocks form from molten magma?,Igneous rocks,Geology,Science & Technology,Farragut High School vs Rockwood High School,Leo,Farragut High School,Correct,,,,Correct,10,Farragut High School,1,,,
S40 E05,Round 1,Bonus,24,"At 20,310 feet tall, what mountain shown here has the highest peak in the United States?",Denali,Visual,General & Visual,Farragut High School vs Rockwood High School,Evan,Farragut High School,Correct,,,,Correct,20,Farragut High School,1,,,
S40 E05,Round 1,Tossup,25,Perimeter is to a rectangle as what characteristic is to a circle?,Circumference,Geometry,Mathematics,Farragut High School vs Rockwood High School,Alex,Farragut High School,Correct,,,,Correct,10,Farragut High School,1,,,
S40 E05,Round 1,Bonus,25,"In a right triangle with a hypotenuse of ten and a leg of five, what is the measure of both acute angles?",30 and 60 degrees,Geometry,Mathematics,Farragut High School vs Rockwood High School,Alex,Farragut High School,Correct,,,,Correct,20,Farragut High School,1,,,
S40 E05,Round 1,Tossup,26,What Southeastern Conference school in Tennessee is included in Greene's Guides' Hidden Ivies?,Vanderbilt,Miscellaneous,General & Visual,Farragut High School vs Rockwood High School,Tom,Farragut High School,Correct,,,,Correct,10,Farragut High School,1,,,
S40 E05,Round 1,Bonus,26,What are the two oldest universities in the United States?,Harvard and William & Mary,Miscellaneous,General & Visual,Farragut High School vs Rockwood High School,,Farragut High School,Partial,,,,Partial,10,Farragut High School,1,,team said Harvard and Yale; Harvard counted,
S40 E05,Round 1,Tossup,27,Illegal commerce in rationed or banned goods is called what?,The black market,Economics,Social Studies,Farragut High School vs Rockwood High School,Tom,Farragut High School,Incorrect,,,,Missed,0,None given,1,,"Tom said contraband; steal offered to Rockwood, no answer captured",
S40 E05,Round 1,Tossup,28,"A liaison is defined as communication between people or groups working together. Spell ""liaison.""",L-I-A-I-S-O-N,Spelling,Language Arts,Farragut High School vs Rockwood High School,Alex,Farragut High School,Correct,,,,Correct,10,Farragut High School,1,,,
S40 E05,Round 1,Bonus,28,"Part 1: Spell the homophone ""aisle,"" as in the aisle of a theater or grocery store. | Part 2: Spell the homophone ""isle,"" as in a small island in a body of water.",Part 1: A-I-S-L-E | Part 2: I-S-L-E,Spelling,Language Arts,Farragut High School vs Rockwood High School,,Farragut High School,Correct,,,,Correct,20,Farragut High School,2,,the spelling in the captions is garbled; the host ruled both right for 20 points,
S40 E05,Round 1,Tossup,29,Which rodent can cut down a 100 foot tree?,The beaver,Biology,Science & Technology,Farragut High School vs Rockwood High School,,Unknown,Correct,,,,Correct,10,Unknown,1,Yes,buzzer and team not identified in captions; team not identified in captions (captions lines 26563-26567),410 Spelling bonus for Farragut Spell each of these homophones I'll as in the aisle of a theater or grocery store so is simply a I so e direct aisle as in a small island in a body of water i i nicely for 20 points toss up for everybody in biology which rodent can cut down a 100 foot tree. / Yo beaver. / Yes. / And two part biology bonus. / What is the term for a baby goat kid?
S40 E05,Round 1,Bonus,29,Part 1: What is the term for a baby goat? | Part 2: What is the term for a baby horse?,Part 1: Kid | Part 2: Foal (colt),Biology,Science & Technology,Farragut High School vs Rockwood High School,,Unknown,Correct,,,,Correct,20,Unknown,2,Yes,team not identified in captions (captions lines 26566-26572),"And two part biology bonus. / What is the term for a baby goat kid? / Yes. / What is the term for a baby horse? / Colt? / Yeah, we would have taken Colt or foal on that 20 on the bonus toss up in government. / Which branch of the US military fights smuggling, protects ships and rescues victims of sea disasters."
S40 E05,Round 1,Tossup,30,"Which branch of the U.S. military fights smuggling, protects ships and rescues victims of sea disasters?",The Coast Guard,Government,Social Studies,Farragut High School vs Rockwood High School,Tom,Farragut High School,Correct,,,,Correct,10,Farragut High School,1,,,
S40 E05,Round 1,Bonus,30,"In a July 2023 open letter to the nation's librarians, which former president wrote, ""If America, a nation built on freedom of expression, allows certain voices and ideas to be silenced, why should other countries go out of their way to protect them?""",Barack Obama,Government,Social Studies,Farragut High School vs Rockwood High School,,Farragut High School,Correct,,,,Correct,20,Farragut High School,1,,,
S40 E05,Round 1,Tossup,31,What mansion in the mountains of North Carolina was built for George Washington Vanderbilt and was designed by Richard Morris Hunt?,The Biltmore,Architecture,Fine Arts,Farragut High School vs Rockwood High School,,Unknown,Correct,,,,Correct,10,Unknown,1,Yes,buzzer and team not identified in captions; team not identified in captions (captions lines 26577-26582),"20 points toss up now in architecture for everyone. / What mansion in the mountains of North Carolina was built for George Washington, Vanderbilt and was designed by Richard Morris Hunt Was it Biltmore? / Yes. / Is right. / Architecture is your bonus. / What is the name of Andrew Jackson's home in Tennessee?"
S40 E05,Round 1,Bonus,31,Part 1: What is the name of Andrew Jackson's home in Tennessee? | Part 2: What style of architecture was used to design the Hermitage?,Part 1: The Hermitage | Part 2: Greek Revival,Architecture,Fine Arts,Farragut High School vs Rockwood High School,,Unknown,Partial,,,,Partial,10,Unknown,2,Yes,team said Roman for Part 2; team not identified in captions (captions lines 26581-26585),"Architecture is your bonus. / What is the name of Andrew Jackson's home in Tennessee? / The Hermitage? / And what style of architecture was used to design the Hermitage? / Roman A Greek revival, ten points on the bonus toss out for everybody in geography in which world capital is Westminster Abbey located?"
S40 E05,Round 1,Tossup,32,In which world capital is Westminster Abbey located?,London,Geography,Social Studies,Farragut High School vs Rockwood High School,Leo,Farragut High School,Correct,,,,Correct,10,Farragut High School,1,,,
S40 E05,Round 1,Bonus,32,What country's national flag features this symbol?,Canada,Visual,General & Visual,Farragut High School vs Rockwood High School,,Farragut High School,Correct,,,,Correct,20,Farragut High School,1,,,
S40 E05,Round 1,Tossup,33,What is the French word for the act of performers returning to the stage to present or repeat?,Encore,Foreign Language,Foreign Language,Farragut High School vs Rockwood High School,Caitlin,Rockwood High School,Correct,,,,Correct,10,Rockwood High School,1,,,
S40 E05,Round 1,Bonus,33,"Part 1: Translate the Marine Corps motto from Latin: ""Semper Fidelis."" | Part 2: Translate the Space Force motto: ""Semper Supra.""",Part 1: Always faithful | Part 2: Always above,Foreign Language,Foreign Language,Farragut High School vs Rockwood High School,,Rockwood High School,Incorrect,,,,Missed,0,None given,2,,"team said ""never give up"" and ""fly high""",
S40 E05,Round 1,Tossup,34,What ingredient is added to still water to make seltzer or soda water?,Carbon dioxide,Chemistry,Science & Technology,Farragut High School vs Rockwood High School,Alex,Farragut High School,Correct,,,,Correct,10,Farragut High School,1,,,
S40 E05,Round 1,Bonus,34,Part 1: Which element has the symbol Mn? | Part 2: Which element has the symbol Co?,Part 1: Manganese | Part 2: Cobalt,Chemistry,Science & Technology,Farragut High School vs Rockwood High School,,Farragut High School,Correct,,,,Correct,20,Farragut High School,2,,,
S40 E05,Round 1,Tossup,35,"If a quadratic equation has only one rational root, what is its discriminant value?",Zero,Pre-Calculus,Mathematics,Farragut High School vs Rockwood High School,Alex,Farragut High School,Correct,,,,Correct,10,Farragut High School,1,,,
S40 E05,Round 1,Bonus,35,What is the value of the tangent of 135 degrees in the unit circle?,-1,Pre-Calculus,Mathematics,Farragut High School vs Rockwood High School,,Farragut High School,Correct,,,,Correct,20,Farragut High School,1,,,
S40 E05,Round 1,Tossup,36,What is the name of the oven used to dry and bake clay sculptures or ceramics?,A kiln,Art,Fine Arts,Farragut High School vs Rockwood High School,Alex,Farragut High School,Correct,,,,Correct,10,Farragut High School,1,,,
S40 E05,Round 1,Bonus,36,Name the three primary colors (all or nothing).,"Red, yellow and blue",Art,Fine Arts,Farragut High School vs Rockwood High School,,Farragut High School,Correct,,,,Correct,20,Farragut High School,1,,,
S40 E05,Round 1,Tossup,37,"What kind of social system requires serfs to work in exchange for security, clothing and provisions?",Feudalism,World History,Social Studies,Farragut High School vs Rockwood High School,,Rockwood High School,Correct,,,,Correct,10,Rockwood High School,1,,"buzzer not named; team from ""world history bonus for Rockwood""",
S40 E05,Round 1,Bonus,37,Part 1: What Iraqi politician served as the fifth president of Iraq from 1979 to 2003? | Part 2: What war was waged from 1990 to 1991 because Iraq invaded Kuwait under Hussein?,Part 1: Saddam Hussein | Part 2: The Gulf War,World History,Social Studies,Farragut High School vs Rockwood High School,,Rockwood High School,Incorrect,,,,Missed,0,None given,2,,team (via Kaylee) said Fidel Castro and ran out of time on Part 2,
S40 E05,Round 1,Tossup,38,What would be thrown down in issuing a challenge to fight?,A glove (gauntlet),Vocabulary,Language Arts,Farragut High School vs Rockwood High School,Leo,Farragut High School,Correct,,,,Correct,10,Farragut High School,1,,,
S40 E05,Round 1,Bonus,38,"Part 1: What 12 letter word beginning with E is the antonym of ""understatement""? | Part 2: Spell that word.",Part 1: Exaggeration | Part 2: E-X-A-G-G-E-R-A-T-I-O-N,Vocabulary,Language Arts,Farragut High School vs Rockwood High School,Tom,Farragut High School,Correct,,,,Correct,20,Farragut High School,2,,,
S40 E05,Round 1,Tossup,39,What is the name of the North Star?,Polaris,Astronomy,Science & Technology,Farragut High School vs Rockwood High School,Tom,Farragut High School,Correct,,,,Correct,10,Farragut High School,1,,,
S40 E05,Round 1,Bonus,39,Part 1: The solstices occur in which months? | Part 2: [the equinoxes occur in which months],Part 1: June and December | Part 2: March and September,Astronomy,Science & Technology,Farragut High School vs Rockwood High School,,Farragut High School,Partial,,,,Partial,10,Farragut High School,2,,question text partly garbled in captions; the team gave June and January and then June and December,
S40 E05,Round 1,Tossup,40,Buddhists believe in a place of perfect peace and blessedness called what?,Nirvana,Religion,Religion & Mythology,Farragut High School vs Rockwood High School,Alex,Farragut High School,Correct,,,,Correct,10,Farragut High School,1,,,
S40 E05,Round 1,Bonus,40,Tensions between Iraq and Sweden escalated in 2023 when an Iraqi national in Stockholm set fire to a copy of what holy book?,The Koran,Religion,Religion & Mythology,Farragut High School vs Rockwood High School,,Farragut High School,Correct,,,,Correct,20,Farragut High School,1,,time ran out before the next question,
S40 E06,Round 1,Tossup,1,At what stage in mitosis do the chromatids separate from each other and get pulled toward opposite ends of the cell?,Anaphase,Biology,Science & Technology,West Ridge High School (Reed's team) vs Science Hill High School (Danny's team),Elena,Science Hill High School (Danny's team),Incorrect,Reed,West Ridge High School (Reed's team),Incorrect,Missed,0,None given,1,,Elena said metaphase; Reed said prophase,
S40 E06,Round 1,Tossup,2,Which Shakespearean play is the shortest as well as the bloodiest?,Macbeth,Literature,Language Arts,West Ridge High School (Reed's team) vs Science Hill High School (Danny's team),Reed,West Ridge High School (Reed's team),Correct,,,,Correct,10,West Ridge High School (Reed's team),1,,,
S40 E06,Round 1,Bonus,2,Part 1: Which 16th century poet and playwright's most famous work was The Tragical History of Doctor Faustus? | Part 2: Marlowe was one of the most famous playwrights of what era?,Part 1: Christopher Marlowe | Part 2: The Elizabethan era,Literature,Language Arts,West Ridge High School (Reed's team) vs Science Hill High School (Danny's team),,West Ridge High School (Reed's team),Incorrect,,,,Missed,0,None given,2,,"no answer for Part 1; the team said ""Shakespearean"" for Part 2",
S40 E06,Round 1,Tossup,3,In what country did Buddhism originate?,India,Religion,Religion & Mythology,West Ridge High School (Reed's team) vs Science Hill High School (Danny's team),Danny,Science Hill High School (Danny's team),Correct,,,,Correct,10,Science Hill High School (Danny's team),1,,,
S40 E06,Round 1,Bonus,3,"In 2023, Afghanistan banned women from working for NGOs because some had not properly worn their headscarves. What words do the letters NGO represent?",Non-governmental organization,Religion,Religion & Mythology,West Ridge High School (Reed's team) vs Science Hill High School (Danny's team),,Science Hill High School (Danny's team),Correct,,,,Correct,20,Science Hill High School (Danny's team),1,,the host did not state the points but moved on after Danny's answer,
S40 E06,Round 1,Tossup,4,"What great composer and musician is also known as ""the March King""?",John Philip Sousa,Music,Fine Arts,West Ridge High School (Reed's team) vs Science Hill High School (Danny's team),Andrew,West Ridge High School (Reed's team),Correct,,,,Correct,10,West Ridge High School (Reed's team),1,,,
S40 E06,Round 1,Bonus,4,Part 1: Who composed the German opera The Flying Dutchman? | Part 2: During which musical period did Wagner compose?,Part 1: Richard Wagner | Part 2: The Romantic period,Music,Fine Arts,West Ridge High School (Reed's team) vs Science Hill High School (Danny's team),,West Ridge High School (Reed's team),Incorrect,,,,Missed,0,None given,2,,"team said Strauss and ""Classical""",
S40 E06,Round 1,Tossup,5,What is the unit of currency used in Australia and New Zealand?,The dollar,Economics,Social Studies,West Ridge High School (Reed's team) vs Science Hill High School (Danny's team),Reed,West Ridge High School (Reed's team),Correct,,,,Correct,10,West Ridge High School (Reed's team),1,,,
S40 E06,Round 1,Bonus,5,Part 1: Which auto manufacturer makes the Atlas and the Jetta? | Part 2: Which manufacturer owns the Mini Cooper line of cars?,Part 1: Volkswagen | Part 2: BMW,Economics,Social Studies,West Ridge High School (Reed's team) vs Science Hill High School (Danny's team),,West Ridge High School (Reed's team),Incorrect,,,,Missed,0,None given,2,,team said Mercedes and Ford,
S40 E06,Round 1,Tossup,6,What photo sharing app notifies users at random times each day to share unfiltered snapshots during a two minute window?,BeReal,Technology,Science & Technology,West Ridge High School (Reed's team) vs Science Hill High School (Danny's team),Hope,West Ridge High School (Reed's team),Correct,,,,Correct,10,West Ridge High School (Reed's team),1,,,
S40 E06,Round 1,Bonus,6,Which technology is used to store and process data on remote servers accessed over the internet?,Cloud computing,Technology,Science & Technology,West Ridge High School (Reed's team) vs Science Hill High School (Danny's team),,West Ridge High School (Reed's team),Incorrect,,,,Missed,0,None given,1,,team said RAM,
S40 E06,Round 1,Tossup,7,What is the Spanish word for street?,La calle,Foreign Language,Foreign Language,West Ridge High School (Reed's team) vs Science Hill High School (Danny's team),,Unknown,Correct,,,,Correct,10,Unknown,1,Yes,buzzer and team not identified in captions; team not identified in captions (captions lines 25894-25897),"does it Now in foreign language, what is the Spanish word for street L.A.? / Guy Yeah, yeah. / And a foreign language bonus. / What prayer is sung in Latin with the words of a maria el Mary, Hail Mary, Correct."
S40 E06,Round 1,Bonus,7,"Part 1: What prayer is sung in Latin with the words ""Ave Maria""? | Part 2: What words are used in Spanish prayers and hymns to say ""the Lord""?",Part 1: Hail Mary | Part 2: El Señor,Foreign Language,Foreign Language,West Ridge High School (Reed's team) vs Science Hill High School (Danny's team),,Unknown,Correct,,,,Correct,20,Unknown,2,Yes,"Part 2 garbled in captions (""Elsinore""); team not identified in captions (captions lines 25896-25903)","And a foreign language bonus. / What prayer is sung in Latin with the words of a maria el Mary, Hail Mary, Correct. / And in Spanish prayers and hymns. / What words are used to say? / The Lord O deals Elsinore. / Elsinore, That's right. / 20 points plus up now in math computation. / Evaluate four factorial plus three factorial."
S40 E06,Round 1,Tossup,8,Evaluate four factorial plus three factorial.,30,Math,Mathematics,West Ridge High School (Reed's team) vs Science Hill High School (Danny's team),Danny,Science Hill High School (Danny's team),Correct,,,,Correct,10,Science Hill High School (Danny's team),1,,,
S40 E06,Round 1,Bonus,8,What is the base ten value of the base two number 10101?,21,Visual,General & Visual,West Ridge High School (Reed's team) vs Science Hill High School (Danny's team),,Science Hill High School (Danny's team),Incorrect,,,,Missed,0,None given,1,,team said 1,
S40 E06,Round 1,Tossup,9,"When a surfer ""hangs ten"" on a wave, what does the ten refer to?",Toes,Sports,General & Visual,West Ridge High School (Reed's team) vs Science Hill High School (Danny's team),Elena,Science Hill High School (Danny's team),Correct,,,,Correct,10,Science Hill High School (Danny's team),1,,"buzzer name read from ""Laina""",
S40 E06,Round 1,Bonus,9,Part 1: In which city is the Sugar Bowl played? | Part 2: In which city is the Fiesta Bowl played?,"Part 1: New Orleans | Part 2: Tempe, Arizona (Glendale)",Sports,General & Visual,West Ridge High School (Reed's team) vs Science Hill High School (Danny's team),,Science Hill High School (Danny's team),Incorrect,,,,Missed,0,None given,2,,team said Kansas City and Phoenix,
S40 E06,Round 1,Tossup,10,Which state was added to the Union as the 46th state in 1907 while Theodore Roosevelt was president?,Oklahoma,U.S. History,Social Studies,West Ridge High School (Reed's team) vs Science Hill High School (Danny's team),Danny,Science Hill High School (Danny's team),Incorrect,Reed,West Ridge High School (Reed's team),Incorrect,Missed,0,None given,1,,Danny said Hawaii; Reed said Oregon,
S40 E06,Round 1,Tossup,11,Name the branch of Earth science that is concerned with the Earth's water.,Hydrology,Science,Science & Technology,West Ridge High School (Reed's team) vs Science Hill High School (Danny's team),Caitlin,West Ridge High School (Reed's team),Incorrect,,,,Missed,0,None given,1,,"Caitlin said marine biology; steal offered to Science Hill, no answer captured",
S40 E06,Round 1,Tossup,12,What ten letter word beginning with O means all-knowing?,Omniscient,Vocabulary,Language Arts,West Ridge High School (Reed's team) vs Science Hill High School (Danny's team),Danny,Science Hill High School (Danny's team),Incorrect,Reed,West Ridge High School (Reed's team),Correct,Correct,10,West Ridge High School (Reed's team),1,,Danny said omnipotent,
S40 E06,Round 1,Bonus,12,Part 1: What is the word for a female fox? | Part 2: What is the term for a male duck?,Part 1: Vixen | Part 2: Drake,Vocabulary,Language Arts,West Ridge High School (Reed's team) vs Science Hill High School (Danny's team),,West Ridge High School (Reed's team),Incorrect,,,,Missed,0,None given,2,,no answer for Part 1; the team said mallard for Part 2,
S40 E06,Round 1,Tossup,13,Which South American country has its legal capital at Sucre and its seat of government at La Paz?,Bolivia,Geography,Social Studies,West Ridge High School (Reed's team) vs Science Hill High School (Danny's team),,West Ridge High School (Reed's team),Correct,,,,Correct,10,West Ridge High School (Reed's team),1,,"buzzer not named; team from ""geography bonus for West Ridge""",
S40 E06,Round 1,Bonus,13,"In 2022, a record number of people fleeing Venezuela risked their lives to cross the Darién Gap, the only land bridge connecting South and North America. Which two countries does the Darién Gap straddle?",Panama and Colombia,Geography,Social Studies,West Ridge High School (Reed's team) vs Science Hill High School (Danny's team),,West Ridge High School (Reed's team),Correct,,,,Correct,20,West Ridge High School (Reed's team),1,,,
S40 E06,Round 1,Tossup,14,What is the resulting color when mixing red and yellow?,Orange,Art,Fine Arts,West Ridge High School (Reed's team) vs Science Hill High School (Danny's team),Danny,Science Hill High School (Danny's team),Correct,,,,Correct,10,Science Hill High School (Danny's team),1,,,
S40 E06,Round 1,Bonus,14,"Who is this post-impressionist artist shown here who painted scores of self-portraits, many of them in exactly this pose?",Paul Cézanne,Visual,General & Visual,West Ridge High School (Reed's team) vs Science Hill High School (Danny's team),,Science Hill High School (Danny's team),Incorrect,,,,Missed,0,None given,1,,team said Van Gogh,
S40 E06,Round 1,Tossup,15,"During World War II, what computer scientist played a crucial role in cracking intercepted coded messages that enabled the Allies to defeat the Axis?",Alan Turing,History,Social Studies,West Ridge High School (Reed's team) vs Science Hill High School (Danny's team),Andrew,West Ridge High School (Reed's team),Correct,,,,Correct,10,West Ridge High School (Reed's team),1,,,
S40 E06,Round 1,Bonus,15,"Who is considered a hero in England but a pirate in Spain, had a privateer's license from Queen Elizabeth I and was the first Englishman to circumnavigate the globe?",Sir Francis Drake,World History,Social Studies,West Ridge High School (Reed's team) vs Science Hill High School (Danny's team),,West Ridge High School (Reed's team),Incorrect,,,,Missed,0,None given,1,,team had no answer,
S40 E06,Round 1,Tossup,16,"Diatomaceous earth is made of fossilized, photosynthetic single celled organisms called what?",Diatoms,Geology,Science & Technology,West Ridge High School (Reed's team) vs Science Hill High School (Danny's team),,West Ridge High School (Reed's team),Incorrect,Danny,Science Hill High School (Danny's team),Incorrect,Missed,0,None given,1,,West Ridge's first buzzer not named (said pebbles); Danny said artists,
S40 E06,Round 1,Tossup,17,What short story written by Washington Irving is set in the Catskill Mountains and tells of a villager who falls asleep for 20 years?,Rip Van Winkle,Literature,Language Arts,West Ridge High School (Reed's team) vs Science Hill High School (Danny's team),Hope,West Ridge High School (Reed's team),Incorrect,,,,Missed,0,None given,1,,"Hope said Sleeping Beauty; steal offered to Science Hill, no answer captured",
S40 E06,Round 1,Tossup,18,Solve for x in the equation 7 − 4x = x − 8.,x = 3,Algebra,Mathematics,West Ridge High School (Reed's team) vs Science Hill High School (Danny's team),Andrew,West Ridge High School (Reed's team),Incorrect,Lily,Science Hill High School (Danny's team),Incorrect,Missed,0,None given,1,,Andrew said negative one third; Lily said 5,
S40 E06,Round 1,Tossup,19,Who popularized the Whip and Nae Nae dances?,Silento,Music,Fine Arts,West Ridge High School (Reed's team) vs Science Hill High School (Danny's team),Danny,Science Hill High School (Danny's team),Correct,,,,Correct,10,Science Hill High School (Danny's team),1,,,
S40 E06,Round 1,Bonus,19,Part 1: What is the meaning of the mezzo forte dynamic marking in music? | Part 2: What is the meaning of the fortissimo dynamic marking in music?,Part 1: Medium loud | Part 2: Very loud,Music,Fine Arts,West Ridge High School (Reed's team) vs Science Hill High School (Danny's team),,Science Hill High School (Danny's team),Correct,,,,Correct,20,Science Hill High School (Danny's team),2,,,
S40 E06,Round 1,Tossup,20,"The Brady Bill, enacted in 1993 and named after former White House press secretary James Brady, is concerned with what issue?",Gun control,Government,Social Studies,West Ridge High School (Reed's team) vs Science Hill High School (Danny's team),,Unknown,Correct,,,,Correct,10,Unknown,1,Yes,buzzer and team not identified in captions; team not identified in captions (captions lines 25982-25983),"The Brady Bill, enacted in 1993 and named after former White House press secretary James Brady is concerned with what issue gun control correct and a government bonus. / Now what is the term for a symbol or words legally registered or established by use as representing a company or product trading trademark for ten?"
S40 E06,Round 1,Bonus,20,Part 1: What is the term for a symbol or words legally registered or established by use as representing a company or product? | Part 2: Which automobile company has a ram for its trademarked logo?,Part 1: Trademark | Part 2: Dodge,Government,Social Studies,West Ridge High School (Reed's team) vs Science Hill High School (Danny's team),,Unknown,Correct,,,,Correct,20,Unknown,2,Yes,team not identified in captions (captions lines 25982-25985),"The Brady Bill, enacted in 1993 and named after former White House press secretary James Brady is concerned with what issue gun control correct and a government bonus. / Now what is the term for a symbol or words legally registered or established by use as representing a company or product trading trademark for ten? / Which automobile company has a RAM for their trademarked logo? / Dodge also right 20 points plus up Now in chemistry, what term refers to the number of molecules or ions attached to a central metal atom?"
S40 E06,Round 1,Tossup,21,What term refers to the number of molecules or ions attached to a central metal atom?,Coordination number,Chemistry,Science & Technology,West Ridge High School (Reed's team) vs Science Hill High School (Danny's team),,West Ridge High School (Reed's team),Incorrect,Danny,Science Hill High School (Danny's team),Incorrect,Missed,0,None given,1,,West Ridge's first buzzer not named (said atomic number); Danny said cation,
S40 E06,Round 1,Tossup,22,"Spell the word ""miscellaneous.""",M-I-S-C-E-L-L-A-N-E-O-U-S,Spelling,Language Arts,West Ridge High School (Reed's team) vs Science Hill High School (Danny's team),Reed,West Ridge High School (Reed's team),Incorrect,Danny,Science Hill High School (Danny's team),Correct,Correct,10,Science Hill High School (Danny's team),1,,Reed's spelling was wrong,
S40 E06,Round 1,Bonus,22,"Spell ""appetite,"" as in hungry for food.",A-P-P-E-T-I-T-E,Spelling,Language Arts,West Ridge High School (Reed's team) vs Science Hill High School (Danny's team),,Science Hill High School (Danny's team),Correct,,,,Correct,20,Science Hill High School (Danny's team),1,,,
S40 E06,Round 1,Tossup,23,"Who was president when the U.S. made the Gadsden Purchase in 1853, securing present day Arizona and New Mexico?",Franklin Pierce,History,Social Studies,West Ridge High School (Reed's team) vs Science Hill High School (Danny's team),Reed,West Ridge High School (Reed's team),Incorrect,,,,Missed,0,None given,1,,"Reed said Polk; steal offered to Science Hill, no answer captured",
S40 E06,Round 1,Tossup,24,In what playground game does a caller announce a color that signals players to move forward?,"Red light, green light",Games,General & Visual,West Ridge High School (Reed's team) vs Science Hill High School (Danny's team),,West Ridge High School (Reed's team),Correct,,,,Correct,10,West Ridge High School (Reed's team),1,,"buzzer not named; team from ""games bonus for West Ridge""",
S40 E06,Round 1,Bonus,24,"What lawn game from Italy is played with eight large balls and one smaller target ball called a pallino, as players try to land their ball closer to the target than their opponent?",Bocce,Games,General & Visual,West Ridge High School (Reed's team) vs Science Hill High School (Danny's team),,West Ridge High School (Reed's team),Correct,,,,Correct,20,West Ridge High School (Reed's team),1,,,
S40 E06,Round 1,Tossup,25,What is the name of the body of water that separates Spain from Africa?,The Strait of Gibraltar,Geography,Social Studies,West Ridge High School (Reed's team) vs Science Hill High School (Danny's team),Danny,Science Hill High School (Danny's team),Incorrect,Reed,West Ridge High School (Reed's team),Correct,Correct,10,West Ridge High School (Reed's team),1,,Danny said the Mediterranean Sea,
S40 E06,Round 1,Bonus,25,Which two countries share Victoria Falls along the Zambezi River?,Zambia and Zimbabwe,Geography,Social Studies,West Ridge High School (Reed's team) vs Science Hill High School (Danny's team),,West Ridge High School (Reed's team),Incorrect,,,,Missed,0,None given,1,,team said Venezuela and Colombia,
S40 E06,Round 1,Tossup,26,Which vitamin found in leafy green vegetables is required for clotting of blood?,Vitamin K,Health,Science & Technology,West Ridge High School (Reed's team) vs Science Hill High School (Danny's team),Reed,West Ridge High School (Reed's team),Incorrect,,,,Missed,0,None given,1,,"Reed said iron; steal offered to Science Hill, no answer captured",
S40 E06,Round 1,Tossup,27,What is the French word for garden?,Jardin,Foreign Language,Foreign Language,West Ridge High School (Reed's team) vs Science Hill High School (Danny's team),,,No Buzz,,,,Missed,0,None given,1,,nobody answered; the host gave the answer,
S40 E06,Round 1,Tossup,28,The area of a circle is 81 pi. What is its circumference?,18 pi,Geometry,Mathematics,West Ridge High School (Reed's team) vs Science Hill High School (Danny's team),Danny,Science Hill High School (Danny's team),Correct,,,,Correct,10,Science Hill High School (Danny's team),1,,,
S40 E06,Round 1,Bonus,28,What is the sum of the interior angles of a nonagon?,"1,260 degrees",Geometry,Mathematics,West Ridge High School (Reed's team) vs Science Hill High School (Danny's team),,Science Hill High School (Danny's team),Correct,,,,Correct,20,Science Hill High School (Danny's team),1,,,
S40 E06,Round 1,Tossup,29,What song title from the musical A Chorus Line is a single word and a number?,"""One""",Music,Fine Arts,West Ridge High School (Reed's team) vs Science Hill High School (Danny's team),Hope,West Ridge High School (Reed's team),Incorrect,Sean,Science Hill High School (Danny's team),Correct,Correct,10,Science Hill High School (Danny's team),1,,"Hope said ""six""",
S40 E06,Round 1,Bonus,29,"Part 1: Which Broadway musical includes the songs ""Practically Perfect"" and ""Chim Chim Cher-ee""? | Part 2: Which Broadway musical includes the songs ""Circle of Life"" and ""I Just Can't Wait to Be King""?",Part 1: Mary Poppins | Part 2: The Lion King,Music,Fine Arts,West Ridge High School (Reed's team) vs Science Hill High School (Danny's team),Sean,Science Hill High School (Danny's team),Correct,,,,Correct,20,Science Hill High School (Danny's team),2,,,
S40 E06,Round 1,Tossup,30,What unit of energy is equal to the amount of heat required to raise one pound of water one degree Fahrenheit at a pressure of one atmosphere?,The British thermal unit (BTU),Science,Science & Technology,West Ridge High School (Reed's team) vs Science Hill High School (Danny's team),Reed,West Ridge High School (Reed's team),Incorrect,,,,Missed,0,None given,1,,Reed said calorie; time ran out on the steal attempt,
S40 E06,Round 1,Tossup,31,Which Spanish conquistador is most known for conquering Peru?,Francisco Pizarro,History,Social Studies,West Ridge High School (Reed's team) vs Science Hill High School (Danny's team),,,No Buzz,,,,Missed,0,None given,1,,nobody answered in the captions; the host gave the answer,
S40 E06,Round 1,Tossup,32,"What eight letter word beginning with S means optimistic or positive, especially in a difficult situation, and can also refer to a blood red color as in heraldry?",Sanguine,Vocabulary,Language Arts,West Ridge High School (Reed's team) vs Science Hill High School (Danny's team),Hope,West Ridge High School (Reed's team),Incorrect,,,,Missed,0,None given,1,,"Hope said scarlet; steal offered to Science Hill, no answer captured",
S40 E06,Round 1,Tossup,33,How often does a full moon appear for it to be called a blue moon?,Twice in one month,Astronomy,Science & Technology,West Ridge High School (Reed's team) vs Science Hill High School (Danny's team),Danny,Science Hill High School (Danny's team),Incorrect,Hope,West Ridge High School (Reed's team),Incorrect,Missed,0,None given,1,,Danny said four days; Hope said every three months,
S40 E06,Round 1,Tossup,34,What is the word for the Japanese art of flower arrangement?,Ikebana,Art,Fine Arts,West Ridge High School (Reed's team) vs Science Hill High School (Danny's team),Danny,Science Hill High School (Danny's team),Incorrect,,,,Missed,0,None given,1,,"Danny said bonsai; steal offered to West Ridge, no answer captured",
S40 E06,Round 1,Tossup,35,What simple machine consists of two inclined planes back to back?,A wedge,Physics,Science & Technology,West Ridge High School (Reed's team) vs Science Hill High School (Danny's team),Danny,Science Hill High School (Danny's team),Incorrect,,,,Missed,0,None given,1,,"Danny said a ramp; steal offered to West Ridge, no answer captured",
S40 E06,Round 1,Tossup,36,What is the practice of using someone else's work as your own?,Plagiarism,Literature,Language Arts,West Ridge High School (Reed's team) vs Science Hill High School (Danny's team),Danny,Science Hill High School (Danny's team),Correct,,,,Correct,10,Science Hill High School (Danny's team),1,,,
S40 E06,Round 1,Bonus,36,Which bone in the lower leg is often referred to as the shin bone and is one of the two long bones that make up the lower leg alongside the fibula?,The tibia,Visual,General & Visual,West Ridge High School (Reed's team) vs Science Hill High School (Danny's team),,Science Hill High School (Danny's team),Correct,,,,Correct,20,Science Hill High School (Danny's team),1,,,
S40 E06,Round 1,Tossup,37,Simplify and evaluate: 25 times the sum of 4.1 and 3.9.,200,Math,Mathematics,West Ridge High School (Reed's team) vs Science Hill High School (Danny's team),Danny,Science Hill High School (Danny's team),Correct,,,,Correct,10,Science Hill High School (Danny's team),1,,,
S40 E06,Round 1,Bonus,37,"What are the next two numbers in the sequence 4, 12, 8, 16, 12, 20?",16 and 24,Math,Mathematics,West Ridge High School (Reed's team) vs Science Hill High School (Danny's team),Danny,Science Hill High School (Danny's team),Correct,,,,Correct,20,Science Hill High School (Danny's team),1,,,
S40 E06,Round 1,Tossup,38,"The concept of ""tilting at windmills,"" which means attacking imaginary evils, comes from what literary classic?",Don Quixote,Miscellaneous,General & Visual,West Ridge High School (Reed's team) vs Science Hill High School (Danny's team),Danny,Science Hill High School (Danny's team),Incorrect,,,,Missed,0,None given,1,,"Danny said Harry Potter; steal offered to West Ridge, no answer captured",
S40 E06,Round 1,Tossup,39,The majority of funding for public schools in the U.S. comes from what category of taxes?,Property taxes,Economics,Social Studies,West Ridge High School (Reed's team) vs Science Hill High School (Danny's team),Reed,West Ridge High School (Reed's team),Correct,,,,Correct,10,West Ridge High School (Reed's team),1,,,
S40 E06,Round 1,Bonus,39,"Known as the father of modern economics, Adam Smith advocated the principles of laissez-faire economics. In what book?",The Wealth of Nations,Economics,Social Studies,West Ridge High School (Reed's team) vs Science Hill High School (Danny's team),,West Ridge High School (Reed's team),Incorrect,,,,Missed,0,None given,1,,the team did not know; the host gave the answer,
S40 E06,Round 1,Tossup,40,What is the term for an inherited protein found on the surface of red blood cells and used to indicate whether the blood of two different people is compatible when mixed?,An antigen (the Rh factor),Health,Science & Technology,West Ridge High School (Reed's team) vs Science Hill High School (Danny's team),Reed,West Ridge High School (Reed's team),Incorrect,Danny,Science Hill High School (Danny's team),Incorrect,Missed,0,None given,1,,"Reed said ""red blood type""; Danny said antigen; the host wanted the Rh factor",
S40 E06,Round 1,Tossup,41,"Which president holds the record for the most Supreme Court nominations, with 14, of which 12 were confirmed?",George Washington,Government,Social Studies,West Ridge High School (Reed's team) vs Science Hill High School (Danny's team),Caitlin,West Ridge High School (Reed's team),Incorrect,,,,Missed,0,None given,1,,"Caitlin said John Quincy Adams; steal offered to Science Hill, no answer captured",
S40 E06,Round 1,Tossup,42,What five letter word beginning with S is a synonym for diaphanous?,Sheer,English,Language Arts,West Ridge High School (Reed's team) vs Science Hill High School (Danny's team),,,No Buzz,,,,Missed,0,None given,1,,nobody answered; the host gave the answer,
S40 E06,Round 1,Tossup,43,Who wrote the books Treasure Island and Kidnapped?,Robert Louis Stevenson,Literature,Language Arts,West Ridge High School (Reed's team) vs Science Hill High School (Danny's team),,,No Buzz,,,,Missed,0,None given,1,,nobody answered; the host gave the answer,
S40 E06,Round 1,Tossup,44,Who is the third son of Adam and Eve?,Seth,Religion,Religion & Mythology,West Ridge High School (Reed's team) vs Science Hill High School (Danny's team),Andrew,West Ridge High School (Reed's team),Correct,,,,Correct,10,West Ridge High School (Reed's team),1,,,
S40 E06,Round 1,Bonus,44,Which of the disciples betrayed Jesus to the high priest for 30 pieces of silver?,Judas,Religion,Religion & Mythology,West Ridge High School (Reed's team) vs Science Hill High School (Danny's team),,West Ridge High School (Reed's team),Correct,,,,Correct,20,West Ridge High School (Reed's team),1,,,
S40 E06,Round 1,Tossup,45,"What Florida city, because of the presence of the U.S. Navy and Army, remained in Union hands and became the headquarters of the Gulf blockade of the Confederacy during the Civil War?",Key West,Geography,Social Studies,West Ridge High School (Reed's team) vs Science Hill High School (Danny's team),Hope,West Ridge High School (Reed's team),Incorrect,Sean,Science Hill High School (Danny's team),Incorrect,Missed,0,None given,1,,Hope said Tallahassee; Sean said Tampa Bay,
S40 E06,Round 1,Tossup,46,"What is a copperhead snake able to sense, by using receptors between its eyes and nostrils, to find nearby prey in total darkness?",Heat,Biology,Science & Technology,West Ridge High School (Reed's team) vs Science Hill High School (Danny's team),Caitlin,West Ridge High School (Reed's team),Correct,,,,Correct,10,West Ridge High School (Reed's team),1,,,
S40 E06,Round 1,Bonus,46,"In international road signage, what does a blue sign with a white H represent?",A hospital,Visual,General & Visual,West Ridge High School (Reed's team) vs Science Hill High School (Danny's team),,West Ridge High School (Reed's team),Correct,,,,Correct,20,West Ridge High School (Reed's team),1,,,
S40 E06,Round 1,Tossup,47,"What well-known Shakespeare character speaks the lines ""But soft, what light through yonder window breaks? It is the east""?",Romeo,Literature,Language Arts,West Ridge High School (Reed's team) vs Science Hill High School (Danny's team),Hope,West Ridge High School (Reed's team),Incorrect,Lily,Science Hill High School (Danny's team),Correct,Correct,10,Science Hill High School (Danny's team),1,,Hope said Hamlet,
S40 E06,Round 1,Bonus,47,"Part 1: In what play is an audience addressed as ""Friends, Romans, countrymen""? | Part 2: What character in that play delivers the speech?",Part 1: Julius Caesar | Part 2: Mark Antony,Literature,Language Arts,West Ridge High School (Reed's team) vs Science Hill High School (Danny's team),,Science Hill High School (Danny's team),Correct,,,,Correct,20,Science Hill High School (Danny's team),2,,,
S40 E06,Round 1,Tossup,48,The acute angles of a right triangle are in the ratio 3 to 2. What is the measure of the larger angle?,54 degrees,Geometry,Mathematics,West Ridge High School (Reed's team) vs Science Hill High School (Danny's team),Reed,West Ridge High School (Reed's team),Incorrect,,,,Missed,0,None given,1,,"Reed said 60; steal offered to Science Hill, no answer captured",
S40 E06,Round 1,Tossup,49,The modern version of what instrument has 47 strings and seven pedals which raise or lower each pitch class of strings?,The concert harp,Music,Fine Arts,West Ridge High School (Reed's team) vs Science Hill High School (Danny's team),Hope,West Ridge High School (Reed's team),Incorrect,,Science Hill High School (Danny's team),Correct,Correct,10,Science Hill High School (Danny's team),1,,Hope said organ; Science Hill's stealing player not named,
S40 E06,Round 1,Bonus,49,What is the main difference between the instrumentation of a group of musicians called a Wind Symphony and that of a classical symphony orchestra?,A wind symphony has no string section,Music,Fine Arts,West Ridge High School (Reed's team) vs Science Hill High School (Danny's team),,Science Hill High School (Danny's team),Incorrect,,,,Missed,0,None given,1,,team said one has strings and the other has strings and wind instruments,
S40 E06,Round 1,Tossup,50,Which former U.S. senator and Secretary of War had his citizenship revoked and then restored 89 years after his death?,Jefferson Davis,U.S. History,Social Studies,West Ridge High School (Reed's team) vs Science Hill High School (Danny's team),,,No Buzz,,,,Missed,0,None given,1,,nobody answered; the host gave the answer,
S40 E06,Round 1,Tossup,51,"What space object is an average of 238,855 miles away?",The moon,Astronomy,Science & Technology,West Ridge High School (Reed's team) vs Science Hill High School (Danny's team),Reed,West Ridge High School (Reed's team),Incorrect,,,,Missed,0,None given,1,,"Reed said the sun; steal offered to Science Hill, no answer captured; the game ended",
S40 E07,Round 1,Tossup,1,The pulmonary artery carries blood from the heart to which part of the body?,The lungs,Health,Science & Technology,Scott County High School (Hailey's team) vs Oliver Springs High School (Tristan's team),Hailey,Scott County High School (Hailey's team),Correct,,,,Correct,10,Scott County High School (Hailey's team),1,,,
S40 E07,Round 1,Bonus,1,Part 1: What Scottish surgeon received the Nobel Prize for medicine in 1945 for his studies in bacteriology and his accidental discovery of a miracle drug? | Part 2: What did he discover?,Part 1: Alexander Fleming | Part 2: Penicillin,Health,Science & Technology,Scott County High School (Hailey's team) vs Oliver Springs High School (Tristan's team),Ana,Scott County High School (Hailey's team),Partial,,,,Partial,10,Scott County High School (Hailey's team),2,,team said Darwin for Part 1,
S40 E07,Round 1,Tossup,2,Which type of zoning designates an area for houses and apartments?,Residential,Architecture,Fine Arts,Scott County High School (Hailey's team) vs Oliver Springs High School (Tristan's team),Tristan,Oliver Springs High School (Tristan's team),Correct,,,,Correct,10,Oliver Springs High School (Tristan's team),1,,,
S40 E07,Round 1,Bonus,2,Italy is restoring what ancient highway that symbolized the might of the Roman Empire and stretched 360 miles from Rome to Brindisi?,The Appian Way,Architecture,Fine Arts,Scott County High School (Hailey's team) vs Oliver Springs High School (Tristan's team),,Oliver Springs High School (Tristan's team),Incorrect,,,,Missed,0,None given,1,,team had no answer,
S40 E07,Round 1,Tossup,3,"""Before You Leap"" is the fictional autobiography of what Muppet, who says he was born in a swamp in Leland, Mississippi, alongside approximately 2,353 siblings?",Kermit the Frog,Miscellaneous,General & Visual,Scott County High School (Hailey's team) vs Oliver Springs High School (Tristan's team),Sarah,Oliver Springs High School (Tristan's team),Correct,,,,Correct,10,Oliver Springs High School (Tristan's team),1,,,
S40 E07,Round 1,Bonus,3,"Part 1: What toy is an American brand of scale model cars introduced by Mattel in 1968 to compete with Matchbox? | Part 2: What American electronic robotic toy, originally released in 1998 by Tiger Electronics, resembles a hamster or owl-like creature and was a must-have toy in the early 2000s?",Part 1: Hot Wheels | Part 2: Furby,Miscellaneous,General & Visual,Scott County High School (Hailey's team) vs Oliver Springs High School (Tristan's team),,Oliver Springs High School (Tristan's team),Correct,,,,Correct,20,Oliver Springs High School (Tristan's team),2,,"Part 2 answer garbled in captions (""Barbies"")",
S40 E07,Round 1,Tossup,4,In what U.S. state is Fort Sumter located?,South Carolina,U.S. History,Social Studies,Scott County High School (Hailey's team) vs Oliver Springs High School (Tristan's team),Jackson,Oliver Springs High School (Tristan's team),Correct,,,,Correct,10,Oliver Springs High School (Tristan's team),1,,the host warned the player for blurting without being called on,
S40 E07,Round 1,Bonus,4,Which two states were added to the Union during the Civil War?,West Virginia and Nevada,U.S. History,Social Studies,Scott County High School (Hailey's team) vs Oliver Springs High School (Tristan's team),,Oliver Springs High School (Tristan's team),Partial,,,,Partial,10,Oliver Springs High School (Tristan's team),1,,team said West Virginia and New Mexico,
S40 E07,Round 1,Tossup,5,"How many times is the letter S used in the word ""possession""?",Six,Vocabulary,Language Arts,Scott County High School (Hailey's team) vs Oliver Springs High School (Tristan's team),Jackson,Oliver Springs High School (Tristan's team),Incorrect,,Scott County High School (Hailey's team),Incorrect,Missed,0,None given,1,,Jackson's answer is not clear in the captions; Scott County's steal said three,
S40 E07,Round 1,Tossup,6,The presence or absence of which element separates inorganic chemistry from organic chemistry?,Carbon,Chemistry,Science & Technology,Scott County High School (Hailey's team) vs Oliver Springs High School (Tristan's team),Colton,Scott County High School (Hailey's team),Correct,,,,Correct,10,Scott County High School (Hailey's team),1,,,
S40 E07,Round 1,Bonus,6,Part 1: What is the chemical element with the symbol P? | Part 2: What is the chemical element with the symbol Si?,Part 1: Phosphorus | Part 2: Silicon,Chemistry,Science & Technology,Scott County High School (Hailey's team) vs Oliver Springs High School (Tristan's team),Colton,Scott County High School (Hailey's team),Correct,,,,Correct,20,Scott County High School (Hailey's team),2,,"Part 1 answer garbled in captions (""plutonium"") but the host accepted it",
S40 E07,Round 1,Tossup,7,"In an isosceles triangle, the vertex angle measures 42 degrees. Give the other two angle measures.",69 degrees each,Geometry,Mathematics,Scott County High School (Hailey's team) vs Oliver Springs High School (Tristan's team),,,No Buzz,,,,Missed,0,None given,1,,nobody rang in in time; the host gave the answer,
S40 E07,Round 1,Tossup,8,What 1937 Walt Disney Productions film was the first full length cel animated feature?,Snow White and the Seven Dwarfs,Art,Fine Arts,Scott County High School (Hailey's team) vs Oliver Springs High School (Tristan's team),,Oliver Springs High School (Tristan's team),Incorrect,Ryan,Scott County High School (Hailey's team),Correct,Correct,10,Scott County High School (Hailey's team),1,,"Oliver Springs' first buzzer not named (said Steamboat Willie); Ryan's name read from ""Brian""",
S40 E07,Round 1,Bonus,8,"Part 1: Although the official title of the painting seen here is longer, by what name is this famous portrait of militiamen during the Dutch Golden Age commonly known? | Part 2: Who painted it?",Part 1: The Night Watch | Part 2: Rembrandt,Visual,General & Visual,Scott County High School (Hailey's team) vs Oliver Springs High School (Tristan's team),,Scott County High School (Hailey's team),Incorrect,,,,Missed,0,None given,2,,team's answers garbled in captions,
S40 E07,Round 1,Tossup,9,What is the name of the chain of barrier islands that make up most of the North Carolina coastline?,The Outer Banks,Geography,Social Studies,Scott County High School (Hailey's team) vs Oliver Springs High School (Tristan's team),Sarah,Oliver Springs High School (Tristan's team),Correct,,,,Correct,10,Oliver Springs High School (Tristan's team),1,,,
S40 E07,Round 1,Bonus,9,"Part 1: Which U.S. city has the nickname ""the City of Brotherly Love""? | Part 2: Which U.S. city has the nickname ""the Big Easy""?",Part 1: Philadelphia | Part 2: New Orleans,Geography,Social Studies,Scott County High School (Hailey's team) vs Oliver Springs High School (Tristan's team),,Oliver Springs High School (Tristan's team),Partial,,,,Partial,10,Oliver Springs High School (Tristan's team),2,,team said Chicago for Part 2,
S40 E07,Round 1,Tossup,10,"What is the Spanish phrase for ""I believe""?",Creo (yo creo),Foreign Language,Foreign Language,Scott County High School (Hailey's team) vs Oliver Springs High School (Tristan's team),,,No Buzz,,,,Missed,0,None given,1,,nobody answered in the captions; the host gave the answer,
S40 E07,Round 1,Tossup,11,What type of geologic action causes a caldera?,A volcanic eruption (collapse),Geology,Science & Technology,Scott County High School (Hailey's team) vs Oliver Springs High School (Tristan's team),,Scott County High School (Hailey's team),Incorrect,Sarah,Oliver Springs High School (Tristan's team),Incorrect,Missed,0,None given,1,,Scott County's first buzzer not named (said fracking); Sarah said erosion,
S40 E07,Round 1,Tossup,12,"What Alfred Hitchcock film, based on a short story by Daphne du Maurier, focuses on a series of unexplained aerial attacks on the people of Bodega Bay, California?",The Birds,Literature,Language Arts,Scott County High School (Hailey's team) vs Oliver Springs High School (Tristan's team),Sarah,Oliver Springs High School (Tristan's team),Correct,,,,Correct,10,Oliver Springs High School (Tristan's team),1,,,
S40 E07,Round 1,Bonus,12,A 1958 letter from a father to his teenage son about first loves that was auctioned in 2022 was written by which Nobel Prize winning author known for Of Mice and Men?,John Steinbeck,Literature,Language Arts,Scott County High School (Hailey's team) vs Oliver Springs High School (Tristan's team),,Oliver Springs High School (Tristan's team),Correct,,,,Correct,20,Oliver Springs High School (Tristan's team),1,,,
S40 E07,Round 1,Tossup,13,Who was the only athlete to play in both a Super Bowl and a World Series?,Deion Sanders,Sports,General & Visual,Scott County High School (Hailey's team) vs Oliver Springs High School (Tristan's team),Jonah,Oliver Springs High School (Tristan's team),Incorrect,,,,Missed,0,None given,1,,"Jonah said Bo Jackson; steal offered to Scott County, no answer captured",
S40 E07,Round 1,Tossup,14,What is the only crime defined in the U.S. Constitution?,Treason,Government,Social Studies,Scott County High School (Hailey's team) vs Oliver Springs High School (Tristan's team),Hailey,Scott County High School (Hailey's team),Incorrect,Tristan,Oliver Springs High School (Tristan's team),Correct,Correct,10,Oliver Springs High School (Tristan's team),1,,Hailey said murder,
S40 E07,Round 1,Bonus,14,What were the first two states to ratify the U.S. Constitution?,Delaware and Pennsylvania,Government,Social Studies,Scott County High School (Hailey's team) vs Oliver Springs High School (Tristan's team),,Oliver Springs High School (Tristan's team),Partial,,,,Partial,10,Oliver Springs High School (Tristan's team),1,,team said Delaware and Massachusetts; Delaware counted,
S40 E07,Round 1,Tossup,15,"What is the comparative form of the word ""bad""?",Worse,Vocabulary,Language Arts,Scott County High School (Hailey's team) vs Oliver Springs High School (Tristan's team),,Scott County High School (Hailey's team),Correct,,,,Correct,10,Scott County High School (Hailey's team),1,,"buzzer not named; team from ""vocabulary bonus for Scott""",
S40 E07,Round 1,Bonus,15,"Part 1: What is the plural form of ""daughter-in-law""? | Part 2: What is the plural form of ""notary public""?",Part 1: Daughters-in-law | Part 2: Notaries public,Vocabulary,Language Arts,Scott County High School (Hailey's team) vs Oliver Springs High School (Tristan's team),,Scott County High School (Hailey's team),Correct,,,,Correct,20,Scott County High School (Hailey's team),2,,,
S40 E07,Round 1,Tossup,16,RNA is the abbreviation for what?,Ribonucleic acid,Biology,Science & Technology,Scott County High School (Hailey's team) vs Oliver Springs High School (Tristan's team),Hailey,Scott County High School (Hailey's team),Correct,,,,Correct,10,Scott County High School (Hailey's team),1,,,
S40 E07,Round 1,Bonus,16,"The echidna and the platypus, shown here, are the only two living species in the order Monotremata. Part 1: They are the only mammals to do what? | Part 2: On what continent are platypuses found?",Part 1: Lay eggs | Part 2: Australia,Visual,General & Visual,Scott County High School (Hailey's team) vs Oliver Springs High School (Tristan's team),,Scott County High School (Hailey's team),Correct,,,,Correct,20,Scott County High School (Hailey's team),2,,,
S40 E07,Round 1,Tossup,17,What is the discriminant of x² + 4x − 5 = 0?,36,Algebra,Mathematics,Scott County High School (Hailey's team) vs Oliver Springs High School (Tristan's team),,,No Buzz,,,,Missed,0,None given,1,,nobody answered in time; the host gave the answer,
S40 E07,Round 1,Tossup,18,"The root word of what Indian religion, which originated in the Punjab region around the end of the 15th century, means ""seeker of truth""?",Sikhism,Religion,Religion & Mythology,Scott County High School (Hailey's team) vs Oliver Springs High School (Tristan's team),,Scott County High School (Hailey's team),Incorrect,,Oliver Springs High School (Tristan's team),Correct,Correct,10,Oliver Springs High School (Tristan's team),1,,Scott County's first buzzer not named (said Buddhism); Oliver Springs' stealing player not named,
S40 E07,Round 1,Bonus,18,"What religion, founded in 1863, whose symbol is a nine-pointed star, espouses the essential worth of all religions and the unity and equality of all people?",The Baha'i faith,Religion,Religion & Mythology,Scott County High School (Hailey's team) vs Oliver Springs High School (Tristan's team),,Oliver Springs High School (Tristan's team),Incorrect,,,,Missed,0,None given,1,,team said Hinduism,
S40 E07,Round 1,Tossup,19,What type of business uses actuarial tables to calculate the remaining life expectancy for people?,An insurance company,Economics,Social Studies,Scott County High School (Hailey's team) vs Oliver Springs High School (Tristan's team),,Unknown,Incorrect,,,,Missed,0,None given,1,Yes,"buzzer, team and answer not captured; the host gave ""insurance company""; team not identified in captions (captions lines 25507-25509)","First up in economics, what type of business uses actuarial tables to calculate the remaining life expectancy for people under law? / Now that you can steal, all of this brings it has legal applications in court, but the actual business that makes money doing it would be an insurance company concept. / Now in grammar, if an opinion adjective and a fact adjective are used before a noun which comes first."
S40 E07,Round 1,Tossup,20,"If an opinion adjective and a fact adjective are used before a noun, which comes first?",The opinion adjective,Grammar,Language Arts,Scott County High School (Hailey's team) vs Oliver Springs High School (Tristan's team),Colton,Scott County High School (Hailey's team),Correct,,,,Correct,10,Scott County High School (Hailey's team),1,,,
S40 E07,Round 1,Bonus,20,What is the term for a verb form ending in -ing when used as a noun?,Gerund,Grammar,Language Arts,Scott County High School (Hailey's team) vs Oliver Springs High School (Tristan's team),,Scott County High School (Hailey's team),Correct,,,,Correct,20,Scott County High School (Hailey's team),1,,,
S40 E07,Round 1,Tossup,21,What is the form of energy that an object or a particle possesses due to its motion?,Kinetic energy,Physics,Science & Technology,Scott County High School (Hailey's team) vs Oliver Springs High School (Tristan's team),,Scott County High School (Hailey's team),Correct,,,,Correct,10,Scott County High School (Hailey's team),1,,buzzer not named; Scott County is inferred from the host's halftime remark that one tossup and one bonus separated the teams,
S40 E07,Round 1,Bonus,21,Who were the two physicists who isolated the radioactive compound radium chloride in 1902?,Marie Curie and Pierre Curie,Physics,Science & Technology,Scott County High School (Hailey's team) vs Oliver Springs High School (Tristan's team),,Scott County High School (Hailey's team),Partial,,,,Partial,10,Scott County High School (Hailey's team),1,,team said Curie and Darwin; the host took one,
S40 E07,Round 1,Tossup,22,"What Mexican city is closest to San Diego, California?",Tijuana,Geography,Social Studies,Scott County High School (Hailey's team) vs Oliver Springs High School (Tristan's team),,Oliver Springs High School (Tristan's team),Incorrect,Ana,Scott County High School (Hailey's team),Incorrect,Missed,0,None given,1,,Oliver Springs' first buzzer not named (said something in Baja); Ana said San Juan,
S40 E07,Round 1,Tossup,23,What six letter word beginning with R refers to the recurrence of notes and rests in time?,Rhythm,Music,Fine Arts,Scott County High School (Hailey's team) vs Oliver Springs High School (Tristan's team),Sarah,Oliver Springs High School (Tristan's team),Incorrect,Ana,Scott County High School (Hailey's team),Incorrect,Missed,0,None given,1,,"both answers garbled in captions (apparently ""repetition""); the host gave rhythm",
S40 E07,Round 1,Tossup,24,Which of the 13 colonies refused to send a delegate to the Constitutional Convention?,Rhode Island,U.S. History,Social Studies,Scott County High School (Hailey's team) vs Oliver Springs High School (Tristan's team),Jackson,Oliver Springs High School (Tristan's team),Correct,,,,Correct,10,Oliver Springs High School (Tristan's team),1,,,
S40 E07,Round 1,Bonus,24,"Which Founding Father proposed the Bill of Rights, which was published in the Gazette of the United States on June 13, 1789?",James Madison,U.S. History,Social Studies,Scott County High School (Hailey's team) vs Oliver Springs High School (Tristan's team),,Oliver Springs High School (Tristan's team),Incorrect,,,,Missed,0,None given,1,,team said Thomas Jefferson,
S40 E07,Round 1,Tossup,25,What word is the same in English and Dutch and means a vehicle specially equipped for taking sick or injured people to and from the hospital?,Ambulance,Foreign Language,Foreign Language,Scott County High School (Hailey's team) vs Oliver Springs High School (Tristan's team),,Unknown,Correct,,,,Correct,10,Unknown,1,Yes,buzzer and team not identified in captions; team not identified in captions (captions lines 25580-25584),Thomas Jefferson and James Madison is the one who proposed that Bill of Rights toss up for everyone in foreign language. / What word is the same in English and Dutch and means a vehicle specially equipped for taking sick or injured people to and from the hospital on an ambulance? / Yes. / And a foreign language bonus. / What kind of merchandise is sold in a Dulcinea?
S40 E07,Round 1,Bonus,25,Part 1: What kind of merchandise is sold in a dulcería? | Part 2: What kind of merchandise specifically is sold in a carnicería?,Part 1: Candy (sweets) | Part 2: Meat,Foreign Language,Foreign Language,Scott County High School (Hailey's team) vs Oliver Springs High School (Tristan's team),,Unknown,Partial,,,,Partial,10,Unknown,2,Yes,"team said ""food"" for Part 1; team not identified in captions (captions lines 25583-25591)",And a foreign language bonus. / What kind of merchandise is sold in a Dulcinea? / Answer Food. / Candy. / It's a sweet shop. / What kind of merchandise specifically is sold in a can't associate? / Answer meat. / Meat is right for ten points plus up in chemistry. / What is the chemical change that produces alcohol in wine now?
S40 E07,Round 1,Tossup,26,What is the chemical change that produces alcohol in wine?,Fermentation,Chemistry,Science & Technology,Scott County High School (Hailey's team) vs Oliver Springs High School (Tristan's team),,Unknown,Correct,,,,Correct,10,Unknown,1,Yes,buzzer and team not identified in captions; team not identified in captions (captions lines 25591-25594),What is the chemical change that produces alcohol in wine now? / Fermenting? / Yeah. / And a chemistry bonus now named two of the three German scientists who discovered the atomic fission of uranium.
S40 E07,Round 1,Bonus,26,Name two of the three German scientists who discovered the atomic fission of uranium.,"Any two of: Otto Hahn, Lise Meitner, Fritz Strassmann",Chemistry,Science & Technology,Scott County High School (Hailey's team) vs Oliver Springs High School (Tristan's team),,Unknown,Incorrect,,,,Missed,0,None given,1,Yes,team said Einstein and ran out of time; team not identified in captions (captions lines 25594-25602),"And a chemistry bonus now named two of the three German scientists who discovered the atomic fission of uranium. / Answer Einstein. / That's all you got. / Okay. / I think you're out of time to end. / Otto Hahn. / Lise Meitner and Fritz Strassmann. / No points there. / Plus, up now in math, which is greater to raised to the fourth power or four squared, trusted to to the fourth."
S40 E07,Round 1,Tossup,27,Which is greater: 2 to the fourth power or 4 squared?,They are equal,Math,Mathematics,Scott County High School (Hailey's team) vs Oliver Springs High School (Tristan's team),,Oliver Springs High School (Tristan's team),Incorrect,Ana,Scott County High School (Hailey's team),Incorrect,Missed,0,None given,1,,Oliver Springs' first buzzer not named (said 2 to the fourth); Ana said 4 squared,
S40 E07,Round 1,Tossup,28,The Slammy Awards have been presented periodically to athletes such as Roman Reigns and Drew McIntyre. In what sport?,Professional wrestling,Sports,General & Visual,Scott County High School (Hailey's team) vs Oliver Springs High School (Tristan's team),Ana,Scott County High School (Hailey's team),Correct,,,,Correct,10,Scott County High School (Hailey's team),1,,,
S40 E07,Round 1,Bonus,28,Part 1: In what sport was Muhammad Ali a world champion? | Part 2: What was Muhammad Ali's birth name?,Part 1: Boxing | Part 2: Cassius Clay,Sports,General & Visual,Scott County High School (Hailey's team) vs Oliver Springs High School (Tristan's team),,Scott County High School (Hailey's team),Correct,,,,Correct,20,Scott County High School (Hailey's team),2,,,
S40 E07,Round 1,Tossup,29,What are pretrial negotiations in which the defendant agrees to plead guilty to a lesser charge in return for a less severe penalty?,Plea bargaining,Government,Social Studies,Scott County High School (Hailey's team) vs Oliver Springs High School (Tristan's team),,Unknown,Incorrect,,,,Missed,0,None given,1,Yes,"the first answers (""a plea deal"") were not accepted; the host gave ""plea bargaining""; team not identified; team not identified in captions (captions lines 25616-25624)","For 20 points on the bonus puzzle for everyone in government. / What are pretrial negotiations in which the defendant agrees to plead guilty to a lesser charge in return for a less severe penalty? / John, a A plea deal? / Now, can't take that chance, Your Honor. / A plea and take that either. / Specifically bargaining. / A plea? / Bargaining is the process. / Percept for one is spelling inappropriate, joking or jesting, which is meant to be funny is called facetious."
S40 E07,Round 1,Tossup,30,"Something inappropriate, joking or jesting, which is meant to be funny, is called facetious. Spell ""facetious.""",F-A-C-E-T-I-O-U-S,Spelling,Language Arts,Scott County High School (Hailey's team) vs Oliver Springs High School (Tristan's team),Sarah,Oliver Springs High School (Tristan's team),Correct,,,,Correct,10,Oliver Springs High School (Tristan's team),1,,,
S40 E07,Round 1,Bonus,30,"To give one's good wishes when something special or pleasant has happened is to congratulate. Spell ""congratulate.""",C-O-N-G-R-A-T-U-L-A-T-E,Spelling,Language Arts,Scott County High School (Hailey's team) vs Oliver Springs High School (Tristan's team),Sarah,Oliver Springs High School (Tristan's team),Correct,,,,Correct,20,Oliver Springs High School (Tristan's team),1,,,
S40 E07,Round 1,Tossup,31,The North Star appears to be stationary because it is located only one half degree from what?,The North Celestial Pole,Astronomy,Science & Technology,Scott County High School (Hailey's team) vs Oliver Springs High School (Tristan's team),Sarah,Oliver Springs High School (Tristan's team),Correct,,,,Correct,10,Oliver Springs High School (Tristan's team),1,,,
S40 E07,Round 1,Bonus,31,Part 1: Europa and Ganymede are both moons of which planet? | Part 2: What element makes up 89% of Jupiter's atmosphere?,Part 1: Jupiter | Part 2: Hydrogen,Astronomy,Science & Technology,Scott County High School (Hailey's team) vs Oliver Springs High School (Tristan's team),,Oliver Springs High School (Tristan's team),Partial,,,,Partial,10,Oliver Springs High School (Tristan's team),2,,team said methane for Part 2,
S40 E07,Round 1,Tossup,32,What five letter title beginning with V is given to certain priests or ministers in the Roman Catholic and Episcopal Churches and the Church of England?,Vicar,Religion,Religion & Mythology,Scott County High School (Hailey's team) vs Oliver Springs High School (Tristan's team),,,No Buzz,,,,Missed,0,None given,1,,nobody answered in the captions; the host gave the answer,
S40 E07,Round 1,Tossup,33,What is the effect on the area of a circle if the length of the diameter is doubled?,The area becomes four times as large,Geometry,Mathematics,Scott County High School (Hailey's team) vs Oliver Springs High School (Tristan's team),,Scott County High School (Hailey's team),Incorrect,,,,Missed,0,None given,1,,"Scott County's buzzer not named and the answer not captured; steal offered to Oliver Springs, no answer captured",
S40 E07,Round 1,Tossup,34,"Who is credited with painting the frescoes, including The School of Athens, in the Vatican's Stanza della Segnatura?",Raphael,Art,Fine Arts,Scott County High School (Hailey's team) vs Oliver Springs High School (Tristan's team),Ana,Scott County High School (Hailey's team),Incorrect,,,,Missed,0,None given,1,,"Ana said Michelangelo; steal offered to Oliver Springs, no answer captured",
S40 E07,Round 1,Tossup,35,"In The Scarlet Letter, how does Hester support herself?",As a seamstress,Literature,Language Arts,Scott County High School (Hailey's team) vs Oliver Springs High School (Tristan's team),,Scott County High School (Hailey's team),Incorrect,,,,Missed,0,None given,1,,"Scott County's first buzzer not named (said nursemaid); steal offered to Oliver Springs, no answer captured",
S40 E07,Round 1,Tossup,36,What is the top layer or habitat zone of the tropical rainforest called?,The canopy,Biology,Science & Technology,Scott County High School (Hailey's team) vs Oliver Springs High School (Tristan's team),Sarah,Oliver Springs High School (Tristan's team),Correct,,,,Correct,10,Oliver Springs High School (Tristan's team),1,,"buzzer name read from ""Sierra""",
S40 E07,Round 1,Bonus,36,Convert the fraction 17/8 into both a decimal and a percent.,2.125 and 212.5%,Visual,General & Visual,Scott County High School (Hailey's team) vs Oliver Springs High School (Tristan's team),,Oliver Springs High School (Tristan's team),Incorrect,,,,Missed,0,None given,1,,team said 2.8 and 212%,
S40 E07,Round 1,Tossup,37,What is the interval between notes in a chromatic scale?,A half step,Music,Fine Arts,Scott County High School (Hailey's team) vs Oliver Springs High School (Tristan's team),Sarah,Oliver Springs High School (Tristan's team),Correct,,,,Correct,10,Oliver Springs High School (Tristan's team),1,,,
S40 E07,Round 1,Bonus,37,Part 1: In which orchestral family are cymbals? | Part 2: In which orchestral family are saxophones?,Part 1: Percussion | Part 2: Woodwinds,Music,Fine Arts,Scott County High School (Hailey's team) vs Oliver Springs High School (Tristan's team),,Oliver Springs High School (Tristan's team),Correct,,,,Correct,20,Oliver Springs High School (Tristan's team),2,,,
S40 E07,Round 1,Tossup,38,What is the capital of the United Kingdom?,London,Geography,Social Studies,Scott County High School (Hailey's team) vs Oliver Springs High School (Tristan's team),Ana,Scott County High School (Hailey's team),Incorrect,Jonah,Oliver Springs High School (Tristan's team),Correct,Correct,10,Oliver Springs High School (Tristan's team),1,,Ana said England,
S40 E07,Round 1,Bonus,38,What four countries make up the United Kingdom?,"England, Scotland, Wales and Northern Ireland",Geography,Social Studies,Scott County High School (Hailey's team) vs Oliver Springs High School (Tristan's team),,Oliver Springs High School (Tristan's team),Partial,,,,Partial,15,Oliver Springs High School (Tristan's team),1,,"team named Wales, England, Scotland and ""Ireland""; three counted (15 points)",
S40 E07,Round 1,Tossup,39,"Translate the question ""¿Cómo te llamas?"" from Spanish to English.",What is your name?,Foreign Language,Foreign Language,Scott County High School (Hailey's team) vs Oliver Springs High School (Tristan's team),Tristan,Oliver Springs High School (Tristan's team),Correct,,,,Correct,10,Oliver Springs High School (Tristan's team),1,,,
S40 E07,Round 1,Bonus,39,"What is the Latin phrase that means ""I came, I saw, I conquered""?","Veni, vidi, vici",Foreign Language,Foreign Language,Scott County High School (Hailey's team) vs Oliver Springs High School (Tristan's team),,Oliver Springs High School (Tristan's team),Incorrect,,,,Missed,0,None given,1,,"team's answer sounded like ""venti""",
S40 E07,Round 1,Tossup,40,"In World War I, what word came to be used for close combat between military aircraft?",Dogfight,History,Social Studies,Scott County High School (Hailey's team) vs Oliver Springs High School (Tristan's team),,Scott County High School (Hailey's team),Correct,,,,Correct,10,Scott County High School (Hailey's team),1,,"buzzer not named; team from ""visual bonus for Scott""",
S40 E07,Round 1,Bonus,40,"Part 1: Experts believe the Great Pyramid of Giza, shown here, was built in 2550 BCE by which pharaoh as his tomb? | Part 2: What was the main material used to build the Great Pyramid, including its core and outer casing?",Part 1: Khufu | Part 2: Limestone,Visual,General & Visual,Scott County High School (Hailey's team) vs Oliver Springs High School (Tristan's team),,Scott County High School (Hailey's team),Partial,,,,Partial,10,Scott County High School (Hailey's team),2,,team said King Tut for Part 1,
S40 E07,Round 1,Tossup,41,"Phillips, Pozidriv and flathead are types of what?",Screws,Science,Science & Technology,Scott County High School (Hailey's team) vs Oliver Springs High School (Tristan's team),Ana,Scott County High School (Hailey's team),Correct,,,,Correct,10,Scott County High School (Hailey's team),1,,,
S40 E07,Round 1,Bonus,41,"Part 1: What type of clouds are described as layered clouds from which precipitation occurs? | Part 2: What type of clouds are described as puffy, heaped-up clouds?",Part 1: Nimbostratus | Part 2: Cumulus,Science,Science & Technology,Scott County High School (Hailey's team) vs Oliver Springs High School (Tristan's team),Naomi,Scott County High School (Hailey's team),Partial,,,,Partial,10,Scott County High School (Hailey's team),2,,"Naomi said ""cumulonimbus"" or similar for Part 1",
S40 E07,Round 1,Tossup,42,"In what part of the digestive tract in humans is digestion completed for proteins, fats and carbohydrates?",The small intestine,Biology,Science & Technology,Scott County High School (Hailey's team) vs Oliver Springs High School (Tristan's team),,Scott County High School (Hailey's team),Incorrect,Sarah,Oliver Springs High School (Tristan's team),Incorrect,Missed,0,None given,1,,Scott County's first buzzer not named (said the stomach); Sarah said the large intestine,
S40 E07,Round 1,Tossup,43,What physical skill game marketed by Hasbro has players take turns removing one block at a time from a tower and placing it on top of the tower?,Jenga,Games,General & Visual,Scott County High School (Hailey's team) vs Oliver Springs High School (Tristan's team),Jonah,Oliver Springs High School (Tristan's team),Correct,,,,Correct,10,Oliver Springs High School (Tristan's team),1,,,
S40 E07,Round 1,Bonus,43,"What game uses the terms ""hunching,"" ""hissing"" and ""knuckling down""?",Marbles,Games,General & Visual,Scott County High School (Hailey's team) vs Oliver Springs High School (Tristan's team),,Oliver Springs High School (Tristan's team),Incorrect,,,,Missed,0,None given,1,,team said Mortal Kombat,
S40 E07,Round 1,Tossup,44,What six letter word beginning with O means to sell a share or commodity at a specified price at a future date?,Option,Economics,Social Studies,Scott County High School (Hailey's team) vs Oliver Springs High School (Tristan's team),,Scott County High School (Hailey's team),Incorrect,,,,Missed,0,None given,1,,"Scott County's first buzzer not named (answer garbled); steal offered to Oliver Springs, no answer captured",
S40 E07,Round 1,Tossup,45,Finish this phrase: The pen is mightier than the ___.,Sword,Vocabulary,Language Arts,Scott County High School (Hailey's team) vs Oliver Springs High School (Tristan's team),Tristan,Oliver Springs High School (Tristan's team),Correct,,,,Correct,10,Oliver Springs High School (Tristan's team),1,,,
S40 E07,Round 1,Bonus,45,"Define the word ""dank.""",Moist (damp),Vocabulary,Language Arts,Scott County High School (Hailey's team) vs Oliver Springs High School (Tristan's team),,Oliver Springs High School (Tristan's team),Partial,,,,Partial,10,Oliver Springs High School (Tristan's team),1,,the host said that was ten points and that the game ended before the rest of the bonus,
S40 E08,Round 1,Tossup,1,The American Revolutionary War began with which battle in 1775?,The Battles of Lexington and Concord,U.S. History,Social Studies,Dobyns-Bennett High School (Abby's team) vs Somerset High School (KY),Justin,Dobyns-Bennett High School (Abby's team),Correct,,,,Correct,10,Dobyns-Bennett High School (Abby's team),1,,,
S40 E08,Round 1,Bonus,1,Part 1: Who was U.S. president during the 1964 World's Fair? | Part 2: Who was president when the Hubble Space Telescope was placed in orbit in 1990?,Part 1: Lyndon B. Johnson | Part 2: George H. W. Bush,U.S. History,Social Studies,Dobyns-Bennett High School (Abby's team) vs Somerset High School (KY),,Dobyns-Bennett High School (Abby's team),Incorrect,,,,Missed,0,None given,2,,no answer for Part 1; the team said Nixon for Part 2,
S40 E08,Round 1,Tossup,2,"In bowling, what is the term for knocking down all ten pins in two bowls?",A spare,Sports,General & Visual,Dobyns-Bennett High School (Abby's team) vs Somerset High School (KY),Justin,Dobyns-Bennett High School (Abby's team),Incorrect,Caroline,Somerset High School (KY),Correct,Correct,10,Somerset High School (KY),1,,"Justin said ""strike""; the host said ""in two bowls"" was the rest of the question",
S40 E08,Round 1,Bonus,2,Who was the last NBA Rookie of the Year to have entered the league straight out of high school?,LeBron James,Sports,General & Visual,Dobyns-Bennett High School (Abby's team) vs Somerset High School (KY),,Somerset High School (KY),Correct,,,,Correct,20,Somerset High School (KY),1,,,
S40 E08,Round 1,Tossup,3,What is the galaxy that includes our solar system with a name describing its appearance?,The Milky Way,Astronomy,Science & Technology,Dobyns-Bennett High School (Abby's team) vs Somerset High School (KY),Mulan,Dobyns-Bennett High School (Abby's team),Correct,,,,Correct,10,Dobyns-Bennett High School (Abby's team),1,,"buzzer name read from ""Milan""",
S40 E08,Round 1,Bonus,3,"Using his telescopes, Galileo helped prove the heliocentric model previously suggested by Nicolaus Copernicus and others. What is the heliocentric model?",The Earth and all the planets orbit the sun,Astronomy,Science & Technology,Dobyns-Bennett High School (Abby's team) vs Somerset High School (KY),Justin,Dobyns-Bennett High School (Abby's team),Correct,,,,Correct,20,Dobyns-Bennett High School (Abby's team),1,,,
S40 E08,Round 1,Tossup,4,What Dr. Seuss character lived just north of Whoville?,The Grinch,Literature,Language Arts,Dobyns-Bennett High School (Abby's team) vs Somerset High School (KY),Caroline,Somerset High School (KY),Correct,,,,Correct,10,Somerset High School (KY),1,,,
S40 E08,Round 1,Bonus,4,"Part 1: In ""A Visit from St. Nicholas,"" St. Nick's nose was like what? | Part 2: His belly was compared to what?",Part 1: Cherries | Part 2: A bowl full of jelly,Literature,Language Arts,Dobyns-Bennett High School (Abby's team) vs Somerset High School (KY),Blake,Somerset High School (KY),Correct,,,,Correct,20,Somerset High School (KY),2,,,
S40 E08,Round 1,Tossup,5,"What is the structural protein to which some people have an intolerance that is naturally found in cereal grains like wheat, rye and barley?",Gluten,Health,Science & Technology,Dobyns-Bennett High School (Abby's team) vs Somerset High School (KY),Mulan,Dobyns-Bennett High School (Abby's team),Incorrect,Caroline,Somerset High School (KY),Correct,Correct,10,Somerset High School (KY),1,,Mulan said lactose,
S40 E08,Round 1,Bonus,5,"There were 15 cases of leprosy in Florida in the first half of 2023, most of which were caused by contact with which animal that has a leathery armor shell and long sharp claws?",The armadillo,Health,Science & Technology,Dobyns-Bennett High School (Abby's team) vs Somerset High School (KY),,Somerset High School (KY),Incorrect,,,,Missed,0,None given,1,,team said alligator,
S40 E08,Round 1,Tossup,6,Which waterway connects the Red Sea to the Mediterranean Sea?,The Suez Canal,Geography,Social Studies,Dobyns-Bennett High School (Abby's team) vs Somerset High School (KY),Mulan,Dobyns-Bennett High School (Abby's team),Correct,,,,Correct,10,Dobyns-Bennett High School (Abby's team),1,,,
S40 E08,Round 1,Bonus,6,Which country is highlighted on the map shown here?,Mongolia,Visual,General & Visual,Dobyns-Bennett High School (Abby's team) vs Somerset High School (KY),,Dobyns-Bennett High School (Abby's team),Correct,,,,Correct,20,Dobyns-Bennett High School (Abby's team),1,,the team first said Angola and then Mongolia,
S40 E08,Round 1,Tossup,7,"""Mardi Gras"" is a French phrase that translates to what?",Fat Tuesday,Foreign Language,Foreign Language,Dobyns-Bennett High School (Abby's team) vs Somerset High School (KY),Mulan,Dobyns-Bennett High School (Abby's team),Incorrect,Caroline,Somerset High School (KY),Incorrect,Missed,0,None given,1,,"Mulan's answer was not clear in captions; Caroline said ""overindulgence""",
S40 E08,Round 1,Tossup,8,What is another term for the base two system?,Binary,Technology,Science & Technology,Dobyns-Bennett High School (Abby's team) vs Somerset High School (KY),Mulan,Dobyns-Bennett High School (Abby's team),Correct,,,,Correct,10,Dobyns-Bennett High School (Abby's team),1,,,
S40 E08,Round 1,Bonus,8,"In terms of internet connections, what do the letters VPN represent?",Virtual private network,Technology,Science & Technology,Dobyns-Bennett High School (Abby's team) vs Somerset High School (KY),,Dobyns-Bennett High School (Abby's team),Correct,,,,Correct,20,Dobyns-Bennett High School (Abby's team),1,,,
S40 E08,Round 1,Tossup,9,Who is credited with originating the Protestant Reformation?,Martin Luther,Religion,Religion & Mythology,Dobyns-Bennett High School (Abby's team) vs Somerset High School (KY),Quentin,Somerset High School (KY),Correct,,,,Correct,10,Somerset High School (KY),1,,,
S40 E08,Round 1,Bonus,9,"In 1847, after 17 months of travel, which man led 148 Mormon pioneers from Illinois into Utah's Valley of the Great Salt Lake?",Brigham Young,Religion,Religion & Mythology,Dobyns-Bennett High School (Abby's team) vs Somerset High School (KY),,Somerset High School (KY),Incorrect,,,,Missed,0,None given,1,,team said Joseph Smith (and Bessie Smith),
S40 E08,Round 1,Tossup,10,The ratio of the angles of a triangle is 3 to 4 to 5. What is the measure of the smallest angle?,45 degrees,Geometry,Mathematics,Dobyns-Bennett High School (Abby's team) vs Somerset High School (KY),John,Somerset High School (KY),Correct,,,,Correct,10,Somerset High School (KY),1,,,
S40 E08,Round 1,Bonus,10,What diameter of tablecloth is needed to completely cover a round top table that is 20 inches across and 25 inches high?,70 inches,Geometry,Mathematics,Dobyns-Bennett High School (Abby's team) vs Somerset High School (KY),,Somerset High School (KY),Incorrect,,,,Missed,0,None given,1,,team said 25,
S40 E08,Round 1,Tossup,11,What kind of speech does the loser typically give after an election?,A concession speech,Government,Social Studies,Dobyns-Bennett High School (Abby's team) vs Somerset High School (KY),John,Somerset High School (KY),Correct,,,,Correct,10,Somerset High School (KY),1,,,
S40 E08,Round 1,Bonus,11,"Who was a patriot, an abolitionist, a founding father, president of the Second Continental Congress and the first Chief Justice of the Supreme Court?",John Jay,Government,Social Studies,Dobyns-Bennett High School (Abby's team) vs Somerset High School (KY),,Somerset High School (KY),Incorrect,,,,Missed,0,None given,1,,team said John Adams,
S40 E08,Round 1,Tossup,12,Complete the expression: practice what you ___.,Preach,Miscellaneous,General & Visual,Dobyns-Bennett High School (Abby's team) vs Somerset High School (KY),Mulan,Dobyns-Bennett High School (Abby's team),Incorrect,John,Somerset High School (KY),Correct,Correct,10,Somerset High School (KY),1,,"Mulan said ""play""",
S40 E08,Round 1,Bonus,12,Part 1: Identify the other half of the classic comedy duo Laurel and Hardy. | Part 2: Identify the other half of the video game duo Mario and Luigi.,Part 1: Oliver Hardy (Stan Laurel) | Part 2: Mario (Luigi),Miscellaneous,General & Visual,Dobyns-Bennett High School (Abby's team) vs Somerset High School (KY),,Somerset High School (KY),Correct,,,,Correct,20,Somerset High School (KY),2,,,
S40 E08,Round 1,Tossup,13,What is the science that is the study of relationships between organisms and their environment?,Ecology,Science,Science & Technology,Dobyns-Bennett High School (Abby's team) vs Somerset High School (KY),John,Somerset High School (KY),Incorrect,,Dobyns-Bennett High School (Abby's team),Correct,Correct,10,Dobyns-Bennett High School (Abby's team),1,,John said biology; Dobyns-Bennett's stealing player not named,
S40 E08,Round 1,Bonus,13,"The 10,000 year old burial of a female infant discovered in Europe dates back to which archeological period following the Ice Age, when hunting and gathering was the way of life?",The Mesolithic period,Science,Science & Technology,Dobyns-Bennett High School (Abby's team) vs Somerset High School (KY),,Dobyns-Bennett High School (Abby's team),Incorrect,,,,Missed,0,None given,1,,team said the Stone Age,
S40 E08,Round 1,Tossup,14,Of what material is the mythological Trojan horse made?,Wood,Mythology,Religion & Mythology,Dobyns-Bennett High School (Abby's team) vs Somerset High School (KY),Caroline,Somerset High School (KY),Correct,,,,Correct,10,Somerset High School (KY),1,,,
S40 E08,Round 1,Bonus,14,"What were the names of the mythical twin sons of Mars who, according to legend, founded Rome in 753 BC?",Romulus and Remus,Mythology,Religion & Mythology,Dobyns-Bennett High School (Abby's team) vs Somerset High School (KY),,Somerset High School (KY),Correct,,,,Correct,20,Somerset High School (KY),1,,,
S40 E08,Round 1,Tossup,15,A majority of the world's aluminum comes from which ore?,Bauxite,Chemistry,Science & Technology,Dobyns-Bennett High School (Abby's team) vs Somerset High School (KY),Mulan,Dobyns-Bennett High School (Abby's team),Incorrect,,Somerset High School (KY),Incorrect,Missed,0,None given,1,,Mulan said aluminum oxide; Somerset's stealing player not named (said iron),
S40 E08,Round 1,Tossup,16,"When Tennessee joined the Union, how many states were already part of the United States?",15,Tennessee History,Social Studies,Dobyns-Bennett High School (Abby's team) vs Somerset High School (KY),Quentin,Somerset High School (KY),Incorrect,Mulan,Dobyns-Bennett High School (Abby's team),Correct,Correct,10,Dobyns-Bennett High School (Abby's team),1,,Quinton said 14,
S40 E08,Round 1,Bonus,16,"Who is this businessman and politician, shown here, who served as the 48th governor of Tennessee after serving as the 66th mayor of Nashville?",Phil Bredesen,Visual,General & Visual,Dobyns-Bennett High School (Abby's team) vs Somerset High School (KY),,Dobyns-Bennett High School (Abby's team),Incorrect,,,,Missed,0,None given,1,,team (via Justin) said Mike Pence,
S40 E08,Round 1,Tossup,17,What is the title of the artwork by Charles M. Schulz that appeared in seven different newspapers starting in 1950?,Peanuts,Art,Fine Arts,Dobyns-Bennett High School (Abby's team) vs Somerset High School (KY),Caroline,Somerset High School (KY),Correct,,,,Correct,10,Somerset High School (KY),1,,,
S40 E08,Round 1,Bonus,17,"What famous photographer, born in 1902, is known for the photo ""Moonrise, Hernandez, New Mexico""?",Ansel Adams,Art,Fine Arts,Dobyns-Bennett High School (Abby's team) vs Somerset High School (KY),,Somerset High School (KY),Correct,,,,Correct,20,Somerset High School (KY),1,,,
S40 E08,Round 1,Tossup,18,At least 50% of the material in coal is composed of what element?,Carbon,Geology,Science & Technology,Dobyns-Bennett High School (Abby's team) vs Somerset High School (KY),,Dobyns-Bennett High School (Abby's team),Correct,,,,Correct,10,Dobyns-Bennett High School (Abby's team),1,,"buzzer not named (the captions show ""Well, on carbon""); Dobyns-Bennett is inferred from the halftime remark that Somerset led by one tossup and one bonus",
S40 E08,Round 1,Bonus,18,Name the two key forces that form metamorphic rock.,Heat and pressure,Geology,Science & Technology,Dobyns-Bennett High School (Abby's team) vs Somerset High School (KY),,Dobyns-Bennett High School (Abby's team),Correct,,,,Correct,20,Dobyns-Bennett High School (Abby's team),1,,,
S40 E08,Round 1,Tossup,19,Where does a suffix attach to a word?,At the end,English,Language Arts,Dobyns-Bennett High School (Abby's team) vs Somerset High School (KY),Mulan,Dobyns-Bennett High School (Abby's team),Correct,,,,Correct,10,Dobyns-Bennett High School (Abby's team),1,,answer not spoken in captions (the host just said that's right),
S40 E08,Round 1,Bonus,19,Name two of the three punctuation marks that usually come in pairs.,"Any two of: parentheses, quotation marks, brackets",English,Language Arts,Dobyns-Bennett High School (Abby's team) vs Somerset High School (KY),,Dobyns-Bennett High School (Abby's team),Partial,,,,Partial,10,Dobyns-Bennett High School (Abby's team),1,,team said quotation marks and colon; the host took the first two answers,
S40 E08,Round 1,Tossup,20,What is negative two raised to the sixth power?,64,Math,Mathematics,Dobyns-Bennett High School (Abby's team) vs Somerset High School (KY),John,Somerset High School (KY),Correct,,,,Correct,10,Somerset High School (KY),1,,,
S40 E08,Round 1,Bonus,20,"At a blood drive, 18 people had type B blood, which was 15% of the donors. What was the total number of donors?",120,Math,Mathematics,Dobyns-Bennett High School (Abby's team) vs Somerset High School (KY),,Somerset High School (KY),Correct,,,,Correct,20,Somerset High School (KY),1,,,
S40 E08,Round 1,Tossup,21,What is the highest mountain peak in Africa?,Mount Kilimanjaro,Geography,Social Studies,Dobyns-Bennett High School (Abby's team) vs Somerset High School (KY),Mulan,Dobyns-Bennett High School (Abby's team),Correct,,,,Correct,10,Dobyns-Bennett High School (Abby's team),1,,,
S40 E08,Round 1,Bonus,21,"Part 1: Which mountain range is the longest unbroken chain of mountains on the African continent, separating the Mediterranean and Atlantic coastlines from the Sahara Desert and stretching through Morocco, Algeria and Tunisia? | Part 2: What is the longest mountain range in the U.S.?",Part 1: The Atlas Mountains | Part 2: The Rocky Mountains,Geography,Social Studies,Dobyns-Bennett High School (Abby's team) vs Somerset High School (KY),,Dobyns-Bennett High School (Abby's team),Correct,,,,Correct,20,Dobyns-Bennett High School (Abby's team),2,,,
S40 E08,Round 1,Tossup,22,"In a chorus, what is the highest vocal line?",Soprano,Music,Fine Arts,Dobyns-Bennett High School (Abby's team) vs Somerset High School (KY),Caroline,Somerset High School (KY),Correct,,,,Correct,10,Somerset High School (KY),1,,the half ended before the bonus was read,
S40 E08,Round 1,Tossup,23,What sound effect is produced when an object moves faster than the speed of sound?,A sonic boom,Physics,Science & Technology,Dobyns-Bennett High School (Abby's team) vs Somerset High School (KY),,Dobyns-Bennett High School (Abby's team),Correct,,,,Correct,10,Dobyns-Bennett High School (Abby's team),1,,buzzer not named; team from the bonus deferral to Eleanor,
S40 E08,Round 1,Bonus,23,Part 1: What is the SI unit of electrical resistance? | Part 2: What is the SI unit of electrical power?,Part 1: Ohm | Part 2: Watt,Physics,Science & Technology,Dobyns-Bennett High School (Abby's team) vs Somerset High School (KY),Eleanor,Dobyns-Bennett High School (Abby's team),Incorrect,,,,Missed,0,None given,2,,team had no answers,
S40 E08,Round 1,Tossup,24,"Name the book written by S. E. Hinton that is a coming of age story about a group of outsiders (Ponyboy, Darry and Sodapop).",The Outsiders,Literature,Language Arts,Dobyns-Bennett High School (Abby's team) vs Somerset High School (KY),Caroline,Somerset High School (KY),Correct,,,,Correct,10,Somerset High School (KY),1,,,
S40 E08,Round 1,Bonus,24,"Part 1: Name the title character who marries George Knightley, owner of Donwell Abbey. | Part 2: Who wrote Emma?",Part 1: Emma | Part 2: Jane Austen,Literature,Language Arts,Dobyns-Bennett High School (Abby's team) vs Somerset High School (KY),,Somerset High School (KY),Correct,,,,Correct,20,Somerset High School (KY),2,,,
S40 E08,Round 1,Tossup,25,"When introduced in 1913, what did the five rings in the Olympic symbol represent?",The five continents,Sports,General & Visual,Dobyns-Bennett High School (Abby's team) vs Somerset High School (KY),,Unknown,Correct,,,,Correct,10,Unknown,1,Yes,buzzer and team not identified in captions; team not identified in captions (captions lines 25124-25128),"Toss up for everyone in sports. / When introduced in 1913, what did the five rings and the Olympic symbol represent in the five continents? / Yes. / And a sports bonus. / Now, over 100 years after swimming in, it was banned due to pollution."
S40 E08,Round 1,Bonus,25,"Over 100 years after swimming in it was banned due to pollution, which river will be clean enough to be used as the venue for the marathon swimming and triathlon events during the 2024 Olympics?",The Seine,Sports,General & Visual,Dobyns-Bennett High School (Abby's team) vs Somerset High School (KY),,Unknown,Incorrect,,,,Missed,0,None given,1,Yes,team had no answer; team not identified in captions (captions lines 25127-25133),"And a sports bonus. / Now, over 100 years after swimming in, it was banned due to pollution. / Which river will be clean enough to be used as the venue in the marathon swimming and triathlon events during the 2024 Olympics? / Answer No answer. / That's the scene in Paris. / to several players in U.S. history. / Of the first six presidents, which was the only one who did not attend college."
S40 E08,Round 1,Tossup,26,"Of the first six presidents, which was the only one who did not attend college?",George Washington,U.S. History,Social Studies,Dobyns-Bennett High School (Abby's team) vs Somerset High School (KY),Abby,Dobyns-Bennett High School (Abby's team),Correct,,,,Correct,10,Dobyns-Bennett High School (Abby's team),1,,,
S40 E08,Round 1,Bonus,26,"Part 1: This statue in the U.S. Capitol represents President Harry Truman, who became president after serving 82 days as whose vice president? | Part 2: In what city is the Truman Presidential Library and Museum?","Part 1: Franklin D. Roosevelt | Part 2: Independence, Missouri",Visual,General & Visual,Dobyns-Bennett High School (Abby's team) vs Somerset High School (KY),,Dobyns-Bennett High School (Abby's team),Partial,,,,Partial,10,Dobyns-Bennett High School (Abby's team),2,,team said Boston for Part 2,
S40 E08,Round 1,Tossup,27,"In Buddhist and Hindu belief, what term refers to the ethical consequences of a person's fate?",Karma,Religion,Religion & Mythology,Dobyns-Bennett High School (Abby's team) vs Somerset High School (KY),Blake,Somerset High School (KY),Correct,,,,Correct,10,Somerset High School (KY),1,,answer not spoken in captions (the host just said yes),
S40 E08,Round 1,Bonus,27,"What religion's followers believe in one God but not the Trinity, believe that Jesus Christ died for humankind's sins and are known for their door to door preaching and distributing literature?",Jehovah's Witnesses,Religion,Religion & Mythology,Dobyns-Bennett High School (Abby's team) vs Somerset High School (KY),,Somerset High School (KY),Correct,,,,Correct,20,Somerset High School (KY),1,,,
S40 E08,Round 1,Tossup,28,What is the Japanese art of growing and training miniature trees?,Bonsai,Biology,Science & Technology,Dobyns-Bennett High School (Abby's team) vs Somerset High School (KY),Eleanor,Dobyns-Bennett High School (Abby's team),Correct,,,,Correct,10,Dobyns-Bennett High School (Abby's team),1,,,
S40 E08,Round 1,Bonus,28,"Part 1: An estimated 16,000 to 20,000 species of what animal are the top pollinators? | Part 2: What is the scientific study of honeybees?",Part 1: Bees | Part 2: Apiology,Biology,Science & Technology,Dobyns-Bennett High School (Abby's team) vs Somerset High School (KY),,Dobyns-Bennett High School (Abby's team),Partial,,,,Partial,10,Dobyns-Bennett High School (Abby's team),2,,team had no answer for Part 2,
S40 E08,Round 1,Tossup,29,"""Indices"" is the plural form of what word?",Index,Vocabulary,Language Arts,Dobyns-Bennett High School (Abby's team) vs Somerset High School (KY),,,No Buzz,,,,Missed,0,None given,1,,nobody answered; the host gave the answer,
S40 E08,Round 1,Tossup,30,"Evaluate 2x − 3y − 5z if x = 3, y = 2 and z = 4.",-20,Algebra,Mathematics,Dobyns-Bennett High School (Abby's team) vs Somerset High School (KY),Quentin,Somerset High School (KY),Incorrect,Derek,Dobyns-Bennett High School (Abby's team),Correct,Correct,10,Dobyns-Bennett High School (Abby's team),1,,"Quinton said zero (name read from ""Clinton"")",
S40 E08,Round 1,Bonus,30,"Given the equation 7x − 20y = 3x − 13y, find the ratio of x to y.",7 to 4,Algebra,Mathematics,Dobyns-Bennett High School (Abby's team) vs Somerset High School (KY),,Dobyns-Bennett High School (Abby's team),Incorrect,,,,Missed,0,None given,1,,team said 4 to 7,
S40 E08,Round 1,Tossup,31,"What is the term for a period of increased business activity, rising stock prices and prosperity?",A boom,Economics,Social Studies,Dobyns-Bennett High School (Abby's team) vs Somerset High School (KY),Eleanor,Dobyns-Bennett High School (Abby's team),Correct,,,,Correct,10,Dobyns-Bennett High School (Abby's team),1,,"buzzer name read from ""Airline""",
S40 E08,Round 1,Bonus,31,"Part 1: What fashion doll was launched at the New York Toy Fair on March 9th, 1959? | Part 2: What company manufactures the Barbie doll?",Part 1: Barbie | Part 2: Mattel,Economics,Social Studies,Dobyns-Bennett High School (Abby's team) vs Somerset High School (KY),,Dobyns-Bennett High School (Abby's team),Correct,,,,Correct,20,Dobyns-Bennett High School (Abby's team),2,,,
S40 E08,Round 1,Tossup,32,What is the term for a hue or mixture of pure colors to which only black is added?,A shade,Art,Fine Arts,Dobyns-Bennett High School (Abby's team) vs Somerset High School (KY),,Unknown,Correct,,,,Correct,10,Unknown,1,Yes,buzzer and team not identified in captions; team not identified in captions (captions lines 25184-25187),"Mattel also right to go on the bonus toss up in art. / What is the term for a hue or mixture of pure colors to which only black is added? / Yeah, shade That's right. / Art bonus Which two colors are blended to make the color teal blue and green?"
S40 E08,Round 1,Bonus,32,Part 1: Which two colors are blended to make the color teal? | Part 2: Which two colors are blended to make the color magenta?,Part 1: Blue and green | Part 2: Red and purple,Art,Fine Arts,Dobyns-Bennett High School (Abby's team) vs Somerset High School (KY),,Unknown,Correct,,,,Correct,20,Unknown,2,Yes,team not identified in captions (captions lines 25187-25195),"Art bonus Which two colors are blended to make the color teal blue and green? / Yes. / Which two colors are blended to make the color? / Magenta, red and purple. / Both. / Right. / 20 points. / Toss up now in chemistry. / What is the name of a chemical reaction in which a simple compound breaks down into two or more simpler substances?"
S40 E08,Round 1,Tossup,33,What is the name of a chemical reaction in which a simple compound breaks down into two or more simpler substances?,Decomposition,Chemistry,Science & Technology,Dobyns-Bennett High School (Abby's team) vs Somerset High School (KY),John,Somerset High School (KY),Correct,,,,Correct,10,Somerset High School (KY),1,,,
S40 E08,Round 1,Bonus,33,What is the unit of energy required to raise the temperature of one gram of water by one degree Celsius?,A calorie,Chemistry,Science & Technology,Dobyns-Bennett High School (Abby's team) vs Somerset High School (KY),,Somerset High School (KY),Correct,,,,Correct,20,Somerset High School (KY),1,,,
S40 E08,Round 1,Tossup,34,What is the Spanish word for book?,Libro,Foreign Language,Foreign Language,Dobyns-Bennett High School (Abby's team) vs Somerset High School (KY),,Unknown,Correct,,,,Correct,10,Unknown,1,Yes,buzzer and team not identified in captions; team not identified in captions (captions lines 25201-25205),"20 points toss up. / Now, in foreign language, what is the Spanish word for book, Eric Lieber? / Yes. / And a foreign language bonus. / What is the national language of the Netherlands?"
S40 E08,Round 1,Bonus,34,Part 1: What is the national language of the Netherlands? | Part 2: What is the national language of Denmark?,Part 1: Dutch | Part 2: Danish,Foreign Language,Foreign Language,Dobyns-Bennett High School (Abby's team) vs Somerset High School (KY),,Unknown,Correct,,,,Correct,20,Unknown,2,Yes,team not identified in captions (captions lines 25204-25208),"And a foreign language bonus. / What is the national language of the Netherlands? / Dutch, right. / What is the national language of Denmark? / Danish, Danish, both rank 20 points toss up in technology, which technology allows wireless communication between devices such as phones and earbuds."
S40 E08,Round 1,Tossup,35,Which technology allows wireless communication between devices such as phones and earbuds?,Bluetooth,Technology,Science & Technology,Dobyns-Bennett High School (Abby's team) vs Somerset High School (KY),Caroline,Somerset High School (KY),Correct,,,,Correct,10,Somerset High School (KY),1,,,
S40 E08,Round 1,Bonus,35,"Part 1: One 2023 survey listed what country that borders Spain on the Iberian Peninsula as the best location for digital nomads? | Part 2: A separate survey listed what state capital, home to the college football Buckeyes, as the best U.S. location for digital nomads?","Part 1: Portugal | Part 2: Columbus, Ohio",Technology,Science & Technology,Dobyns-Bennett High School (Abby's team) vs Somerset High School (KY),,Somerset High School (KY),Correct,,,,Correct,20,Somerset High School (KY),2,,,
S40 E08,Round 1,Tossup,36,What is the capital of India?,New Delhi,Geography,Social Studies,Dobyns-Bennett High School (Abby's team) vs Somerset High School (KY),Quentin,Somerset High School (KY),Incorrect,Eleanor,Dobyns-Bennett High School (Abby's team),Incorrect,Missed,0,None given,1,,Quinton's answer is garbled in captions; Eleanor said Mumbai,
S40 E08,Round 1,Tossup,37,What is the minimum number of notes needed to form a chord?,Three,Music,Fine Arts,Dobyns-Bennett High School (Abby's team) vs Somerset High School (KY),John,Somerset High School (KY),Correct,,,,Correct,10,Somerset High School (KY),1,,,
S40 E08,Round 1,Bonus,37,Part 1: What is the major key for an instrument like a piano when the key signature has three sharps? | Part 2: What is the major key when the key signature has two flats?,Part 1: A major | Part 2: B-flat major,Music,Fine Arts,Dobyns-Bennett High School (Abby's team) vs Somerset High School (KY),,Somerset High School (KY),Correct,,,,Correct,20,Somerset High School (KY),2,,,
S40 E08,Round 1,Tossup,38,"What is the branch of engineering that deals with the motion and behavior of projectiles such as bullets, bombs and missiles?",Ballistics,Science,Science & Technology,Dobyns-Bennett High School (Abby's team) vs Somerset High School (KY),Caroline,Somerset High School (KY),Correct,,,,Correct,10,Somerset High School (KY),1,,,
S40 E08,Round 1,Bonus,38,For what disease did American virologist Jonas Salk develop the first safe and effective vaccine?,Polio,Science,Science & Technology,Dobyns-Bennett High School (Abby's team) vs Somerset High School (KY),,Somerset High School (KY),Correct,,,,Correct,20,Somerset High School (KY),1,,,
S40 E08,Round 1,Tossup,39,"Winning the lottery is not an everyday occurrence. Spell ""occurrence.""",O-C-C-U-R-R-E-N-C-E,Spelling,Language Arts,Dobyns-Bennett High School (Abby's team) vs Somerset High School (KY),John,Somerset High School (KY),Incorrect,,,,Missed,0,None given,1,,"John misspelled it; steal offered to Dobyns-Bennett, no answer captured",
S40 E08,Round 1,Tossup,40,Name the vertex coordinates of the parabola with the equation y = (2x + 3)² + 5.,"(-1.5, 5)",Pre-Calculus,Mathematics,Dobyns-Bennett High School (Abby's team) vs Somerset High School (KY),John,Somerset High School (KY),Incorrect,,,,Missed,0,None given,1,,"John said (-3, 5); steal offered to Dobyns-Bennett, no answer captured",
S40 E08,Round 1,Tossup,41,What word besides USA has appeared on all first class postage stamps since 2011?,Forever,Government,Social Studies,Dobyns-Bennett High School (Abby's team) vs Somerset High School (KY),E.J.,Dobyns-Bennett High School (Abby's team),Correct,,,,Correct,10,Dobyns-Bennett High School (Abby's team),1,,"buzzer name read from ""E""",
S40 E08,Round 1,Bonus,41,Which two East Tennessee counties were named for the state's first two U.S. senators?,Blount County and Cocke County,Government,Social Studies,Dobyns-Bennett High School (Abby's team) vs Somerset High School (KY),,Dobyns-Bennett High School (Abby's team),Correct,,,,Correct,20,Dobyns-Bennett High School (Abby's team),1,,the host's confirmation is cut off in the captions,
S40 E08,Round 1,Tossup,42,What fortress was built by William the Conqueror to protect the capital of England?,The Tower of London,Architecture,Fine Arts,Dobyns-Bennett High School (Abby's team) vs Somerset High School (KY),Eleanor,Dobyns-Bennett High School (Abby's team),Correct,,,,Correct,10,Dobyns-Bennett High School (Abby's team),1,,,
S40 E08,Round 1,Bonus,42,Name two of the three types of Greek columns.,"Any two of: Doric, Ionic, Corinthian",Architecture,Fine Arts,Dobyns-Bennett High School (Abby's team) vs Somerset High School (KY),Eleanor,Dobyns-Bennett High School (Abby's team),Partial,,,,Partial,10,Dobyns-Bennett High School (Abby's team),1,,"team said Corinthian, ""Classic"" and ""Obelisk""; the host took the first two answers",
S40 E08,Round 1,Tossup,43,What is the disease caused by a deficiency of vitamin C?,Scurvy,Health,Science & Technology,Dobyns-Bennett High School (Abby's team) vs Somerset High School (KY),Quentin,Somerset High School (KY),Correct,,,,Correct,10,Somerset High School (KY),1,,time ran out before the bonus,
S40 E09,Round 1,Tossup,1,What are the proteins released by B cells when antigens have caused an immune response?,Antibodies,Health,Science & Technology,Gibbs High School vs Morristown-Hamblen East High School,Jacob,Gibbs High School,Correct,,,,Correct,10,Gibbs High School,1,,,
S40 E09,Round 1,Bonus,1,Part 1: In what part of the human body is the carotid artery? | Part 2: In what part of the human body is the tibial artery?,Part 1: The neck | Part 2: The lower leg (calf),Health,Science & Technology,Gibbs High School vs Morristown-Hamblen East High School,,Gibbs High School,Correct,,,,Correct,20,Gibbs High School,2,,"the host accepted ""calf"" for Part 2",
S40 E09,Round 1,Tossup,2,What railroad station house at 42nd Street and Park Avenue in Manhattan was built in the Beaux-Arts style in the early 20th century and saved in the 1970s by a preservation campaign spearheaded by Jacqueline Kennedy Onassis?,Grand Central Terminal,Architecture,Fine Arts,Gibbs High School vs Morristown-Hamblen East High School,Jackson,Gibbs High School,Incorrect,,,,Missed,0,None given,1,,"Jackson said ""Grand Central Station""; steal offered to Morristown, no answer captured",
S40 E09,Round 1,Tossup,3,What is the name of a Christian bishop's headdress that comes from the Greek word for turban?,A miter,Religion,Religion & Mythology,Gibbs High School vs Morristown-Hamblen East High School,,,No Buzz,,,,Missed,0,None given,1,,nobody answered in the captions; the host gave the answer,
S40 E09,Round 1,Tossup,4,What is the term for representatives who vote for a specific candidate at their political party convention?,Delegates,Government,Social Studies,Gibbs High School vs Morristown-Hamblen East High School,,Gibbs High School,Correct,,,,Correct,10,Gibbs High School,1,,buzzer not named; team from the bonus deferral to Jacob,
S40 E09,Round 1,Bonus,4,"Part 1: In 2021, a group of legal academics urged which Supreme Court justice to retire so that the Biden administration could name his successor? | Part 2: Who was confirmed by the Senate as Breyer's replacement?",Part 1: Stephen Breyer | Part 2: Ketanji Brown Jackson,Government,Social Studies,Gibbs High School vs Morristown-Hamblen East High School,Jacob,Gibbs High School,Partial,,,,Partial,10,Gibbs High School,2,,team said Kamala Harris for Part 1,
S40 E09,Round 1,Tossup,5,"A short, entertaining account about a real incident or person is called an anecdote. Spell ""anecdote.""",A-N-E-C-D-O-T-E,Spelling,Language Arts,Gibbs High School vs Morristown-Hamblen East High School,Jacob,Gibbs High School,Correct,,,,Correct,10,Gibbs High School,1,,,
S40 E09,Round 1,Bonus,5,"To fail to resist pressure, temptation or some other negative force is to succumb. Spell ""succumb.""",S-U-C-C-U-M-B,Spelling,Language Arts,Gibbs High School vs Morristown-Hamblen East High School,Jacob,Gibbs High School,Correct,,,,Correct,20,Gibbs High School,1,,,
S40 E09,Round 1,Tossup,6,What name is given to the mass per unit volume of a substance or solution?,Density,Science,Science & Technology,Gibbs High School vs Morristown-Hamblen East High School,Jacob,Gibbs High School,Correct,,,,Correct,10,Gibbs High School,1,,,
S40 E09,Round 1,Bonus,6,"In 2022, new evidence suggested that archaeologist Howard Carter stole treasures from the tomb of the boy king when he discovered it in 1922. Who was the boy king?",King Tutankhamun (King Tut),Science,Science & Technology,Gibbs High School vs Morristown-Hamblen East High School,,Gibbs High School,Correct,,,,Correct,20,Gibbs High School,1,,,
S40 E09,Round 1,Tossup,7,"Given that i is the imaginary unit, simplify 2i raised to the fifth power.",32i,Math,Mathematics,Gibbs High School vs Morristown-Hamblen East High School,,Morristown-Hamblen East High School,Incorrect,,,,Missed,0,None given,1,,Morristown's first buzzer not named (answered -5); the steal attempt ran out of time,
S40 E09,Round 1,Tossup,8,Who painted the mural The Last Supper?,Leonardo da Vinci,Art,Fine Arts,Gibbs High School vs Morristown-Hamblen East High School,Jacob,Gibbs High School,Correct,,,,Correct,10,Gibbs High School,1,,,
S40 E09,Round 1,Bonus,8,"What is the title of the painting shown here, created in 1818 by the German artist Caspar David Friedrich and considered one of the masterpieces of the Romantic movement?",Wanderer Above the Sea of Fog,Visual,General & Visual,Gibbs High School vs Morristown-Hamblen East High School,,Gibbs High School,Incorrect,,,,Missed,0,None given,1,,the team's answer is garbled in captions,
S40 E09,Round 1,Tossup,9,Which bandit terrorized Missouri and surrounding areas for about six years following the Civil War?,Jesse James,History,Social Studies,Gibbs High School vs Morristown-Hamblen East High School,,,No Buzz,,,,Missed,0,None given,1,,nobody answered; the host gave the answer,
S40 E09,Round 1,Tossup,10,What is the Spanish word for shoes?,Zapatos,Foreign Language,Foreign Language,Gibbs High School vs Morristown-Hamblen East High School,Jacob,Gibbs High School,Correct,,,,Correct,10,Gibbs High School,1,,,
S40 E09,Round 1,Bonus,10,"Part 1: What commonly used Latin phrase beginning with B means ""in good faith"" or ""genuine""? | Part 2: What is the literal English translation of the Latin phrase ""in vino veritas""?","Part 1: Bona fide | Part 2: In wine, truth",Foreign Language,Foreign Language,Gibbs High School vs Morristown-Hamblen East High School,,Gibbs High School,Incorrect,,,,Missed,0,None given,2,,the team's answers were not accepted,
S40 E09,Round 1,Tossup,11,"What term refers to the low altitude area of a glacier that experiences a net annual loss of ice due to melting, sublimation and other causes?",The ablation zone,Geology,Science & Technology,Gibbs High School vs Morristown-Hamblen East High School,Rylan,Gibbs High School,Incorrect,,,,Missed,0,None given,1,,"Rylan said iceberg; steal offered to Morristown, no answer captured",
S40 E09,Round 1,Tossup,12,What is the only country in the world with three capitals?,South Africa,Geography,Social Studies,Gibbs High School vs Morristown-Hamblen East High School,Kingston,Morristown-Hamblen East High School,Correct,,,,Correct,10,Morristown-Hamblen East High School,1,,,
S40 E09,Round 1,Bonus,12,"An expedition was launched in 2022 to retrace the 813 mile desert trek taken from the Persian Gulf to the Red Sea by Harry Philby 105 years earlier, when he was sent to help T. E. Lawrence muster resistance to Ottoman rule during World War I. Which desert did they cross?",The Arabian Desert,Geography,Social Studies,Gibbs High School vs Morristown-Hamblen East High School,,Morristown-Hamblen East High School,Incorrect,,,,Missed,0,None given,1,,"the team said ""the Arab desert"", and the host required the exact name",
S40 E09,Round 1,Tossup,13,"Who composed the symphonic fairy tale for children ""Peter and the Wolf""?",Sergei Prokofiev,Music,Fine Arts,Gibbs High School vs Morristown-Hamblen East High School,Anna,Gibbs High School,Incorrect,,Morristown-Hamblen East High School,Incorrect,Missed,0,None given,1,,"Anna's name read from ""Alan""; her answer was garbled; Morristown's steal said Mozart",
S40 E09,Round 1,Tossup,14,"In addition to George Washington, which other delegate to the Constitutional Convention became president of the United States?",James Madison,History,Social Studies,Gibbs High School vs Morristown-Hamblen East High School,Hayden,Morristown-Hamblen East High School,Incorrect,Jacob,Gibbs High School,Incorrect,Missed,0,None given,1,,Hayden said Jefferson; Jacob said John Adams,
S40 E09,Round 1,Tossup,15,Which chemical element has the symbol Hg?,Mercury,Chemistry,Science & Technology,Gibbs High School vs Morristown-Hamblen East High School,Hayden,Morristown-Hamblen East High School,Correct,,,,Correct,10,Morristown-Hamblen East High School,1,,,
S40 E09,Round 1,Bonus,15,"Part 1: What synthetic chemical element with atomic number 103 and the symbol Lr is named in honor of the inventor of the cyclotron? | Part 2: Spell ""cyclotron.""",Part 1: Lawrencium | Part 2: C-Y-C-L-O-T-R-O-N,Visual,General & Visual,Gibbs High School vs Morristown-Hamblen East High School,Boyd,Morristown-Hamblen East High School,Correct,,,,Correct,20,Morristown-Hamblen East High School,2,,"the team's pronunciation of ""lawrencium"" was first judged wrong; at halftime the judges reviewed it and awarded the extra ten points, so the bonus is recorded as 20",
S40 E09,Round 1,Tossup,16,What word is used to describe slightly salty water such as that found in marshes near the sea?,Brackish,Vocabulary,Language Arts,Gibbs High School vs Morristown-Hamblen East High School,Jacob,Gibbs High School,Correct,,,,Correct,10,Gibbs High School,1,,,
S40 E09,Round 1,Bonus,16,Part 1: What eight letter word starting with P means a person who knows and is able to use several languages? | Part 2: Spell that word.,Part 1: Polyglot | Part 2: P-O-L-Y-G-L-O-T,Vocabulary,Language Arts,Gibbs High School vs Morristown-Hamblen East High School,Jacob,Gibbs High School,Correct,,,,Correct,20,Gibbs High School,2,,,
S40 E09,Round 1,Tossup,17,The measures of two opposite angles of a rhombus are 3x − 5 and x + 10. Solve for x.,x = 7.5,Geometry,Mathematics,Gibbs High School vs Morristown-Hamblen East High School,Rylan,Gibbs High School,Incorrect,Hayden,Morristown-Hamblen East High School,Incorrect,Missed,0,None given,1,,Rylan said 3/5; Hayden said 7/2,
S40 E09,Round 1,Tossup,18,"According to the proverb, what does the early bird catch?",The worm,Miscellaneous,General & Visual,Gibbs High School vs Morristown-Hamblen East High School,Hayden,Morristown-Hamblen East High School,Correct,,,,Correct,10,Morristown-Hamblen East High School,1,,"buzzer name read from ""Hey""; the host noted the player had not waited to be called on",
S40 E09,Round 1,Bonus,18,What was the favorite dog breed of Queen Elizabeth II?,The corgi,Miscellaneous,General & Visual,Gibbs High School vs Morristown-Hamblen East High School,,Morristown-Hamblen East High School,Correct,,,,Correct,20,Morristown-Hamblen East High School,1,,,
S40 E09,Round 1,Tossup,19,What is the name for the rate that banks charge to large commercial customers with excellent credit for short term loans?,The prime rate,Economics,Social Studies,Gibbs High School vs Morristown-Hamblen East High School,Rylan,Gibbs High School,Incorrect,,Morristown-Hamblen East High School,Incorrect,Missed,0,None given,1,,"Rylan said ""interest""; Morristown conferred on the steal, which is not allowed on tossups",
S40 E09,Round 1,Tossup,20,What is the sacred object sought by the Knights of the Round Table?,The Holy Grail,Literature,Language Arts,Gibbs High School vs Morristown-Hamblen East High School,,Unknown,Correct,,,,Correct,10,Unknown,1,Yes,buzzer and team not identified in captions; team not identified in captions (captions lines 24491-24494),"Nobody gets that one toss up. / Now in literature, what is the sacred object sought by the Knights of the Round Table or the Holy Grail? / Correct in the literature Bonus. / What is the three act play written by Tennessee Williams that includes the characters Blanche Dewar and Stanley Kowalski?"
S40 E09,Round 1,Bonus,20,What is the three act play written by Tennessee Williams that includes the characters Blanche DuBois and Stanley Kowalski?,A Streetcar Named Desire,Literature,Language Arts,Gibbs High School vs Morristown-Hamblen East High School,,Unknown,Incorrect,,,,Missed,0,None given,1,Yes,team said West Side Story; team not identified in captions (captions lines 24493-24500),"Correct in the literature Bonus. / What is the three act play written by Tennessee Williams that includes the characters Blanche Dewar and Stanley Kowalski? / What do you do? / Sad stories, West Side Story. / And that one is A Streetcar Named Desire. / No points on the bonus. / Back to tossups in astronomy. / What is the term for the point of the moon's orbit that is closest to Earth?"
S40 E09,Round 1,Tossup,21,What is the term for the point of the moon's orbit that is closest to Earth?,Perigee,Astronomy,Science & Technology,Gibbs High School vs Morristown-Hamblen East High School,Rylan,Gibbs High School,Incorrect,Boyd,Morristown-Hamblen East High School,Incorrect,Missed,0,None given,1,,Rylan said elliptical; Boyd said equinox,
S40 E09,Round 1,Tossup,22,"What does the French expression ""j'ai mal à la tête"" translate to in English?",I have a headache,Foreign Language,Foreign Language,Gibbs High School vs Morristown-Hamblen East High School,,,No Buzz,,,,Missed,0,None given,1,,nobody gave a usable answer; the host explained it means a headache,
S40 E09,Round 1,Tossup,23,What is the national sport of Japan?,Sumo wrestling,Sports,General & Visual,Gibbs High School vs Morristown-Hamblen East High School,Hayden,Morristown-Hamblen East High School,Correct,,,,Correct,10,Morristown-Hamblen East High School,1,,,
S40 E09,Round 1,Bonus,23,Part 1: What do the letters NCAA represent? | Part 2: What do the letters BCS represent in college football?,Part 1: National Collegiate Athletic Association | Part 2: Bowl Championship Series,Sports,General & Visual,Gibbs High School vs Morristown-Hamblen East High School,Kingston,Morristown-Hamblen East High School,Partial,,,,Partial,10,Morristown-Hamblen East High School,2,,"team said ""college sports"" for Part 2",
S40 E09,Round 1,Tossup,24,Which range of hills and mountains extends from southern Illinois across Missouri and into Arkansas and Oklahoma?,The Ozark Mountains,Geography,Social Studies,Gibbs High School vs Morristown-Hamblen East High School,Jackson,Gibbs High School,Incorrect,,,,Missed,0,None given,1,,"Jackson said the Appalachians; steal offered to Morristown, no answer captured; the clock ran out before the next tossup",
S40 E09,Round 1,Tossup,25,"In the sentence ""Get away from there,"" what part of speech is the word ""there""?",A noun,English,Language Arts,Gibbs High School vs Morristown-Hamblen East High School,,Gibbs High School,Incorrect,,Morristown-Hamblen East High School,Correct,Correct,10,Morristown-Hamblen East High School,1,,Gibbs' first buzzer not named (said preposition); Morristown's stealing player not named,
S40 E09,Round 1,Bonus,25,"Part 1: Is the following sentence in the active or passive voice? ""I will introduce you to my boss this week."" | Part 2: Is the sentence ""The money was stolen"" in the active or passive voice?",Part 1: Active | Part 2: Passive,English,Language Arts,Gibbs High School vs Morristown-Hamblen East High School,,Morristown-Hamblen East High School,Correct,,,,Correct,20,Morristown-Hamblen East High School,2,,,
S40 E09,Round 1,Tossup,26,Frog and toad larvae are commonly known as what?,Tadpoles,Biology,Science & Technology,Gibbs High School vs Morristown-Hamblen East High School,,Unknown,Correct,,,,Correct,10,Unknown,1,Yes,buzzer and team not identified in captions; team not identified in captions (captions lines 24576-24578),"20 points plus up now in biology, frog and toad larvae are commonly known as what, ten tadpoles? / Yeah, and a biology bonus. / Researchers worried that boat traffic near the Chilean Patagonia was impacting the foraging and nursing habit."
S40 E09,Round 1,Bonus,26,Researchers worried that boat traffic near Chilean Patagonia was impacting the foraging and nursing habits of what giant sea creature with the scientific name Balaenoptera musculus?,The blue whale,Biology,Science & Technology,Gibbs High School vs Morristown-Hamblen East High School,,Unknown,Incorrect,,,,Missed,0,None given,1,Yes,"team said ""baleen whales"", which the host said was not specific enough; team not identified in captions (captions lines 24577-24585)","Yeah, and a biology bonus. / Researchers worried that boat traffic near the Chilean Patagonia was impacting the foraging and nursing habit. / For what giant sea creature with the scientific name Bayley. / And after a merciless device, a whale baleen whales. / Well, the blue whale Can't take that. / But it is a whale. / No points on it. / Toss up now in mouth. / What are the next two numbers in the sequence?"
S40 E09,Round 1,Tossup,27,"What are the next two numbers in the sequence 12, 9, 6, 3, 0?",-3 and -6,Math,Mathematics,Gibbs High School vs Morristown-Hamblen East High School,,Morristown-Hamblen East High School,Correct,,,,Correct,10,Morristown-Hamblen East High School,1,,"buzzer not named; team from ""visual bonus for Morristown""",
S40 E09,Round 1,Bonus,27,What is the greatest common factor of the numbers 144 and 84?,12,Visual,General & Visual,Gibbs High School vs Morristown-Hamblen East High School,,Morristown-Hamblen East High School,Correct,,,,Correct,20,Morristown-Hamblen East High School,1,,,
S40 E09,Round 1,Tossup,28,"What billionaire singer-songwriter has had number one hits with ""Anti-Hero"" and ""Cruel Summer""?",Taylor Swift,Music,Fine Arts,Gibbs High School vs Morristown-Hamblen East High School,,Unknown,Correct,,,,Correct,10,Unknown,1,Yes,buzzer and team not identified in captions; team not identified in captions,
S40 E09,Round 1,Bonus,28,What Texas-born singer has sold over 25 million albums worldwide and was the first winner of the TV singing competition American Idol?,Kelly Clarkson,Music,Fine Arts,Gibbs High School vs Morristown-Hamblen East High School,,Unknown,Correct,,,,Correct,20,Unknown,1,Yes,team not identified in captions (captions lines 24598-24602),Taylor Swift is writing a music bonus. / Now what Texas born singer has sold over 25 million albums worldwide and was the first winner of the TV singing competition. / American Idol Kelly Clarkson. / Think Kelly Clarkson is right for 20 toss up now in government. / Which political or governmental body has the power to admit new states to the union?
S40 E09,Round 1,Tossup,29,Which political or governmental body has the power to admit new states to the Union?,Congress,Government,Social Studies,Gibbs High School vs Morristown-Hamblen East High School,,Gibbs High School,Correct,,,,Correct,10,Gibbs High School,1,,"buzzer not named; team from ""government bonus for Gibbs""",
S40 E09,Round 1,Bonus,29,"Part 1: What document issued by a government official authorizes the police to arrest someone or search their premises? | Part 2: What two word phrase, from the name of a 1966 Supreme Court decision, describes the Fifth and Sixth Amendment protections about which an arrested person must be informed?",Part 1: A warrant | Part 2: Miranda rights,Government,Social Studies,Gibbs High School vs Morristown-Hamblen East High School,,Gibbs High School,Correct,,,,Correct,20,Gibbs High School,2,,,
S40 E09,Round 1,Tossup,30,"What is the indigenous name for the group of culturally similar peoples inhabiting the Arctic and subarctic regions of Alaska, Canada and Greenland?",The Inuit,Vocabulary,Language Arts,Gibbs High School vs Morristown-Hamblen East High School,Boyd,Morristown-Hamblen East High School,Correct,,,,Correct,10,Morristown-Hamblen East High School,1,,,
S40 E09,Round 1,Bonus,30,"What 11 letter word beginning with E is the antonym of ""thrifty""?",Extravagant,Vocabulary,Language Arts,Gibbs High School vs Morristown-Hamblen East High School,,Morristown-Hamblen East High School,Incorrect,,,,Missed,0,None given,1,,"team said ""expensive""",
S40 E09,Round 1,Tossup,31,Thirty volts is needed to force a direct current of six amps through a coil. What is the resistance in ohms?,5 ohms,Physics,Science & Technology,Gibbs High School vs Morristown-Hamblen East High School,Jacob,Gibbs High School,Correct,,,,Correct,10,Gibbs High School,1,,,
S40 E09,Round 1,Bonus,31,Name two of the three types of nuclear reactions.,"Any two of: fusion, fission, radioactive decay",Physics,Science & Technology,Gibbs High School vs Morristown-Hamblen East High School,Jacob,Gibbs High School,Incorrect,,,,Missed,0,None given,1,,the team's answers were not accepted,
S40 E09,Round 1,Tossup,32,What was the first substance successfully used as a surgical anesthetic?,Chloroform (per the host),Health,Science & Technology,Gibbs High School vs Morristown-Hamblen East High School,Jacob,Gibbs High School,Incorrect,Boyd,Morristown-Hamblen East High School,Incorrect,Missed,0,None given,1,,Jacob said ether; Boyd's answer was also rejected; the host's answer was chloroform,
S40 E09,Round 1,Tossup,33,"What game for two players uses 64 identical disks that are light on one side and dark on the other, placed on an uncheckered board, with the winner being the player with more disks showing in their color at the end?",Reversi (Othello),Games,General & Visual,Gibbs High School vs Morristown-Hamblen East High School,Dorian,Morristown-Hamblen East High School,Incorrect,,,,Missed,0,None given,1,,"Dorian said checkers; steal offered to Gibbs, no answer captured",
S40 E09,Round 1,Tossup,34,Who was the first pilot to break the sound barrier?,Chuck Yeager,U.S. History,Social Studies,Gibbs High School vs Morristown-Hamblen East High School,Jackson,Gibbs High School,Correct,,,,Correct,10,Gibbs High School,1,,,
S40 E09,Round 1,Bonus,34,Part 1: Which president left office after losing to President Harrison and returned to office after defeating President Harrison? | Part 2: What was Grover Cleveland's first name?,Part 1: Grover Cleveland | Part 2: Stephen,U.S. History,Social Studies,Gibbs High School vs Morristown-Hamblen East High School,Jackson,Gibbs High School,Incorrect,,,,Missed,0,None given,2,,"the team missed both parts (said ""Grover"" for Part 2)",
S40 E09,Round 1,Tossup,35,In what town were the presents stolen by the Grinch in the Dr. Seuss tale?,Whoville,Literature,Language Arts,Gibbs High School vs Morristown-Hamblen East High School,Hayden,Morristown-Hamblen East High School,Correct,,,,Correct,10,Morristown-Hamblen East High School,1,,,
S40 E09,Round 1,Bonus,35,"The poster shown here represents the supreme authority of a totalitarian state called Oceania, where the party has the highest authority over the people, in what dystopian 1949 novel by which author?",1984 by George Orwell,Visual,General & Visual,Gibbs High School vs Morristown-Hamblen East High School,,Morristown-Hamblen East High School,Correct,,,,Correct,20,Morristown-Hamblen East High School,1,,the host required both the title and the author,
S40 E09,Round 1,Tossup,36,Which chemical element is named for the Norse god of thunder?,Thorium,Chemistry,Science & Technology,Gibbs High School vs Morristown-Hamblen East High School,,Gibbs High School,Correct,,,,Correct,10,Gibbs High School,1,,"buzzer not named; team from ""chemistry bonus for Gibbs""",
S40 E09,Round 1,Bonus,36,"In 2023, Amsterdam's city council voted to ban cruise ships from docking at the city's main terminal, pointing out that big ships produce the same level per day as 30,000 trucks of what pollutants, known as NOx?",Nitrogen oxides,Chemistry,Science & Technology,Gibbs High School vs Morristown-Hamblen East High School,,Gibbs High School,Incorrect,,,,Missed,0,None given,1,,the team's answer was incomplete (the host explained NOx is the sum of NO and NO2),
S40 E09,Round 1,Tossup,37,What is a 12 sided polygon called?,A dodecagon,Geometry,Mathematics,Gibbs High School vs Morristown-Hamblen East High School,,Unknown,Correct,,,,Correct,10,Unknown,1,Yes,buzzer and team not identified in captions; team not identified in captions (captions lines 24648-24653),"It refers to nitrogen oxides, which is the sum of snow and O2 toss up in geometry. / What is a 12 sided polygon called Greenland? / Don't pack a gun. / Yes. / And a geometry bonus. / Find the area of an isosceles right triangle with hypotenuse of five inches 12.50, it's less at 6.25 square inches."
S40 E09,Round 1,Bonus,37,Find the area of an isosceles right triangle with a hypotenuse of five inches.,6.25 square inches,Geometry,Mathematics,Gibbs High School vs Morristown-Hamblen East High School,,Unknown,Incorrect,,,,Missed,0,None given,1,Yes,team said 12.5; team not identified in captions (captions lines 24652-24654),"And a geometry bonus. / Find the area of an isosceles right triangle with hypotenuse of five inches 12.50, it's less at 6.25 square inches. / Have that tossup now in art which Russian goldsmith became famous for his jeweled eggs."
S40 E09,Round 1,Tossup,38,Which Russian goldsmith became famous for his jeweled eggs?,Fabergé,Art,Fine Arts,Gibbs High School vs Morristown-Hamblen East High School,,Gibbs High School,Incorrect,Boyd,Morristown-Hamblen East High School,Correct,Correct,10,Morristown-Hamblen East High School,1,,Gibbs' first buzzer not named and the answer garbled in captions,
S40 E09,Round 1,Bonus,38,"Part 1: In 1498, a French cardinal who lived in Rome commissioned which sculptor and painter to carve the Pietà? | Part 2: For how many different popes did Michelangelo create art?",Part 1: Michelangelo | Part 2: Nine,Art,Fine Arts,Gibbs High School vs Morristown-Hamblen East High School,,Morristown-Hamblen East High School,Incorrect,,,,Missed,0,None given,2,,team said da Vinci and eight,
S40 E09,Round 1,Tossup,39,In which mountain chain is Mount Everest?,The Himalayas,Geography,Social Studies,Gibbs High School vs Morristown-Hamblen East High School,Kingston,Morristown-Hamblen East High School,Incorrect,Jackson,Gibbs High School,Correct,Correct,10,Gibbs High School,1,,Kingston said the Andes,
S40 E09,Round 1,Bonus,39,"The lyrics of the Marine Corps Hymn refer to the shores of Tripoli, where the Marines hoisted the American flag in 1805 in the war against the pirates of the Barbary states. Of which African country is Tripoli the capital?",Libya,Geography,Social Studies,Gibbs High School vs Morristown-Hamblen East High School,Jackson,Gibbs High School,Correct,,,,Correct,20,Gibbs High School,1,,,
S40 E09,Round 1,Tossup,40,What is the French word for table?,Table,Foreign Language,Foreign Language,Gibbs High School vs Morristown-Hamblen East High School,,,No Buzz,,,,Missed,0,None given,1,,the captions are garbled; nobody gave a usable answer,
S40 E09,Round 1,Tossup,41,What do we call a change in frequency of a wave that occurs when there is a change in the distance between source and receiver?,The Doppler effect,Science,Science & Technology,Gibbs High School vs Morristown-Hamblen East High School,,,No Buzz,,,,Missed,0,None given,1,,nobody answered; the host gave the answer,
S40 E09,Round 1,Tossup,42,"What naval hero from Knoxville is remembered for his famous rallying cry ""Damn the torpedoes""?",Admiral David Farragut,U.S. History,Social Studies,Gibbs High School vs Morristown-Hamblen East High School,Jacob,Gibbs High School,Incorrect,,,,Missed,0,None given,1,,"Jacob said Admiral Nelson; steal offered to Morristown, no answer captured",
S40 E09,Round 1,Tossup,43,"Who composed the opera Lohengrin, which includes the bridal chorus generally known as ""Here Comes the Bride""?",Richard Wagner,Music,Fine Arts,Gibbs High School vs Morristown-Hamblen East High School,,Morristown-Hamblen East High School,Incorrect,,,,Missed,0,None given,1,,"Morristown's buzzer not named (said Tchaikovsky); steal offered to Gibbs, no answer captured",
S40 E09,Round 1,Tossup,44,For what product is De Beers famous?,Diamonds,Economics,Social Studies,Gibbs High School vs Morristown-Hamblen East High School,Kingston,Morristown-Hamblen East High School,Correct,,,,Correct,10,Morristown-Hamblen East High School,1,,,
S40 E09,Round 1,Bonus,44,Name the two categories in which commodities are sorted.,Tangible and intangible goods,Economics,Social Studies,Gibbs High School vs Morristown-Hamblen East High School,,Morristown-Hamblen East High School,Incorrect,,,,Missed,0,None given,1,,team said imports and exports,
S40 E09,Round 1,Tossup,45,"What mythical creature has the body, tail and back legs of a lion and the head, wings and talons of an eagle?",A griffin,Mythology,Religion & Mythology,Gibbs High School vs Morristown-Hamblen East High School,Boyd,Morristown-Hamblen East High School,Correct,,,,Correct,10,Morristown-Hamblen East High School,1,,,
S40 E09,Round 1,Bonus,45,"Part 1: What is the name of the mythological Polynesian god credited with creating the Polynesian islands and giving the gift of fire to humans? | Part 2: In their mythology, which island country was formed when a giant fish caught by Maui was split into an island?",Part 1: Maui | Part 2: New Zealand,Mythology,Religion & Mythology,Gibbs High School vs Morristown-Hamblen East High School,,Morristown-Hamblen East High School,Partial,,,,Partial,10,Morristown-Hamblen East High School,2,,team said Samoa for Part 2,
S40 E09,Round 1,Tossup,46,The type of pet parakeet known as a budgie is native to what continent?,Australia,Biology,Science & Technology,Gibbs High School vs Morristown-Hamblen East High School,Boyd,Morristown-Hamblen East High School,Correct,,,,Correct,10,Morristown-Hamblen East High School,1,,,
S40 E09,Round 1,Bonus,46,Name two of the pigments involved in the process of leaves changing their colors in the fall.,"Any two of: chlorophyll, anthocyanins, carotenoids",Biology,Science & Technology,Gibbs High School vs Morristown-Hamblen East High School,,Morristown-Hamblen East High School,Partial,,,,Partial,10,Morristown-Hamblen East High School,1,,team named chlorophyll and one wrong answer,
S40 E09,Round 1,Tossup,47,"In exponential form, what is four times three raised to the fifth power?",3 to the ninth power (per the host),Algebra,Mathematics,Gibbs High School vs Morristown-Hamblen East High School,Rylan,Gibbs High School,Incorrect,Kingston,Morristown-Hamblen East High School,Correct,Correct,10,Morristown-Hamblen East High School,1,,Rylan said 12 to the 20th; the question text is only partly clear in the captions; the bonus was cut off by the end of time,
S40 E10,Round 1,Tossup,1,"What Broadway musical includes the songs ""I Whistle a Happy Tune"" and ""Shall We Dance?""",The King and I,Music,Fine Arts,L&N STEM Academy (Jared's team) vs J. Frank White Academy (Tyler's team),Jared,L&N STEM Academy (Jared's team),Correct,,,,Correct,10,L&N STEM Academy (Jared's team),1,,,
S40 E10,Round 1,Bonus,1,"Part 1: Which Ashman and Menken musical includes the songs ""Skid Row,"" ""Suddenly Seymour"" and ""Somewhere That's Green""? | Part 2: What is the name of the plant?",Part 1: Little Shop of Horrors | Part 2: Audrey II,Music,Fine Arts,L&N STEM Academy (Jared's team) vs J. Frank White Academy (Tyler's team),,L&N STEM Academy (Jared's team),Partial,,,,Partial,10,L&N STEM Academy (Jared's team),2,,team said Venus flytrap for Part 2,
S40 E10,Round 1,Tossup,2,What are the organelles of the cell that take in nutrients and create energy-rich molecules for the cell?,Mitochondria,Biology,Science & Technology,L&N STEM Academy (Jared's team) vs J. Frank White Academy (Tyler's team),Jared,L&N STEM Academy (Jared's team),Correct,,,,Correct,10,L&N STEM Academy (Jared's team),1,,,
S40 E10,Round 1,Bonus,2,Part 1: What is the sheath of cells and connective tissue that surrounds the root of a hair? | Part 2: What is the stalk that joins a stem to a leaf?,Part 1: A follicle | Part 2: A petiole,Biology,Science & Technology,L&N STEM Academy (Jared's team) vs J. Frank White Academy (Tyler's team),,L&N STEM Academy (Jared's team),Partial,,,,Partial,10,L&N STEM Academy (Jared's team),2,,no answer for Part 2,
S40 E10,Round 1,Tossup,3,"Which part of the blood is made of small, granular fragments of cells that promote clotting?",Platelets,Health,Science & Technology,L&N STEM Academy (Jared's team) vs J. Frank White Academy (Tyler's team),Jared,L&N STEM Academy (Jared's team),Correct,,,,Correct,10,L&N STEM Academy (Jared's team),1,,,
S40 E10,Round 1,Bonus,3,"In 2022, Texas sued Google for capturing data of Texans without their consent, including voice prints and records of face geometry. This type of data is known by what name?",Biometrics,Health,Science & Technology,L&N STEM Academy (Jared's team) vs J. Frank White Academy (Tyler's team),,L&N STEM Academy (Jared's team),Correct,,,,Correct,20,L&N STEM Academy (Jared's team),1,,,
S40 E10,Round 1,Tossup,4,What river flows southwest for 337 miles in Virginia and Tennessee and is dammed by both Norris Dam and Melton Hill Dam?,The Clinch River,Geography,Social Studies,L&N STEM Academy (Jared's team) vs J. Frank White Academy (Tyler's team),Jay,J. Frank White Academy (Tyler's team),Incorrect,,,,Missed,0,None given,1,,"Jay said the Tennessee River; steal offered to L&N, no answer captured",
S40 E10,Round 1,Tossup,5,What is the official language of Venezuela?,Spanish,Foreign Language,Foreign Language,L&N STEM Academy (Jared's team) vs J. Frank White Academy (Tyler's team),Jared,L&N STEM Academy (Jared's team),Correct,,,,Correct,10,L&N STEM Academy (Jared's team),1,,,
S40 E10,Round 1,Bonus,5,Which variety of Persian is the official language of Iran?,Farsi,Foreign Language,Foreign Language,L&N STEM Academy (Jared's team) vs J. Frank White Academy (Tyler's team),,L&N STEM Academy (Jared's team),Incorrect,,,,Missed,0,None given,1,,team said Urdu,
S40 E10,Round 1,Tossup,6,What is the simple interest on $500 invested for two years at a 5% rate?,$50,Math,Mathematics,L&N STEM Academy (Jared's team) vs J. Frank White Academy (Tyler's team),Jared,L&N STEM Academy (Jared's team),Correct,,,,Correct,10,L&N STEM Academy (Jared's team),1,,,
S40 E10,Round 1,Bonus,6,"In a certain geometric progression, the third term is 12 and the fourth term is 48. What is the fifth term?",192,Math,Mathematics,L&N STEM Academy (Jared's team) vs J. Frank White Academy (Tyler's team),,L&N STEM Academy (Jared's team),Correct,,,,Correct,20,L&N STEM Academy (Jared's team),1,,,
S40 E10,Round 1,Tossup,7,What is the term for a pull or a push applied or exerted on an object?,Force,Physics,Science & Technology,L&N STEM Academy (Jared's team) vs J. Frank White Academy (Tyler's team),,Unknown,Correct,,,,Correct,10,Unknown,1,Yes,buzzer and team not identified in captions; team not identified in captions (captions lines 23901-23902),"Toss it now in physics, what is the term for a pull or a push applied or exerted force on an object in a physics bonus? / What has a lower frequency infrared rays or microwaves?"
S40 E10,Round 1,Bonus,7,Part 1: Which has a lower frequency: infrared rays or microwaves? | Part 2: Which has a lower frequency: AM or FM radio?,Part 1: Microwaves | Part 2: AM,Physics,Science & Technology,L&N STEM Academy (Jared's team) vs J. Frank White Academy (Tyler's team),,Unknown,Partial,,,,Partial,10,Unknown,2,Yes,team said FM for Part 2; team not identified in captions (captions lines 23901-23908),"Toss it now in physics, what is the term for a pull or a push applied or exerted force on an object in a physics bonus? / What has a lower frequency infrared rays or microwaves? / I think I think to my question, microwave break for ten. / What is a lower frequency AM or FM, as in radio FM? / No, that's megahertz. / AM is only in kilohertz. / Ten points on that toss up. / Now, in art for all players, what is the resulting color when mixing blue in yellow Jay Green is right in a visual bonus for Jay Frank White Take a look at the screens."
S40 E10,Round 1,Tossup,8,What is the resulting color when mixing blue and yellow?,Green,Art,Fine Arts,L&N STEM Academy (Jared's team) vs J. Frank White Academy (Tyler's team),Jay,J. Frank White Academy (Tyler's team),Correct,,,,Correct,10,J. Frank White Academy (Tyler's team),1,,,
S40 E10,Round 1,Bonus,8,Part 1: What is the title of this artistic interpretation of the 1954 coup d'état to overthrow the President of Guatemala? | Part 2: Who was the artist?,Part 1: Gloriosa Victoria | Part 2: Diego Rivera,Visual,General & Visual,L&N STEM Academy (Jared's team) vs J. Frank White Academy (Tyler's team),,J. Frank White Academy (Tyler's team),Incorrect,,,,Missed,0,None given,2,,team said Frida Kahlo for Part 2; Part 1 garbled in captions,
S40 E10,Round 1,Tossup,9,What is the name of George Washington's historic home in Virginia?,Mount Vernon,U.S. History,Social Studies,L&N STEM Academy (Jared's team) vs J. Frank White Academy (Tyler's team),Cameron,L&N STEM Academy (Jared's team),Correct,,,,Correct,10,L&N STEM Academy (Jared's team),1,,,
S40 E10,Round 1,Bonus,9,Name two of the three R's in Franklin Roosevelt's New Deal.,"Any two of: relief, recovery, reform",U.S. History,Social Studies,L&N STEM Academy (Jared's team) vs J. Frank White Academy (Tyler's team),,L&N STEM Academy (Jared's team),Incorrect,,,,Missed,0,None given,1,,team said restoration and reparation,
S40 E10,Round 1,Tossup,10,"What is the term for an implied comparison such as ""a heart of stone""?",A metaphor,Vocabulary,Language Arts,L&N STEM Academy (Jared's team) vs J. Frank White Academy (Tyler's team),Jared,L&N STEM Academy (Jared's team),Correct,,,,Correct,10,L&N STEM Academy (Jared's team),1,,,
S40 E10,Round 1,Bonus,10,Part 1: What 11 letter word beginning with R means to echo or produce an after-effect? | Part 2: Spell that word.,Part 1: Reverberate | Part 2: R-E-V-E-R-B-E-R-A-T-E,Vocabulary,Language Arts,L&N STEM Academy (Jared's team) vs J. Frank White Academy (Tyler's team),,L&N STEM Academy (Jared's team),Correct,,,,Correct,20,L&N STEM Academy (Jared's team),2,,,
S40 E10,Round 1,Tossup,11,Which of the apostles was a tax collector before following Jesus?,Matthew,Religion,Religion & Mythology,L&N STEM Academy (Jared's team) vs J. Frank White Academy (Tyler's team),Jared,L&N STEM Academy (Jared's team),Incorrect,Logan,J. Frank White Academy (Tyler's team),Correct,Correct,10,J. Frank White Academy (Tyler's team),1,,Jared's answer is garbled in captions,
S40 E10,Round 1,Bonus,11,Name two of the seven sacraments of Catholicism.,"Any two of: baptism, confirmation, Eucharist, reconciliation, anointing of the sick, holy orders, matrimony",Religion,Religion & Mythology,L&N STEM Academy (Jared's team) vs J. Frank White Academy (Tyler's team),,J. Frank White Academy (Tyler's team),Incorrect,,,,Missed,0,None given,1,,"team answered with Ten Commandment items (steal, gossip)",
S40 E10,Round 1,Tossup,12,What is the chemical formula for glucose?,C6H12O6,Chemistry,Science & Technology,L&N STEM Academy (Jared's team) vs J. Frank White Academy (Tyler's team),,Unknown,Correct,,,,Correct,10,Unknown,1,Yes,buzzer and team not identified in captions; team not identified in captions (captions lines 23939-23942),No points on the bonus test up in chemistry. / What is the chemical formula for glucose? / c6h 1206 That's it. / And a chemistry bonus now which in this pair of solvents has the highest flash point acetone or acetic acid?
S40 E10,Round 1,Bonus,12,Part 1: Which of this pair of solvents has the highest flash point: acetone or acetic acid? | Part 2: Which of this pair of solvents has the highest flash point: turpentine or methanol?,Part 1: Acetic acid | Part 2: Turpentine,Chemistry,Science & Technology,L&N STEM Academy (Jared's team) vs J. Frank White Academy (Tyler's team),,Unknown,Partial,,,,Partial,10,Unknown,2,Yes,team said acetone for Part 1; team not identified in captions (captions lines 23942-23947),"And a chemistry bonus now which in this pair of solvents has the highest flash point acetone or acetic acid? / Answer Acetone. / That's acetic acid, which in this pair of solvents has the highest flash point turpentine or methanol. / Turpentine. / Turpentine is right ten points on the bonus toss up now in government. / What part of the US Constitution explains the six purposes of government?"
S40 E10,Round 1,Tossup,13,What part of the U.S. Constitution explains the six purposes of government?,The Preamble,Government,Social Studies,L&N STEM Academy (Jared's team) vs J. Frank White Academy (Tyler's team),Jared,L&N STEM Academy (Jared's team),Incorrect,,J. Frank White Academy (Tyler's team),Incorrect,Missed,0,None given,1,,"Jared said Article I; J. Frank White conferred on the steal, which is not allowed",
S40 E10,Round 1,Tossup,14,"To the nearest hour, how long is it between low tide and high tide?",Six hours,Science,Science & Technology,L&N STEM Academy (Jared's team) vs J. Frank White Academy (Tyler's team),Jay,J. Frank White Academy (Tyler's team),Incorrect,Jared,L&N STEM Academy (Jared's team),Correct,Correct,10,L&N STEM Academy (Jared's team),1,,"Jay's name read from ""Jake""; he said 12 hours",
S40 E10,Round 1,Bonus,14,"Who was the American paleontologist and fossil hunter shown here who served as president of the American Museum of Natural History for 25 years, popularizing science to millions of museum visitors?",Henry Fairfield Osborn,Visual,General & Visual,L&N STEM Academy (Jared's team) vs J. Frank White Academy (Tyler's team),,L&N STEM Academy (Jared's team),Incorrect,,,,Missed,0,None given,1,,team said Burgess,
S40 E10,Round 1,Tossup,15,"What famous American poet wrote ""I Know Why the Caged Bird Sings""?",Maya Angelou,Literature,Language Arts,L&N STEM Academy (Jared's team) vs J. Frank White Academy (Tyler's team),Jared,L&N STEM Academy (Jared's team),Correct,,,,Correct,10,L&N STEM Academy (Jared's team),1,,,
S40 E10,Round 1,Bonus,15,Part 1: What is the term for an eight line stanza written in iambic pentameter? | Part 2: What is the term for a three line stanza?,Part 1: Octave | Part 2: Tercet,Literature,Language Arts,L&N STEM Academy (Jared's team) vs J. Frank White Academy (Tyler's team),,L&N STEM Academy (Jared's team),Incorrect,,,,Missed,0,None given,2,,"team said ""octet"" and a wrong answer for ""triplet""",
