Questions Row,Episode,Round,Question Type,Question #,Question Text,Correct Answer,Matchup,Answered By,Team,Result,Steal By,Steal Team,Steal Result,Outcome,Points,Points To,Review Notes,Transcript Excerpt
43,S40 E01,Round 1,Tossup,25,"What game is played on a flat felt mat with sets of small disks, a pot which is the target, and a collection of squidgers, which are the larger disks used to shoot the smaller disks into the target?",Tiddlywinks,Christian Academy of Knoxville vs Carter High School,,Unknown,Incorrect,,,,Missed,0,None given,"buzzer and team not identified in captions; the answer given was shuffleboard, and the host said the team had been conferring on a tossup; team not identified in captions (captions lines 28498-28505)","What game is played on a flat felt mat with sets of small disks, a pot which is the target, and a collection of squiggles which are the larger disks used to shoot the smaller disks into the target. / And we can't look shuffleboard. / No, that's not it. / I know you guys were conferring on a toss up, so I can't. / I can't take it anyway. / Ask your grandparents if they ever heard of Tiddledywinks. / That's. / toss up now in chemistry, What is the chemical formula for phosphoric acid?"
53,S40 E01,Round 1,Bonus,30,"Guests on the Lockdown Sessions album included Miley Cyrus, Lil Nas X, Charlie Puth and others. The album's first single, ""Cold Heart,"" with guest Dua Lipa, made which superstar the first solo artist to reach the UK top ten in six separate decades?",Elton John,Christian Academy of Knoxville vs Carter High School,,Christian Academy of Knoxville,Incorrect,,,,Missed,0,None given,"the team's answer is garbled in captions (""SCISSOR"") and the host said ""That's Elton John"" without giving points, so it was probably missed (captions lines 28529-28533)","So that's 20 points plus up now in music who at age eight began singing lead in the Jackson five, Harrison, Michael Jackson and a music bonus. / Guests on the lockdown sessions album included Miley Cyrus, Lil Nas X, Charlie Puth and others. / The album's first single, Cold Heart, with guest Dua LIPA made, which superstar the first solo artist to reach the UK top ten in six separate decades. / SCISSOR That's Elton John is the guy who's been around that long to set for all players in science. / What is the attractive force that acts between molecules of different substances?"
112,S40 E02,Round 1,Tossup,20,What is the common name for acetylsalicylic acid?,Aspirin,Hardin Valley Academy (Zoe's team) vs Harriman High School,,Unknown,Incorrect,,,,Missed,0,None given,buzzer and team not identified in captions (answered salicylic acid); team not identified in captions (captions lines 27930-27935),No points toss up in health. / What is the common name for acetyl? / Salicylic acid? / Nope. / Aspirin is what I described that for all players in foreign language. / What is the Latin word for the minimum number of members required to be present at an assembly?
196,S40 E03,Round 1,Bonus,30,"What international organization provides secure access to global databases containing police information on criminals and crime, operational and forensic support, analytical services and training to 195 member countries through National Central Bureaus?",Interpol,Grace Christian Academy vs Central High School (Knoxville),,Grace Christian Academy,Incorrect,,,,Missed,0,None given,"the captions do not show the team's answer; the host said ""They are the international police and they go by the name Interpol"" without saying points, so it was probably missed (captions lines 27554-27557)","Christian tariff Yes, for ten government bonus. / What international organization provides secure access to global databases containing police information on criminals in crime, operational and forensic support, analytical services and training to 195 member countries through National Crime Committee. / They are the international police and they go by the name Interpol, toss up everybody in biology. / What physical feature makes the manatee helpless on land?"
213,S40 E03,Round 1,Tossup,40,Poland regained its independence at the end of what war?,World War I,Grace Christian Academy vs Central High School (Knoxville),,Unknown,Correct,,,,Correct,10,Unknown,buzzer and team not identified in captions; team not identified in captions (captions lines 27625-27627),"But we'll take that 20 points toss up for every one in history. / Poland regained its independence at the end of what version or one at the end of World War One. / And a history bonus Now which 64,000 year old weapon helped Homo sapiens conquer the planet before being overtaken by guns."
214,S40 E03,Round 1,Bonus,40,"Which 64,000 year old weapon helped Homo sapiens conquer the planet before being overtaken by guns?",The bow and arrow,Grace Christian Academy vs Central High School (Knoxville),,Unknown,Incorrect,,,,Missed,0,None given,"team said ""sword""; team not identified in captions (captions lines 27627-27630)","And a history bonus Now which 64,000 year old weapon helped Homo sapiens conquer the planet before being overtaken by guns. / Sword, A bow and arrow is the early weapon we're talking about there. / No points on the bonus toss up in health. / What is the part of the tooth that is above the gum and covered with enamel?"
315,S40 E05,Round 1,Tossup,7,"What is the term for trying to get someone to do wrong by offering him or her special favors, bribery or money?",[unclear],Farragut High School vs Rockwood High School,,Farragut High School,Correct,,,,Correct,10,Farragut High School,"the buzzer's answer is merged into the question in the captions (""special favors Some bribery or money is right""); probably ""corruption""; the same question appears in S41 E53 T11; team from ""bonus in government for Farragut"" (captions lines 26332-26336)",No points toss up in government. / What is the term for trying to get someone to do wrong by offering him or her special favors? / Some bribery or money is right. / Bonus in government for Farragut. / What is the term for the constitutional division of power between the US state governments and the national government?
335,S40 E05,Round 1,Tossup,17,What is the name of the series of laws passed after the Boston Tea Party?,The Intolerable Acts,Farragut High School vs Rockwood High School,,Unknown,Correct,,,,Correct,10,Unknown,buzzer and team not identified in captions; team not identified in captions (captions lines 26421-26423),"Fortnite write for 20 points Toss up in U.S. History. / What is the name of the series of laws passed after the Boston Tea Party written Intolerable Acts? / That's right for ten points and a bonus in U.S. history who surrendered his army of some 8000 British soldiers to General George Washington, giving up any chance of the British winning the Revolutionary War."
336,S40 E05,Round 1,Bonus,17,"Part 1: Who surrendered his army of some 8,000 British soldiers to General George Washington, giving up any chance of the British winning the Revolutionary War? | Part 2: Where did the surrender take place?",Part 1: Cornwallis | Part 2: Yorktown,Farragut High School vs Rockwood High School,,Unknown,Correct,,,,Correct,20,Unknown,team not identified in captions (captions lines 26423-26429),"That's right for ten points and a bonus in U.S. history who surrendered his army of some 8000 British soldiers to General George Washington, giving up any chance of the British winning the Revolutionary War. / And Wallace is right. / And where did the surrender take place? / Yorktown, both right. / 20 points. / Toss up now in vocabulary. / If a magazine is published by monthly, how many issues in a year?"
358,S40 E05,Round 1,Tossup,29,Which rodent can cut down a 100 foot tree?,The beaver,Farragut High School vs Rockwood High School,,Unknown,Correct,,,,Correct,10,Unknown,buzzer and team not identified in captions; team not identified in captions (captions lines 26563-26567),410 Spelling bonus for Farragut Spell each of these homophones I'll as in the aisle of a theater or grocery store so is simply a I so e direct aisle as in a small island in a body of water i i nicely for 20 points toss up for everybody in biology which rodent can cut down a 100 foot tree. / Yo beaver. / Yes. / And two part biology bonus. / What is the term for a baby goat kid?
359,S40 E05,Round 1,Bonus,29,Part 1: What is the term for a baby goat? | Part 2: What is the term for a baby horse?,Part 1: Kid | Part 2: Foal (colt),Farragut High School vs Rockwood High School,,Unknown,Correct,,,,Correct,20,Unknown,team not identified in captions (captions lines 26566-26572),"And two part biology bonus. / What is the term for a baby goat kid? / Yes. / What is the term for a baby horse? / Colt? / Yeah, we would have taken Colt or foal on that 20 on the bonus toss up in government. / Which branch of the US military fights smuggling, protects ships and rescues victims of sea disasters."
362,S40 E05,Round 1,Tossup,31,What mansion in the mountains of North Carolina was built for George Washington Vanderbilt and was designed by Richard Morris Hunt?,The Biltmore,Farragut High School vs Rockwood High School,,Unknown,Correct,,,,Correct,10,Unknown,buzzer and team not identified in captions; team not identified in captions (captions lines 26577-26582),"20 points toss up now in architecture for everyone. / What mansion in the mountains of North Carolina was built for George Washington, Vanderbilt and was designed by Richard Morris Hunt Was it Biltmore? / Yes. / Is right. / Architecture is your bonus. / What is the name of Andrew Jackson's home in Tennessee?"
363,S40 E05,Round 1,Bonus,31,Part 1: What is the name of Andrew Jackson's home in Tennessee? | Part 2: What style of architecture was used to design the Hermitage?,Part 1: The Hermitage | Part 2: Greek Revival,Farragut High School vs Rockwood High School,,Unknown,Partial,,,,Partial,10,Unknown,team said Roman for Part 2; team not identified in captions (captions lines 26581-26585),"Architecture is your bonus. / What is the name of Andrew Jackson's home in Tennessee? / The Hermitage? / And what style of architecture was used to design the Hermitage? / Roman A Greek revival, ten points on the bonus toss out for everybody in geography in which world capital is Westminster Abbey located?"
393,S40 E06,Round 1,Tossup,7,What is the Spanish word for street?,La calle,West Ridge High School (Reed's team) vs Science Hill High School (Danny's team),,Unknown,Correct,,,,Correct,10,Unknown,buzzer and team not identified in captions; team not identified in captions (captions lines 25894-25897),"does it Now in foreign language, what is the Spanish word for street L.A.? / Guy Yeah, yeah. / And a foreign language bonus. / What prayer is sung in Latin with the words of a maria el Mary, Hail Mary, Correct."
394,S40 E06,Round 1,Bonus,7,"Part 1: What prayer is sung in Latin with the words ""Ave Maria""? | Part 2: What words are used in Spanish prayers and hymns to say ""the Lord""?",Part 1: Hail Mary | Part 2: El Señor,West Ridge High School (Reed's team) vs Science Hill High School (Danny's team),,Unknown,Correct,,,,Correct,20,Unknown,"Part 2 garbled in captions (""Elsinore""); team not identified in captions (captions lines 25896-25903)","And a foreign language bonus. / What prayer is sung in Latin with the words of a maria el Mary, Hail Mary, Correct. / And in Spanish prayers and hymns. / What words are used to say? / The Lord O deals Elsinore. / Elsinore, That's right. / 20 points plus up now in math computation. / Evaluate four factorial plus three factorial."
414,S40 E06,Round 1,Tossup,20,"The Brady Bill, enacted in 1993 and named after former White House press secretary James Brady, is concerned with what issue?",Gun control,West Ridge High School (Reed's team) vs Science Hill High School (Danny's team),,Unknown,Correct,,,,Correct,10,Unknown,buzzer and team not identified in captions; team not identified in captions (captions lines 25982-25983),"The Brady Bill, enacted in 1993 and named after former White House press secretary James Brady is concerned with what issue gun control correct and a government bonus. / Now what is the term for a symbol or words legally registered or established by use as representing a company or product trading trademark for ten?"
415,S40 E06,Round 1,Bonus,20,Part 1: What is the term for a symbol or words legally registered or established by use as representing a company or product? | Part 2: Which automobile company has a ram for its trademarked logo?,Part 1: Trademark | Part 2: Dodge,West Ridge High School (Reed's team) vs Science Hill High School (Danny's team),,Unknown,Correct,,,,Correct,20,Unknown,team not identified in captions (captions lines 25982-25985),"The Brady Bill, enacted in 1993 and named after former White House press secretary James Brady is concerned with what issue gun control correct and a government bonus. / Now what is the term for a symbol or words legally registered or established by use as representing a company or product trading trademark for ten? / Which automobile company has a RAM for their trademarked logo? / Dodge also right 20 points plus up Now in chemistry, what term refers to the number of molecules or ions attached to a central metal atom?"
489,S40 E07,Round 1,Tossup,19,What type of business uses actuarial tables to calculate the remaining life expectancy for people?,An insurance company,Scott County High School (Hailey's team) vs Oliver Springs High School (Tristan's team),,Unknown,Incorrect,,,,Missed,0,None given,"buzzer, team and answer not captured; the host gave ""insurance company""; team not identified in captions (captions lines 25507-25509)","First up in economics, what type of business uses actuarial tables to calculate the remaining life expectancy for people under law? / Now that you can steal, all of this brings it has legal applications in court, but the actual business that makes money doing it would be an insurance company concept. / Now in grammar, if an opinion adjective and a fact adjective are used before a noun which comes first."
498,S40 E07,Round 1,Tossup,25,What word is the same in English and Dutch and means a vehicle specially equipped for taking sick or injured people to and from the hospital?,Ambulance,Scott County High School (Hailey's team) vs Oliver Springs High School (Tristan's team),,Unknown,Correct,,,,Correct,10,Unknown,buzzer and team not identified in captions; team not identified in captions (captions lines 25580-25584),Thomas Jefferson and James Madison is the one who proposed that Bill of Rights toss up for everyone in foreign language. / What word is the same in English and Dutch and means a vehicle specially equipped for taking sick or injured people to and from the hospital on an ambulance? / Yes. / And a foreign language bonus. / What kind of merchandise is sold in a Dulcinea?
499,S40 E07,Round 1,Bonus,25,Part 1: What kind of merchandise is sold in a dulcería? | Part 2: What kind of merchandise specifically is sold in a carnicería?,Part 1: Candy (sweets) | Part 2: Meat,Scott County High School (Hailey's team) vs Oliver Springs High School (Tristan's team),,Unknown,Partial,,,,Partial,10,Unknown,"team said ""food"" for Part 1; team not identified in captions (captions lines 25583-25591)",And a foreign language bonus. / What kind of merchandise is sold in a Dulcinea? / Answer Food. / Candy. / It's a sweet shop. / What kind of merchandise specifically is sold in a can't associate? / Answer meat. / Meat is right for ten points plus up in chemistry. / What is the chemical change that produces alcohol in wine now?
500,S40 E07,Round 1,Tossup,26,What is the chemical change that produces alcohol in wine?,Fermentation,Scott County High School (Hailey's team) vs Oliver Springs High School (Tristan's team),,Unknown,Correct,,,,Correct,10,Unknown,buzzer and team not identified in captions; team not identified in captions (captions lines 25591-25594),What is the chemical change that produces alcohol in wine now? / Fermenting? / Yeah. / And a chemistry bonus now named two of the three German scientists who discovered the atomic fission of uranium.
501,S40 E07,Round 1,Bonus,26,Name two of the three German scientists who discovered the atomic fission of uranium.,"Any two of: Otto Hahn, Lise Meitner, Fritz Strassmann",Scott County High School (Hailey's team) vs Oliver Springs High School (Tristan's team),,Unknown,Incorrect,,,,Missed,0,None given,team said Einstein and ran out of time; team not identified in captions (captions lines 25594-25602),"And a chemistry bonus now named two of the three German scientists who discovered the atomic fission of uranium. / Answer Einstein. / That's all you got. / Okay. / I think you're out of time to end. / Otto Hahn. / Lise Meitner and Fritz Strassmann. / No points there. / Plus, up now in math, which is greater to raised to the fourth power or four squared, trusted to to the fourth."
505,S40 E07,Round 1,Tossup,29,What are pretrial negotiations in which the defendant agrees to plead guilty to a lesser charge in return for a less severe penalty?,Plea bargaining,Scott County High School (Hailey's team) vs Oliver Springs High School (Tristan's team),,Unknown,Incorrect,,,,Missed,0,None given,"the first answers (""a plea deal"") were not accepted; the host gave ""plea bargaining""; team not identified; team not identified in captions (captions lines 25616-25624)","For 20 points on the bonus puzzle for everyone in government. / What are pretrial negotiations in which the defendant agrees to plead guilty to a lesser charge in return for a less severe penalty? / John, a A plea deal? / Now, can't take that chance, Your Honor. / A plea and take that either. / Specifically bargaining. / A plea? / Bargaining is the process. / Percept for one is spelling inappropriate, joking or jesting, which is meant to be funny is called facetious."
577,S40 E08,Round 1,Tossup,25,"When introduced in 1913, what did the five rings in the Olympic symbol represent?",The five continents,Dobyns-Bennett High School (Abby's team) vs Somerset High School (KY),,Unknown,Correct,,,,Correct,10,Unknown,buzzer and team not identified in captions; team not identified in captions (captions lines 25124-25128),"Toss up for everyone in sports. / When introduced in 1913, what did the five rings and the Olympic symbol represent in the five continents? / Yes. / And a sports bonus. / Now, over 100 years after swimming in, it was banned due to pollution."
578,S40 E08,Round 1,Bonus,25,"Over 100 years after swimming in it was banned due to pollution, which river will be clean enough to be used as the venue for the marathon swimming and triathlon events during the 2024 Olympics?",The Seine,Dobyns-Bennett High School (Abby's team) vs Somerset High School (KY),,Unknown,Incorrect,,,,Missed,0,None given,team had no answer; team not identified in captions (captions lines 25127-25133),"And a sports bonus. / Now, over 100 years after swimming in, it was banned due to pollution. / Which river will be clean enough to be used as the venue in the marathon swimming and triathlon events during the 2024 Olympics? / Answer No answer. / That's the scene in Paris. / to several players in U.S. history. / Of the first six presidents, which was the only one who did not attend college."
590,S40 E08,Round 1,Tossup,32,What is the term for a hue or mixture of pure colors to which only black is added?,A shade,Dobyns-Bennett High School (Abby's team) vs Somerset High School (KY),,Unknown,Correct,,,,Correct,10,Unknown,buzzer and team not identified in captions; team not identified in captions (captions lines 25184-25187),"Mattel also right to go on the bonus toss up in art. / What is the term for a hue or mixture of pure colors to which only black is added? / Yeah, shade That's right. / Art bonus Which two colors are blended to make the color teal blue and green?"
591,S40 E08,Round 1,Bonus,32,Part 1: Which two colors are blended to make the color teal? | Part 2: Which two colors are blended to make the color magenta?,Part 1: Blue and green | Part 2: Red and purple,Dobyns-Bennett High School (Abby's team) vs Somerset High School (KY),,Unknown,Correct,,,,Correct,20,Unknown,team not identified in captions (captions lines 25187-25195),"Art bonus Which two colors are blended to make the color teal blue and green? / Yes. / Which two colors are blended to make the color? / Magenta, red and purple. / Both. / Right. / 20 points. / Toss up now in chemistry. / What is the name of a chemical reaction in which a simple compound breaks down into two or more simpler substances?"
594,S40 E08,Round 1,Tossup,34,What is the Spanish word for book?,Libro,Dobyns-Bennett High School (Abby's team) vs Somerset High School (KY),,Unknown,Correct,,,,Correct,10,Unknown,buzzer and team not identified in captions; team not identified in captions (captions lines 25201-25205),"20 points toss up. / Now, in foreign language, what is the Spanish word for book, Eric Lieber? / Yes. / And a foreign language bonus. / What is the national language of the Netherlands?"
595,S40 E08,Round 1,Bonus,34,Part 1: What is the national language of the Netherlands? | Part 2: What is the national language of Denmark?,Part 1: Dutch | Part 2: Danish,Dobyns-Bennett High School (Abby's team) vs Somerset High School (KY),,Unknown,Correct,,,,Correct,20,Unknown,team not identified in captions (captions lines 25204-25208),"And a foreign language bonus. / What is the national language of the Netherlands? / Dutch, right. / What is the national language of Denmark? / Danish, Danish, both rank 20 points toss up in technology, which technology allows wireless communication between devices such as phones and earbuds."
639,S40 E09,Round 1,Tossup,20,What is the sacred object sought by the Knights of the Round Table?,The Holy Grail,Gibbs High School vs Morristown-Hamblen East High School,,Unknown,Correct,,,,Correct,10,Unknown,buzzer and team not identified in captions; team not identified in captions (captions lines 24491-24494),"Nobody gets that one toss up. / Now in literature, what is the sacred object sought by the Knights of the Round Table or the Holy Grail? / Correct in the literature Bonus. / What is the three act play written by Tennessee Williams that includes the characters Blanche Dewar and Stanley Kowalski?"
640,S40 E09,Round 1,Bonus,20,What is the three act play written by Tennessee Williams that includes the characters Blanche DuBois and Stanley Kowalski?,A Streetcar Named Desire,Gibbs High School vs Morristown-Hamblen East High School,,Unknown,Incorrect,,,,Missed,0,None given,team said West Side Story; team not identified in captions (captions lines 24493-24500),"Correct in the literature Bonus. / What is the three act play written by Tennessee Williams that includes the characters Blanche Dewar and Stanley Kowalski? / What do you do? / Sad stories, West Side Story. / And that one is A Streetcar Named Desire. / No points on the bonus. / Back to tossups in astronomy. / What is the term for the point of the moon's orbit that is closest to Earth?"
648,S40 E09,Round 1,Tossup,26,Frog and toad larvae are commonly known as what?,Tadpoles,Gibbs High School vs Morristown-Hamblen East High School,,Unknown,Correct,,,,Correct,10,Unknown,buzzer and team not identified in captions; team not identified in captions (captions lines 24576-24578),"20 points plus up now in biology, frog and toad larvae are commonly known as what, ten tadpoles? / Yeah, and a biology bonus. / Researchers worried that boat traffic near the Chilean Patagonia was impacting the foraging and nursing habit."
649,S40 E09,Round 1,Bonus,26,Researchers worried that boat traffic near Chilean Patagonia was impacting the foraging and nursing habits of what giant sea creature with the scientific name Balaenoptera musculus?,The blue whale,Gibbs High School vs Morristown-Hamblen East High School,,Unknown,Incorrect,,,,Missed,0,None given,"team said ""baleen whales"", which the host said was not specific enough; team not identified in captions (captions lines 24577-24585)","Yeah, and a biology bonus. / Researchers worried that boat traffic near the Chilean Patagonia was impacting the foraging and nursing habit. / For what giant sea creature with the scientific name Bayley. / And after a merciless device, a whale baleen whales. / Well, the blue whale Can't take that. / But it is a whale. / No points on it. / Toss up now in mouth. / What are the next two numbers in the sequence?"
652,S40 E09,Round 1,Tossup,28,"What billionaire singer-songwriter has had number one hits with ""Anti-Hero"" and ""Cruel Summer""?",Taylor Swift,Gibbs High School vs Morristown-Hamblen East High School,,Unknown,Correct,,,,Correct,10,Unknown,buzzer and team not identified in captions; team not identified in captions,
653,S40 E09,Round 1,Bonus,28,What Texas-born singer has sold over 25 million albums worldwide and was the first winner of the TV singing competition American Idol?,Kelly Clarkson,Gibbs High School vs Morristown-Hamblen East High School,,Unknown,Correct,,,,Correct,20,Unknown,team not identified in captions (captions lines 24598-24602),Taylor Swift is writing a music bonus. / Now what Texas born singer has sold over 25 million albums worldwide and was the first winner of the TV singing competition. / American Idol Kelly Clarkson. / Think Kelly Clarkson is right for 20 toss up now in government. / Which political or governmental body has the power to admit new states to the union?
668,S40 E09,Round 1,Tossup,37,What is a 12 sided polygon called?,A dodecagon,Gibbs High School vs Morristown-Hamblen East High School,,Unknown,Correct,,,,Correct,10,Unknown,buzzer and team not identified in captions; team not identified in captions (captions lines 24648-24653),"It refers to nitrogen oxides, which is the sum of snow and O2 toss up in geometry. / What is a 12 sided polygon called Greenland? / Don't pack a gun. / Yes. / And a geometry bonus. / Find the area of an isosceles right triangle with hypotenuse of five inches 12.50, it's less at 6.25 square inches."
669,S40 E09,Round 1,Bonus,37,Find the area of an isosceles right triangle with a hypotenuse of five inches.,6.25 square inches,Gibbs High School vs Morristown-Hamblen East High School,,Unknown,Incorrect,,,,Missed,0,None given,team said 12.5; team not identified in captions (captions lines 24652-24654),"And a geometry bonus. / Find the area of an isosceles right triangle with hypotenuse of five inches 12.50, it's less at 6.25 square inches. / Have that tossup now in art which Russian goldsmith became famous for his jeweled eggs."
696,S40 E10,Round 1,Tossup,7,What is the term for a pull or a push applied or exerted on an object?,Force,L&N STEM Academy (Jared's team) vs J. Frank White Academy (Tyler's team),,Unknown,Correct,,,,Correct,10,Unknown,buzzer and team not identified in captions; team not identified in captions (captions lines 23901-23902),"Toss it now in physics, what is the term for a pull or a push applied or exerted force on an object in a physics bonus? / What has a lower frequency infrared rays or microwaves?"
697,S40 E10,Round 1,Bonus,7,Part 1: Which has a lower frequency: infrared rays or microwaves? | Part 2: Which has a lower frequency: AM or FM radio?,Part 1: Microwaves | Part 2: AM,L&N STEM Academy (Jared's team) vs J. Frank White Academy (Tyler's team),,Unknown,Partial,,,,Partial,10,Unknown,team said FM for Part 2; team not identified in captions (captions lines 23901-23908),"Toss it now in physics, what is the term for a pull or a push applied or exerted force on an object in a physics bonus? / What has a lower frequency infrared rays or microwaves? / I think I think to my question, microwave break for ten. / What is a lower frequency AM or FM, as in radio FM? / No, that's megahertz. / AM is only in kilohertz. / Ten points on that toss up. / Now, in art for all players, what is the resulting color when mixing blue in yellow Jay Green is right in a visual bonus for Jay Frank White Take a look at the screens."
706,S40 E10,Round 1,Tossup,12,What is the chemical formula for glucose?,C6H12O6,L&N STEM Academy (Jared's team) vs J. Frank White Academy (Tyler's team),,Unknown,Correct,,,,Correct,10,Unknown,buzzer and team not identified in captions; team not identified in captions (captions lines 23939-23942),No points on the bonus test up in chemistry. / What is the chemical formula for glucose? / c6h 1206 That's it. / And a chemistry bonus now which in this pair of solvents has the highest flash point acetone or acetic acid?
707,S40 E10,Round 1,Bonus,12,Part 1: Which of this pair of solvents has the highest flash point: acetone or acetic acid? | Part 2: Which of this pair of solvents has the highest flash point: turpentine or methanol?,Part 1: Acetic acid | Part 2: Turpentine,L&N STEM Academy (Jared's team) vs J. Frank White Academy (Tyler's team),,Unknown,Partial,,,,Partial,10,Unknown,team said acetone for Part 1; team not identified in captions (captions lines 23942-23947),"And a chemistry bonus now which in this pair of solvents has the highest flash point acetone or acetic acid? / Answer Acetone. / That's acetic acid, which in this pair of solvents has the highest flash point turpentine or methanol. / Turpentine. / Turpentine is right ten points on the bonus toss up now in government. / What part of the US Constitution explains the six purposes of government?"
758,S40 E10,Round 1,Tossup,44,"The 21st Amendment overturned the 18th Amendment, which had established what?",Prohibition,L&N STEM Academy (Jared's team) vs J. Frank White Academy (Tyler's team),,Unknown,Correct,,,,Correct,10,Unknown,buzzer and team not identified in captions; team not identified in captions (captions lines 24187-24189),"Ten points toss up now in U.S. history. / The 21st Amendment overturn to the 18th Amendment, which had prohibition established prohibition history bonus. / In 1838, the Telegraph was demonstrated for the first time by Alfred Vail and what man who was Vail's partner?"
759,S40 E10,Round 1,Bonus,44,"In 1838, the telegraph was demonstrated for the first time by Alfred Vail and what man who was Vail's partner?",Samuel Morse,L&N STEM Academy (Jared's team) vs J. Frank White Academy (Tyler's team),,Unknown,Correct,,,,Correct,20,Unknown,team not identified in captions (captions lines 24188-24192),"The 21st Amendment overturn to the 18th Amendment, which had prohibition established prohibition history bonus. / In 1838, the Telegraph was demonstrated for the first time by Alfred Vail and what man who was Vail's partner? / Tamu Morse Same Morse. / That's right. / 420 Toss up now in foreign language, what is the German word for street?"
761,S40 E10,Round 1,Bonus,45,What is the English translation of the French question [not captured]?,[unclear],L&N STEM Academy (Jared's team) vs J. Frank White Academy (Tyler's team),,J. Frank White Academy (Tyler's team),Correct,,,,Correct,20,J. Frank White Academy (Tyler's team),"the French question and the answer are not in the captions; the host joked that it was ""the wrong way to speak English"" and ruled it right for 20 points (captions lines 24195-24200)","Foreign language bonus What is the English translation of the French question? / Probably the wrong way to speak English. / Not very well, apparently, but yeah. / Yes, that's right. / 20 points Toss up in geometry. / The sides of an isosceles triangle are ten, 13 and 13."
762,S40 E10,Round 1,Tossup,46,"The sides of an isosceles triangle are 10, 13 and 13. What is its area?",60,L&N STEM Academy (Jared's team) vs J. Frank White Academy (Tyler's team),,Unknown,Correct,,,,Correct,10,Unknown,buzzer and team not identified in captions; team not identified in captions (captions lines 24199-24205),"20 points Toss up in geometry. / The sides of an isosceles triangle are ten, 13 and 13. / What is its area? / 60. / Yes. / And a geometry bonus. / A triangle has angle measures of two x, three x and 115."
763,S40 E10,Round 1,Bonus,46,"A triangle has angle measures of 2x, 3x and 115 degrees. What are the measures of the two missing angles?",26 and 39 degrees,L&N STEM Academy (Jared's team) vs J. Frank White Academy (Tyler's team),,Unknown,Correct,,,,Correct,20,Unknown,team not identified in captions (captions lines 24204-24209),"And a geometry bonus. / A triangle has angle measures of two x, three x and 115. / What are the measures of the two missing angles? / Answer 26 and 39. / Those are both right for 20 points plus. / Up in science, a device to measure revolutions per minute is called what Jerry wrote."
858,S40 E18,Round 1,Tossup,10,"What popular classic rock song begins ""Just a small town girl, living in a lonely world; she took the midnight train going anywhere""?","""Don't Stop Believin'""",Greeneville High School (Angus's team) vs Midway High School,,Unknown,Correct,,,,Correct,10,Unknown,buzzer and team not identified in captions; the host warned the player for blurting without being called on; team not identified in captions (captions lines 22980-22986),"What popular classic rock song begins? / Just a small town girl living in a train journey. / Living in a lonely world. / She took the midnight train. / Ah, just stop believin and make sure I've called on you all the way. / And that's your last warning Don't stop believin Get your ten points and a music bonus. / Apple Music's most streamed song globally in 2022 was Stay Buy, which two artists, Justin Bieber and Justin Bieber."
859,S40 E18,Round 1,Bonus,10,"Part 1: Apple Music's most streamed song globally in 2022 was ""Stay"" by which two artists?",Justin Bieber and The Kid LAROI,Greeneville High School (Angus's team) vs Midway High School,,Unknown,Partial,,,,Partial,10,Unknown,team said Justin Bieber and Kesha; Bieber counted; team not identified in captions (captions lines 22985-22991),"And that's your last warning Don't stop believin Get your ten points and a music bonus. / Apple Music's most streamed song globally in 2022 was Stay Buy, which two artists, Justin Bieber and Justin Bieber. / Justin Bieber and Kesha. / Well, ten points for Justin Bieber. / The kid, La Roy was his partner on that track. / Toss up for everybody in geography. / What is the capital of Connecticut?"
893,S40 E18,Round 1,Tossup,31,"Before Clara Barton founded the American Red Cross, what was her profession?",A nurse,Greeneville High School (Angus's team) vs Midway High School,,Unknown,Correct,,,,Correct,10,Unknown,buzzer and team not identified in captions; team not identified in captions (captions lines 23131-23136),"Toss up for all players in U.S. history. / Before Clara Barton founded the American Red Cross, what was her profession? / A nurse? / Yes. / And the U.S. history bonus. / After no candidate won the necessary majority, the House of Representatives decided the 1824 presidential election by choosing which man to be the sixth president of the United States."
894,S40 E18,Round 1,Bonus,31,"After no candidate won the necessary majority, the House of Representatives decided the 1824 presidential election by choosing which man to be the sixth president of the United States?",John Quincy Adams,Greeneville High School (Angus's team) vs Midway High School,,Unknown,Correct,,,,Correct,20,Unknown,team not identified in captions (captions lines 23135-23138),"And the U.S. history bonus. / After no candidate won the necessary majority, the House of Representatives decided the 1824 presidential election by choosing which man to be the sixth president of the United States. / John Quincy Adams. / John Quincy Adams is right for 20 points toss up now in art, what is the term for a color scheme that uses colors directly opposite on the color wheel track?"
914,S40 E18,Round 1,Tossup,42,"What game utilizes the weapons rope, lead pipe and knife?",Clue,Greeneville High School (Angus's team) vs Midway High School,,Unknown,Correct,,,,Correct,10,Unknown,buzzer and team not identified in captions; team not identified in captions (captions lines 23219-23224),"Toss up now in games. / What game utilizes the weapons, rope, lead, pipe and knife to make sure our colony was sorry. / Clue. / All right. / And games is your bonus. / What Game about Finance was created by Charles Darrow in 1933 and later sold by Parker Brothers."
915,S40 E18,Round 1,Bonus,42,Part 1: What game about finance was created by Charles Darrow in 1933 and later sold by Parker Brothers? | Part 2: Which conglomerate purchased Parker Brothers in 1991?,Part 1: Monopoly | Part 2: Hasbro,Greeneville High School (Angus's team) vs Midway High School,,Unknown,Correct,,,,Correct,20,Unknown,team not identified in captions (captions lines 23223-23229),"And games is your bonus. / What Game about Finance was created by Charles Darrow in 1933 and later sold by Parker Brothers. / Monopoly. / Monopoly, Correct. / For ten which conglomerate purchased Parker Brothers in 1991. / Hasbro and Hasbro was right for 20 on the bonus toss up. / Now in chemistry, what is a substance whose solution is capable of conducting an electric current?"
970,S40 E19,Round 1,Tossup,28,"What is the term meaning the refusal to obey laws that are regarded as unjust, often petty, accompanied by peaceful demonstrations?",Civil disobedience,Jefferson County High School (Isabella's team) vs Webb School of Knoxville (Penny's team),,Unknown,Correct,,,,Correct,10,Unknown,buzzer and team not identified in captions; team not identified in captions (captions lines 22590-22591),"For 20 toss up in government, What is the term? / Meaning the refusal to obey laws that are regarded as unjust, often petty civil disobedience, accompanied by demonstrations that are peaceful is right and government bonus now which U.S. agency?"
971,S40 E19,Round 1,Bonus,28,"Which U.S. agency, whose primary purpose includes enforcing the law against market manipulation, filed complaints against the founder of a cryptocurrency exchange, leading to his indictment on criminal charges including wire fraud?",The SEC (Securities and Exchange Commission),Jefferson County High School (Isabella's team) vs Webb School of Knoxville (Penny's team),,Unknown,Incorrect,,,,Missed,0,None given,team said the FTC; team not identified in captions (captions lines 22590-22596),"For 20 toss up in government, What is the term? / Meaning the refusal to obey laws that are regarded as unjust, often petty civil disobedience, accompanied by demonstrations that are peaceful is right and government bonus now which U.S. agency? / But the primary purpose of enforcing the law against market manipulation filed complaints against the founder of cryptocurrency, leading to his indictment on criminal charges, including wire fraud. / FTC. / No, it's the SCC, which is the Securities and Exchange Commission. / Toss up for everybody in music. / What is the name of the barber in the Barber of Seville?"
985,S40 E19,Round 1,Tossup,37,What number is represented by the Roman numeral CXLIV?,144,Jefferson County High School (Isabella's team) vs Webb School of Knoxville (Penny's team),,Unknown,Correct,,,,Correct,10,Unknown,buzzer and team not identified in captions; team not identified in captions (captions lines 22656-22660),"I will give you ten, though, on the bonus toss up in foreign language. / What number is represented by the Roman numeral c. X. L. I. V. Psalm 144 is correct in a foreign language bonus what food is known in French as pom detail potato. / That's right. / Apple of the earth toss up for everyone in religion. / What term is used to describe a person who accepts and closely follows the traditional beliefs and customs of a religion plural adherent?"
986,S40 E19,Round 1,Bonus,37,"What food is known in French as ""pomme de terre""?",Potato,Jefferson County High School (Isabella's team) vs Webb School of Knoxville (Penny's team),,Unknown,Correct,,,,Correct,20,Unknown,team not identified in captions,
1164,S40 E21,Round 1,Tossup,42,"As head coach of the Lady Vols basketball team, how many NCAA women's championships did Pat Summitt win?",Eight,Sweetwater High School vs Happy Valley High School (Levi's team),,Unknown,Incorrect,,,,Missed,0,None given,"the captions show only ""No, that's not it. You can steal at the buzzer"" after the question, so the first team and the answer are not identified and no steal answer is captured; the game ended on the buzzer and the host then said Happy Valley led by 130; team not identified in captions (captions lines 21752-21769)","On that note, several players in sports as head coach of the Lady Vols basketball team. / How many NCAA women's championships did Pat Summitt win titles for? / No, that's not it. / You can steal at the buzzer. / Happy Valley leaving 1308 was the answer for the great Pat Summitt. / You didn't need the points, though, because you held on to win. / First of all, Sweetwater, what a joy to have you on the show as it is every year. / Enjoy the beautiful scenery down there, down 75. / We hope to probably stop by and visit you all and see you again next year. / A lot of underclassmen so you can come back next year, I hope. / Great. / Meanwhile, Happy Valley. / Congratulations. / You advance to the threshold of 32. / We get to see you again on Scholars Bowl. / And if you'd like to see them again or see all of us again on scholarship bowl, make sure you watch each and every episode. / Set your DVR or binge watch past seasons online using the PBS app. / My name is Frank Murphy and this is Tennessee Scholars Bowl 2024."
1177,S40 E22,Round 1,Tossup,7,Who founded the Girl Scouts of America in 1912?,Juliette Gordon Low,Karns High School vs Webb School of Knoxville (Steven's team),,Unknown,Correct,,,,Correct,10,Unknown,buzzer and team not identified in captions; team not identified in captions (captions lines 20959-20963),"Who founded the Girl Scouts of America in 1912? / Juliette Gordon Low. / Yes. / And a history bonus. / Now, in 2023, an investigation was conducted into the only Nazi concentration camp to exist on British soil, located on Alderney."
1178,S40 E22,Round 1,Bonus,7,"In 2023, an investigation was conducted into the only Nazi concentration camp to exist on British soil, located on Alderney. In what archipelago off the coast of Normandy is Alderney?",The Channel Islands,Karns High School vs Webb School of Knoxville (Steven's team),,Unknown,Incorrect,,,,Missed,0,None given,no answer was given; the host read the answer; team not identified in captions (captions lines 20962-20968),"And a history bonus. / Now, in 2023, an investigation was conducted into the only Nazi concentration camp to exist on British soil, located on Alderney. / In what archipelago off the coast of Normandy? / No answer. / Those are the Channel Islands. / Toss up in art. / In the painting, American Gothic."
1203,S40 E22,Round 1,Tossup,22,"Given the conditional sentence ""if A, then B,"" what is its converse?","If B, then A",Karns High School vs Webb School of Knoxville (Steven's team),,Unknown,Correct,,,,Correct,10,Unknown,buzzer and team not identified in captions; team not identified in captions (captions lines 21057-21059),"20 points toss up now in geometry. / Given the conditional sentence, if a then B, what does its converse is even if B than A the right and a geometry bonus? / How many degrees are in one exterior angle of a regular dodecahedron, which was thousand 800 divided by 12?"
1204,S40 E22,Round 1,Bonus,22,How many degrees are in one exterior angle of a regular dodecagon?,30 degrees,Karns High School vs Webb School of Knoxville (Steven's team),,Unknown,Incorrect,,,,Missed,0,None given,"the team answered with 1800 divided by 12; the captions say ""dodecahedron""; team not identified in captions (captions lines 21058-21063)","Given the conditional sentence, if a then B, what does its converse is even if B than A the right and a geometry bonus? / How many degrees are in one exterior angle of a regular dodecahedron, which was thousand 800 divided by 12? / Because it's one answer, one 2800. / Now it's only 30 degrees in one of those angles up for one. / And miscellaneous. / What type of military knife is the best known survival multitool that is stowed?"
1209,S40 E22,Round 1,Tossup,25,"""She is a shining star"" is an example of what type of figure of speech?",A metaphor,Karns High School vs Webb School of Knoxville (Steven's team),,Unknown,Correct,,,,Correct,10,Unknown,buzzer and team not identified in captions; team not identified in captions (captions lines 21140-21141),"Dred Scott is right for 20 points plus up now in English, she is a shining star is an example of what type of figure of speech kind of metaphor is right. / English Bonus What is the past participle form of the verb to take took took now have taken this past participle."
1210,S40 E22,Round 1,Bonus,25,"Part 1: What is the past participle form of the verb ""to take""? | Part 2: What is the past participle form of the verb ""to sing""?",Part 1: Taken | Part 2: Sung,Karns High School vs Webb School of Knoxville (Steven's team),,Unknown,Partial,,,,Partial,10,Unknown,"the team said ""took"" for Part 1; team not identified in captions (captions lines 21141-21143)","English Bonus What is the past participle form of the verb to take took took now have taken this past participle. / Try this. / What is the past participle form of the verb to sing So I've sung, I've sung Is it ten points toss up in health Which system of the body collects processes and acts on information and a nervous system?"
1225,S40 E22,Round 1,Tossup,33,What six letter word starting with U describes singing or playing with two or more voices or instruments playing the same pitch?,Unison,Karns High School vs Webb School of Knoxville (Steven's team),,Unknown,Correct,,,,Correct,10,Unknown,buzzer and team not identified in captions; team not identified in captions (captions lines 21202-21205),"What is the six letter word starting with you that describes singing or playing with two or more voices or instruments playing the same pitch unison? / Yes. / And a music bonus. / Now, what movie?"
1226,S40 E22,Round 1,Bonus,33,"Part 1: What movie musical includes the songs ""Hopelessly Devoted to You"" and ""You're the One That I Want""? | Part 2: What movie musical includes the songs ""All That Jazz"" and ""Cell Block Tango""?",Part 1: Grease | Part 2: Chicago,Karns High School vs Webb School of Knoxville (Steven's team),,Unknown,Correct,,,,Correct,20,Unknown,team not identified in captions (captions lines 21204-21208),"And a music bonus. / Now, what movie? / Musical includes the songs hopelessly devoted to you? / And you're the one that I want Grease for ten. / Now, what movie musical includes the songs, All that Jazz and Cellblock Tango, Chicago, Both right for 20 plus up now in geography for all players, which island is the largest of the Hawaiian Islands?"
1230,S40 E22,Round 1,Bonus,35,Part 1: Doe is to deer as mare is to what? | Part 2: Mare is to stallion as hen is to what?,Part 1: Horse | Part 2: Rooster,Karns High School vs Webb School of Knoxville (Steven's team),,Webb School of Knoxville (Steven's team),Partial,,,,Partial,10,Webb School of Knoxville (Steven's team),"the captions are badly garbled (""Doh is too dear as mayor is two ... Jenny's horse is to stallion as chicken is to what""); the question wording and which part was missed are reconstructed from the answer ""rooster"" and the host's ""for ten points""",
1231,S40 E22,Round 1,Tossup,36,What disaccharide is formed by chemically combining one molecule each of glucose and fructose?,Sucrose,Karns High School vs Webb School of Knoxville (Steven's team),,Unknown,Correct,,,,Correct,10,Unknown,buzzer and team not identified in captions; team not identified in captions (captions lines 21236-21240),"Disaccharides is formed by chemically combining one molecule each of both glucose and fructose into sucrose. / Yeah, Table sugar is called sucrose. / That's right. / And chemistry bonus. / New research revealed that a lack of nitrogen instead of an excess of mercury is to blame for the stunted regrowth of the Amazon rainforest."
1232,S40 E22,Round 1,Bonus,36,"Part 1: New research revealed that a lack of nitrogen, instead of an excess of mercury, is to blame for the stunted regrowth of the Amazon rainforest after mining for what chemical element with atomic number 79? | Part 2: What is the symbol for gold?",Part 1: Gold | Part 2: Au,Karns High School vs Webb School of Knoxville (Steven's team),,Unknown,Partial,,,,Partial,10,Unknown,the team said cobalt for Part 1; team not identified in captions (captions lines 21239-21248),"And chemistry bonus. / New research revealed that a lack of nitrogen instead of an excess of mercury is to blame for the stunted regrowth of the Amazon rainforest. / After mining. / For what chemical element with the number 79 could get cobalt and that's gold. / But you can get points for telling me the symbol for gold. / Oh, yeah. / Hey, you a you too. / ten points. / Toss up in science. / What is the term for the scientific study of earthquakes and related phenomena?"
1276,S40 E23,Round 1,Bonus,18,"In 2022, the United States pledged to increase its LNG exports to the United Kingdom under a new bilateral energy partnership. What does LNG stand for?",Liquefied natural gas,Sequoyah High School vs Maryville High School (Aaron's team),,Maryville High School (Aaron's team),Incorrect,,,,Missed,0,None given,"the team's answer is garbled in the captions (""something I heard of ... Thomas Lowe"") and the host then said ""Never mind ... liquefied natural gas"" without awarding points; treated as missed (captions lines 20572-20576)","And a biology bonus. / Now, in 2022, the United States pledged to increase its LNG exports to the United Kingdom under a new bilateral energy partnership. / What is LNG is something I heard of Thomas Lowe. / Never go liquefied natural gas toss up for everyone in architecture. / What city's Oak Park suburb is the location of the Beachy house, the Frank Thomas house, the Hills DeCaro house, and the Nathan G house, all of which were designed by Frank Lloyd Wright."
1319,S40 E24,Round 1,Tossup,2,"What rapper has had hits with the songs ""God's Plan"" and ""Search & Rescue""?",Drake,Seymour High School (Sophia's team) vs Halls High School,,Unknown,Correct,,,,Correct,10,Unknown,"buzzer read as ""Sophia"" but both teams have a Sophia and the bonus team is not named; team not identified in captions (captions lines 20037-20040)",What rapper has had hits with the songs God's Plan and Search and Rescue. / Sophia Drake is right. / Music is your bonus. / What is the musical term defined as the degree of happiness or aloneness in sound according to the frequency of vibration of the sound waves producing them.
1320,S40 E24,Round 1,Bonus,2,What is the musical term defined as the degree of highness or lowness of sound according to the frequency of vibration of the sound waves producing it?,Pitch,Seymour High School (Sophia's team) vs Halls High School,,Unknown,Correct,,,,Correct,20,Unknown,team not identified in captions (captions lines 20039-20043),"Music is your bonus. / What is the musical term defined as the degree of happiness or aloneness in sound according to the frequency of vibration of the sound waves producing them. / Pitch, pitch, pitch. / Right for 20 points plus. / Up now in U.S. history, who was president of the United States between Benjamin Harrison and Theodore Roosevelt?"
1338,S40 E24,Round 1,Tossup,14,"What is the least common multiple of three, four and 16?",48,Seymour High School (Sophia's team) vs Halls High School,,Unknown,Unclear,,,,Unclear,0,None given,"an answer seems to have been blurted out without being called on and was not accepted (""So that one not so ... let me call on you first""); the buzzer and team are not identified; the host gave 48 (captions lines 20105-20110)","But you got a toss up in math computation. / What is the least common multiple of three, four and 16? / So that one not so. / I'm going to remind you again, let me call on your first all students to steal. / The least common multiple of those numbers is 48 toss up now in biology. / What is the heart protein that forms when hair cells move away from the root and are cut off from their nourishment supply?"
1389,S40 E24,Round 1,Bonus,43,Part 1: What does the abbreviation IPO stand for? | Part 2: What does the abbreviation NFT stand for?,Part 1: Initial public offering | Part 2: Non-fungible token,Seymour High School (Sophia's team) vs Halls High School,Sophia,Seymour High School (Sophia's team),Incorrect,,,,Missed,0,None given,"Savannah said ""inventory processing office"" for Part 1; Sophia said ""nonfungible token"" for Part 2 but stressed ""fun-gible"", the host said he would ask the judges and the captions then show ""Can't take it"", read here as a ruling against (captions lines 20292-20303)","Think we can take that economics bonus now for Seymour? / What does the abbreviation IPO stand for something first answer defer to Savannah invented. / Oh inventory processing office. / That's an initial public offering in terms of stocks. / The second half of the question, what does the abbreviation NFT stand for? / For Sophia to answer, defer Nonfungible token. / I'll see if they'll take it, because you did fudge the answer when you said Nonfungible is emphasizing it's fun. / Gible. / So it may have cost you points there. / We'll find out what the judges say. / Can't take it. / Toss up in algebra, find the value of x."
1391,S40 E24,Round 1,Bonus,44,"What is the reduced slope of the line connecting the points (−4, 6) and (6, −2)?",−4/5,Seymour High School (Sophia's team) vs Halls High School,,Seymour High School (Sophia's team),Incorrect,,,,Missed,0,None given,"the captions are unclear: the second point is inferred from the answer, Sophia asked whether she had to defer to Savannah, the host repeated ""negative four over five"" and reminded the captain to answer or defer by name, and no ruling is stated; treated as missed (captions lines 20306-20313)","Algebra bonus. / Now what is the reduced slope of the line? / Connecting the points negative four, six and six. / Negative two. / Answer Do I have to defer to Savannah? / Two now? / Negative four over five bonuses the captain answers or defers to view by name tossup in science. / What principle is expressed in Newton's first law of motion Ethan, inertia correct Science bonus A compound pulley and a hydraulic screw are among the inventions credited to which Greek scientist, who has been called the father of theoretical mechanics."
1426,S40 E25,Round 1,Tossup,20,Which online retailer has created more U.S. jobs in the last decade than any other?,Amazon,Morristown West High School (Dalton's team) vs Happy Valley High School (Tyler's team),,Unknown,Correct,,,,Correct,10,Unknown,buzzer and team not identified in captions; the question wording is garbled; team not identified in captions (captions lines 19689-19692),"That is a concave mirror toss up in economics. / Which online retailer has created more U.S. jobs in the last decade than Amazon. / Yeah, Amazon. / Is it in an economics bonus now to comply with Swiss laws when Toblerone production moves to Slovakia at the end of 2023, their chocolate bar and labels will no longer show the image of which famous Mountain Peak, which is on the border of Switzerland and Italy, the Swiss Alps."
1427,S40 E25,Round 1,Bonus,20,"To comply with Swiss laws when Toblerone production moves to Slovakia at the end of 2023, the chocolate bar's labels will no longer show the image of which famous mountain peak on the border of Switzerland and Italy?",The Matterhorn,Morristown West High School (Dalton's team) vs Happy Valley High School (Tyler's team),,Unknown,Incorrect,,,,Missed,0,None given,team said the Swiss Alps; team not identified in captions (captions lines 19692-19694),"Is it in an economics bonus now to comply with Swiss laws when Toblerone production moves to Slovakia at the end of 2023, their chocolate bar and labels will no longer show the image of which famous Mountain Peak, which is on the border of Switzerland and Italy, the Swiss Alps. / Well, it is part of the Swiss Alps. / But the peak that they had as the Matterhorn no points their place up in games, which board game features chants and community chest cards."
1434,S40 E25,Round 1,Tossup,25,Name the vertex of the parabola y = (x − 2)² − 5.,"(2, −5)",Morristown West High School (Dalton's team) vs Happy Valley High School (Tyler's team),,Unknown,Incorrect,,,,Missed,0,None given,"an answer was given and ruled wrong (""No, he missed"") but the buzzer and team are not identified, and no steal is captured; the host gave (2, -5) (captions lines 19762-19764)","Toss it for all players in algebra name the parabola vertex of the equation Y equals the quantity of x minus two squared minus five. / No, he missed at the vertex on that is two and negative five plus up in architecture. / What is the term for an Asian tiered tower with multiple eaves often used as a shrine and is a pagoda concept for everyone in US history who is credited with making the first American flag in 1776."
1450,S40 E25,Round 1,Tossup,38,Merlin serves the same function in the legend of King Arthur as what character in The Lord of the Rings?,Gandalf,Morristown West High School (Dalton's team) vs Happy Valley High School (Tyler's team),,Unknown,Correct,,,,Correct,10,Unknown,buzzer and team not identified in captions; team not identified in captions (captions lines 19820-19825),"You got to add on that last part toss up. / Now in literature, Merlin serves the same function in the legend of King Arthur as what character in The Lord of the Rings. / I Gandalf What is it? / Gandalf. / a literature bonus. / What city is the setting for George Bernard Shaw's Pygmalion?"
1451,S40 E25,Round 1,Bonus,38,Part 1: What city is the setting for George Bernard Shaw's Pygmalion? | Part 2: What is the name of that story's main female character?,Part 1: London | Part 2: Eliza Doolittle,Morristown West High School (Dalton's team) vs Happy Valley High School (Tyler's team),,Unknown,Incorrect,,,,Missed,0,None given,the team said Barcelona for Part 1 and Emily for Part 2; team not identified in captions (captions lines 19824-19832),"a literature bonus. / What city is the setting for George Bernard Shaw's Pygmalion? / Barcelona, that is London. / What is the name of that story's main female character, Emily? / Eliza Doolittle. / No points there. / Same story is My Fair Lady. / Plus up in chemistry. / What is the term for solids that form during a chemical reaction?"
1462,S40 E25,Round 1,Tossup,46,"Who wrote the lyrics to ""The Star-Spangled Banner""?",Francis Scott Key,Morristown West High School (Dalton's team) vs Happy Valley High School (Tyler's team),,Unknown,Correct,,,,Correct,10,Unknown,buzzer and team not identified in captions; team not identified in captions (captions lines 19874-19879),"Toss up in music. / Who wrote the lyrics to The Star-Spangled Banner? / Francis Scott Key. / Yes, that's right. / Ten points. / And music bonus now what major key signature when written for piano has four flats."
1463,S40 E25,Round 1,Bonus,46,"What major key signature, when written for piano, has four flats?",A-flat major,Morristown West High School (Dalton's team) vs Happy Valley High School (Tyler's team),,Unknown,Incorrect,,,,Missed,0,None given,the team gave no answer; the game ended after this bonus; team not identified in captions (captions lines 19879-19896),"And music bonus now what major key signature when written for piano has four flats. / No answer. / That is A-flat Major. / And let's see if we have time for a geography question. / And no, we don't. / We'll let the the half run out because the points were not necessary. / Well, Morristown West, good game, but looks like Happy Valley has held on to win Morristown. / We do appreciate your being here. / We look forward to seeing your players again next year on scholarship ball. / Thanks so much for your participation each and every year. / Good job. / Meanwhile, Happy Valley, your teams back for the first time in eons, it seems like. / And now you've won and advanced to the threshold of 32. / You will play again on Scholars Bowl. / You can keep track of Happy Valley. / In fact, they've got multiple teams in the tournament and all our teams by never missing an episode. / Set your DVR or you can binge watch past shows and past seasons online by using the PBS app. / My name is Frank Murphy and this is Tennessee Scholars Bowl 2024."
1476,S40 E26,Round 1,Bonus,7,Part 1: The 1868 gallery ticket shown here was for the impeachment trial of which president? | Part 2: The 35 guilty votes fell short of the required two-thirds majority by how many votes?,Part 1: Andrew Johnson | Part 2: One,Maryville High School (Abby's team) vs Oak Ridge High School,,Oak Ridge High School,Partial,,,,Partial,10,Oak Ridge High School,"the captions show ""answer to just one"" for Part 2, read here as the team saying ""two"" and the host answering ""just one""; if the team actually said one the bonus was 20 (captions lines 19111-19112)","The 1868 gallery ticket shown here was for the impeachment of which President Andrew Johnson. / Andrew Johnson is right for ten, the 35 guilty votes fell short of the required two thirds majority by how many votes answer to just one toss up now in spelling for all players, a percussion instrument that has loose jingles called Zille's attached to a handle and sometimes also has a stretched skin, is a tambourine spelled tambourine."
1486,S40 E26,Round 1,Tossup,13,"In the sentence ""The running water makes a pleasant sound,"" what part of speech is the word ""running""?",An adjective,Maryville High School (Abby's team) vs Oak Ridge High School,,Unknown,Correct,,,,Correct,10,Unknown,buzzer and team not identified in captions; the buzzer's answer is garbled and the host said it modifies water; team not identified in captions (captions lines 19145-19150),"Back to tossups in English. / In the sentence, the running water makes a pleasant sound. / What part of speech is the word? / Running Part of her notes and still memorable. / Adding adjectives? / Yeah, it's modifying water and English bonus Now, based on analysis of the Oxford English Corpus, named four of the ten most frequently used in written English used to be for and but why?"
1487,S40 E26,Round 1,Bonus,13,"Based on analysis of the Oxford English Corpus, name four of the ten most frequently used words in written English.","Any four of: the, be, to, of, and, a, in, that, have, I",Maryville High School (Abby's team) vs Oak Ridge High School,,Unknown,Partial,,,,Partial,5,Unknown,"the team said ""and"" (five points) among its answers; the captions garble the host's list, so the standard Oxford English Corpus list is shown; team not identified in captions (captions lines 19150-19152)","Yeah, it's modifying water and English bonus Now, based on analysis of the Oxford English Corpus, named four of the ten most frequently used in written English used to be for and but why? / I'll give you five points for and the actual order in order from 1 to 10 is the two and in have B of A that I so I think it's five points if I remember correctly, toss up for one in biology. / How many vowels does a human heart contain?"
1492,S40 E26,Round 1,Tossup,16,In which Olympic sport do two athletes slide stones toward a target area segmented on the ice?,Curling,Maryville High School (Abby's team) vs Oak Ridge High School,,Unknown,Correct,,,,Correct,10,Unknown,buzzer and team not identified in captions; team not identified in captions (captions lines 19167-19170),"Toss up now in sports in which Olympic sport, two athletes slide stones toward a target area segmented curling on the ice. / And curling is right. / Sports is your bonus. / In 2022, the German government agreed to pay further compensation to the families of 11 athletes from which nation who were killed by members of a Palestinian terror group at the 1972 Olympics in Munich, Israel."
1493,S40 E26,Round 1,Bonus,16,"In 2022, the German government agreed to pay further compensation to the families of 11 athletes from which nation who were killed by members of a Palestinian terror group at the 1972 Olympics in Munich?",Israel,Maryville High School (Abby's team) vs Oak Ridge High School,,Unknown,Correct,,,,Correct,20,Unknown,team not identified in captions (captions lines 19169-19172),"Sports is your bonus. / In 2022, the German government agreed to pay further compensation to the families of 11 athletes from which nation who were killed by members of a Palestinian terror group at the 1972 Olympics in Munich, Israel. / That's right for 20 points toss up in history. / Who succeeded Lennon as leader of the Soviet Union in 1924?"
1496,S40 E26,Round 1,Tossup,18,What series of books by Jeff Kinney follows Greg Heffley as he records ...?,Diary of a Wimpy Kid,Maryville High School (Abby's team) vs Oak Ridge High School,,Unknown,Correct,,,,Correct,10,Unknown,cut off by the buzzer; buzzer and team not identified in captions; team not identified in captions (captions lines 19177-19180),"Doesn't it toss up in literature? / What series of books by Jeff Kinney follows Greg Heffley as he records every Diary of a Wimpy Kid. / That's a series of books and a literature bonus. / Now an unpublished screenplay treatment of Moonraker, written by the book's author in 1956, revealed his more serious vision for a James Bond movie, who was the author of all 12 zero seven novels."
1497,S40 E26,Round 1,Bonus,18,"An unpublished screenplay treatment of Moonraker, written by the book's author in 1956, revealed his more serious vision for a James Bond movie. Who was the author of all twelve 007 novels?",Ian Fleming,Maryville High School (Abby's team) vs Oak Ridge High School,,Unknown,Incorrect,,,,Missed,0,None given,"team said ""John Smith""; team not identified in captions (captions lines 19179-19183)","That's a series of books and a literature bonus. / Now an unpublished screenplay treatment of Moonraker, written by the book's author in 1956, revealed his more serious vision for a James Bond movie, who was the author of all 12 zero seven novels. / John John Smith. / Ian Fleming is the guy's name, turns up now in Health. / What human organ is monitored with an EEG plasma?"
1498,S40 E26,Round 1,Tossup,19,What human organ is monitored with an EEG?,The brain,Maryville High School (Abby's team) vs Oak Ridge High School,,Unknown,Correct,,,,Correct,10,Unknown,buzzer and team not identified in captions; team not identified in captions (captions lines 19183-19185),"What human organ is monitored with an EEG plasma? / The brain, Yes. / And a health bonus because of the effect of the war in Ukraine on food supplies, Mozambique decided to produce its own grain, including what?"
1499,S40 E26,Round 1,Bonus,19,"Because of the effect of the war in Ukraine on food supplies, Mozambique decided to produce its own grain, including what starchy food that is a staple for over half of the world's human population?",Rice,Maryville High School (Abby's team) vs Oak Ridge High School,,Unknown,Incorrect,,,,Missed,0,None given,team said potato; team not identified in captions (captions lines 19185-19190),"And a health bonus because of the effect of the war in Ukraine on food supplies, Mozambique decided to produce its own grain, including what? / Starchy food that is a staple for over half of the world's human population. / Potato. / Now, rice is the food thing about Asia. / Toss up in geography. / Hamilton is the capital of which British territory about 650 miles east of Cape Hatteras."
1511,S40 E26,Round 1,Tossup,26,Which religion is represented by a six-pointed star?,Judaism,Maryville High School (Abby's team) vs Oak Ridge High School,,Unknown,Correct,,,,Correct,10,Unknown,buzzer and team not identified in captions; team not identified in captions,
1512,S40 E26,Round 1,Bonus,26,What is the seven-branched candelabrum depicted on the Israeli national emblem?,A menorah,Maryville High School (Abby's team) vs Oak Ridge High School,,Unknown,Correct,,,,Correct,20,Unknown,"the captions say ""national anthem"" and cut off the point value; treated as 20; team not identified in captions (captions lines 19307-19311)",And a religion bonus. / Now what is the seven branched candelabrum depicted on the Israeli national anthem? / A menorah is right. / points plus up in U.S. history. / Where did the Wright brothers fly their first powered plane?
1514,S40 E26,Round 1,Bonus,27,Who was president of the United States when the Berlin Wall was taken down?,Ronald Reagan (as accepted by the host),Maryville High School (Abby's team) vs Oak Ridge High School,,Maryville High School (Abby's team),Correct,,,,Correct,20,Maryville High School (Abby's team),"the team repeated the question and said Ronald Reagan and the host said ""That's right ... for 20 points"", although the Wall fell in 1989 under George H. W. Bush; the question wording may differ from the captions (captions lines 19313-19321)","Yeah, we also would have taken the in the more specific answer Kill Devil Hills so ten points there and a bonus in U.S. history. / Who was president of the United States when the Berlin Wall was taken down? / Okay. / Over again. / Ronald Reagan. / That's right. / For 20 points. / Toss up now in chemistry. / What is the common name for and ahco3, which is used as a leavening agent."
1558,S40 E27,Round 1,Tossup,10,"The election that triggered secession is remembered as a race between mostly two candidates, Abraham Lincoln and who?",Stephen Douglas,Maryville High School (Mohammed's team) vs Sevier County High School,,Unknown,Correct,,,,Correct,10,Unknown,buzzer and team not identified in captions; team not identified in captions (captions lines 18623-18627),"Toss up now in history. / The election that triggered secession is remembered as a race between mostly two candidates Who was Abraham Lincoln and Stephen Douglas? / Yeah, they're going to take that as evidence for Lincoln's opponent. / But Stephen Douglas is the right answer. / You get a bonus now in U.S. history in 2022, President Biden's first White House state dinner welcome."
1559,S40 E27,Round 1,Bonus,10,"Part 1: In 2022, President Biden's first White House state dinner welcomed the president of which country? | Part 2: The very first state dinner ever welcomed the King of Hawaii and was hosted by which president in 1874?",Part 1: France | Part 2: Ulysses S. Grant,Maryville High School (Mohammed's team) vs Sevier County High School,,Unknown,Incorrect,,,,Missed,0,None given,"the team said Morocco, then Rutherford B. Hayes and ""Ford""; team not identified in captions (captions lines 18627-18636)","You get a bonus now in U.S. history in 2022, President Biden's first White House state dinner welcome. / The president of which country? / That was America's first ally of Morocco. / From Morocco, you know, France was America's first ally, then the United States very first state dinner ever welcomed the king of Hawaii and was hosted by which president in 1874, 1874, Rutherford B Rutherford B, No. / One before Rutherford. / Answer I'm Ford now. / Ulysses S Grant was 1874. / You're thinking 1974. / Toss up in geography. / What city was previously known as Peking?"
1584,S40 E27,Round 1,Tossup,24,"Geologists study [wording garbled in captions]. What do you call someone who studies caves, as when you go spelunking?",Speleologist,Maryville High School (Mohammed's team) vs Sevier County High School,Costin,Maryville High School (Mohammed's team),Incorrect,,Sevier County High School,Incorrect,Missed,0,None given,"the question is badly garbled in the captions (""what do you spill? Geologists study constant earthquakes ... strong oil spills, caves when you go spelunking, smelly-ologist or philologist""); the answer ""speleologist"" is inferred; both buzzers' answers were wrong and Sevier's stealer is not named",
1594,S40 E27,Round 1,Tossup,30,What book is the standard reference for parliamentary procedure?,Robert's Rules of Order,Maryville High School (Mohammed's team) vs Sevier County High School,,Unknown,Correct,,,,Correct,10,Unknown,buzzer and team not identified in captions; team not identified in captions (captions lines 18797-18802),"They're toss up now in government. / What book is the standard reference for parliamentary procedure? / No. / Have a Robert's Rules of Order. / Yes, and a government bonus. / Bosnia and Herzegovina have been recognized by the EU as a candidate country for accession and is on the current agenda for future enlargement of the EU."
1595,S40 E27,Round 1,Bonus,30,Bosnia and Herzegovina has been recognized by the EU as a candidate country for accession and is on the agenda for future enlargement of the EU. Bosnia and Herzegovina was formed following the collapse of which country?,Yugoslavia,Maryville High School (Mohammed's team) vs Sevier County High School,,Unknown,Correct,,,,Correct,20,Unknown,team not identified in captions (captions lines 18801-18807),"Yes, and a government bonus. / Bosnia and Herzegovina have been recognized by the EU as a candidate country for accession and is on the current agenda for future enlargement of the EU. / Bosnia and Herzegovina was formed following the collapse of which country? / Yugoslavia. / Yugoslav. / I think it's Yugoslavia. / Yugoslavia is ranked 20 points tossup now in economics, in American publishing, which genre accounts for the largest amount?"
1596,S40 E27,Round 1,Tossup,31,"In American publishing, which genre accounts for the largest amount?",Romance,Maryville High School (Mohammed's team) vs Sevier County High School,,Unknown,Correct,,,,Correct,10,Unknown,"buzzer and team not identified in captions; the answer is garbled in the captions (""romantic ... of paperbacks""); team not identified in captions (captions lines 18807-18809)","Yugoslavia is ranked 20 points tossup now in economics, in American publishing, which genre accounts for the largest amount? / My romantic of paperbacks and an economics bonus. / Who are the first two American billionaires?"
1597,S40 E27,Round 1,Bonus,31,Who are the first two American billionaires?,Henry Ford and John D. Rockefeller,Maryville High School (Mohammed's team) vs Sevier County High School,,Unknown,Correct,,,,Correct,20,Unknown,team not identified in captions (captions lines 18808-18812),My romantic of paperbacks and an economics bonus. / Who are the first two American billionaires? / Ford and Rockefeller. / Ford and Rockefeller. / Ford and Rockefeller as write Henry Ford and John Rockefeller 20 points Tossup in grammar when two singular subjects are connected by the word or nor what type of verb should be used.
1601,S40 E27,Round 1,Tossup,34,What is the name of the compound represented by the formula K2CO3?,Potassium carbonate,Maryville High School (Mohammed's team) vs Sevier County High School,,Unknown,Correct,,,,Correct,10,Unknown,buzzer and team not identified in captions; team not identified in captions (captions lines 18828-18832),"They shared it with the Yankees toss up in chemistry. / What is the name of the compound represented by the formula K2 C O3? / Now, potassium carbonate is right. / Chemistry is your bonus. / Who is credited with the discovery of hydrogen?"
1602,S40 E27,Round 1,Bonus,34,Who is credited with the discovery of hydrogen?,Henry Cavendish,Maryville High School (Mohammed's team) vs Sevier County High School,,Unknown,Incorrect,,,,Missed,0,None given,team said Lavoisier; team not identified in captions (captions lines 18831-18836),"Chemistry is your bonus. / Who is credited with the discovery of hydrogen? / Oh, about the same answer, Lavoisier. / Now that is Cavendish, who is credited with the discovery of oxygen, as you say, Lavoisier now he named it, but Priestley is credited with discovering it. / Toss up in math. / What is the square root of three raised to the fourth power?"
1613,S40 E27,Round 1,Tossup,40,Google Sheets is compatible with spreadsheet files from what Microsoft program?,Excel,Maryville High School (Mohammed's team) vs Sevier County High School,,Unknown,Correct,,,,Correct,10,Unknown,buzzer and team not identified in captions; team not identified in captions (captions lines 18887-18888),"Google Sheets is compatible with spreadsheet files from what Microsoft program cost in Excel. / Yes, and a technology bonus Which Western state became the first to ban tick tock, citing fears that the app's Chinese owned parent company could be providing Americans data to the Chinese government."
1614,S40 E27,Round 1,Bonus,40,"Which Western state became the first to ban TikTok, citing fears that the app's Chinese-owned parent company could be providing Americans' data to the Chinese government?",Montana,Maryville High School (Mohammed's team) vs Sevier County High School,,Unknown,Correct,,,,Correct,20,Unknown,team not identified in captions (captions lines 18888-18891),"Yes, and a technology bonus Which Western state became the first to ban tick tock, citing fears that the app's Chinese owned parent company could be providing Americans data to the Chinese government. / Montana I think it's Montana. / Let's say Montana is right for 20 points. / Toss up now in geography, which canal is the most used waterway for shipping?"
1620,S40 E27,Round 1,Tossup,44,What is the term for the process by which rainbows are formed?,Refraction,Maryville High School (Mohammed's team) vs Sevier County High School,,Unknown,Incorrect,,,,Missed,0,None given,"buzzer not identified; the player said diffraction and the time ran out, ending the game; team not identified in captions (captions lines 18915-18930)","What is the term for the process by which rainbows are formed? / Is light from the sun or have diffraction that's against diffraction? / No, that's not it. / but the time has run out anyway. / It's refraction, not diffraction. / So we can't use it as the game ends. / But it wouldn't have mattered because Maryville did hang on to the lead run at the score a little bit more Seviere county at least you broke the century mark, So we appreciate you doing that. / And lot of underclassmen here, right? / So we'll see many of you again next year on Scholars Bowl. / We always appreciate the support from the Smokey Bears And meanwhile, Maryville, congratulations. / You're going to advance now to the threshold of 32. / We'll see you again. / You'll see all of our players again when you watch every single episode of Scholar's Bowl. / Don't miss any of them. / Check your listings, set your DVR or binge watch past seasons online using the PBS app. / My name is Frank Murphy and this is Tennessee Scholars Bowl 2024."
1648,S40 E28,Round 1,Bonus,16,"Part 1: Who won the 1952 presidential election, which was the first time a computer predicted the outcome? | Part 2: What was the name of the computer that correctly predicted that outcome?",Part 1: Dwight D. Eisenhower | Part 2: UNIVAC,Scott County High School (Brylan's team) vs Oneida High School,,Scott County High School (Brylan's team),Partial,,,,Partial,10,Scott County High School (Brylan's team),"the captions are ambiguous: for Part 1 they show ""Truman and Sir Truman Eisenhower"" with no clear ruling; Part 2 had no answer; treated as ten points (captions lines 18222-18227)","And technology is your bonus. / Who won the 1952 presidential election, which was the first time a computer predicted the outcome next time after Truman and Sir Truman Eisenhower. / What was the name of the computer that correctly predicted that outcome? / No answer. / That is the UNIVAC UNIVAC toss now in music. / Which of the Beatles wrote the song Here Comes the Sun?"
1669,S40 E28,Round 1,Tossup,30,Who invented the modern steam engine in 1775?,James Watt,Scott County High School (Brylan's team) vs Oneida High School,,Unknown,Correct,,,,Correct,10,Unknown,buzzer and team not identified in captions; team not identified in captions (captions lines 18315-18318),"Who invented the modern steam engine in 1775? / What? / Yes, and an economics bonus. / James, what is the guy what is a 12 letter term?"
1670,S40 E28,Round 1,Bonus,30,What 12 letter term means the action of gradually writing off the initial cost of an asset or paying off a debt over time?,Amortization,Scott County High School (Brylan's team) vs Oneida High School,,Unknown,Incorrect,,,,Missed,0,None given,"team said ""financing""; team not identified in captions (captions lines 18317-18322)","Yes, and an economics bonus. / James, what is the guy what is a 12 letter term? / That means the action of gradually writing off the initial cost of an asset or paying off a debt over time. / Finance financing. / The equivalent or term I'm looking for is Amortization toss up in health. / What is the object placed in a blood vessel to open a closed blood vessel to keep it open afterwards?"
1690,S40 E28,Round 1,Bonus,43,"Part 1: What is the French word for a bakery that sells everyday items like bread and croissants? | Part 2: What is the French word for a pastry shop, which is more specialized than a bakery?",Part 1: Boulangerie | Part 2: Pâtisserie,Scott County High School (Brylan's team) vs Oneida High School,,Scott County High School (Brylan's team),Correct,,,,Correct,20,Scott County High School (Brylan's team),"the captions give no clear ruling (""Like something that's a bit larger? ... Yes, that is a particularly for pastries""); treated as both parts right (20 points) (captions lines 18388-18393)","Polish, Russian and Czech are examples of which language group Connor Slavic right and a foreign language bonus. / What is the French word for bakery that sells everyday items like bread and croissants? / Like something that's a bit larger? / Oh, what is the French word for a pastry shop with which is more specialized than a bakery, you know, as it is. / Yes, that is a particularly for pastries. / Plus up now in math, simplify three divided by the square root of three, one third."
1718,S40 E29,Round 1,Tossup,12,"What word derived from the Japanese words for ""fold"" and ""paper"" refers to the art of paper folding?",Origami,Knoxville Catholic High School vs Oliver Springs High School (Walker's team),,Unknown,Correct,,,,Correct,10,Unknown,"buzzer and team not identified in captions; the captions garble the question (""two fold ... the art of money"") and the player answered before being called on but was accepted; team not identified in captions (captions lines 17757-17759)","What word derived from the Japanese words meaning two fold refers to the art of money and make sure I've called on you all the way. / But it is origami and you get a visual bonus. / Now what is the title of the 19th century Japanese painting shown here that depicts three boats moving through a storm tossed sea and is considered to be one of the most, if not the most famous artworks in Japanese history."
1719,S40 E29,Round 1,Bonus,12,"What is the title of the 19th century Japanese painting shown here that depicts three boats moving through a storm-tossed sea and is considered to be one of the most, if not the most, famous artworks in Japanese history?",The Great Wave off Kanagawa,Knoxville Catholic High School vs Oliver Springs High School (Walker's team),,Unknown,Incorrect,,,,Missed,0,None given,the team said it had no idea; team not identified in captions (captions lines 17758-17764),"But it is origami and you get a visual bonus. / Now what is the title of the 19th century Japanese painting shown here that depicts three boats moving through a storm tossed sea and is considered to be one of the most, if not the most famous artworks in Japanese history. / Yes, yes. / Home of Say Star starring. / I have no idea. / That is the great wave off Kanagawa. / Tell several players in geology what is the name of the seismic fault that goes through San Francisco and San Andreas?"
1722,S40 E29,Round 1,Tossup,14,"What is the superlative of the adjective ""good""?",Best,Knoxville Catholic High School vs Oliver Springs High School (Walker's team),,Unknown,Correct,,,,Correct,10,Unknown,buzzer and team not identified in captions; team not identified in captions (captions lines 17771-17772),"Now, in vocabulary, what is the superlative of the adjective good ever best and a vocabulary bonus. / What 11 letter word beginning with C means a person with expert knowledge or discriminating taste connoisseur correct for ten a spell connoisseur C O N N O S S I E U R Well, you put the eye in the wrong spot and it's C O N N O I S S E U R ten points on the bonus toss up in geometry."
1723,S40 E29,Round 1,Bonus,14,Part 1: What 11 letter word beginning with C means a person with expert knowledge or discriminating taste? | Part 2: Spell that word.,Part 1: Connoisseur | Part 2: C-O-N-N-O-I-S-S-E-U-R,Knoxville Catholic High School vs Oliver Springs High School (Walker's team),,Unknown,Partial,,,,Partial,10,Unknown,the team misplaced the I in the spelling; team not identified in captions (captions lines 17771-17773),"Now, in vocabulary, what is the superlative of the adjective good ever best and a vocabulary bonus. / What 11 letter word beginning with C means a person with expert knowledge or discriminating taste connoisseur correct for ten a spell connoisseur C O N N O S S I E U R Well, you put the eye in the wrong spot and it's C O N N O I S S E U R ten points on the bonus toss up in geometry. / A trapezoid has a height of 12 an area of 120."
1729,S40 E29,Round 1,Tossup,18,What element has the highest electronegativity?,Fluorine,Knoxville Catholic High School vs Oliver Springs High School (Walker's team),,Unknown,Correct,,,,Correct,10,Unknown,buzzer and team not identified in captions; team not identified in captions (captions lines 17796-17798),"What element has the highest electronegativity fallen? / Yeah, and a chemistry bonus. / What is the chemical formula?"
1730,S40 E29,Round 1,Bonus,18,Part 1: What is the chemical formula for ammonia? | Part 2: What is the chemical formula for the table salt substitute potassium chloride?,Part 1: NH3 | Part 2: KCl,Knoxville Catholic High School vs Oliver Springs High School (Walker's team),,Unknown,Correct,,,,Correct,20,Unknown,"the captions garble the host's final ruling (""ratio is right""); both parts treated as right; team not identified in captions (captions lines 17797-17801)","Yeah, and a chemistry bonus. / What is the chemical formula? / First for ammonia? / NH three And what is the chemical formula for the table? / Salts Substitute potassium chloride ratio is right points on the bonus toss up in spelling the crime of fraudulently appropriating property entrusted to one's care and converting it to one's own use."
1736,S40 E29,Round 1,Tossup,23,"When a full moon occurs twice in the same month, what is it called?",A blue moon,Knoxville Catholic High School vs Oliver Springs High School (Walker's team),,Unknown,Correct,,,,Correct,10,Unknown,buzzer and team not identified in captions (the host warned the player for answering before being called on); team not identified in captions (captions lines 17852-17860),"Toss up now in astronomy, when a full moon occurs twice in the same month. / What is the moon? / What is it? / Blue moon. / That's your warning to make sure I've called on you. / Before you answer. / Blue Moon is right. / Astronomy is your bonus. / What are the four smallest planets in our solar system?"
1737,S40 E29,Round 1,Bonus,23,What are the four smallest planets in our solar system?,"Mercury, Venus, Mars and Earth",Knoxville Catholic High School vs Oliver Springs High School (Walker's team),,Unknown,Correct,,,,Correct,20,Unknown,team not identified in captions (captions lines 17859-17864),"Astronomy is your bonus. / What are the four smallest planets in our solar system? / Mercury, Venus, Mars and Earth? / Those four are correct. / 20 points Toss up now in mythology. / Which countries mythological gods live in the Kunlun Mountains?"
1794,S40 E30,Round 1,Bonus,12,Name the four U.S. presidents who did not make any nominations for Supreme Court appointments because there were no vacancies while they were in office.,"William Henry Harrison, Zachary Taylor, Andrew Johnson and Jimmy Carter",West Ridge High School (Hunter's team) vs J. Frank White Academy (Shashi's team),,J. Frank White Academy (Shashi's team),Partial,,,,Partial,5,J. Frank White Academy (Shashi's team),"the host awarded five points; the team named Tyler, Benjamin Harrison, Obama, Johnson, Jackson and later Tyler, Andrew Johnson and Jimmy Carter, and the captions are unclear about which names counted (the host said ""five points for Andrew Johnson"" and named William Henry Harrison and Zachary Taylor as the ones missed) (captions lines 17276-17292)","Yes, three times longer and a government bonus. / Name the four U.S. presidents who did not make any nominations for Supreme Court appointments as there were no vacancies while they were in office. / Tyler Obama. / No, not Nova. / Tyler. / Benjamin Harrison, Obama, Johnson and Jackson. / And Obama does not answer. / Tyler, Benjamin Harrison Johnson and Jackson. / And more on Johnson and Jackson. / Yeah, and Andrew Jackson. / You get five points for Andrew Johnson. / It was William Henry Harrison. / Zachary Taylor. / You said Tyler, Andrew Johnson and Jimmy Carter. / So five points there. / Toss up now in English. / What four letter word is a synonym for reverberate Shashi, echo."
1803,S40 E30,Round 1,Tossup,18,"What is the English translation of the German phrase ""Guten Tag""?",Good afternoon,West Ridge High School (Hunter's team) vs J. Frank White Academy (Shashi's team),Shashi,J. Frank White Academy (Shashi's team),Incorrect,,Unknown,Incorrect,Missed,0,None given,"the captions show ""Guten Abend"" for the phrase (probably garbled) and a confusing exchange: Shashi said ""good evening"", a steal attempt said ""goodnight"", and the host said ""It's good afternoon""; no bonus followed, so both attempts are treated as wrong (captions lines 17315-17324)","Also read 20 points Toss up in foreign language. / What does the English translation of the German phrase? / Guten Abend. / Shashi, good evening. / No chance to steal, right? / Goodnight. / It's good afternoon. / It's what I was saying there. / Toss up now in biology. / What animals are classified as Chiroptera, the second largest order of mammals, Shashi, vertebrates."
1808,S40 E30,Round 1,Tossup,22,"From approximately 1716 until his death in 1718, Edward Teach was a feared pirate known as what?",Blackbeard,West Ridge High School (Hunter's team) vs J. Frank White Academy (Shashi's team),,Unknown,Correct,,,,Correct,10,Unknown,buzzer and team not identified in captions (the host said he was stumbling over the question and the player answered before being called on); team not identified in captions (captions lines 17333-17338),"Harrison Pickleball Yeah, that's right A hollow plastic ball bonus and games for Westridge what X-Box exclusive first person shooter game introduced the artificial intelligence character Cortana who provides tactical information to the main character Master Chief and who Microsoft also used as the basis for its Windows Virtual Assistant. / Halo is right 20 points passive in history from proximately 1716 until his death in 1718. / Edward Teach was a feared pirate. / Yeah, I'm actually I'm calling all the way there. / I'm stumbling a little bit but yes Blackbeard and world history is your bonus. / Euclid is considered to be the father of which branch of mathematics?"
1809,S40 E30,Round 1,Bonus,22,Euclid is considered to be the father of which branch of mathematics?,Geometry,West Ridge High School (Hunter's team) vs J. Frank White Academy (Shashi's team),,Unknown,Correct,,,,Correct,20,Unknown,team not identified in captions (captions lines 17337-17341),I'm stumbling a little bit but yes Blackbeard and world history is your bonus. / Euclid is considered to be the father of which branch of mathematics? / Geometry. / Geometry is right for 20 plus up now in literature. / What was the title of the 23 page pamphlet written in 1848 by Karl Marx and Friedrich Engels?
1816,S40 E30,Round 1,Tossup,27,"The 1880s economic boom in the Amazon basin was fueled by what ""black gold"" that was not oil?",Rubber,West Ridge High School (Hunter's team) vs J. Frank White Academy (Shashi's team),,Unknown,Correct,,,,Correct,10,Unknown,buzzer and team not identified in captions; team not identified in captions (captions lines 17396-17398),"No points on that toss up in economics, the 1880s economic boom in the Amazon basin was fueled by rubber black gold that was not oil. / An economics bonus. / What car company is the manufacturer of the supra RAV4 and Prius models?"
1817,S40 E30,Round 1,Bonus,27,"What car company is the manufacturer of the Supra, RAV4 and Prius models?",Toyota,West Ridge High School (Hunter's team) vs J. Frank White Academy (Shashi's team),,Unknown,Correct,,,,Correct,20,Unknown,team not identified in captions (captions lines 17397-17400),An economics bonus. / What car company is the manufacturer of the supra RAV4 and Prius models? / Toyota is right. / For 20 years I've been spelling a written word that cannot be read or deciphered.
1819,S40 E30,Round 1,Tossup,29,What part of the body do podiatrists treat?,The foot,West Ridge High School (Hunter's team) vs J. Frank White Academy (Shashi's team),,Unknown,Correct,,,,Correct,10,Unknown,buzzer and team not identified in captions; team not identified in captions (captions lines 17404-17409),"So unfortunately, it's a I L L E G I B L E no points on the spelling tossup in health. / What part of the body do podiatrists treat foot? / Yes. / And a visual bonus in health. / Look at the screen, please. / In the human body, what are the largest and thickest bones seen here that articulate proximately with the pelvic bone and distally interact with the patella and the proximal aspects of the tibia femur is right for 20 toss up."
1820,S40 E30,Round 1,Bonus,29,"In the human body, what are the largest and thickest bones seen here that articulate proximally with the pelvic bone and distally interact with the patella and the proximal aspect of the tibia?",The femur,West Ridge High School (Hunter's team) vs J. Frank White Academy (Shashi's team),,Unknown,Correct,,,,Correct,20,Unknown,team not identified in captions (captions lines 17409-17410),"In the human body, what are the largest and thickest bones seen here that articulate proximately with the pelvic bone and distally interact with the patella and the proximal aspects of the tibia femur is right for 20 toss up. / Now in literature, in the children's book Charlotte's Web, what was the name of the pig?"
1841,S40 E30,Round 1,Tossup,43,Who was the mythological Roman god of freshwater and the sea and is a counterpart of the Greek Poseidon?,Neptune,West Ridge High School (Hunter's team) vs J. Frank White Academy (Shashi's team),,Unknown,Correct,,,,Correct,10,Unknown,buzzer and team not identified in captions; team not identified in captions (captions lines 17490-17494),"Toss up in mythology, who was the mythological Roman god of Freshwater and the Sea and is a counterpart of the mythological Stephen Neptune. / Yeah. / Gotcha. / And a bonus in mythology. / What mythological Greek demi god of the deep sea was the son of Poseidon and represented as a merman."
1842,S40 E30,Round 1,Bonus,43,What mythological Greek demigod of the deep sea was the son of Poseidon and represented as a merman?,Triton,West Ridge High School (Hunter's team) vs J. Frank White Academy (Shashi's team),,Unknown,Correct,,,,Correct,20,Unknown,team not identified in captions (captions lines 17493-17495),And a bonus in mythology. / What mythological Greek demi god of the deep sea was the son of Poseidon and represented as a merman. / Triton is right 20 plus up in biology which phylum of animals have a no record dorsal nerve cord and pharyngeal slits at some point in their development then fish that you can steal Westridge Nathan Nematodes.
1850,S40 E30,Round 1,Tossup,49,Name the famous scientist who wrote The Interpretation of Dreams.,Sigmund Freud,West Ridge High School (Hunter's team) vs J. Frank White Academy (Shashi's team),,Unknown,Correct,,,,Correct,10,Unknown,buzzer and team not identified in captions; team not identified in captions (captions lines 17515-17519),"Chance to steal Westridge The seven letter word we're looking for there is absolve toss up in science. / Name the famous scientist who wrote the interpretation of dreams. / Sigmund Freud. / Correct. / In a science bonus, What is the name for the phenomenon?"
1851,S40 E30,Round 1,Bonus,49,What is the name for the phenomenon when parts of the Pacific Ocean become warmer than usual and rising moist air currents are produced that affect weather patterns around the world?,El Niño,West Ridge High School (Hunter's team) vs J. Frank White Academy (Shashi's team),,Unknown,Incorrect,,,,Missed,0,None given,team said La Niña; team not identified in captions (captions lines 17519-17525),"In a science bonus, What is the name for the phenomenon? / When parts of the Pacific Ocean become warmer than usual and rising moist air currents are produced that affect weather patterns around the world? / And you don't like that? / La Nina? / No, it's the other one. / El Nino toss up in art. / What does the Renaissance mean in English?"
1899,S40 E31,Round 1,Tossup,28,What simple machine is represented by a chisel?,A wedge,Roane County High School vs Science Hill High School (Emily's team),,Unknown,Correct,,,,Correct,10,Unknown,buzzer and team not identified in captions; team not identified in captions (captions lines 16955-16957),"What simple machine is represented by a chisel after a wedge? / Correct. / In physics bonus, which component is used to convert one AC source into another AC source of different voltage and current a converter that's called a transformer."
1900,S40 E31,Round 1,Bonus,28,Which component is used to convert one AC source into another AC source of different voltage and current?,A transformer,Roane County High School vs Science Hill High School (Emily's team),,Unknown,Incorrect,,,,Missed,0,None given,team said a converter; team not identified in captions (captions lines 16957-16959),"In physics bonus, which component is used to convert one AC source into another AC source of different voltage and current a converter that's called a transformer. / So similar but not the same toss up for all players in literature. / Who is the only American poet to have been memorialized by a bust in the poet's corner of Westminster Abbey?"
2086,S40 E33,Round of 32,Tossup,43,Which famous mathematician's name ... [question cut off by the buzzer]?,[unclear],Temple Baptist Academy vs Somerset High School (KY),Will,Temple Baptist Academy,Incorrect,,,,Missed,0,None given,"the question was cut off by the buzzer and the end of the game; Will said ""Sir Isaac Newton"" and was ruled wrong; the question wording and answer are not captured",
2095,S40 E34,Round of 32,Tossup,5,Most planets in our solar system are named for mythological gods from which ancient civilization?,Rome,Dobyns-Bennett High School (Sachin's team) vs Alcoa High School,,Unknown,Correct,,,,Correct,10,Unknown,buzzer and team not identified in captions; team not identified in captions (captions lines 15307-15308),"Ten points on the bonus toss up in astronomy, most planets in our solar system are named for mythological gods from which clear earth, which ancient civilization, like Rome, is right for ten, and an astronomy bonus. / Which of the constellations is the largest and is named for the mythological creature that Hercules killed in his second labor Day versus versus Hydra Is that one?"
2096,S40 E34,Round of 32,Bonus,5,"Part 1: Which constellation is the largest and is named for the mythological creature that Hercules killed in his second labor? | Part 2: Which constellation is the smallest, with a name that is Latin for ""cross""?",Part 1: Hydra | Part 2: Crux,Dobyns-Bennett High School (Sachin's team) vs Alcoa High School,,Unknown,Partial,,,,Partial,10,Unknown,"the team said ""Crucis"" for Part 2; team not identified in captions (captions lines 15307-15313)","Ten points on the bonus toss up in astronomy, most planets in our solar system are named for mythological gods from which clear earth, which ancient civilization, like Rome, is right for ten, and an astronomy bonus. / Which of the constellations is the largest and is named for the mythological creature that Hercules killed in his second labor Day versus versus Hydra Is that one? / Try this. / Which of the constellations is the smallest and its name is Latin for Cross crews? / No, I think I needed Crux on that cigar. / You toss it for all players in literature. / What is the seven letter word starting with the letter P that refers to a simple story from which, Tripp?"
2137,S40 E34,Round of 32,Tossup,29,"Any means of deliberately destroying, wasting or damaging items is called sabotage. Spell ""sabotage.""",S-A-B-O-T-A-G-E,Dobyns-Bennett High School (Sachin's team) vs Alcoa High School,,Unknown,Correct,,,,Correct,10,Unknown,buzzer and team not identified in captions; team not identified in captions (captions lines 15515-15518),"For the musical theater people know that one for 20 toss up in spelling any means of deliberately destroying, wasting or damaging items is called sabotage. / Spell. / S A B O T A G E is right and a bonus in spelling. / Presidential elections are quadrennial meaning every four years."
2138,S40 E34,Round of 32,Bonus,29,"Presidential elections are quadrennial, meaning every four years. Spell ""quadrennial.""",Q-U-A-D-R-E-N-N-I-A-L,Dobyns-Bennett High School (Sachin's team) vs Alcoa High School,,Unknown,Incorrect,,,,Missed,0,None given,the team spelled Q-U-A-D-R-N-I-A-L (missing an E); team not identified in captions (captions lines 15517-15522),"S A B O T A G E is right and a bonus in spelling. / Presidential elections are quadrennial meaning every four years. / Spell quadrennial Q U A D R N I A L. Well, now you missed it. / There's an e in there instead of an I. / So it's Q U A D R E N I A L. No points on the bonus toss up in health. / What word is used to describe the rate at which body cells use food?"
2165,S40 E34,Round of 32,Bonus,44,Part 1: What ten letter word beginning with L is a commissioned naval officer and could also mean a deputy or substitute acting for a superior? | Part 2: Spell that word.,Part 1: Lieutenant | Part 2: L-I-E-U-T-E-N-A-N-T,Dobyns-Bennett High School (Sachin's team) vs Alcoa High School,,Dobyns-Bennett High School (Sachin's team),Partial,,,,Partial,10,Dobyns-Bennett High School (Sachin's team),"the host said ""Correct"" for Part 1 but ended with ""no points on the bonus"" after the team spelled it with an extra N; treated as ten points for Part 1 (captions lines 15640-15650)","Is it, And a vocabulary bonus. / What ten letter word beginning with l is a commissioned naval officer and could also mean a deputy or substitute acting for a superior. / Lieutenant. / Correct. / Now spell it Lieutenant O. I don't know if it's that. / No, this is written again. / Answer l i e u t e n n but a n t. It's one too many ns in there in the middle. / Yeah. / It's just a it's L I E U T E N A N T no points on the bonus, but a toss up. / Now for all players in astronomy. / What is the term for a dying stars explosion with so much energy, Sachin."
2299,S40 E36,Round of 32,Tossup,36,What is the brightest star seen in the night sky?,Sirius,Corbin High School (KY) vs Hardin Valley Academy (David's team),,Unknown,Correct,,,,Correct,10,Unknown,buzzer and team not identified in captions; team not identified in captions (captions lines 14517-14520),"What is the brightest star seen in the night sky? / Serious. / bonus now for in astronomy for all you. / In 1736, the astronomer Anders Celsius confirmed Newton's theory that the Earth is not a sphere."
2300,S40 E36,Round of 32,Bonus,36,"In 1736, the astronomer Anders Celsius confirmed Newton's theory that the Earth is not a sphere. What shape is it?",An ellipsoid (oblate spheroid),Corbin High School (KY) vs Hardin Valley Academy (David's team),,Unknown,Incorrect,,,,Missed,0,None given,"the team answered ""ellipse"" and only worked out ""ellipsoid"" in discussion after the answer was locked; team not identified in captions (captions lines 14519-14530)","bonus now for in astronomy for all you. / In 1736, the astronomer Anders Celsius confirmed Newton's theory that the Earth is not a sphere. / But what shape ellipse? / I don't know. / Lips and lips, isn't it? / Looks three square and ellipsoid. / And that's Ellipse. / No, Ellipse would be two dimensional. / You just figured out ellipsoid is the right answer. / We also would have taken Oblate spheroid. / But most people say ellipsoid. / No points toss up in health, in psychology, what is the innate and typically fixed pattern of behavior in animals or in response to certain stimuli?"
2308,S40 E36,Round of 32,Tossup,41,"Podbean, Riverside.fm and Buzzsprout are intended for creating what?",Podcasts,Corbin High School (KY) vs Hardin Valley Academy (David's team),,Unknown,Correct,,,,Correct,10,Unknown,buzzer and team not identified in captions; team not identified in captions (captions lines 14564-14564),"Many, many also write 20 points to toss up now in technology Podbean, Riverside FM and Buzz Sprout podcast are intended for creating podcasts and a technology bonus in the world of podcasting."
2309,S40 E36,Round of 32,Bonus,41,"In the world of podcasting, what does RSS stand for?",Really Simple Syndication,Corbin High School (KY) vs Hardin Valley Academy (David's team),,Unknown,Incorrect,,,,Missed,0,None given,"the team guessed ""recording studio session""; team not identified in captions (captions lines 14564-14570)","Many, many also write 20 points to toss up now in technology Podbean, Riverside FM and Buzz Sprout podcast are intended for creating podcasts and a technology bonus in the world of podcasting. / RSS stands for what Studios session? / Sure, let's go with it. / I've heard Orion recording studio session. / Oh, we used to actually use this for blogs in the old days too. / It's really simple. / Syndication RSS toss up now in geometry in a parallelogram ABCD if angle a has a measure of 50 degrees, what is the measure of angle D Zach."
2396,S40 E38,Round of 32,Bonus,1,"Part 1: On February 12, 1849, which president, who was a Tennessean, became the first to have his photo taken while serving in office? | Part 2: What does the K in his name stand for?",Part 1: James K. Polk | Part 2: Knox,Webb School of Knoxville (Penny's team) vs Happy Valley High School (Tyler's team),,Webb School of Knoxville (Penny's team),Partial,,,,Partial,10,Webb School of Knoxville (Penny's team),"the captions are unclear on whether Part 1 earned points (""Zachary Taylor ... Oh no, it's Polk. James K. Polk ... now ten more points if you could tell me what the K stands for""); treated as Part 1 missed and Part 2 (""Knox"") right (captions lines 13161-13168)","Commemorates the date in 1865 and a history bonus now for Web On February 12th, 1849, which president, who was a Tennessean, became the first to have his photo taken while serving in office? / Zachary Taylor Jackson was presented with a James Oh no, it's Pocket's James kapok. / It was in 1849, yet now ten more points. / If you could tell me what the K stands for. / KINLEY Would you believe? / Knox Okay, yeah. / James Knox. / Polk Toss up everyone in music in which section of the band is a glockenspiel?"
2405,S40 E38,Round of 32,Tossup,7,Where in a cell is the cell's genetic material located?,The nucleus,Webb School of Knoxville (Penny's team) vs Happy Valley High School (Tyler's team),,Unknown,Correct,,,,Correct,10,Unknown,buzzer and team not identified in captions; team not identified in captions (captions lines 13199-13202),"Toss up now in health, where in a cell is the cell's genetic material located on the nucleus is right now. / You get a health bonus on the screen. / Take a look, please. / Which region of the brain that is highlighted in this image is responsible for regulating vital functions like breathing and heart rate by the common."
2406,S40 E38,Round of 32,Bonus,7,Which region of the brain highlighted in this image is responsible for regulating vital functions like breathing and heart rate?,The medulla oblongata,Webb School of Knoxville (Penny's team) vs Happy Valley High School (Tyler's team),,Unknown,Incorrect,,,,Missed,0,None given,"team said ""brain stem""; team not identified in captions (captions lines 13202-13206)","Which region of the brain that is highlighted in this image is responsible for regulating vital functions like breathing and heart rate by the common. / Yeah. / Yeah. / Try that brain stem while was looking for a medulla oblongata that we highlighted on that. / Plus up now in art what toy has a silver screen, Two knobs and silver powder."
2439,S40 E38,Round of 32,Tossup,25,What religious movement of the 1500s led to the Reformation?,Protestantism (as accepted),Webb School of Knoxville (Penny's team) vs Happy Valley High School (Tyler's team),,Unknown,Correct,,,,Correct,10,Unknown,buzzer and team not identified in captions; team not identified in captions (captions lines 13410-13412),"All right, toss up. / Now, in religion, what religious movement of the 1500s led to the Reformation. / Protestantism and a religion bonus made from wood removed during the Truman era renovation."
2440,S40 E38,Round of 32,Bonus,25,"Part 1: Made from wood removed during the Truman-era renovation, what holiday symbol was added to the White House archives in 2022 to celebrate Hanukkah? | Part 2: In 1979, who became the first president to light a menorah in the White House?",Part 1: A menorah | Part 2: Jimmy Carter,Webb School of Knoxville (Penny's team) vs Happy Valley High School (Tyler's team),,Unknown,Partial,,,,Partial,10,Unknown,the team said George W. Bush for Part 2; team not identified in captions (captions lines 13412-13422),"Protestantism and a religion bonus made from wood removed during the Truman era renovation. / What holiday symbol was added to the White House archives in 2022 to celebrate Hanukkah like a menorah? / Correct. / And in 1979, who became the first president to light a menorah in the White House? / This 79 would not be a George W Bush. / In 79, Jimmy Carter was president. / Toss up now in geography. / In which ocean is the Gulfstream Penny Atlantic? / That's right. / Geography bonus for Webb. / Tina Turner, Quentin Tarantino, Morgan Freeman and Al Gore Jr were all born in what state?"
2454,S40 E38,Round of 32,Bonus,32,"The mnemonic phrase ""My very educated mother just served us nachos"" stands for what?",The eight planets in order from the sun,Webb School of Knoxville (Penny's team) vs Happy Valley High School (Tyler's team),,Webb School of Knoxville (Penny's team),Incorrect,,,,Missed,0,None given,"the captions show the team asking whether it needed the order and the host saying ""that's what we're looking for"" but no ruling or answer is stated; treated as missed (captions lines 13469-13477)",James Mars Right in Astronomy Bonus The mnemonic phrase My very educated mother just served us nachos stands for what Mercury are the Mercury? / The order of the solar. / Do you need the order? / Know the order of the planets? / Yes. / That's what we're looking for. / The eight planets in order. / Toss up now in literature. / Who wrote the Little House on the Prairie Books?
2504,S40 E39,Round of 32,Bonus,15,Part 1: On which continent is the Amazon River located? | Part 2: On which continent is the Volga River located?,Part 1: South America | Part 2: Europe,Happy Valley High School (Levi's team) vs Webb School of Knoxville (Steven's team),,Webb School of Knoxville (Steven's team),Correct,,,,Correct,20,Webb School of Knoxville (Steven's team),"the captions show the team answering ""Africa"" for the Amazon part, yet the host awarded 20 points (""we'll take that as right""); scored Correct because the halftime tie at 230-230 only works if this bonus earned 20, so the Amazon answer is probably garbled in the captions (captions lines 12728-12733)","And the geography bonus for everyone. / On which continent is the Amazon River located? / Africa. / This is a bonus for web site. / On which continent is the Volga River located Europe. / Yeah, we'll take that as right 20 points toss up in geology, which of the three main categories of rock is always formed from one of the two other types?"
2524,S40 E39,Round of 32,Bonus,26,Part 1: Which vitamin is beneficial for both bone health and muscle strength? | Part 2: What is another name for ascorbic acid?,Part 1: Vitamin D | Part 2: Vitamin C,Happy Valley High School (Levi's team) vs Webb School of Knoxville (Steven's team),,Webb School of Knoxville (Steven's team),Partial,,,,Partial,10,Webb School of Knoxville (Steven's team),"the captions are jumbled on Part 1 (""vitamin K ... I mean D""; the host said ""that's fine"") while the host's closing line is ""that's ten points""; scored as Part 2 (vitamin C) only, but Part 1 may also have been credited (captions lines 12858-12867)","After eight weeks of development and a fetus is right for ten bonus Now in health, Which vitamin is beneficial for both bone health and muscle strength? / Stephen To answer a defer, vitamin D is bone health and muscle strength. / A vitamin K, That's fine. / I mean D what is another name for ascorbic acid? / Vitamin C? / Yeah. / Okay. / Yes, that's ten points. / Tossup in literature. / In theater."
2528,S40 E39,Round of 32,Bonus,28,Give the prime factorization of 800.,2^5 x 5^2,Happy Valley High School (Levi's team) vs Webb School of Knoxville (Steven's team),,Webb School of Knoxville (Steven's team),Incorrect,,,,Missed,0,None given,"Steven deferred to Anna, who began ""two ...""; the host said ""you have to get right to it quickly"" and gave the answer; treated as missed (time ran out) but no ruling is stated (captions lines 12882-12888)","In a math visual, take a look at the screens. / Please give the prime factorization of 800. / Stephen deferred to Anna. / 2. / Yeah, you have to get right to it quickly. / It's two to the fifth power times, five to the second power plus eight for everyone. / Now in Miscellaneous Garmin, TomTom and Magellan all make devices that use what type of technology."
2532,S40 E39,Round of 32,Bonus,30,In which country is Skellig Michael located (a rugged island that saw a spike in visitors along the Ring of Kerry after scenes from Star Wars: The Last Jedi were filmed there)?,Ireland,Happy Valley High School (Levi's team) vs Webb School of Knoxville (Steven's team),,Webb School of Knoxville (Steven's team),Unclear,,,,Unclear,,Webb School of Knoxville (Steven's team),"the team's answer is unclear (""either, like, Ireland or New Zealand""); the host's next words are ""Now it's Ireland"" (which may be ""No, it's Ireland"") (captions lines 12901-12906)","Steven Greenland and geography bonus for Web, the rugged island of Skellig Michael was responsible for a spike in visitors along the ring of Kerry after scenes from Star Wars The Last Jedi were filmed there. / In which country is Skellig Michael located to either like Ireland or New Zealand. / Now it's Ireland. / And if you want to know Michael is spelled Michael. / But that's the way they say it over there. / When I went to visit Tossup in astronomy, what famous Italian astronomer was the first to discover the rings of Saturn in 1610?"
2534,S40 E39,Round of 32,Bonus,31,What is the name of the dwarf planet between the orbits of Mars and Jupiter?,Ceres,Happy Valley High School (Levi's team) vs Webb School of Knoxville (Steven's team),,Webb School of Knoxville (Steven's team),Unclear,,,,Unclear,,Webb School of Knoxville (Steven's team),"the team said ""Ceres"" with an odd pronunciation (""Sersi""); the host said he didn't know if he could take it and spelled C-E-R-E-S; no clear ruling in the captions (captions lines 12907-12910)","Anna Galileo Is it astronomy bonus now for Webb? / What is the name of the dwarf planet between the orbits of Mars and Jupiter? / Sersi Sersi And it know it's a series, so I don't if I can take that C E R E S toss up for one in vocabulary. / What seven letter word beginning with C means brief and to the point, Anna?"
2540,S40 E39,Round of 32,Tossup,35,What is the standard name for a tax levied on the beneficiary share of an estate?,Inheritance tax,Happy Valley High School (Levi's team) vs Webb School of Knoxville (Steven's team),,Unknown,Correct,,,,Correct,10,Unknown,buzzer and team not named; the host reminded the player to wait to be called on; team not identified in captions (captions lines 12929-12934),"King Herod Agrippa specifically, but we would've taken Herod for that toss up in economics. / What is the standard name for a tax levied on the beneficiary share of an estate inheritance tax? / Yeah. / I'd make sure I've called on you all the way, but that is right. / An economics bonus. / What is an economic system based on supply and demand With little or no government control?"
2541,S40 E39,Round of 32,Bonus,35,Part 1: What is an economic system based on supply and demand with little or no government control? | Part 2: What is the term for money that can be invested in business?,Part 1: Free market (a free-market economy) | Part 2: Capital,Happy Valley High School (Levi's team) vs Webb School of Knoxville (Steven's team),,Unknown,Partial,,,,Partial,10,Unknown,"the team said ""capitalism"" for Part 1 (the host wanted ""free market"") and ""capital"" for Part 2; team not identified in captions (captions lines 12933-12943)","An economics bonus. / What is an economic system based on supply and demand With little or no government control? / Capitalism. / Capitalism? / Well, free market is the specific system. / What is the term for money that can be invested in business? / The Okay, it's capital. / Sure. / Capital It is capital. / Ten points. / Toss up now in astronomy, which planet in our solar system is nearest the sun theory and a visual bonus."
2542,S40 E39,Round of 32,Tossup,36,Which planet in our solar system is nearest the Sun?,Mercury,Happy Valley High School (Levi's team) vs Webb School of Knoxville (Steven's team),,Unknown,Correct,,,,Correct,10,Unknown,buzzer and team not named; the answer is garbled in the captions; team not identified in captions (captions lines 12943-12945),"Toss up now in astronomy, which planet in our solar system is nearest the sun theory and a visual bonus. / Now take a look at the screens, please. / Which gas giant seen in this image is the largest planet in our solar system."
2543,S40 E39,Round of 32,Bonus,36,Which gas giant seen in this image is the largest planet in our solar system?,Jupiter,Happy Valley High School (Levi's team) vs Webb School of Knoxville (Steven's team),,Unknown,Correct,,,,Correct,20,Unknown,team not identified in captions (captions lines 12945-12949),"Which gas giant seen in this image is the largest planet in our solar system. / Jupiter. / Jupiter. / Right. / For 20 toss up now in foreign language, Chaucer's Canterbury Tales were written in what kind of English?"
2596,S40 E40,Round of 32,Tossup,24,What is the name for the amount individuals are allowed to subtract for themselves and their dependents before paying their income tax?,An exemption (personal exemption),Seymour High School (Timothy's team) vs Maryville High School (Aaron's team),Aaron,Maryville High School (Aaron's team),Incorrect,,Seymour High School (Timothy's team),Incorrect,Missed,0,None given,"Aaron said ""deductible""; Seymour's steal buzzer and answer are not captured but the host's explanation (""not a deduction"") suggests Seymour said ""deduction"" (captions lines 12264-12270)","The opposite of none of them toss up in economics. / What is the name for the amount individuals are allowed to subtract for themselves and their dependents before paying their income tax Arowyn. / Deductible. / Not that you can steal Seymour. / No, for yourself, you claim an exemption for yourself and your family members, not a deduction. / That's something else pass up in English. / he was as brave as a lion is an example of what type?"
2644,S40 E41,Round of 32,Tossup,4,What seven letter word beginning with E means a pithy saying or remark expressing an idea in a clever and amusing way?,Epigram,Maryville High School (Abby's team) vs Halls High School,,,No Buzz,,,,Missed,0,None given,"a player apparently blurted ""epigram"" after teammates looked at each other, and the host threw the question out (""we had more of a look in at each other""); no points were awarded and no bonus was read (captions lines 11589-11592)","What seven letter word beginning with E means a pithy saying or remark expressing an idea in a clever and amusing way. / Oops, sorry. / Yeah, it's an enthusiastic epigram, but we had more of a look in at each other, so I have to throw that question out anyway, since you didn't get it. / Plus a for all players in arts in the 1960s, the co-founder of the Children's Television Workshop asked what puppeteer to create a family of characters to populate."
2672,S40 E41,Round of 32,Bonus,22,"Part 1: In addition to a herd and a memory, what is a group of elephants called? | Part 2: What is a group of frogs called?",Part 1: A parade | Part 2: An army,Maryville High School (Abby's team) vs Halls High School,,Maryville High School (Abby's team),Incorrect,,,,Missed,0,None given,"the captions show ""a gang? / A parade?"" after the elephant question and ""a gang? / An army"" after the frog question, then ""of points on the bonus"" (probably ""no points""); scored as missed, but one part may have been credited (captions lines 11725-11729)","And biology bonus in addition to a heard and a memory, what is a group of elephants called a gang? / A parade? / What is a group of frogs called a gang? / An army of points on the bonus toss up in mythology. / What was the name of the mythological fire goddess of Mont Ulloa, as well as the name of the greatest Brazilian, Abbie?"
2689,S40 E41,Round of 32,Bonus,32,A cruciverbalist is someone skilled at creating or solving what?,Crossword puzzles,Maryville High School (Abby's team) vs Halls High School,,Maryville High School (Abby's team),Incorrect,,,,Missed,0,None given,"the team said ""a word puzzle"" and the host said ""well, specifically ... a crossword puzzle""; scored as missed, but the host may have accepted it (captions lines 11840-11842)","And a vocabulary bonus A crusive verbalalist is someone skilled at creating or solving what a word puzzle. / Well, specifically, The crusi makes it a crossword puzzle. / Crusiverbalist Toss up now in music for all players, how many total keys are on a grand piano?"
2734,S40 E42,Round of 32,Bonus,14,Which two iconic songs did Dolly Parton write within days of each other for an album that she released in February 1974?,"""Jolene"" and ""I Will Always Love You""",Maryville High School (Mohammed's team) vs Oliver Springs High School (Tristan's team),,Maryville High School (Mohammed's team),Partial,,,,Partial,10,Maryville High School (Mohammed's team),"the team said ""Jolene"" and ""9 to 5""; the host said Jolene was right and 9 to 5 came out later, but no point value is stated; scored 10 (captions lines 11070-11077)","Yeah, music bonus now for Maryville. / Which two iconic songs did Dolly Parton write within Days of Each Other for an album that she released in February 1974? / Jolene and Nine to Five? / Doing the same album range Jolene and 9 to 5. / Jolene is right 9 to 5 came out later. / I Will Always Love You. / Her most famous song she probably wrote on the same day as Jolene. / She thinks maybe we're on the same piece of paper toss up in US history, which president, on the day after his inauguration in 1977, granted an unconditional pardon to, Patrick?"
2835,S40 E43,Round of 32,Tossup,31,Which type of musical composition is characterized by the systematic imitation of one or more overlapping themes?,A fugue,Scott County High School (Brylan's team) vs Knoxville Catholic High School,Thomas,Knoxville Catholic High School,Incorrect,,,,Missed,0,None given,"the captions are garbled: Thomas buzzed early and the host said ""I didn't get to it yet""; the host then seems to say ""fugue or rondo is right"" and moved on with no bonus, so no points are recorded (captions lines 10671-10675)","20 points on the bonus toss up in music. / Which type of musical composition is characterized by the systematic imitation of one or more themes overlapping? / Thomas No, now I didn't get to yet. / Just still Scott County Fugue or Rondo is right. / As Thomas has figured out, toss up in history who was the founder and first president of Tuskegee University?"
2890,S40 E44,Round of 32,Tossup,18,"What agricultural chemist, who headed the Department of Agricultural Research at Tuskegee Institute, found multiple uses for the peanut?",George Washington Carver,Morristown-Hamblen East High School vs Science Hill High School (Owen's team),,Unknown,Correct,,,,Correct,10,Unknown,buzzer and team not named in the captions; team not identified in captions (captions lines 10024-10028),"Right for 20 toss up now in history. / What Agricultural chemist Who headed the Department of Agricultural Research at Tuskegee Institute and found multiple uses? / George Washington Carver. / right for ten and the history bonus. / Now who was the first Tennessee governor to serve two consecutive four year terms then say, the 99 Bill Haslam."
2891,S40 E44,Round of 32,Bonus,18,Part 1: Who was the first Tennessee governor to serve two consecutive four year terms? | Part 2: Who has served the most terms total as governor of Tennessee?,Part 1: Lamar Alexander | Part 2: William Carroll (six nonconsecutive terms),Morristown-Hamblen East High School vs Science Hill High School (Owen's team),,Unknown,Incorrect,,,,Missed,0,None given,the team said Bill Haslam for Part 1 and Lamar Alexander for Part 2; team not identified in captions (captions lines 10027-10030),"right for ten and the history bonus. / Now who was the first Tennessee governor to serve two consecutive four year terms then say, the 99 Bill Haslam. / That's Lamar Alexander, who has served the most terms total as governor of Tennessee, Lamar Alexander. / And that's William Carroll, who has served six nonconsecutive terms plus up in English, what, five letter word beginning with a is a synonym of loathe?"
2902,S40 E44,Round of 32,Tossup,25,What force moves particles of a rotating object away from the center of rotation?,Centrifugal force,Morristown-Hamblen East High School vs Science Hill High School (Owen's team),,Unknown,Correct,,,,Correct,10,Unknown,buzzer and team not named in the captions; team not identified in captions (captions lines 10109-10113),Is that toss up now in physics? / What force moves particles of a rotating object away from the center of rotation showing centrifugal? / Yeah. / And a physics bonus. / Now which component in a circuit only allows current flow in one direction is capacitor just transistor.
2903,S40 E44,Round of 32,Bonus,25,Part 1: Which component in a circuit only allows current to flow in one direction? | Part 2: Which component consists of a simple wire wound into a helix?,Part 1: A diode | Part 2: An inductor,Morristown-Hamblen East High School vs Science Hill High School (Owen's team),,Unknown,Incorrect,,,,Missed,0,None given,"the team said ""capacitor/transistor"" for Part 1 and ""battery"" for Part 2; team not identified in captions (captions lines 10112-10117)",And a physics bonus. / Now which component in a circuit only allows current flow in one direction is capacitor just transistor. / That's diode. / Which component consists of a simple wire wound into a helix battery no matter time as or battery. / That's the inductor toss up in vocabulary for everyone. / what words do the letters SPF represent on a bottle of sunscreen Owen?
2938,S40 E44,Round of 32,Bonus,44,Name four of the 15 Americans who have won the Nobel Prize in Literature.,"Any four of the American laureates, e.g. Faulkner, Steinbeck, Hemingway, Morrison",Morristown-Hamblen East High School vs Science Hill High School (Owen's team),,Science Hill High School (Owen's team),Partial,,,,Partial,10,Science Hill High School (Owen's team),"the team named Faulkner, Steinbeck, ""Hathaway"" and Robert Frost; the host credited only Faulkner and Steinbeck (10 points) and said he could not find the other two on the list (the captions' ""Hathaway"" may be Hemingway, who did win); the game ended after this bonus (captions lines 10258-10273)","And a literature bonus now for Science Hill, named four of the 15 Americans who have won the Nobel Prize for Literature. / Answer? / Faulkner, Steinbeck, Hathaway and Robert Frost. / Well, definitely Faulkner and Steinbeck. / So you get ten points for the two of them. / I don't see Hathaway or Robert Frost on the list, which is available on the Internet. / That's the end of our game. / And Science Hill has pulled away to advance. / Meanwhile, Morristown Hamblin East, thank you so much for being here. / We very much appreciate your being here in your spiffy outfits and look forward to seeing you again next year on Scholar's Bowl. / Meanwhile, Science Hill, one of the three teams that Science hill has put into the tournament, will advance to the round of the Smart 16. / We'll see who your opponents are going to be as you keep watching every episode of Scholars' Bowl, set your DVR and don't miss one of them. / Or you can binge watch past seasons online as they do using the PBS app. / My name is Frank Murphy. / Thank you so much for watching. / Tennessee's Scholars Bowl 2024."
3013,S40 E46,Round of 32,Tossup,3,What seven letter term beginning with the letter R refers to a public performance or presentation by a solo performer?,A recital,Carter High School vs J. Frank White Academy (Shashi's team),,Unknown,Correct,,,,Correct,10,Unknown,buzzer and team not named in the captions; team not identified in captions (captions lines 8896-8898),"What is the seven letter term? / Beginning with the letter R for a public performance or presentation in by a solo recital performer Music bonus. / Now, what was the period of music from 1750 to 1820, which established many of the norms of composition, presentation and style."
3014,S40 E46,Round of 32,Bonus,3,"Part 1: What was the period of music from 1750 to 1820, which established many of the norms of composition, presentation and style? | Part 2: During this era, what became the predominant keyboard instrument?",Part 1: The Classical period | Part 2: The piano,Carter High School vs J. Frank White Academy (Shashi's team),,Unknown,Correct,,,,Correct,20,Unknown,team not identified in captions (captions lines 8897-8907),"Beginning with the letter R for a public performance or presentation in by a solo recital performer Music bonus. / Now, what was the period of music from 1750 to 1820, which established many of the norms of composition, presentation and style. / Classical? / Classical? / Yes. / And during this era, what became the predominant keyboard instrument? / Piano. / Piano. / That's right. / 20 points toss up. / Now in geology, what is the name of the horseshoe shaped belt around much of the rim of the Pacific Ocean, where many volcanic Reagan?"
3032,S40 E46,Round of 32,Tossup,13,"In which city is the Preakness, one of the Triple Crown races, held?",Baltimore,Carter High School vs J. Frank White Academy (Shashi's team),,Unknown,Correct,,,,Correct,10,Unknown,buzzer and team not named in the captions; the question text is reconstructed; team not identified in captions (captions lines 8986-8988),"MARTIN as John Grisham no points on the bonus toss up. / Now in sports, which of the Triple Crown races Preakness is held at Baltimore? / Sports bonus Now the Alabama Crimson Tide of the SEC play their home games in what city Alabama won one more time."
3033,S40 E46,Round of 32,Bonus,13,The Alabama Crimson Tide of the SEC play their home games in what city?,Tuscaloosa,Carter High School vs J. Frank White Academy (Shashi's team),,Unknown,Incorrect,,,,Missed,0,None given,the team guessed Montgomery or Mobile; team not identified in captions (captions lines 8988-8992),"Sports bonus Now the Alabama Crimson Tide of the SEC play their home games in what city Alabama won one more time. / I don't know to say Montgomery or Mobile. / And so, you know, I think maybe that's why the Elephant is a logo. / It's Tuscaloosa O plus up in vocabulary. / What five letter word beginning with s That is a likely alteration of the Spanish word for he knows means Shashi Sabhas means having shrewdness or practical knowledge."
3037,S40 E46,Round of 32,Tossup,16,How many counties are in Tennessee?,95,Carter High School vs J. Frank White Academy (Shashi's team),,Unknown,Correct,,,,Correct,10,Unknown,buzzer and team not named in the captions; team not identified in captions (captions lines 9015-9018),"How many counties are in Tennessee? / 95. / Correct. / And a geography bonus named four of the eight states that border Tennessee, Kentucky, North Carolina, Virginia, North Arkansas, Georgia, Alabama, Oak, Alberta, Oak, Alabama."
3038,S40 E46,Round of 32,Bonus,16,Name four of the eight states that border Tennessee.,"Any four of: Alabama, Arkansas, Georgia, Kentucky, Missouri, Mississippi, North Carolina, Virginia",Carter High School vs J. Frank White Academy (Shashi's team),,Unknown,Correct,,,,Correct,20,Unknown,"the team named Kentucky, Virginia, Alabama and North Carolina; team not identified in captions (captions lines 9018-9023)","And a geography bonus named four of the eight states that border Tennessee, Kentucky, North Carolina, Virginia, North Arkansas, Georgia, Alabama, Oak, Alberta, Oak, Alabama. / And then Kentucky, Virginia, Alabama, Kentucky, Virginia, North Carolina. / All of those are correct. / The full list is Alabama, Arkansas, Georgia, Kentucky, Missouri, Mississippi, North Carolina, Virginia. / 20 points Toss up in geometry. / The area of a circle is 196 pi."
3039,S40 E46,Round of 32,Tossup,17,The area of a circle is 196 pi. What is the length of its diameter?,28,Carter High School vs J. Frank White Academy (Shashi's team),,Unknown,Correct,,,,Correct,10,Unknown,buzzer and team not named in the captions; team not identified in captions (captions lines 9022-9026),20 points Toss up in geometry. / The area of a circle is 196 pi. / What is the length of its diameter? / 28 Correct and a geometry bonus. / Now find the total surface area of a closed cylindrical container with radius five centimeters and a height of 34 centimeters for surface area.
3040,S40 E46,Round of 32,Bonus,17,Find the total surface area of a closed cylindrical container with a radius of 5 centimeters and a height of 34 centimeters.,390 pi square centimeters,Carter High School vs J. Frank White Academy (Shashi's team),,Unknown,Incorrect,,,,Missed,0,None given,"the team's answer is garbled in the captions (about ""200""); team not identified in captions (captions lines 9025-9029)","28 Correct and a geometry bonus. / Now find the total surface area of a closed cylindrical container with radius five centimeters and a height of 34 centimeters for surface area. / The cylinder, of course, is clear to our square. / Answer 200. / It's 390 pi Square centimeters has a forbidding art in the comic series Peanuts."
3050,S40 E46,Round of 32,Tossup,24,What is the transparent part of a human eyeball that covers the iris and pupil?,The cornea,Carter High School vs J. Frank White Academy (Shashi's team),,J. Frank White Academy (Shashi's team),Incorrect,Reagan,Carter High School,Incorrect,Missed,0,None given,"J. Frank White's buzzer (answer ""lens"") is not named and Reagan's steal answer is not captured; the host's explanation was ""people know the cornea is the part that covers all of those other things"" and the first half ended, so it is unclear whether Reagan's steal was accepted (captions lines 9061-9110)","Barnabas toss up for all players in miscellaneous which American lawman and gambler in Dodge City in Tombstone was the last Reagan Pat Garrett was the last surviving participant of the gunfight at the okay Corral then Smith Now Wyatt Earp for everybody in health, what is the transparent part of a human eyeball that covers the iris and pupil? / Then lens at it you can steal. / Carter Reagan People know the cornea is the part that covers all of those other things. / Well, it's the end of the first half. / Carter's got some points on the board. / They're going to make a game of it. / J.Frank White, of course, trying to advance. / Also, one of these teams will advance to our round of the smart 16. Who's it going to be? / Find out after the break. / On Tennessee Scholars Bowl 2024. / The 40th season of Tennessee Scholars Bowl is a single elimination tournament featuring 64 high school academic teams. / The championship team. / And this year, Scholars Bowl receives the Frank Miller Memorial Trophy. / The scorekeeper timekeeper and judges for this year's Scholars Bowl are Chandler Vincent, Rebecca Longmire, Stephen Hensley, Cathy Coley, Ernie Roberts, Cathy Waddell, Jerry Doherty. / Thank you. / Also to the East Tennessee PBS staff and volunteers who make this educational program possible to enter your high school in next year's Tennessee Scholars Bowl. / Or for more information on this year's tournament, please write to the address shown on your screen. / You're watching Tennessee "
3056,S40 E46,Round of 32,Bonus,28,"In the triangle shown here with an area of 72 square centimeters, what is the height, perpendicular to its base, in centimeters?",18 centimeters,Carter High School vs J. Frank White Academy (Shashi's team),Riley,Carter High School,Correct,,,,Correct,20,Carter High School,"the captain deferred to Riley, who answered ""18 centimeters"" after a pause; the host's verdict is not in the captions (scored correct) (captions lines 9127-9135)",In a triangle with 72 square centimeters of area. / What is the height that is perpendicular to its base of centimeters? / Answer? / I defer to Rylie. / He's trying to give you a screen time. / Right. / Let me say it hit me one eight centimeters. / Look at the grid. / Toss up for all players in technology on a Windows computer.
3059,S40 E46,Round of 32,Tossup,30,What was the writing system used in the ancient Middle East consisting of wedge shaped letters?,Cuneiform,Carter High School vs J. Frank White Academy (Shashi's team),,Unknown,Correct,,,,Correct,10,Unknown,buzzer and team not named in the captions; team not identified in captions (captions lines 9142-9155),"Ports P is to part of hypertext, part defer to Troy Hypertext Part No Is the Hypertext Transfer Protocol that points on that toss up in foreign language. / What was the writing system used in the ancient Middle East consisting of wedge shaped letters? / Cuneiform Yeah, I draw on a clay tablet and a foreign language bonus. / Now, what is the English translation of the German question? / Vish Pas is des. / How are you today? / How are you? / Good. / How are you sure. / How are you? / What time is it? / No. / So no points on that toss up. / Now in geography, what is the capital of Arkansas?"
3060,S40 E46,Round of 32,Bonus,30,"What is the English translation of the German question ""Wie spät ist es?""",What time is it?,Carter High School vs J. Frank White Academy (Shashi's team),,Unknown,Incorrect,,,,Missed,0,None given,"the team said ""how are you today""; team not identified in captions",
3068,S40 E46,Round of 32,Bonus,34,"Part 1: What does the biological prefix ""hemato-"" (as in hematoma) mean? | Part 2: What does the biological prefix ""hypo-"" (as in hypothermia) mean?",Part 1: Blood | Part 2: Under or below (less),Carter High School vs J. Frank White Academy (Shashi's team),,J. Frank White Academy (Shashi's team),Partial,,,,Partial,10,J. Frank White Academy (Shashi's team),"the team said ""blood"" and then ""low/less"" for hypo; the host said he would see if the judges would take it (""specifically under or below"") and the ruling is not stated; scored as Part 1 only (captions lines 9192-9204)","And a biology bonus. / What is the biological prefix? / Hematoma. / Itchy hematoma. / Blood. / Blood, blood. / And what is the biological prefix? / Hypo H Y P O mean. / Oh, hypothermia. / Yeah. / Lo less. / I'll see if they'll take that specifically under or below, like injection. / But the judge is doing that for a second several players in literature who wrote the novella Billy Budd, Sailor, Shashi?"
3082,S40 E46,Round of 32,Tossup,43,In which popular online game do players complete levels by swapping colored pieces of confections on a game board to make a match of three or more?,Candy Crush,Carter High School vs J. Frank White Academy (Shashi's team),,Unknown,Correct,,,,Correct,10,Unknown,buzzer and team not named in the captions; team not identified in captions (captions lines 9246-9248),"That is Florida's capital, Tallahassee ranked for 20 points toss up in games in which popular online game do players complete levels by swapping colored pieces of confections on a game board to make a match? / Candy Crush? / Yeah, of three or more bonus and games in what video game series by Rovio Entertainment, there's a flock of colorful flying creatures try to save their eggs from green colored pigs."
3083,S40 E46,Round of 32,Bonus,43,In what video game series by Rovio Entertainment does a flock of colorful flying creatures try to save their eggs from green pigs?,Angry Birds,Carter High School vs J. Frank White Academy (Shashi's team),,Unknown,Correct,,,,Correct,20,Unknown,team not identified in captions (captions lines 9248-9250),"Yeah, of three or more bonus and games in what video game series by Rovio Entertainment, there's a flock of colorful flying creatures try to save their eggs from green colored pigs. / This PBS show Angry Birds is right 20 points Toss up in science. / Who invented the Reflecting telescope?"
3087,S40 E46,Round of 32,Tossup,46,Which U.S. state was the first to give women the right to vote?,Wyoming,Carter High School vs J. Frank White Academy (Shashi's team),,Unknown,Correct,,,,Correct,10,Unknown,buzzer and team not named in the captions; team not identified in captions (captions lines 9261-9263),"George is the other one toss up now in government. / Which U.S. state was the first to give women the right to vote? / Wyoming Correct and a government bonus in 1964, which jurisdictions citizens were able to vote for the first time in a presidential election thanks to the passage of the 23rd Amendment African American Civil Rights Act."
3088,S40 E46,Round of 32,Bonus,46,"In 1964, which jurisdiction's citizens were able to vote for the first time in a presidential election thanks to the passage of the 23rd Amendment?",The District of Columbia,Carter High School vs J. Frank White Academy (Shashi's team),,Unknown,Incorrect,,,,Missed,0,None given,"the team named ""African American"" and ""18-year-olds""; team not identified in captions (captions lines 9263-9267)","Wyoming Correct and a government bonus in 1964, which jurisdictions citizens were able to vote for the first time in a presidential election thanks to the passage of the 23rd Amendment African American Civil Rights Act. / Yeah. / Oh, wonder 18 year olds. / No, that's the District of Columbia. / People live in D.C., plus up in math in an arithmetic progression with the first term of four and a common difference of three."
3139,S40 E47,Round of 32,Bonus,30,142 Afghan children died in the first three months of 2022 due to a contagious virus that a vaccine with the initials MMR can prevent. What is the virus?,Measles,Science Hill High School (Danny's team) vs L&N STEM Academy (Jared's team),,Science Hill High School (Danny's team),Incorrect,,,,Missed,0,None given,"the question text is garbled in the captions; the team's answer is not captured and the host said ""the MMR vaccine is measles, mumps and rubella, but the children didn't have measles"" (probably ""did have measles""); scored as missed (captions lines 8649-8652)","And a health bonus. / 142 Afghan children died in the first three months of 2022 due to a contagious virus. / That what vaccine with the initials MMR can prevent measles and more anymore in this cerebellum. / One of the MMR vaccine is measles, mumps and rubella MMR, but the children didn't have measles toss up in miscellaneous, which phobia is a fear of corpses."
3188,S40 E48,Round of 16,Bonus,11,Part 1: Which fraction represents how many votes of both houses of Congress it takes to override a presidential veto? | Part 2: What percentage of the states is necessary to ratify an amendment to the Constitution?,Part 1: Two thirds | Part 2: 75 percent,Jefferson County High School (Evan's team) vs Farragut High School,,Farragut High School,Incorrect,,,,Missed,0,None given,"the team started with ""three ..."" and corrected to ""two thirds"" for Part 1 (the host first said ""correct"") and answered ""three fourths, 75"" for Part 2 (the host asked whether it would be taken since he wanted a percentage); scored as missed because the announced halftime score of Farragut 200 is reached only if this bonus counts for nothing after the halftime challenge (captions lines 8000-8007)","And a government bonus which fraction represents how many votes of both houses of Congress it takes to override a presidential veto? / Therefore, three points to the two thirds. / Do there. / Two thirds? / Two thirds? / Correct. / What percentage of the states is necessary to ratify an amendment to the Constitution? / Three fourths 75 We'll see if they'll take that, because I asked 4% of three fourths and 75% toss up four players now in religion, who was the pope emeritus who died in December 2022, almost ten years after he resigned- Tom?"
3199,S40 E48,Round of 16,Bonus,17,"What children's game has one player as leader issuing instructions to the other players, who are called out if they do not follow the instructions or if they follow instructions that the leader has not prefaced with the name of the game?",Simon Says,Jefferson County High School (Evan's team) vs Farragut High School,,Farragut High School,Incorrect,,,,Missed,0,None given,"the team first said ""Damon says,"" then corrected to ""Simon says"" and the host awarded 20 points; scored as missed because the halftime challenge disallowed answers that were corrected after being started (captions lines 8035-8038)","Alex Turkey is right and a games bonus for Farragut. / What children's game has one player as leader issuing instructions to the other players who are called out if they don't follow the instructions or if they do follow instructions when the lead player hasn't prefaced them with the name of the game, Damon says, I'm sorry. / Simon says it's right for 20 points to seven Chemistry. / What is the chemical formula for benzene?"
3215,S40 E48,Round of 16,Tossup,27,What word is used to designate food prepared according to Islamic dietary standards?,Halal,Jefferson County High School (Evan's team) vs Farragut High School,Evan,Unknown,Correct,,,,Correct,10,Unknown,both teams have a player named Evan and the captions do not say which one answered; the bonus team is also unknown; team not identified in captions (captions lines 8152-8154),"Toss up now in religion, what word is used to designate food prepared according to Islamic dietary standards? / Evan Hello. / Yes, and a religion bonus in 1604, which King convened a group of scholars to translate the scriptures from Hebrew and Greek into English."
3216,S40 E48,Round of 16,Bonus,27,"In 1604, which King convened a group of scholars to translate the scriptures from Hebrew and Greek into English?",King James I,Jefferson County High School (Evan's team) vs Farragut High School,,Unknown,Correct,,,,Correct,20,Unknown,team not identified in captions (captions lines 8154-8155),"Yes, and a religion bonus in 1604, which King convened a group of scholars to translate the scriptures from Hebrew and Greek into English. / And the first year, James The first is it for 20 points toss up in health, diabetes is a chronic disease that occurs when which organ does not produce enough."
3259,S40 E49,Round of 16,Bonus,7,What type of insect shown here is able to jump more than 100 times its body length due to natural springs in its joints?,A flea (or a similar jumping insect),Temple Baptist Academy vs Dobyns-Bennett High School (Sachin's team),,Temple Baptist Academy,Correct,,,,Correct,20,Temple Baptist Academy,"the team's answer is not captured; the host only said ""yeah, due to natural spring in its joints""; scored as correct because Temple Baptist's halftime lead only holds if this bonus earned 20 (captions lines 7413-7414)","And a visual bonus for Temple Baptist. / What type of insect shown here is able to jump more than 100 times its body length Yeah, due to natural spring in its joints and history bonus Now during the years 1250 to 1271, which empire had no emperor the Roman Empire no more Sachin?"
3323,S40 E49,Round of 16,Bonus,43,Part 1: What is the complementary angle to 37 degrees? | Part 2: What is the supplementary angle to 37 degrees?,Part 1: 53 degrees | Part 2: 143 degrees,Temple Baptist Academy vs Dobyns-Bennett High School (Sachin's team),,Dobyns-Bennett High School (Sachin's team),Partial,,,,Partial,10,Dobyns-Bennett High School (Sachin's team),"the captions give ""83 ... 52 degrees"" for Part 1 and ""83.3 ... 143 degrees"" for Part 2 and the host said ""yeah"" after 143; scored as Part 2 only (captions lines 7721-7727)","geometry bonus then. / What is the complementary angle to 37 degrees 83, 52 degrees. / And what is the supplementary angle to 37 degrees. / 83.3. / 143 degrees. / Yeah. / Toss up in arts what Disney Pixar feature was about a rodent who liked to cook Michael Ratatouille and an arts bonus for DB."
3389,S40 E50,Round of 16,Bonus,32,"In 1856, Queen Victoria awarded the first Victoria Cross for valor to two men who fought in which military conflict that Russia lost to an alliance of the Ottoman Empire, France, the United Kingdom and Piedmont-Sardinia?",The Crimean War,Hardin Valley Academy (David's team) vs Greeneville High School (Angus's team),,Greeneville High School (Angus's team),Unclear,,,,Unclear,,Greeneville High School (Angus's team),"the captions show the team saying ""the first Russian-Ukrainian war"" and then ""the Crimean War,"" with the host asking ""is that one?""; no ruling is stated (captions lines 7071-7076)","Gorbachev Yeah, and won the Nobel Peace Prize History Bonus for Greeneville. / In 1856, Queen Victoria awarded the first Victoria Cross for valor. / Two men who fought in which military conflict that Russia lost to an alliance of the Ottoman Empire, France, the United Kingdom and Piedmont. / Sardinia, the first Russian-Ukrainian war, first Russia and Ukraine war. / The Crimean War. / Is that one toss up now in spelling to accentuate means distress."
3391,S40 E50,Round of 16,Bonus,33,"Spell ""precede,"" meaning to go before.",P-R-E-C-E-D-E,Hardin Valley Academy (David's team) vs Greeneville High School (Angus's team),,Hardin Valley Academy (David's team),Incorrect,,,,Missed,0,None given,"the captions show the team spelling it as ""proceed"" and the host saying ""that's not it"" and spelling P-R-E-C-E-D-E; the last word ""correct"" may be the host's confirmation of his own spelling; scored as missed (captions lines 7081-7082)","It's a pro c d spelled precede meaning to go before preseason if you're there, then you want this p r e c e d Correct. / Toss up for all players in geometry in terms of pi, what is the surface area of a sphere with radius three Skyler?"
3407,S40 E50,Round of 16,Bonus,41,"Part 1: Central Park, Times Square and the Empire State Building in New York City are all on what island? | Part 2: Spell ""Manhattan.""",Part 1: Manhattan Island | Part 2: M-A-N-H-A-T-T-A-N,Hardin Valley Academy (David's team) vs Greeneville High School (Angus's team),,Greeneville High School (Angus's team),Unclear,,,,Unclear,,Greeneville High School (Angus's team),"the player began to say ""Staten Island"" and corrected himself to Manhattan (the host said he would check whether it could be taken) and then misspelled Manhattan; the ruling is not stated, scored as no points (captions lines 7152-7160)","Yes, and a vocabulary bonus. / Central Park Times Square in the Empire State Building in New York City are all on what island in Staten Island de Manhattan? / He did correct himself on that. / Manhattan Island is right, spell Manhattan in Tree is happening in Manhattan and we just happen m a h t t e n No, it's Manhattan man. / H t to am. / I'll have to check and see if they can, you know, take that Manhattan answer. / I just started to say Staten Island, but we'll see what they say. / Tossup in geology. / The Hawaiian islands were formed by a hotspot on which of the Earth's plates Trey?"
3556,S40 E52,Round of 16,Bonus,39,Part 1: To whom did President Richard Nixon tender his resignation? | Part 2: What did President Gerald Ford grant to Richard Nixon a month after his resignation?,Part 1: Secretary of State Henry Kissinger | Part 2: A full pardon,Maryville High School (Aaron's team) vs Halls High School,,Maryville High School (Aaron's team),Partial,,,,Partial,10,Maryville High School (Aaron's team),"the team said Ford for Part 1 and ""full pardon"" for Part 2; the host's point value for the bonus is garbled in the captions (""is it points""), scored as 10 for Part 2 (captions lines 6106-6119)","Government is your bonus. / To whom did President Richard Nixon tender his resignation? / Yeah. / Answer Ford. / No, it was to Secretary of State Henry Kissinger. / What did President Gerald Ford grant to Richard Nixon a month after his resignation? / It's just the last year Pacific. / It might be. / I could put the notorious with partner. / Pardon. / Yeah. / Full pardon. / Is it points on the bonus toss up now in vocabulary. / What nine letter word beginning with T is a synonym for garrulous?"
3612,S40 E53,Round of 16,Bonus,20,"In 2023, some senators proposed raising the federal minimum wage to $11 per hour. From what current hourly wage?",$7.25,Maryville High School (Mohammed's team) vs Knoxville Catholic High School,,Maryville High School (Mohammed's team),Correct,,,,Correct,20,Maryville High School (Mohammed's team),"the team went through several numbers before settling on $7.25 and the host's verdict is not in the captions (""is it ...""); scored as correct, which fits the halftime picture (captions lines 5451-5456)","Yes, and an economics bonus. / Now, in 2023, some senators proposed raising the federal minimum wage to $11 per hour. / From what, current hourly wage if it wasn't for 725 678, 25 7777 25 725 yeah. / Per hour. / Is it a toss up now in religion? / According to the teachings of which church Adam and Eve lived in."
3805,S40 E55,Round of 16,Tossup,35,A figure skater who tucks in his or her arms during a spin will begin turning faster due to the conservation of what form of momentum?,Angular momentum,J. Frank White Academy (Shashi's team) vs L&N STEM Academy (Jared's team),Shashi,J. Frank White Academy (Shashi's team),Incorrect,Jared,L&N STEM Academy (Jared's team),Unclear,Unclear,0,None given,"Shashi buzzed early and said ""inertia""; Jared answered ""angular momentum"" and the host said ""rotational momentum is ... in that case"" and moved on without reading a bonus, so the steal ruling is unclear (captions lines 4397-4405)","Toss up in physics. / A figure skater who tucks in his or her- Shashi? / Inertia? / no tucks in his or her arms during a spin will begin turning faster. / due to the conservation of what form of momentum? / Jared? / Angular momentum. / Rotational momentum is In that case, toss up now for all players in geography. / In which state is Hot Springs National Park, Colorado."
3843,S40 E56,Round of 8,Bonus,9,"What is the Spanish word for ""grandfather""?",Abuela,Farragut High School vs Dobyns-Bennett High School (Sachin's team),,Dobyns-Bennett High School (Sachin's team),Correct,,,,Correct,20,Dobyns-Bennett High School (Sachin's team),"the captions have the host reading ""grandfather"", but the team answered ""abuela"" and the host ruled it correct for 20 points; the card probably said ""grandmother"" and was misread, or the wrong-gender answer was accepted (captions lines 3577-3582)","And a foreign language bonus. / What is the Spanish word for grandfather? / Abuela. / Yes, is right. / 20 points toss up now in economics. / In what type of bank account does the investor agree to keep money in an account for a specified- Sachin?"
3886,S40 E56,Round of 8,Bonus,34,"Part 1: Spell ""Taurus,"" as in the constellation and the zodiac sign. | Part 2: Spell ""torus,"" as in a donut shaped object.",Part 1: T-A-U-R-U-S | Part 2: T-O-R-U-S,Farragut High School vs Dobyns-Bennett High School (Sachin's team),,Dobyns-Bennett High School (Sachin's team),Unclear,,,,Unclear,,Dobyns-Bennett High School (Sachin's team),"the team's first spelling of Taurus was garbled in the captions and the host said he did not know if the judges would give it since the first answer must be taken; Part 2 was misspelled ""T-O-R-I-S""; the ruling is not stated",
3965,S40 E57,Round of 8,Bonus,27,Two numbers add up to 91. One number is three more than twice the other number. Give both numbers.,29 and 61,Hardin Valley Academy (David's team) vs Webb School of Knoxville (Penny's team),,Hardin Valley Academy (David's team),Partial,,,,Partial,10,Hardin Valley Academy (David's team),"the host read the sum as 91 but said 61 goes with 29 for a sum of 90, so the card or the reading looks inconsistent; the team answered ""29 and 53"" (as captioned) and the host gave half credit (10 points) because 29 was right (captions lines 3142-3150)","Two numbers add up to 91. / Number is three more than twice the other number give both numbers 20 divide by three. / Answer. / 29 and 53. / 29 is right. / So I'll give you half credit. / You get ten points for that. / But 61 would be the number that adds up to 90. / Toss up now in games, what is the device included with some board games that looks like a miniature Zach?"
3975,S40 E57,Round of 8,Bonus,32,"In 2023, school libraries were converted into what they're calling hubs of differentiated learning in what Texas city that was named for a man who taught in a one room schoolhouse in Maryville, Tennessee, in the early 1800s?",Houston,Hardin Valley Academy (David's team) vs Webb School of Knoxville (Penny's team),,Hardin Valley Academy (David's team),Incorrect,,,,Missed,0,None given,"the captions are muddled (""Austin ... Houston""); the host named Sam Houston and no points were announced, so this is scored as missed (captions lines 3201-3206)","Is right for ten government as your bonus, in 2023 school libraries were converted into what they're calling hubs of differentiated learning in what Texas City that was named for a man who taught in a one room schoolhouse in Maryville, Tennessee in the early 1800s. / I Austin. / My only guess not though, is that Austin Houston. / Sam Houston. / Toss up now in music. / What artists songs include You Belong With Me and Zac Taylor Swift Anti-Hero Music Bonus."
3995,S40 E57,Round of 8,Bonus,43,"Part 1: The Apotheosis of Washington, a fresco depicting George Washington rising to the heavens in glory, is located in what building? | Part 2: Where specifically in that building is it located?",Part 1: The U.S. Capitol | Part 2: The Rotunda,Hardin Valley Academy (David's team) vs Webb School of Knoxville (Penny's team),,Hardin Valley Academy (David's team),Partial,,,,Partial,10,Hardin Valley Academy (David's team),"the bonus structure is unclear: the team first said the National Archives Building, then the host asked where in the Capitol it is, accepted ""Rotunda"" and gave 10 points (captions lines 3303-3316)","And an art bonus for you. / the apotheosis of Washington. / A fresco depicting George Washington rising to the heavens in glory is located in what? / Building? / National Archives. / Perhaps something the museum. / The National Archives Building. / It's in the US capital, but you can get points if you tell me specifically where in the Capitol Rotunda is the apotheosis of Washington? / Rotunda. / Rotunda? / Yeah, we'll take that. / It's technically in the eye of the rotunda when you look straight up. / So you yeah. / To get a ten on the bonus toss up in history who uttered the famous words to the British when asked to surrender?"
4031,S40 E58,Round of 8,Bonus,16,Who was the only player in NBA history to have his jersey retired by three teams?,Unclear: Shaquille O'Neal or Wilt Chamberlain,Maryville High School (Mohammed's team) vs Maryville High School (Aaron's team),,Maryville High School (Mohammed's team),Unclear,,,,Unclear,,Maryville High School (Mohammed's team),"the team said Kobe Bryant, then settled on Shaquille O'Neal; the captions give no clear ruling (the host said ""I think it may be Shaquille O'Neal, now before him, Wilt Chamberlain""), so the result and the answer key are unclear (captions lines 2403-2407)","And a sports bonus who was the only player in NBA history to have his jersey retired by three teams Country Kobe Bryant. / It might be Shaq, I think Kobe Bryant. / I think Kobe would play for one team, though. / So Shaquille. / I think it may be Shaquille O'Neal now before him, Wilt Chamberlain toss up now in vocabulary, what 12 letter word beginning with B refers to the practice or study of predicting the participants and or outcomes of elimination tournaments or competitions, especially in NCAA college basketball era bracketing."
4040,S40 E58,Round of 8,Tossup,23,Which of Johann Sebastian Bach's famous works is often used in horror films?,Toccata and Fugue in D minor,Maryville High School (Mohammed's team) vs Maryville High School (Aaron's team),,Unknown,Correct,,,,Correct,10,Unknown,"the buzzer and team are not named in the captions; the host's remarks about a very close halftime score and tiebreaker rules fit Aaron's team taking this tossup and bonus best, but that is only an inference (captions lines 2442-2444)",Tossup now in music which of Johann Sebastian Bachs famous works is often used in horror films Toccata and Fugue. / Yeah in D minor we'll take that as a bonus. / Now in which orchestral family is the English horn?
4041,S40 E58,Round of 8,Bonus,23,Part 1: In which orchestral family is the English horn? | Part 2: In which orchestral family is the timpani?,Part 1: The woodwinds | Part 2: The percussion family,Maryville High School (Mohammed's team) vs Maryville High School (Aaron's team),,Unknown,Correct,,,,Correct,20,Unknown,"the team conferred and answered ""woodwind"" and ""percussion""; the answering team is not named in the captions; team not identified in captions (captions lines 2443-2452)","Yeah in D minor we'll take that as a bonus. / Now in which orchestral family is the English horn? / So what we're doing, it's an English horn. / So what I'm going to do, live here. / Okay. / Okay. / I just heard about it's a woodwind break for ten in which orchestral family is the timpani. / Some percussion. / Percussion also right for 20. / Toss up now in science, what is the term for tornadoes that form over water or move, John?"
4059,S40 E58,Round of 8,Bonus,34,"During the 2023 actors strike, Keira Knightley said she was concerned about the rise in artificial intelligence and believed she needed to take steps to protect and possibly copyright what?",Her face (her likeness),Maryville High School (Mohammed's team) vs Maryville High School (Aaron's team),,Maryville High School (Aaron's team),Unclear,,,,Unclear,,Maryville High School (Aaron's team),"Aaron deferred to John, who said ""actors' likenesses""; the host then said ""she specifically wanted to copyright her face"" and the captions give no clear ruling (captions lines 2559-2563)","Yeah any desktop and mobile to use it and a technology bonus for Maryville during the 2023 actors strike. / Keira Knightley said she was concerned about the rise in artificial intelligence and believed she needed to take steps to protect and possibly copyright. / What just like this is, I defer to John actors likenesses now. / She specifically wanted to copyright her face Toss up. / Now in art, Van Gogh's irises is on view in the museum at the Getty Center, which overlooks the four or five freeway in the sapulpa to pass Patrick Los Angeles, is where that is located for ten points."
4065,S40 E58,Round of 8,Bonus,37,What is the name of the prehistoric Native American statue made of sandstone and depicting a kneeling male figure that was designated the official state artifact of Tennessee in 2014?,Sandy,Maryville High School (Mohammed's team) vs Maryville High School (Aaron's team),,Maryville High School (Mohammed's team),Incorrect,,,,Missed,0,None given,"no ruling is audible in the captions; the team seems to have described ""the kneeling man"" and the host said ""they called [it] Sandy"", so this is scored as missed (captions lines 2586-2591)","And miscellaneous bonus. / Now, what is the name of the prehistoric Native American statue made of sandstone and depicting a kneeling male figure that was designated the official state artifact of Tennessee in 2014? / There's something, of course we can say, meaning for the kneeling man and the name of it. / They called Sandy. / Toss up for all players in chemistry. / What is the chemical symbol for barium Coston?"
4070,S40 E58,Round of 8,Tossup,40,Which model of Jeep Wrangler shares a name with the river famously crossed by Caesar and his legion?,Rubicon,Maryville High School (Mohammed's team) vs Maryville High School (Aaron's team),,Unknown,Correct,,,,Correct,10,Unknown,"the buzzer and team are not named in the captions (the host said only ""a history bonus for your team""); team not identified in captions (captions lines 2609-2609)","Yes, for 20 Toss up now in history, which model of Jeep Wrangler shares a name with the river famously crossed by Caesar Rubicon and is legion and a history bonus for your team, Which grandson of Genghis Khan became the ruler of the Mongol Empire in 1260."
4071,S40 E58,Round of 8,Bonus,40,"Part 1: Which grandson of Genghis Khan became the ruler of the Mongol Empire in 1260? | Part 2: Kublai Khan, also known as Emperor Shizu, founded which dynasty of China?",Part 1: Kublai Khan | Part 2: The Yuan Dynasty,Maryville High School (Mohammed's team) vs Maryville High School (Aaron's team),,Unknown,Correct,,,,Correct,20,Unknown,team not identified in captions (captions lines 2609-2614),"Yes, for 20 Toss up now in history, which model of Jeep Wrangler shares a name with the river famously crossed by Caesar Rubicon and is legion and a history bonus for your team, Which grandson of Genghis Khan became the ruler of the Mongol Empire in 1260. / Kublai Khan, correct for ten. / Kublai Khan, also known as the Emperor Zu, founded which dynasty of China during the new Â¥1 Dynasty. / Correct. / 20 points. / Toss up now in vocabulary what eight letter word beginning with P refers to a person of wide ranging knowledge or learning?"
4079,S40 E58,Round of 8,Tossup,45,What was a derogatory term given to native Southern farmers that supported the Southern Republican Party?,Scalawags,Maryville High School (Mohammed's team) vs Maryville High School (Aaron's team),,Unknown,Correct,,,,Correct,10,Unknown,the buzzer and team are not named in the captions; the buzzer cut in before the end of the question; team not identified in captions (captions lines 2647-2649),"Tossup now in U.S. history, what was a derogatory term given to native Southern farmers that supported the Southern Republican Lidia? / Scalawags. / Party and a history bonus named four of the six men who signed both the Declaration of Independence and the U.S. Constitution."
4080,S40 E58,Round of 8,Bonus,45,Name four of the six men who signed both the Declaration of Independence and the U.S. Constitution.,"Any four of: George Clymer, Benjamin Franklin, Robert Morris, George Read, Roger Sherman, James Wilson",Maryville High School (Mohammed's team) vs Maryville High School (Aaron's team),,Unknown,Incorrect,,,,Missed,0,None given,"the team named James Madison, George Washington and John Hancock, none of whom signed both; the answering team is not named in the captions; team not identified in captions (captions lines 2649-2667)","Party and a history bonus named four of the six men who signed both the Declaration of Independence and the U.S. Constitution. / I think James Madison. / Madison. / Not Jefferson. / Washington. / Hancock. / James, maybe. / Answer Madison, Washington. / Hancock. / And J. / None of those are on the list because it's George Clymer, Benjamin Franklin, Robert Morris, George Reed, Roger Sherman, and James Wilson. / Toss up for everyone in literature, a novelist arranges a science and is haunted by the ghost of his first wife in the comic play Blithe Spirit, written by whom? / Edgar Allan Poe. / Like it You can steal Arowyns team. / Arowyn? / Tennessee Williams? / That is Noel Coward. / Toss up in sports. / Which stadium was nicknamed the house that Ruth built?"
4096,S40 E59,Round of 8,Tossup,2,Which country won the most medals in karate during the Tokyo Olympics in Japan in 2021?,Japan,J. Frank White Academy (Shashi's team) vs Science Hill High School (Owen's team),,Unknown,Correct,,,,Correct,10,Unknown,"the buzzer, answer and ruling are missing from the captions (the host goes straight to the bonus), so ""Japan"" is inferred; the team is not named. The halftime margin works out only if either this tossup and bonus went to Science Hill (with T4 and T5 to J. Frank White) or T4 and T5 went to Science Hill (with this one to J. Frank White); team not identified in captions (captions lines 1722-1724)","And a government bonus at the end of the Declaration of Independence, signers mutually pledged three things named Two of them their lives, their fortunes are different to a rishi, their lives, their fortunes, and their sacred honor. / I can only take your first two answers, even though all three were correct, but that is 20 points toss up now in sports, which country won the most medals in karate during the Tokyo Olympics in Japan in 2021? / And a bonus in sports prior to what famous car race are the drivers polled on whether their milk preferences hold 2% or skim?"
4097,S40 E59,Round of 8,Bonus,2,"Part 1: Prior to what famous car race are the drivers polled on whether their milk preference is whole, 2% or skim? | Part 2: Which whole milk drinker won the 2023 Indy 500?",Part 1: The Indianapolis 500 | Part 2: Josef Newgarden,J. Frank White Academy (Shashi's team) vs Science Hill High School (Owen's team),,Unknown,Partial,,,,Partial,10,Unknown,"Part 1 was ""Indy 500""; the team's Part 2 answer is garbled in the captions (it sounds like ""Ericsson"") and the host named Josef Newgarden; ten points were given; team not identified in captions (captions lines 1723-1727)","I can only take your first two answers, even though all three were correct, but that is 20 points toss up now in sports, which country won the most medals in karate during the Tokyo Olympics in Japan in 2021? / And a bonus in sports prior to what famous car race are the drivers polled on whether their milk preferences hold 2% or skim? / Indy 500? / Correct. / In which whole milk drinker won the 21 Eriksson won the 2023 Indy 500 is Josef Newgarden ten points on the bonus toss up in algebra solve for X in the equation."
4098,S40 E59,Round of 8,Tossup,3,"Solve for x in the equation the quantity three x plus six, over six, equals negative three.",x = -8,J. Frank White Academy (Shashi's team) vs Science Hill High School (Owen's team),,J. Frank White Academy (Shashi's team),Correct,,,,Correct,10,J. Frank White Academy (Shashi's team),the buzzer and team are not named in the captions; the host's halftime remark that 110 points separated the teams only works if this tossup and its bonus went to J. Frank White (inferred; see the episode comment) (captions lines 1727-1730),In which whole milk drinker won the 21 Eriksson won the 2023 Indy 500 is Josef Newgarden ten points on the bonus toss up in algebra solve for X in the equation. / The quantity three x plus six over six equals negative three. / Negative eight is right. / Algebra is your bonus solve for h in the equation.
4100,S40 E59,Round of 8,Tossup,4,"Who is the American co-author of ""Mastering the Art of French Cooking"" and host of the TV show ""The French Chef""?",Julia Child,J. Frank White Academy (Shashi's team) vs Science Hill High School (Owen's team),,Unknown,Correct,,,,Correct,10,Unknown,the buzzer and team are not named in the captions; the buzzer cut in before the end of the question (see the note on T2 about the halftime margin); team not identified in captions (captions lines 1734-1736),"Toss up now in literature, who is the American coauthor of Mastering the Art of French Cooking and host of the TV show? / It inspired the French chef Julia Child is right in the literature. / Bonus What 1943 Work of Historical Fiction by Esther Forbes is set in Boston at the outbreak of the American Revolution and follows the adventures of a silversmith apprentice."
4101,S40 E59,Round of 8,Bonus,4,What 1943 work of historical fiction by Esther Forbes is set in Boston at the outbreak of the American Revolution and follows the adventures of a silversmith's apprentice?,Johnny Tremain,J. Frank White Academy (Shashi's team) vs Science Hill High School (Owen's team),,Unknown,Incorrect,,,,Missed,0,None given,"the team's answer is garbled in the captions; the host named ""Johnny Tremain"" and no points were given; team not identified in captions (captions lines 1736-1748)","Bonus What 1943 Work of Historical Fiction by Esther Forbes is set in Boston at the outbreak of the American Revolution and follows the adventures of a silversmith apprentice. / diner hot iron in the morning. / It's called. / I used to work on a radio station named that. / It's called Johnny Tremain. / Toss up now for all players in science, what kind of light is the portion of the electromagnetic spectrum with visible light? / Yeah, with wavelengths between four and 700. / Science is your bonus in which geologic era did flying reptiles appear irresistibly? / Yes. / Mesozoic. / No one is Jurassic. / No points toss up now for all players in geography. / Colonial Williamsburg is a living history museum."
4102,S40 E59,Round of 8,Tossup,5,What kind of light is the portion of the electromagnetic spectrum ... [cut off by the buzzer],Visible light,J. Frank White Academy (Shashi's team) vs Science Hill High School (Owen's team),,Unknown,Correct,,,,Correct,10,Unknown,"the buzzer and team are not named in the captions; the buzzer said ""visible light"" and the host added ""with wavelengths between 400 and 700"" (see the note on T2 about the halftime margin); team not identified in captions",
4103,S40 E59,Round of 8,Bonus,5,In which geologic period did flying reptiles first appear?,The Jurassic period,J. Frank White Academy (Shashi's team) vs Science Hill High School (Owen's team),,Unknown,Incorrect,,,,Missed,0,None given,"the captions garble the question (""geologic era"") and the team's answer (the spokesperson said ""Mesozoic""); the host said it is Jurassic and no points were given, so the answer key is unclear; team not identified in captions",
4127,S40 E59,Round of 8,Tossup,18,"Correct the grammar in this sentence: ""I did not see you because you was concealed.""","""You were concealed""",J. Frank White Academy (Shashi's team) vs Science Hill High School (Owen's team),,J. Frank White Academy (Shashi's team),Correct,,,,Correct,10,J. Frank White Academy (Shashi's team),the buzzer and team are not named in the captions; the host's halftime remark that 110 points separated the teams only works if this tossup and its bonus went to J. Frank White (inferred; see the episode comment) (captions lines 1843-1850),Toss up now in English. / Correct. / The grammar in this sentence. / I did not see you because you was concealed. / You were concealed. / Correct. / And an English bonus. / What are the last two abstract nouns in the Pledge of Allegiance?
4133,S40 E59,Round of 8,Tossup,22,The ratio of two radii of a circle is 3 to 5. What is the ratio of their areas?,9 to 25,J. Frank White Academy (Shashi's team) vs Science Hill High School (Owen's team),,J. Frank White Academy (Shashi's team),Correct,,,,Correct,10,J. Frank White Academy (Shashi's team),the buzzer and team are not named in the captions; the host's halftime remark that 110 points separated the teams only works if this tossup and its bonus went to J. Frank White (inferred; see the episode comment) (captions lines 1870-1874),"Toss up for everyone in geometry. / The ratio of to radii of a circle are 3 to 5. / What is the ratio of their areas? / 9 to 25 correct. / And a two part geometry bonus if two angles of a triangle have measures of 56 and 27, what is the measurement of the third angle of a triangle?"
4145,S40 E59,Round of 8,Tossup,29,What is the period in the life cycle of a plant or animal during which normal functions are slowed?,Dormancy,J. Frank White Academy (Shashi's team) vs Science Hill High School (Owen's team),,Unknown,Correct,,,,Correct,10,Unknown,the buzzer and team are not named in the captions; the host's closing remark that both teams passed 400 points means J. Frank White probably took most of the unnamed second-half tossups; team not identified in captions (captions lines 1944-1946),"But you can steal get points by telling me who wrote the tale of Beatrix Potter and other children's books is ten points on the bonus toss up in biology. / What is the period in the life cycle of a plant or animal during which normal dormancy, normal functions are slowed in a biology bonus? / What is the taxonomy phylum for modern humans?"
4146,S40 E59,Round of 8,Bonus,29,Part 1: What is the taxonomic phylum for modern humans? | Part 2: What is the taxonomic class for modern humans?,Part 1: Chordata | Part 2: Mammalia,J. Frank White Academy (Shashi's team) vs Science Hill High School (Owen's team),,Unknown,Partial,,,,Partial,10,Unknown,"the team said ""primates"" for Part 2; team not identified in captions (captions lines 1945-1956)","What is the period in the life cycle of a plant or animal during which normal dormancy, normal functions are slowed in a biology bonus? / What is the taxonomy phylum for modern humans? / Oh, no, no, no, no, no. / Phylum is answer Chordata. / Yeah. / And what is the taxonomy class for modern humans? / Class? / Is it Homo sapiens primates? / Answer primates. / That's mammalian. / Ten points on that toss up. / Now in U.S. history, what insurrection against an excise tax took place?"
4148,S40 E59,Round of 8,Bonus,30,"Part 1: In 1861, Jefferson Davis resigned from what job to later become president of the Confederacy? | Part 2: For which state did he hold that job?",Part 1: U.S. senator | Part 2: Mississippi,J. Frank White Academy (Shashi's team) vs Science Hill High School (Owen's team),,J. Frank White Academy (Shashi's team),Partial,,,,Partial,10,J. Frank White Academy (Shashi's team),"no points total is announced in the captions: the team talked through ""governor"", ""Secretary of State"" and then ""U.S. senator"" for Part 1 (presumably counted) and said ""Tennessee"" for Part 2 (wrong; the host said Mississippi) (captions lines 1959-1968)","During Washington's administration and a history bonus. / In 1861, Jefferson Davis resigned from what job to later become president of the Confederacy. / The governor, Secretary of State. / He may have been secretary as Secretary of state at that time. / He was a U.S. senator. / For which state was Jefferson Davis? / The Senate was Tennessee, Tennessee, Tennessee, Tennessee. / No, Mississippi. / Toss up now for all players in music. / When they recorded their first album, the band Chicago went by a longer name."
4150,S40 E59,Round of 8,Tossup,32,What is the sine of 90 degrees times zero?,0,J. Frank White Academy (Shashi's team) vs Science Hill High School (Owen's team),,Unknown,Correct,,,,Correct,10,Unknown,"the buzzer and team are not named in the captions and the question text is uncertain (the captions say ""the sign of 90 degrees times zero""; the host's reply refers to the sine of 180 degrees being zero); the closing remark that both teams passed 400 points means J. Frank White probably took most of the unnamed second-half tossups (captions lines 1971-1974)","Toss up in pre-calculus. / What is the sign of 90 degrees times zero? / The sign of 180 degrees is in fact zero and a pre-calculus bonus. / A right triangle has sides of nine, 12 and 15 meters."
4151,S40 E59,Round of 8,Bonus,32,"A right triangle has sides of nine, 12 and 15 meters. What is the tangent ratio of the smallest angle of the triangle?",3/4 (9/12),J. Frank White Academy (Shashi's team) vs Science Hill High School (Owen's team),,Unknown,Unclear,,,,Unclear,,Unknown,"the team first said nine over fifteen and then nine over twelve; the host's verdict is clipped in the captions (""... points""), so credit is presumed but not certain (captions lines 1973-1986)","The sign of 180 degrees is in fact zero and a pre-calculus bonus. / A right triangle has sides of nine, 12 and 15 meters. / What is the tangent ratio of the smallest angle of the triangle? / Oh, tangent. / So opposite over adjacent to it. / P nine over 15. / Yeah. / Three or four from the answer nine over 12. / Yeah. / points tossup in spelling. / The general meaning for the word holocaust is complete. / Owen? / H O L O C A U S T. Is right and the spelling is your bonus. / A chiropractor is skilled at relieving back and neck pain."
4159,S40 E59,Round of 8,Tossup,37,"Mount Mitchell, the highest U.S. peak east of the Mississippi, is in what state?",North Carolina,J. Frank White Academy (Shashi's team) vs Science Hill High School (Owen's team),,Unknown,Correct,,,,Correct,10,Unknown,the buzzer and team are not named in the captions; the host's closing remark that both teams passed 400 points means J. Frank White probably took most of the unnamed second-half tossups; team not identified in captions (captions lines 2004-2008),"20 points on the bonus toss up now in geography. / Mount Mitchell, the highest U.S. peak North Carolina, east of the Mississippi, is in North Carolina. / Geography is your bonus. / in 2022. / And arson fire irreparably damaged several of the giant stone carved moai heads on Easter Island, which is the special territory of which country?"
4160,S40 E59,Round of 8,Bonus,37,"In 2022, an arson fire irreparably damaged several of the giant stone carved moai heads on Easter Island, which is a special territory of which country?",Chile,J. Frank White Academy (Shashi's team) vs Science Hill High School (Owen's team),,Unknown,Incorrect,,,,Missed,0,None given,the team said the United Kingdom and then Ireland; the host noted Easter Island is off the coast of Chile; team not identified in captions (captions lines 2008-2012),"And arson fire irreparably damaged several of the giant stone carved moai heads on Easter Island, which is the special territory of which country? / you started. / Kingdom and an island it's off the coast of Ireland is Easter Island. / Ireland Now that is off the coast of Chile. / They Toss up now in vocabulary what six letter word beginning with B is a synonym of effervescent Owen?"
4162,S40 E59,Round of 8,Tossup,39,What is the process used to separate components of a liquid by their boiling points?,Distillation,J. Frank White Academy (Shashi's team) vs Science Hill High School (Owen's team),,Unknown,Correct,,,,Correct,10,Unknown,the buzzer and team are not named in the captions; the host's closing remark that both teams passed 400 points means J. Frank White probably took most of the unnamed second-half tossups; team not identified in captions (captions lines 2014-2019),"Not that you can chance to steal J Frank White that is bubbly Toss up for all players in chemistry. / What is the process that is used to separate components of a liquid distealation by their boiling points is distealation and chemistry is a bonus. / Which element's electron configuration is neon 3 to $0.03 five. / Okay, so neon is neon plus it is 15, sir. / Sulfur, It's chlorine toss up now in history. / Which leader first referred to the USSR and its satellites as the Iron Curtain?"
4163,S40 E59,Round of 8,Bonus,39,Which element's electron configuration is neon 3s2 3p5?,Chlorine,J. Frank White Academy (Shashi's team) vs Science Hill High School (Owen's team),,Unknown,Incorrect,,,,Missed,0,None given,the team said sulfur; team not identified in captions,
4166,S40 E59,Round of 8,Tossup,41,"What material, beginning with the letter L, is widely used to make cycling gear?",Lycra,J. Frank White Academy (Shashi's team) vs Science Hill High School (Owen's team),,Unknown,Correct,,,,Correct,10,Unknown,the buzzer and team are not named in the captions; the host's closing remark that both teams passed 400 points means J. Frank White probably took most of the unnamed second-half tossups; team not identified in captions (captions lines 2033-2035),"Toss up now in sports. / What material? / Beginning with the letter L is widely used Lycra to make cycling gear sports bonus, which Major League outfielder finished with a lifetime average of 3.67 and tops all hitters in total hits runs Ty Cobb."
4167,S40 E59,Round of 8,Bonus,41,Part 1: Which Major League outfielder finished with a lifetime batting average of .367 and tops all hitters in total hits and runs? | Part 2: For which team did he play for 22 years?,Part 1: Ty Cobb | Part 2: The Detroit Tigers,J. Frank White Academy (Shashi's team) vs Science Hill High School (Owen's team),,Unknown,Partial,,,,Partial,10,Unknown,"the team said ""Dodgers"" for Part 2; team not identified in captions (captions lines 2035-2037)","Beginning with the letter L is widely used Lycra to make cycling gear sports bonus, which Major League outfielder finished with a lifetime average of 3.67 and tops all hitters in total hits runs Ty Cobb. / And for which team did he play for 22 years Produces baseball Answer Dodgers Detroit Tigers ten points on the bonus toss up in algebra. / What is the length of the major axis of the ellipse with equation X squared over 25 plus Shiven?"
4173,S40 E59,Round of 8,Tossup,45,What country's capital is Cairo?,Egypt,J. Frank White Academy (Shashi's team) vs Science Hill High School (Owen's team),,Unknown,Correct,,,,Correct,10,Unknown,the buzzer and team are not named in the captions; the host's closing remark that both teams passed 400 points means J. Frank White probably took most of the unnamed second-half tossups; team not identified in captions,
4174,S40 E59,Round of 8,Bonus,45,Part 1: What is the southernmost capital in the Americas? | Part 2: What is the southernmost capital in the world?,"Part 1: Montevideo, Uruguay | Part 2: Wellington, New Zealand",J. Frank White Academy (Shashi's team) vs Science Hill High School (Owen's team),,Unknown,Incorrect,,,,Missed,0,None given,"the team said ""Santiago, Chile"" for Part 1 and a South African capital for Part 2; team not identified in captions (captions lines 2057-2064)","Now in geography, what countries capital is Cairo, Egypt and a geography bonus. / What is the southernmost capital in the Americas? / Santiago, Chile has the stupid island Santiago. / That's a Montevideo, Uruguay. / What is the southernmost capital in the world? / Is it of South Africa? / Answer Shark No, no, that is Wellington, New Zealand does that for all players in architecture. / What style of architecture that included gargoyles, vaulted ceilings, Gothic and architecture Bonus The Sagrada Familia and the Casa Mila, both located in Spain, are excellent examples of Catalan modernism architecture and were designed by which architect?"
4175,S40 E59,Round of 8,Tossup,46,What style of architecture that included gargoyles and vaulted ceilings ... [cut off by the buzzer],Gothic,J. Frank White Academy (Shashi's team) vs Science Hill High School (Owen's team),,Unknown,Correct,,,,Correct,10,Unknown,the buzzer and team are not named in the captions; the host's closing remark that both teams passed 400 points means J. Frank White probably took most of the unnamed second-half tossups; team not identified in captions,
4176,S40 E59,Round of 8,Bonus,46,"The Sagrada Familia and the Casa Mila, both located in Spain, are excellent examples of Catalan modernism architecture and were designed by which architect?",Antoni Gaudi,J. Frank White Academy (Shashi's team) vs Science Hill High School (Owen's team),,Unknown,Incorrect,,,,Missed,0,None given,the team had no answer; team not identified in captions (captions lines 2064-2070),"What style of architecture that included gargoyles, vaulted ceilings, Gothic and architecture Bonus The Sagrada Familia and the Casa Mila, both located in Spain, are excellent examples of Catalan modernism architecture and were designed by which architect? / You don't know what to say. / No answer yet another question. / No answer. / That is Antoni Gaudi. / Toss up in mythology. / What was the Roman equivalent of the mythological Greek god?"
4179,S40 E59,Round of 8,Tossup,48,"What is the English translation of the Spanish phrase ""Donde esta mi maleta?""",Where is my suitcase?,J. Frank White Academy (Shashi's team) vs Science Hill High School (Owen's team),,Unknown,Correct,,,,Correct,10,Unknown,the buzzer and team are not named in the captions; the host's closing remark that both teams passed 400 points means J. Frank White probably took most of the unnamed second-half tossups; team not identified in captions (captions lines 2080-2085),"You get ten points, your Neptune toss up. / Now in foreign language, what is the English translation of the Spanish phrase? / Donde esta me maleta? / Where's my suitcase? / My letter is suitcase and a foreign language bonus. / What is the Spanish phrase for credit card?"
4180,S40 E59,Round of 8,Bonus,48,"What is the Spanish phrase for ""credit card""?",Tarjeta de credito,J. Frank White Academy (Shashi's team) vs Science Hill High School (Owen's team),,Unknown,Incorrect,,,,Missed,0,None given,the team had no answer; team not identified in captions (captions lines 2084-2089),My letter is suitcase and a foreign language bonus. / What is the Spanish phrase for credit card? / Just say no answer. / No. / Takeda de Crédito Tossup in health. / What field of medicine deals with the use of medicines to prevent pain during surgery or pain medicine?
4181,S40 E59,Round of 8,Tossup,49,What field of medicine deals with the use of medicines to prevent pain during surgery?,Anesthesiology,J. Frank White Academy (Shashi's team) vs Science Hill High School (Owen's team),,Unknown,Correct,,,,Correct,10,Unknown,the buzzer and team are not named in the captions; the host's closing remark that both teams passed 400 points means J. Frank White probably took most of the unnamed second-half tossups; team not identified in captions (captions lines 2088-2093),Takeda de Crédito Tossup in health. / What field of medicine deals with the use of medicines to prevent pain during surgery or pain medicine? / And the total anesthesiology. / Is right. / Health is your bonus. / What insect is the carrier for the West Nile and Zika viruses?
4182,S40 E59,Round of 8,Bonus,49,Part 1: What insect is the carrier for the West Nile and Zika viruses? | Part 2: What insect is the carrier for Rocky Mountain spotted fever?,Part 1: The mosquito | Part 2: The tick,J. Frank White Academy (Shashi's team) vs Science Hill High School (Owen's team),,Unknown,Correct,,,,Correct,20,Unknown,team not identified in captions (captions lines 2092-2102),"Health is your bonus. / What insect is the carrier for the West Nile and Zika viruses? / Mosquito Mosquito. / And what insect is the carrier for? / Rocky Mountain? / Spotted fever. / Okay, so tick. / Both right. / 20 points. / Toss up in vocabulary. / What five letter word beginning with F is a synonym of species Shashi fetus chance to steal Science Hill."
4213,S40 E60,Round of 4,Tossup,17,"Which war is the setting for ""The Red Badge of Courage""?",The American Civil War,Hardin Valley Academy (David's team) vs Dobyns-Bennett High School (Sachin's team),,Hardin Valley Academy (David's team),Correct,,,,Correct,10,Hardin Valley Academy (David's team),"the buzzer and team are not named in the captions; the host's halftime remark that only 70 points separated the teams equals the 70 points of the three unnamed first-half items (T17, T19, T20) exactly, so all three went to the same team, and the host's closing remark that Dobyns-Bennett ""got abused by Hardin Valley"" points to Hardin Valley (inferred) (captions lines 1282-1284)","For ten points toss up in literature, which war is the setting for the red badge of Courage, the Civil War. / Correct. / And the literature bonus, which animals were, quote, more equal than others?"
4217,S40 E60,Round of 4,Tossup,19,At what official age can a horse run in the Kentucky Derby?,Three,Hardin Valley Academy (David's team) vs Dobyns-Bennett High School (Sachin's team),,Hardin Valley Academy (David's team),Correct,,,,Correct,10,Hardin Valley Academy (David's team),the buzzer and team are not named in the captions; see the note on T17 (inferred to be Hardin Valley) (captions lines 1302-1305),"Toss up. / Now in sports, at what official age can a horse run three in a Kentucky Derby? / And a sports bonus. / What is the name of the football team at the University of Southern California?"
4219,S40 E60,Round of 4,Tossup,20,Which country's capital is Riyadh?,Saudi Arabia,Hardin Valley Academy (David's team) vs Dobyns-Bennett High School (Sachin's team),,Hardin Valley Academy (David's team),Correct,,,,Correct,10,Hardin Valley Academy (David's team),the buzzer and team are not named in the captions; see the note on T17 (inferred to be Hardin Valley),
4260,S40 E60,Round of 4,Bonus,42,"What is the English translation of the French question ""Où est ma valise?""",Where is my suitcase?,Hardin Valley Academy (David's team) vs Dobyns-Bennett High School (Sachin's team),,Dobyns-Bennett High School (Sachin's team),Correct,,,,Correct,20,Dobyns-Bennett High School (Sachin's team),"the team answered ""where is my suitcase"" and the host joked about a lost suitcase without announcing a result, so credit is presumed (captions lines 1540-1547)","And a foreign language bonus for DB. / What is the English translation of the French question, où est ma valise? / That's where is my suitcase? / Oh. / Maybe she's got it. / I've been looking for it. / Toss up in music. / In a major scale the interval between the first and second note is what Major second correct music is your bonus."
4261,S40 E60,Round of 4,Tossup,43,"In a major scale, what is the interval between the first and second note?",A major second,Hardin Valley Academy (David's team) vs Dobyns-Bennett High School (Sachin's team),,Unknown,Correct,,,,Correct,10,Unknown,"the buzzer and team are not named in the captions (the host says ""music is your bonus""); team not identified in captions (captions lines 1546-1548)","Toss up in music. / In a major scale the interval between the first and second note is what Major second correct music is your bonus. / In 2023, a harpist from Ireland set a world record for the highest altitude harp performance by playing at the Summit of What Mountain that is the tallest freestanding mountain in the world."
4262,S40 E60,Round of 4,Bonus,43,"In 2023, a harpist from Ireland set a world record for the highest altitude harp performance by playing at the summit of what mountain, the tallest freestanding mountain in the world?",Mount Kilimanjaro,Hardin Valley Academy (David's team) vs Dobyns-Bennett High School (Sachin's team),,Unknown,Incorrect,,,,Missed,0,None given,the team said Everest; team not identified in captions (captions lines 1547-1551),"In a major scale the interval between the first and second note is what Major second correct music is your bonus. / In 2023, a harpist from Ireland set a world record for the highest altitude harp performance by playing at the Summit of What Mountain that is the tallest freestanding mountain in the world. / Not Everest, but Everest. / No, it's Kilimanjaro because it's freestanding toss up in miscellaneous. / What was the first toy to be advertised on television with an ad aimed at children that showed consumers?"
4281,S40 E61,Round of 4,Bonus,8,"Part 1: In ""The Music Man,"" how many trombones led the big parade? | Part 2: How many cornets were close at hand?",Part 1: 76 | Part 2: 110,Maryville High School (Mohammed's team) vs Science Hill High School (Owen's team),,Maryville High School (Mohammed's team),Correct,,,,Correct,20,Maryville High School (Mohammed's team),"the team answered 76 and 110 (partly garbled in the captions) and the host said ""all right, it's in the song"" without announcing points, so credit is presumed (captions lines 717-721)","Those are both right for 20 toss up now in music in a major scale, what is the in Patrick A fourth yeah you got it in time for the buzzer sounded so music bonus now for Maryville in the music man how many trombones led the big parade to you see they have no clue for 2024 76 how many cornets were close at hand before 2424 110. / All right. / It's in the song. / It's up in US history. / Which President, while delivering his farewell address to the nation in 1961 only no answer warned against the power of the military industrial complex."
4287,S40 E61,Round of 4,Bonus,11,"Translate the Spanish phrase ""Feliz cumpleanos"" into French.",Joyeux anniversaire,Maryville High School (Mohammed's team) vs Science Hill High School (Owen's team),,Maryville High School (Mohammed's team),Incorrect,,,,Missed,0,None given,"Mohammed deferred to Costin; the captions garble his answer (""born the"") and the host said ""it's actually just bon anniversaire"", so this is scored as missed but the ruling is unclear (captions lines 743-746)","And in foreign language bonus translate the Spanish phrase Felice cumplianos into French or into French? / French. / Well, my French from France when I want to, I don't know okay I defer to Coston born the it's actually just bona vier. / Toss up for all players in math computation with two fair dice what is the probability of rolling a sum of six or 11 Patrick seven out of 36."
4299,S40 E61,Round of 4,Tossup,18,"What Latin phrase meaning ""remember you must die"" is used to describe images and art that relate to death?",Memento mori,Maryville High School (Mohammed's team) vs Science Hill High School (Owen's team),,Unknown,Correct,,,,Correct,10,Unknown,"the buzzer and team are not named in the captions (the host's halftime remark that only a few points separated the teams would fit Maryville best, but that is only an inference); team not identified in captions (captions lines 788-792)","For 20 toss up now in art, what Latin phrase? / Meaning remember you must die is used in memento mori. / to describe images and art that relate to death. / And an art bonus. / Now, what Italian art term literally means light, dark and uses a technique that shows high contrast between light and dark to a dramatic effect."
4300,S40 E61,Round of 4,Bonus,18,"Part 1: What Italian art term literally means ""light, dark"" and uses a technique that shows high contrast between light and dark to a dramatic effect? | Part 2: A modified example of this technique is ""Girl with a Pearl Earring"" by which painter?",Part 1: Chiaroscuro | Part 2: Johannes Vermeer,Maryville High School (Mohammed's team) vs Science Hill High School (Owen's team),,Unknown,Partial,,,,Partial,10,Unknown,the team had no answer for Part 1 and answered Vermeer for Part 2; the answering team is not named in the captions; team not identified in captions (captions lines 791-797),"And an art bonus. / Now, what Italian art term literally means light, dark and uses a technique that shows high contrast between light and dark to a dramatic effect. / Light? / Answer Luciano. / Okay, it's called Shadow Squirrel, the modified example of chiaroscuro is a girl with a Pearl Earring, by which painter will premiere Vermeer. / Is it for ten points on the bonus. / Toss up in geography, what river flows north from Lake Erie to Lake Ontario and forms part of the border between Canada and the United States?"
4336,S40 E61,Round of 4,Tossup,39,In which state is Cape Cod National Seashore?,Massachusetts,Maryville High School (Mohammed's team) vs Science Hill High School (Owen's team),,Unknown,Correct,,,,Correct,10,Unknown,the buzzer and team are not named in the captions; team not identified in captions (captions lines 984-987),"Ten points on that toss up. / Now, in geography, in which state is Cape Cod National Seashore, Massachusetts. / Correct. / And the geography bonus, What is the capital of the 48th state?"
4337,S40 E61,Round of 4,Bonus,39,Part 1: What is the capital of the 48th state? | Part 2: What is the capital of the first state?,Part 1: Phoenix | Part 2: Dover,Maryville High School (Mohammed's team) vs Science Hill High School (Owen's team),,Unknown,Partial,,,,Partial,10,Unknown,"the team said ""Anchorage"" and ""Honolulu"" for Part 1 and Dover for Part 2; the answering team is not named in the captions; team not identified in captions (captions lines 987-996)","And the geography bonus, What is the capital of the 48th state? / Anchorage. / What higher? / Honolulu. / That's Phenix. / What is the capital of the first state? / Dover, Right. / Yeah. / Ten points on the bonus toss up. / Now in literature, what Russian novelist was the author of Crime and Punishment and Dostoevsky?"
4338,S40 E61,Round of 4,Tossup,40,"What Russian novelist was the author of ""Crime and Punishment"" and ""The Brothers Karamazov""?",Fyodor Dostoevsky,Maryville High School (Mohammed's team) vs Science Hill High School (Owen's team),,Unknown,Correct,,,,Correct,10,Unknown,"the buzzer and team are not named in the captions, and the bonus team is garbled (""literature bonus from travel"", possibly ""for Maryville""); team not identified in captions (captions lines 995-999)","Ten points on the bonus toss up. / Now in literature, what Russian novelist was the author of Crime and Punishment and Dostoevsky? / Yeah, and The Brothers Karamazov Literature bonus from travel. / What? / Algerian, French absurdist philosopher was the author of The Stranger and recipient of the 1957 Nobel Prize of Literature is right for 20 toss up now in geometry, the interior angles of a regular polygon, each measure 135 degrees."
4339,S40 E61,Round of 4,Bonus,40,"What Algerian-French absurdist philosopher was the author of ""The Stranger"" and the recipient of the 1957 Nobel Prize in Literature?",Albert Camus,Maryville High School (Mohammed's team) vs Science Hill High School (Owen's team),,Unknown,Correct,,,,Correct,20,Unknown,the answering team is not named in the captions; team not identified in captions (captions lines 999-999),"Algerian, French absurdist philosopher was the author of The Stranger and recipient of the 1957 Nobel Prize of Literature is right for 20 toss up now in geometry, the interior angles of a regular polygon, each measure 135 degrees."
4349,S40 E62,Championship,Bonus,1,"Which classic Pink Floyd album do some people play along while watching ""The Wizard of Oz""?",The Dark Side of the Moon,Hardin Valley Academy (David's team) vs Science Hill High School (Owen's team),,Hardin Valley Academy (David's team),Unclear,,,,Unclear,,Hardin Valley Academy (David's team),"the captions show the team saying ""Yellow Brick Road"" (or repeating the clue) and then the host says ""that is The Dark Side of the Moon"", adding that the start of it syncs up with the movie; it is unclear whether the team answered it correctly",
4362,S40 E62,Championship,Tossup,8,Which 1882 novel was written by Robert Louis Stevenson?,Treasure Island,Hardin Valley Academy (David's team) vs Science Hill High School (Owen's team),,Unknown,Correct,,,,Correct,10,Unknown,"the buzzer and team are not named in the captions; the buzzer said ""Treasure Island"" before the question was finished; team not identified in captions (captions lines 151-152)","Toss up for Virgin in literature which 1882 novel was written Treasure Island by Robert Louis Stevenson and a literature bonus. / What was the pen name of Charles Dodgson, who wrote through the Looking Glass?"
4363,S40 E62,Championship,Bonus,8,"What was the pen name of Charles Dodgson, who wrote ""Through the Looking-Glass""?",Lewis Carroll,Hardin Valley Academy (David's team) vs Science Hill High School (Owen's team),,Unknown,Correct,,,,Correct,20,Unknown,the answering team is not named in the captions; team not identified in captions (captions lines 151-157),"Toss up for Virgin in literature which 1882 novel was written Treasure Island by Robert Louis Stevenson and a literature bonus. / What was the pen name of Charles Dodgson, who wrote through the Looking Glass? / I presented Lewis Carroll. / Yes, 20 points. / Tossup in geology. / What? / Stone That was once 15 feet long."
4367,S40 E62,Championship,Tossup,11,In which major metropolitan area is SoFi Stadium located?,Los Angeles,Hardin Valley Academy (David's team) vs Science Hill High School (Owen's team),,Unknown,Correct,,,,Correct,10,Unknown,the buzzer and team are not named in the captions; team not identified in captions (captions lines 163-168),"Bonus for Science Hill In 2022, Afghanistan's Supreme Leader ordered judges to fully enforce aspects of which Islamic law system that includes public executions, stonings, floggings and the amputation of limbs for thieves defer to Shiven. / Sharia law, correct for 20 toss up and sports In which major metropolitan area is Sofi Stadium? / Los Angeles. / Located in a sports bonus. / Two parts. / How many players on a fielded soccer team?"
4368,S40 E62,Championship,Bonus,11,Part 1: How many players are on a fielded soccer team? | Part 2: How long is a regulation half of a soccer game?,Part 1: 11 | Part 2: 45 minutes,Hardin Valley Academy (David's team) vs Science Hill High School (Owen's team),,Unknown,Correct,,,,Correct,20,Unknown,the answering team is not named in the captions; team not identified in captions (captions lines 168-178),"How many players on a fielded soccer team? / 11. / 11. / Correct. / How long as a regulation? / Half of a soccer game? / 45 minutes. / Yeah, 45 minutes also. / Right. / 20 toss up in history. / Whose pamphlet, Common Sense Commander Thomas Paine was published in 1776 and a bonus for Science Hill in history, who was credited with the war?"
4383,S40 E62,Championship,Tossup,19,Which type of telescope is used for examining the moon and other planets of the solar system?,A refracting telescope,Hardin Valley Academy (David's team) vs Science Hill High School (Owen's team),,Unknown,Correct,,,,Correct,10,Unknown,the buzzer and team are not named in the captions; team not identified in captions (captions lines 233-237),No points on the bonus toss up in astronomy. / Which type of telescope is used for examining the moon and other planets of the fraction? / refracting telescope with the same thing in other planets of the solar system. / Astronomy is your bonus. / Two parts in which constellation is the Great Nebula?
4384,S40 E62,Championship,Bonus,19,Part 1: In which constellation is the Great Nebula? | Part 2: In which constellation is the Crab Nebula?,Part 1: Orion | Part 2: Taurus,Hardin Valley Academy (David's team) vs Science Hill High School (Owen's team),,Unknown,Partial,,,,Partial,10,Unknown,"the team said Orion for Part 1 and ""Ursa Minor"" for Part 2; the answering team is not named in the captions; team not identified in captions (captions lines 236-245)",Astronomy is your bonus. / Two parts in which constellation is the Great Nebula? / Orion. / Orion. / Correct. / In which constellation is the Crab Nebula? / Which? / The Crab Ursa minor Talons in Taurus. / Ten points on the bonus toss up in government. / What is an early release of a prisoner before parole?
4400,S40 E62,Championship,Tossup,29,What 13 letter word beginning with T is the term for the process of plants taking up liquid water from the soil and releasing water vapor?,Transpiration,Hardin Valley Academy (David's team) vs Science Hill High School (Owen's team),,Unknown,Correct,,,,Correct,10,Unknown,the buzzer and team are not named in the captions; team not identified in captions (captions lines 340-342),"A lot of people mistake it for the right, but he uses a mirror image on the self-portrait Biology toss up. / What 13 letter word beginning with t is the term for the process of plants taking up liquid water from the soil transpiration and releasing water vapor of biology. / Bonus What six letter word beginning with t describes the state of decreased physiological activity of bears during the winter months in the Appalachian Mountains that dormancy."
4401,S40 E62,Championship,Bonus,29,What six letter word beginning with T describes the state of decreased physiological activity of bears during the winter months in the Appalachian Mountains?,Torpor,Hardin Valley Academy (David's team) vs Science Hill High School (Owen's team),,Unknown,Incorrect,,,,Missed,0,None given,"the team said ""dormancy"" and ""hibernation""; the host noted people mistakenly think bears hibernate; the answering team is not named in the captions; team not identified in captions (captions lines 342-346)","Bonus What six letter word beginning with t describes the state of decreased physiological activity of bears during the winter months in the Appalachian Mountains that dormancy. / Is it Bermondsey as tired I might be. / A lot of people mistakenly think they hibernate, but they go into something called torpor. / T O R P O R. Toss up for all players in health. / What term refers to a persistent and prolonged inability Owen."
4409,S40 E62,Championship,Bonus,33,"What is the English translation of the German question ""Wie viel kostet das?""",How much does it cost?,Hardin Valley Academy (David's team) vs Science Hill High School (Owen's team),,Hardin Valley Academy (David's team),Incorrect,,,,Missed,0,None given,"the captions render the question as ""de field course""; the team guessed ""what time is it"", ""how are you"" and then something else, and the host's last words are ""how much does it cost, like if you're trying to buy something in Germany"", so this is scored as missed but the ruling is unclear",
4420,S40 E62,Championship,Tossup,39,"Which Broadway musical includes the songs ""The Lady in the Long Black Dress,"" ""How I Got the Calling"" and others?",Sister Act,Hardin Valley Academy (David's team) vs Science Hill High School (Owen's team),,Hardin Valley Academy (David's team),Correct,,,,Correct,10,Hardin Valley Academy (David's team),"the buzzer and answer are not captured (the captions run ""Sister Act"" into the clue list); Hardin Valley took the bonus (captions lines 431-432)","Toss up in music, which Broadway musical includes the songs The Lady in the Long Black Dress Sister Act, How I Got the Calling and Others Music Bonus for Hardin Valley. / Following the injuries of dozens of fans at a 2023 Travis Scott concert, officials in Rome said there would be no more concerts at what stadium that was used for chariot racing in ancient Rome."
4424,S40 E62,Championship,Tossup,41,"Which rodent completes the idiom ""as quiet as a ...?""",A mouse,Hardin Valley Academy (David's team) vs Science Hill High School (Owen's team),,Unknown,Correct,,,,Correct,10,Unknown,the buzzer and team are not named in the captions; team not identified in captions (captions lines 445-446),"Toss up in English, which rodent completes the idiom as quiet as a mouse and an English bonus. / Identify the indirect object in the sentence."
4425,S40 E62,Championship,Bonus,41,"Identify the indirect object in the sentence ""Austin passed Michael a note in class when the teacher wasn't looking.""",Michael,Hardin Valley Academy (David's team) vs Science Hill High School (Owen's team),,Unknown,Correct,,,,Correct,20,Unknown,the answering team is not named in the captions; team not identified in captions (captions lines 445-448),"Toss up in English, which rodent completes the idiom as quiet as a mouse and an English bonus. / Identify the indirect object in the sentence. / Austin passed Michael a note in class when the teacher wasn't looking. / Michael is right for 20 Toss up in health, which medical specialty field studies changes in the body that cause disease or that are caused pathology or caused by disease?"
4430,S40 E62,Championship,Tossup,44,"If someone is living on Tulsa time, in which time zone are they located?",Central,Hardin Valley Academy (David's team) vs Science Hill High School (Owen's team),,Unknown,Correct,,,,Correct,10,Unknown,the buzzer and team are not named in the captions; team not identified in captions (captions lines 465-469),"20 points, tossup in geography. / If someone is living on Tulsa time, in which time zone are they located? / Central. / Yes. / And a geography bonus name two of the three states that border Connecticut."
4431,S40 E62,Championship,Bonus,44,Name two of the three states that border Connecticut.,"Any two of: Massachusetts, Rhode Island, New York",Hardin Valley Academy (David's team) vs Science Hill High School (Owen's team),,Unknown,Correct,,,,Correct,20,Unknown,the team said Massachusetts and Rhode Island; the answering team is not named in the captions; team not identified in captions (captions lines 469-480),"And a geography bonus name two of the three states that border Connecticut. / I get the message usage in Rhode Island. / Rhode Island? / Yeah, fine. / I'd just go with those two. / Yeah, of course. / Massachusetts and Rhode Island are both right. / New York is the third toss up now in foreign language. / What is the English translation of the Japanese phrase? / Gomer Nozaki? / Sorry. / That's right and a foreign language bonus, what is the literal translation of the French phrase myopathy shoe, which is used as a term of endearment for someone who is much loved my little bun."
4432,S40 E62,Championship,Tossup,45,"What is the English translation of the Japanese phrase ""Gomen nasai""?",I'm sorry,Hardin Valley Academy (David's team) vs Science Hill High School (Owen's team),,Unknown,Correct,,,,Correct,10,Unknown,the buzzer and team are not named in the captions; team not identified in captions,
4433,S40 E62,Championship,Bonus,45,"What is the literal translation of the French phrase ""mon petit chou,"" which is used as a term of endearment for someone who is much loved?",My little cabbage,Hardin Valley Academy (David's team) vs Science Hill High School (Owen's team),,Unknown,Incorrect,,,,Missed,0,None given,"the team said ""my little bun""; the answering team is not named in the captions; team not identified in captions (captions lines 480-482)","That's right and a foreign language bonus, what is the literal translation of the French phrase myopathy shoe, which is used as a term of endearment for someone who is much loved my little bun. / It's actually my little cabbage, which they also used to describe Brussels sprouts and someone who's especially dear to you toss up in astronomy. / How many times larger is the radius of the sun than that of the earth?"
4439,S41 E39,Round of 32,Tossup,2,Who is the author of the play Pygmalion?,George Bernard Shaw,Maryville High School (Luna's team) vs Webb School of Knoxville (Penny's team),Stephen,Webb School of Knoxville (Penny's team),Incorrect,,Maryville High School (Luna's team),Unclear,Unclear,0,None given,Stephen said Sophocles; steal offered to Maryville but the host scolded them for conferring and the steal outcome is not captured; answer taken from the host's remark (captions lines 9870-9876),"Who is the author of the play Pygmalion? / Stephen Sophocles Norwich. / You can steal Marvel. / But you can't confer with each other on toss ups. / I'm looking for the, British version of George Bernard Shaw. / Toss up in vocabulary. / What term describes words of two languages that have almost the same spelling with the same meaning?"
4465,S41 E39,Round of 32,Tossup,16,Which type of musical composition is characterized by the systematic imitation of one or more themes overlapping?,Fugue,Maryville High School (Luna's team) vs Webb School of Knoxville (Penny's team),,Webb School of Knoxville (Penny's team),Incorrect,,Maryville High School (Luna's team),Incorrect,Missed,0,None given,"first buzzer name garbled (""Many"") and Maryville's steal answer unclear in captions (""It's a fugue or a rondo"") (captions lines 9985-9991)","That's it for all players in music, which type of musical composition is characterized by the systematic imitation of one or more themes overlapping? / Many an arrangement. / No chance to steal. / Merrillville. / It's a fugue or a rondo. / Tossup in vocabulary. / What seven letter word starting with P means a hypothetical remedy for all ills or diseases."
4477,S41 E39,Round of 32,Tossup,23,What is Australia's largest city?,Sydney,Maryville High School (Luna's team) vs Webb School of Knoxville (Penny's team),,Maryville High School (Luna's team),Correct,,,,Correct,10,Maryville High School (Luna's team),"team is a guess: captions read ""It's m Sydney"" then ""a bonus in geography ... for which two European countries"" (probably ""for Maryville"") (captions lines 10030-10033)","Tossup in geography. / What is Australia's largest city? / It's m Sydney. / Yes, and a bonus in geography in 2020, for which two European countries discussed a change to their border that had been determined by glacier ridge lines in an area near the Matterhorn."
4492,S41 E39,Round of 32,Tossup,31,"Garmin, TomTom and Magellan all make devices that use what type of technology?",GPS,Maryville High School (Luna's team) vs Webb School of Knoxville (Penny's team),Penny,Webb School of Knoxville (Penny's team),Incorrect,Luna,Maryville High School (Luna's team),Incorrect,Missed,0,None given,"answer not stated in captions (GPS inferred; host only said ""they are brands""); Penny's answer not captured, Luna said clock (captions lines 10142-10148)","So ten points on the bonus tossup in miscellaneous. / Garmin, Tomtom and Magellan all make devices that use penny watch. / What type of technology chance to steal Merrillville. / Luna. / Think clock. / No, they are brands tossup in literature. / Which French author created the character Jean Valjean?"
4511,S41 E39,Round of 32,Bonus,42,"Using alliteration, what two animals could each complete the idiom, ""as busy as a beaver""?",Bee and beaver,Maryville High School (Luna's team) vs Webb School of Knoxville (Penny's team),,Webb School of Knoxville (Penny's team),Correct,,,,Correct,20,Webb School of Knoxville (Penny's team),"question wording unclear in captions; answer read from ""Being beaver"" (captions lines 10248-10254)",And an English bonus. / Now using alliteration. / What two animals could each complete the idiom as busy as a beaver? / Yeah. / Being beaver. / Both right for 20 tossup in music. / What billionaire singer songwriter has had number one hits with Anti-Hero and cruel Summer?
4519,S41 E39,Round of 32,Tossup,47,The Iliad tells the story of which war?,The Trojan War,Maryville High School (Luna's team) vs Webb School of Knoxville (Penny's team),,Maryville High School (Luna's team),Correct,,,,Correct,10,Maryville High School (Luna's team),"team is a guess: buzzer name garbled (""win"", likely the same Maryville player as ""Liam"" earlier) and the bonus team is not named (captions lines 10282-10283)","For 20 tossup in literature, the Iliad tells the story of which war win the Trojan War, correct in a literature bonus. / What influential American writer who would go on to write Cat's Cradle and Breakfast of Champions received Army training at the University of Tennessee at Knoxville in 1943."
4525,S41 E40,Round of 32,Tossup,3,What essential component gives plants cell walls their strength and resilience?,Cellulose,Maryville High School (Skyler's team) vs Webb School of Knoxville (Daisy's team),,Unknown,Correct,,,,Correct,10,Unknown,player and team not identified in captions; team not identified in captions (captions lines 9334-9337),"20 on the bonus toss up in biology, what essential component gives plants cell walls their strength and resilience and cellulose correct in a biology bonus two parts. / What is a group of frogs called? / Hop on a hop. / It's an army of frogs."
4526,S41 E40,Round of 32,Bonus,3,"Part 1: What is a group of frogs called? | Part 2: In addition to a herd and a memory, what is a group of elephants called?",Part 1: An army | Part 2: A parade,Maryville High School (Skyler's team) vs Webb School of Knoxville (Daisy's team),,Unknown,Incorrect,,,,Missed,0,None given,"team said ""hop"" and ""family""; team not identified in captions (captions lines 9337-9343)","It's an army of frogs. / How about this? / In addition to a herd and a memory, what does a group of elephants called? / The family, a family. / It's a parade of elephants. / Plus up in geometry. / In parallelogram a, b, c, d. If angle A has a measure of 50 degrees, what is the measure of angle D and a 50?"
4542,S41 E40,Round of 32,Tossup,12,What compound has the symbol NH3?,Ammonia,Maryville High School (Skyler's team) vs Webb School of Knoxville (Daisy's team),Alex,Unknown,Correct,,,,Correct,10,Unknown,both teams have an Alex; team not identified; team not identified in captions (captions lines 9432-9438),"Tossup. / Now in chemistry, what compound has the symbol NH3? / Alex. / Ammonia. / Correct. / And a chemistry bonus. / What is the name of the silvery radioactive trans uranium element with atomic number 93 that was first isolated by Edwin McMillan and Philip Abelson in 1940?"
4543,S41 E40,Round of 32,Bonus,12,Part 1: What is the name of the silvery radioactive transuranium element with atomic number 93 that was first isolated by Edwin McMillan and Philip Abelson in 1940? | Part 2: What is its symbol?,Part 1: Neptunium | Part 2: Np,Maryville High School (Skyler's team) vs Webb School of Knoxville (Daisy's team),,Unknown,Correct,,,,Correct,20,Unknown,team not identified in captions (captions lines 9437-9444),"And a chemistry bonus. / What is the name of the silvery radioactive trans uranium element with atomic number 93 that was first isolated by Edwin McMillan and Philip Abelson in 1940? / Neptunium is right. / What is it? / Symbol in E n P is also right. / 20 points. / Tossup. / Now, in math, what is the volume of a rectangular prism with height of three, length of five and width of six?"
4548,S41 E40,Round of 32,Tossup,15,"What genre is Beowulf, one of the oldest works…",Epic poem,Maryville High School (Skyler's team) vs Webb School of Knoxville (Daisy's team),Alex,Unknown,Correct,,,,Correct,10,Unknown,both teams have an Alex; team not identified; cut off by buzz; team not identified in captions (captions lines 9470-9477),We'll take that 20 points toss up in literature. / What genre is Beowulf? / One of the oldest works. / Alex. / An epic epic poem. / Literature. / Bonus. / Which American poet wrote?
4549,S41 E40,Round of 32,Bonus,15,"Part 1: Which American poet wrote ""I am the grass; I cover all""? | Part 2: Which poet wrote ""Under a spreading chestnut tree, the village smithy stands""?",Part 1: Carl Sandburg | Part 2: Henry Wadsworth Longfellow,Maryville High School (Skyler's team) vs Webb School of Knoxville (Daisy's team),,Unknown,Incorrect,,,,Missed,0,None given,team said Emily Dickinson and Walt Whitman; team not identified in captions (captions lines 9476-9485),"Bonus. / Which American poet wrote? / I am the grass. / I cover all, Dickinson sounds like Emily Dickinson. / That one is Carl Sandburg. / Which poet wrote under a spreading chestnut tree? / The village smithy stands Walt Whitman. / That one is Henry Longfellow. / No points on the bonus tossup in geography. / What is the capital of Switzerland?"
4551,S41 E40,Round of 32,Tossup,17,"Due to its color, the naturally occurring iron disulfide mineral pyrite is also commonly known as what?",Fool's gold,Maryville High School (Skyler's team) vs Webb School of Knoxville (Daisy's team),Alex,Unknown,Correct,,,,Correct,10,Unknown,both teams have an Alex; team not identified; team not identified in captions (captions lines 9494-9497),"Toss up. / In geology, due to its color, the naturally occurring iron disulfide mineral pyrite is also commonly known as Alex. / Fool's gold is right and a geology bonus. / During which geologic period did the first fish appear?"
4552,S41 E40,Round of 32,Bonus,17,Part 1: During which geologic period did the first fish appear? | Part 2: During which geologic period did modern humans develop?,Part 1: Cambrian | Part 2: Quaternary,Maryville High School (Skyler's team) vs Webb School of Knoxville (Daisy's team),,Unknown,Correct,,,,Correct,20,Unknown,team not identified in captions (captions lines 9496-9503),Fool's gold is right and a geology bonus. / During which geologic period did the first fish appear? / Cambrian. / Right. / During which geologic period did modern humans develop? / Quaternary. / Quaternary. / Those are both right for 20 tossup in sports to the nearest 10th of a mile.
4556,S41 E40,Round of 32,Tossup,20,What word is used to describe the meat of mature adult sheep?,Mutton,Maryville High School (Skyler's team) vs Webb School of Knoxville (Daisy's team),Alex,Unknown,Correct,,,,Correct,10,Unknown,both teams have an Alex; team not identified; team not identified in captions (captions lines 9514-9518),"Gustav Holst a different Alex Gustav Holst is right ten points on the bonus tossup in English. / What word is used to describe the meat of mature adult sheep? / Alex Mutton. / Correct. / In an English bonus, which prepositional phrase acts as an adverb in the following sentence, the bowling lane with bumpers is perfect for beginners."
4557,S41 E40,Round of 32,Bonus,20,Which prepositional phrase acts as an adverb in the following sentence? The bowling lane with bumpers is perfect for beginners.,For beginners,Maryville High School (Skyler's team) vs Webb School of Knoxville (Daisy's team),,Unknown,Correct,,,,Correct,20,Unknown,"answer unclear: the host said ""With bumpers for beginners is right because it modifies the verb"" (20 points) (captions lines 9518-9585)","In an English bonus, which prepositional phrase acts as an adverb in the following sentence, the bowling lane with bumpers is perfect for beginners. / With bumpers for beginners is right because it modifies the verb. / That's, 20 points on that and toss up from players in government. / No, actually, I'll save that for the second half since time is about to run out. / Right now we've got Merrillville versus Webb School with Webb having a bit of a lead, but anything can happen in our second half of play, one of these teams advances to our smart 16. / Find out who it's going to be after the break on Tennessee Scholars Bowl 2025. / You're watching Tennessee Scholar's Bowl. / I'm Frank Murphy back from halftime. / In this second round game, this threshold of 32 round game between Maryville High School and Webb School of Knoxville. / We did adjust the score for Maryville based on the foreign language visual question. / We give them full credit for that. / Both teams have put alternates into the game, although Webb does have a lead. / We'll see what happens on our second half of play by saying hi first to the alternates for Maryville, beginning with Zoe Dobra. / Vonnie, Zoe, welcome to the show. / Tell us about yourself. / My name is Zoe. / I'm in 10th grade and I play the violin. / Oh, is that the best instrument? / Yeah, it's the best one, really? / And, what kind of composers do you play? / There were some named big names that you like to, big names, I don't know, but I really li"
4560,S41 E40,Round of 32,Tossup,22,What is the term for an inflammation of the protective membranes covering the brain and spinal cord?,Meningitis,Maryville High School (Skyler's team) vs Webb School of Knoxville (Daisy's team),,Unknown,Correct,,,,Correct,10,Unknown,player and team not identified in captions; team not identified in captions (captions lines 9592-9600),It's 30 points on the bonus toss up in health. / What is the term for an inflammation of the protective membranes covering the brain and spinal cord? / Meningitis. / Yeah. / Meningitis. / Yeah. / And a health bonus. / Now what? / Childhood disease caused by the varicella zoster virus results in an itchy rash with small fluid filled blisters.
4561,S41 E40,Round of 32,Bonus,22,Part 1: What childhood disease caused by the varicella zoster virus results in an itchy rash with small fluid filled blisters? | Part 2: What painful disease for adults is a reactivation of the chickenpox virus?,Part 1: Chickenpox | Part 2: Shingles,Maryville High School (Skyler's team) vs Webb School of Knoxville (Daisy's team),,Unknown,Correct,,,,Correct,20,Unknown,team not identified in captions (captions lines 9600-9608),Childhood disease caused by the varicella zoster virus results in an itchy rash with small fluid filled blisters. / Chickenpox. / Chickenpox for ten. / What? / Painful disease for adults is a reactivation of the chickenpox virus. / The shingles. / Shingles also right 20 points. / Toss up in algebra. / What is the value of four factorial plus four factorial?
4570,S41 E40,Round of 32,Tossup,27,"Who is the father of astronomy, known for first proposing that planets orbit the sun?",Copernicus,Maryville High School (Skyler's team) vs Webb School of Knoxville (Daisy's team),Alex,Unknown,Correct,,,,Correct,10,Unknown,both teams have an Alex; team not identified; team not identified in captions (captions lines 9643-9646),Hammurabi is right for 20 tossup in astronomy. / Who is the father of astronomy? / Known for first proposing that planets orbit the sun? / Alex Copernicus Correct and astronomy bonus what was the name of the first chimpanzee that was launched into space by NASA and made a suborbital flight in 1961.
4571,S41 E40,Round of 32,Bonus,27,Part 1: What was the name of the first chimpanzee that was launched into space by NASA and made a suborbital flight in 1961? | Part 2: What was the name of the second chimpanzee that was launched into space by NASA and made two Earth orbits in 1961?,Part 1: Ham | Part 2: Enos,Maryville High School (Skyler's team) vs Webb School of Knoxville (Daisy's team),,Unknown,Incorrect,,,,Missed,0,None given,team said Dolly and Greg; team not identified in captions (captions lines 9646-9653),Alex Copernicus Correct and astronomy bonus what was the name of the first chimpanzee that was launched into space by NASA and made a suborbital flight in 1961. / Dolly. / That's ham. / What was the name of the second chimpanzee that was launched into space by NASA and made two Earth orbits in 1961. / Greg. / That was Enos. / They both had biblical names toss up in geography. / Which state is split by the Great Lakes?
4574,S41 E40,Round of 32,Tossup,29,A single player matching game that was included in early versions of Microsoft Windows used images of tiles from what popular Chinese game that is similar to mahjong or rummy?,Mahjong,Maryville High School (Skyler's team) vs Webb School of Knoxville (Daisy's team),Alex,Maryville High School (Skyler's team),Correct,,,,Correct,10,Maryville High School (Skyler's team),"question text garbled and the answer is not stated in captions (""Alex Salter early versions ... similar to mahjong to rummy""); team from ""games bonus for Maryville"" (captions lines 9660-9663)","Buncombe County toss up for all players in games. / A single player matching game that was included in early versions. / Alex Salter early versions of Microsoft Windows used images of tiles from what popular Chinese game that is similar to mahjong to rummy, and a games bonus for Merrillville. / What board game comes with purple Play-Doh and has players complete activities in the color coded categories of creative Cat data Head, Star Performer, and Word Worm."
4577,S41 E40,Round of 32,Bonus,30,"What two word phrase is used to describe the wool of the winged ram [unclear], which is the symbol of authority and kingship in Greek mythology?",Golden Fleece,Maryville High School (Skyler's team) vs Webb School of Knoxville (Daisy's team),,Maryville High School (Skyler's team),Correct,,,,Correct,20,Maryville High School (Skyler's team),"question text partly garbled in captions (""the wall of the winged ram, or Solomon's""); the Maryville player who answered is not named (captions lines 9666-9669)","No points on the bonus tossup in mythology, what legendary monster is depicted as the large, hideous, man like being who lives under a bridge in the children's Daisy ogre in the children's story The Three Billy Goats Gruff? / Chester, Merrillville to troll, yes, and a mythology bonus what two word phrase is used to describe the wall of the winged ram, or Solomon's, which is the symbol of authority and kingship in Greek mythology. / Defer to Golden Fleece is right for 20 plus up in U.S. history. / The Battle of Cold Harbor in 1864 was part of General Grant's campaign to capture which city that was the Confederate capital, Daisy Richmond."
4579,S41 E40,Round of 32,Bonus,31,Part 1: Who was the lead counsel for the defense in the Scopes Monkey trial? | Part 2: Who was the lead counsel for the prosecution in the Scopes Monkey trial?,Part 1: Clarence Darrow | Part 2: William Jennings Bryan,Maryville High School (Skyler's team) vs Webb School of Knoxville (Daisy's team),Kaiser,Webb School of Knoxville (Daisy's team),Unclear,,,,Unclear,,Webb School of Knoxville (Daisy's team),Part 1 missed (team said Dolly Parton); Part 2 deferred to Kaiser and the host's verdict is not captured (captions lines 9670-9679),"Right, and history bonus now two parts. / Who was the lead counsel for the defense in the scopes Monkey trial? / That's right. / Answer. / Dolly Parton, that's Clarence Darrow, who was the lead counsel for the prosecution in the Scopes Monkey trial. / Answer. / Defer to Kaiser. / I think that's William Jennings Bryan. / Toss it for everybody in science. / Which law mathematically describes the relationships between pressure and velocity in the horizontal flow of fluids?"
4591,S41 E40,Round of 32,Tossup,38,What photo sharing app notifies users at random times each day to share unfiltered snapshots?,BeReal,Maryville High School (Skyler's team) vs Webb School of Knoxville (Daisy's team),,Unknown,Correct,,,,Correct,10,Unknown,"player and team not identified; answer garbled in captions (""Story bureau""); team not identified in captions (captions lines 9728-9733)","Tossup. / Now in technology what photo sharing app notifies users at random times each day? / Story bureau yeah. / To share unfiltered snapshots. / Technology is your bonus. / Several authors who claim their books were used without permission to train artificial intelligence systems are suing ChatGPT and Meta, claiming an infringement of what copyright is right for 20 plus up."
4592,S41 E40,Round of 32,Bonus,38,"Several authors who claim their books were used without permission to train artificial intelligence systems are suing ChatGPT and Meta, claiming an infringement of what?",Copyright,Maryville High School (Skyler's team) vs Webb School of Knoxville (Daisy's team),,Unknown,Correct,,,,Correct,20,Unknown,team not identified in captions (captions lines 9732-9735),"Technology is your bonus. / Several authors who claim their books were used without permission to train artificial intelligence systems are suing ChatGPT and Meta, claiming an infringement of what copyright is right for 20 plus up. / In miscellaneous. / Xeno the bear is the mascot for which Smoky Mountain City."
4598,S41 E41,Round of 32,Tossup,3,"In biological taxonomy, what is the most specific major rank that has no further ranks below it?",Species,Science Hill High School vs Temple Baptist Academy,,Unknown,Correct,,,,Correct,10,Unknown,team not identified in captions (captions lines 8783-8787),"Toss up in biology. / In biological taxonomy, what is the most specific major rank that has no further ranks below it? / Like a species, right? / And a biology bonus. / In which phylum are lobsters?"
4599,S41 E41,Round of 32,Bonus,3,Part 1: In which phylum are lobsters? | Part 2: In which phylum are toads?,Part 1: Arthropoda | Part 2: Chordata,Science Hill High School vs Temple Baptist Academy,,Unknown,Incorrect,,,,Missed,0,None given,team said arachnids and amphibians; team not identified in captions (captions lines 8786-8799),And a biology bonus. / In which phylum are lobsters? / Answer. / Arachnids. / Those are arthropods. / In which phylum are toads? / And. / Amphibians. / Those are chordates. / So no points on the bonus plus that for all players in math. / What is 16 squared? / Nobody got it in time. / It's 256 plus that for all players in foreign language. / Which Greek letter is the math symbol for summation?
4603,S41 E41,Round of 32,Tossup,6,"What 11 letter word beginning with E means having knowledge or skill in a particular field gained over a period of time, or to be an old hand at something?",Experienced,Science Hill High School vs Temple Baptist Academy,,Unknown,Correct,,,,Correct,10,Unknown,team not identified in captions (captions lines 8816-8817),"11 letter word beginning with E means having knowledge or skill in a particular field gained over a period of time, or to be an old hand at something has an experienced yes, and an English bonus. / Now what nine letter word beginning with V is the synonym of hesitate."
4604,S41 E41,Round of 32,Bonus,6,"Part 1: What nine letter word beginning with V is a synonym of hesitate? | Part 2: Spell ""vacillate.""",Part 1: Vacillate | Part 2: V-A-C-I-L-L-A-T-E,Science Hill High School vs Temple Baptist Academy,,Unknown,Incorrect,,,,Missed,0,None given,no answer for Part 1; misspelled in Part 2; team not identified in captions (captions lines 8816-8822),"11 letter word beginning with E means having knowledge or skill in a particular field gained over a period of time, or to be an old hand at something has an experienced yes, and an English bonus. / Now what nine letter word beginning with V is the synonym of hesitate. / For answer no answer that one is vacillate. / But you can get ten points for spelling. / Vacillate. / Vacillate and it's actually got a C in their vacillate. / No points on the bonus tossup in economics, what citrus soft drink that was invented in Tennessee derived its name from Moonshine Mountain Dew?"
4605,S41 E41,Round of 32,Tossup,7,What citrus soft drink that was invented in Tennessee derived its name from moonshine?,Mountain Dew,Science Hill High School vs Temple Baptist Academy,,Unknown,Correct,,,,Correct,10,Unknown,team not identified in captions (captions lines 8822-8823),"No points on the bonus tossup in economics, what citrus soft drink that was invented in Tennessee derived its name from Moonshine Mountain Dew? / Yeah, and an economics bonus when Alcoa separated into two companies, one kept the name Alcoa."
4606,S41 E41,Round of 32,Bonus,7,"Part 1: When Alcoa separated into two companies, one kept the name Alcoa. What is the new name of its fabrication business that has a facility in the city of Alcoa, Tennessee? | Part 2: What was the original name of the company that is represented by the syllables of the word Alcoa?",Part 1: Arconic | Part 2: Aluminum Company of America,Science Hill High School vs Temple Baptist Academy,,Unknown,Incorrect,,,,Missed,0,None given,no answer given; team not identified in captions (captions lines 8822-8830),"No points on the bonus tossup in economics, what citrus soft drink that was invented in Tennessee derived its name from Moonshine Mountain Dew? / Yeah, and an economics bonus when Alcoa separated into two companies, one kept the name Alcoa. / What is the new name of its fabrication business that has a facility in the city of Alcoa, Tennessee? / No answer. / That is Arconic. / What was the original name of the company that is represented by the syllables of the word Alcoa? / No answer. / That is the Aluminum Company of America Tulsa for everybody in astronomy. / What specific instrument conclusively proved the existence of black holes in 1994?"
4609,S41 E41,Round of 32,Tossup,9,What is the glass part of a window called?,Pane,Science Hill High School vs Temple Baptist Academy,,Unknown,Correct,,,,Correct,10,Unknown,team not identified in captions (captions lines 8839-8842),"Toss up in architecture. / What is the glass part of a window called Officer Pane? / Yes, and an architecture bonus. / Which famous architect designed the Rock and Roll Hall of Fame in Cleveland, the East Building of the National Gallery of Art in Washington, DC, and the Louvre Pyramid in Paris."
4610,S41 E41,Round of 32,Bonus,9,"Which famous architect designed the Rock and Roll Hall of Fame in Cleveland, the East Building of the National Gallery of Art in Washington, DC, and the Louvre Pyramid in Paris?",I. M. Pei,Science Hill High School vs Temple Baptist Academy,,Unknown,Incorrect,,,,Missed,0,None given,no answer given; team not identified in captions (captions lines 8841-8847),"Yes, and an architecture bonus. / Which famous architect designed the Rock and Roll Hall of Fame in Cleveland, the East Building of the National Gallery of Art in Washington, DC, and the Louvre Pyramid in Paris. / No answer, that is. / I.M. / Pei. / Toss up in vocabulary. / What is the term for an introduction to a poem, play, or novel, such as The Canterbury Tales?"
4611,S41 E41,Round of 32,Tossup,10,"What is the term for an introduction to a poem, play, or novel, such as The Canterbury Tales?",Prologue,Science Hill High School vs Temple Baptist Academy,,Unknown,Correct,,,,Correct,10,Unknown,team not identified in captions (captions lines 8846-8851),"Toss up in vocabulary. / What is the term for an introduction to a poem, play, or novel, such as The Canterbury Tales? / Like a prolog, right? / And then a vocabulary bonus. / Now what? / Eight letter word beginning with D means hardworking and persevering."
4612,S41 E41,Round of 32,Bonus,10,"Part 1: What eight letter word beginning with D means hardworking and persevering? | Part 2: Now spell ""diligent.""",Part 1: Diligent | Part 2: D-I-L-I-G-E-N-T,Science Hill High School vs Temple Baptist Academy,,Unknown,Correct,,,,Correct,20,Unknown,team not identified in captions (captions lines 8851-8856),Eight letter word beginning with D means hardworking and persevering. / Diligent. / Erect. / Now spell. / Diligent D I like GNT is right 20 on the bonus tossup for everyone in geography. / In which state is Mount Rushmore located?
4619,S41 E41,Round of 32,Bonus,15,"Translate the French phrase ""[unclear: comma review]"" into Spanish.",¿Cómo está usted?,Science Hill High School vs Temple Baptist Academy,,Temple Baptist Academy,Incorrect,,,,Missed,0,None given,"French phrase garbled in captions (""comma review""); team answered ""Hi, how are you"" in English (captions lines 8880-8892)","Foreign language bonus for temple. / Translate the French phrase comma review into Spanish. / I don't know French doesn't get me tell. / You mean. / That's not what it translates to. / How are you doing? / Answer. / Hi. / How are you? / Well, Como a star is dead is what it would be in Spanish. / No points there. / Toss up in history. / Who is the Soviet dictator during World War two?"
4634,S41 E41,Round of 32,Tossup,25,"What six letter word beginning with J is a word to characterize someone with good humor, cheerfulness and conviviality?",Jovial,Science Hill High School vs Temple Baptist Academy,,Unknown,Correct,,,,Correct,10,Unknown,team not identified in captions (captions lines 9039-9041),"Six letter word? / Beginning with J is a word to characterize someone with good humor, cheerfulness, and conviviality, like a jovial yes and a vocabulary bonus. / What is the term for a fear of needles?"
4635,S41 E41,Round of 32,Bonus,25,Part 1: What is the term for a fear of needles? | Part 2: What is the term for fear of thunderstorms?,Part 1: Trypanophobia | Part 2: Astraphobia,Science Hill High School vs Temple Baptist Academy,,Unknown,Incorrect,,,,Missed,0,None given,team said needle phobia and storm phobia; team not identified in captions (captions lines 9040-9049),"Beginning with J is a word to characterize someone with good humor, cheerfulness, and conviviality, like a jovial yes and a vocabulary bonus. / What is the term for a fear of needles? / Needle phobia. / It's try pana phobia. / What is the term for fear of thunderstorms? / Stormer phobia. / High. / What is Astra phobia? / Toss up for everybody in history. / Which Native American woman served as a guide for Lewis and Clark?"
4638,S41 E41,Round of 32,Tossup,27,"In addition to igneous and sedimentary, what is the other major type of rock?",Metamorphic,Science Hill High School vs Temple Baptist Academy,,Unknown,Correct,,,,Correct,10,Unknown,answer sits inside a garbled caption line; player and team not identified; team not identified in captions (captions lines 9054-9056),"The Romanoffs is right for 20 tossup in geology, in addition to igneous and sedimentary. / What is the other metamorphic type of rock geology? / Bonus name two of the top three income producing products mined in Tennessee."
4639,S41 E41,Round of 32,Bonus,27,Name two of the top three income producing products mined in Tennessee.,"Any two of: coal, limestone, zinc",Science Hill High School vs Temple Baptist Academy,,Unknown,Correct,,,,Correct,20,Unknown,"team said coal, limestone and quartz; the first two counted; team not identified in captions (captions lines 9056-9060)","Bonus name two of the top three income producing products mined in Tennessee. / Coal, limestone and quartz. / Well, I need your first two answers, which are both right, but zinc is the third 20 points. / Tossup in economics. / Swedish video game developer Mojang Studios is best known maker Minecraft for developing what best selling video game economics bonus for temple to comply with Swiss laws."
4647,S41 E41,Round of 32,Tossup,33,Which trigonometric function is the reciprocal of the cosine?,Secant,Science Hill High School vs Temple Baptist Academy,,Unknown,Correct,,,,Correct,10,Unknown,team not identified in captions (captions lines 9089-9095),Toss up in precalculus. / Which trigonometric function is the reciprocal of the cosine? / In secant. / Yes. / That's right. / And the pre-calc bonus. / Now provide the sine positive or negative of the following trigonometric functions in the following quadrants.
4648,S41 E41,Round of 32,Bonus,33,"Part 1: Provide the sign, positive or negative, of cosecant in quadrant three. | Part 2: Provide the sign, positive or negative, of sine in quadrant three.",Part 1: Negative | Part 2: Negative,Science Hill High School vs Temple Baptist Academy,,Unknown,Partial,,,,Partial,10,Unknown,"which part was missed is unclear in captions (team said positive, then negative); 10 points (captions lines 9094-9101)",And the pre-calc bonus. / Now provide the sine positive or negative of the following trigonometric functions in the following quadrants. / First Cosecant. / Quadrant three. / Sine I needed positive or negative on that positive. / I know it's negative. / How about sine quadrant three negative. / That is right ten points on the bonus tossup in religion Buddhists believe in a place of perfect peace and blessedness called nirvana.
4659,S41 E41,Round of 32,Tossup,40,What is the study of the origin and development of words?,Etymology,Science Hill High School vs Temple Baptist Academy,,Unknown,Correct,,,,Correct,10,Unknown,team not identified in captions (captions lines 9141-9144),"Bach ten points on the bonus tossup in vocabulary. / What is the study of the origin and development of words? / A etymology, yes, and a bonus in vocabulary. / Sound box is related to output device, as joystick is related to what input device correct 20 points."
4660,S41 E41,Round of 32,Bonus,40,Sound box is related to output device as joystick is related to what?,Input device,Science Hill High School vs Temple Baptist Academy,,Unknown,Correct,,,,Correct,20,Unknown,"text as heard in captions (""sound box"", probably speaker); team not identified in captions (captions lines 9143-9147)","A etymology, yes, and a bonus in vocabulary. / Sound box is related to output device, as joystick is related to what input device correct 20 points. / Tossup. / In government. / The FBI operates under the jurisdiction of which cabinet level government Mica."
4669,S41 E41,Round of 32,Tossup,45,"What is the past tense of the verb ""bring""?",Brought,Science Hill High School vs Temple Baptist Academy,,Unknown,Correct,,,,Correct,10,Unknown,team not identified in captions (captions lines 9173-9177),No points on the bonus tossup in grammar. / What is the past tense of the verb? / Bring? / I've brought and an English bonus. / Now what is the term for a word like buzz that has a sound that imitates or suggests its meaning?
4670,S41 E41,Round of 32,Bonus,45,"What is the term for a word like ""buzz"" that has a sound that imitates or suggests its meaning?",Onomatopoeia,Science Hill High School vs Temple Baptist Academy,,Unknown,Correct,,,,Correct,20,Unknown,game ended after this bonus; team not identified in captions (captions lines 9176-9188),"I've brought and an English bonus. / Now what is the term for a word like buzz that has a sound that imitates or suggests its meaning? / Onomatopoeia is right for 20 points, and that is the end of the game, but not enough for a science hill to pull it out. / But we do appreciate you guys being here. / It's always fun to have Science Hill in the house and a lot of underclassmen on the squad. / We look forward to seeing you for many years to come on Scholar's Bowl. / Meanwhile, Temple Baptist congratulations! / A fine performance from you guys and we look forward to seeing you now in our round of the smart 16. / You'll be back to play again and we'll we're happy to have you. / Of course, you can keep track of all of our games. / Never miss an episode, set your DVR, or binge watch past seasons online using the PBS app. / My name is Frank Murphy. / Thank you for watching Tennessee's Scholar's Bowl 2025."
4683,S41 E42,Round of 32,Bonus,7,Part 1: What type of fruit has a variety called Pink Lady? | Part 2: What type of fruit has a variety called [unclear: you formed orange]?,Part 1: Apple | Part 2: Pear,Alcoa High School vs Halls High School,,Alcoa High School,Incorrect,,,,Missed,0,None given,"name of the Part 2 variety garbled in captions (""you formed orange""); team said pomegranates for Part 1 (captions lines 8345-8352)","Yeah, we also would have taken Polly Wong's biology bonus for Alcoa. / What type of fruit has a variety called Pink Lady? / Pomegranates. / That one's an apple. / What type of fruit has a variety called you Formed Orange? / That one's a pear. / No points on the bonus tossup in foreign language. / What is the English translation of the Spanish phrase hasta manana, Dante."
4705,S41 E42,Round of 32,Tossup,20,"From approximately 1716 until his death in 1718, Edward Teach was a feared pirate known by what nickname?",Blackbeard,Alcoa High School vs Halls High School,,Unknown,Correct,,,,Correct,10,Unknown,player and team not identified in captions; team not identified in captions (captions lines 8448-8451),"20 points toss up in history from approximately 1716 until his death in 1718, Edward Teach was a feared pirate known about Blackbeard. / Yeah, but what nickname? / And a history bonus. / In 2022, Egyptologists discovered hieroglyphics inside King Tut's tomb, indicating that his burial chamber could contain a hidden door to the tomb."
4706,S41 E42,Round of 32,Bonus,20,"In 2022, Egyptologists discovered hieroglyphics inside King Tut's tomb indicating that his burial chamber could contain a hidden door to the tomb of what woman who was his stepmother?",Nefertiti,Alcoa High School vs Halls High School,,Unknown,Correct,,,,Correct,20,Unknown,"captions show ""Aphrodite, Nefertiti is right for 20 points""; team not identified; team not identified in captions (captions lines 8450-8469)","And a history bonus. / In 2022, Egyptologists discovered hieroglyphics inside King Tut's tomb, indicating that his burial chamber could contain a hidden door to the tomb. / Of what woman who was his stepmother? / To Aphrodite, Nefertiti is right for 20 points plus up in geography. / I actually will hang on to that for the second half. / It's a good question. / So you don't want to burn it here at the end of the first half, a very exciting game between Alcoa and Hulls. / One of these teams will advance to our round of the smart 16. Who's it going to be? / Find out after the break on Tennessee Scholar's Bowl 2025. / You're watching Tennessee Scholar's Bowl I'm Frank Murphy back from halftime in this second round game. / This threshold of 32 round game between Alcoa High School and Hall's high School. / Right now Hall's has a bit of a lead, but it's a very close and exciting game. / You'll notice that we adjusted the score for Alcoa to give them, points for their correct answer about the Jewish holiday of socket, which is also known as the Festival of Booths. / So we appreciate the clarification. / All right. / We've got the starting lineup still in the game. / Let's get right back to it. / Everybody. / Fingers on the buzzer for Tennessee Scholar's Bowl 2025. / What is the common name of the demarcation that is roughly based on the meridian of 180 longitude in the Pacific Ocean?"
4715,S41 E42,Round of 32,Tossup,26,Which form do many working Americans receive from their employers to show their income and the amount of tax withheld?,W-2,Alcoa High School vs Halls High School,,Unknown,Correct,,,,Correct,10,Unknown,"player and team not identified in captions; the host's ""ten point game"" final margin only works out if Alcoa won this one; team not identified in captions (captions lines 8514-8517)","Toss up in economics, which form do many working Americans receive from their employers to show their income and the amount of tax withheld contain W-2? / Yes. / And an economics bonus. / What is the currency of Afghanistan?"
4716,S41 E42,Round of 32,Bonus,26,Part 1: What is the currency of Afghanistan? | Part 2: What was Afghanistan's currency prior to 1923 when they introduced the Afghani?,Part 1: The Afghani | Part 2: The rupee,Alcoa High School vs Halls High School,,Unknown,Incorrect,,,,Missed,0,None given,"team said ""the pound"" for Part 2; team not identified in captions (captions lines 8516-8522)","And an economics bonus. / What is the currency of Afghanistan? / Oops, sorry, I know it's the Taliban. / It's called the Afghani. / What was Afghanistan's currency prior to 1923 when they introduced the Afghani to the pound? / Back then they use the rupee. / No points on the bonus toss up in biology, what is the term that refers to a certain place in which the species normally lives and grows?"
4733,S41 E42,Round of 32,Tossup,36,"Mount Olympus, at 9,570 feet above sea level, is the highest point in what country?",Greece,Alcoa High School vs Halls High School,,Unknown,Correct,,,,Correct,10,Unknown,"question and answer garbled in captions (""In what country do you hope to breathe""); player and team not identified (captions lines 8597-8601)","Mount Olympus at 95 70ft above sea level, is the highest point. / In what country do you hope to breathe? / And a visual bonus. / Take a look at the screens, please. / The flag shown here belongs."
4734,S41 E42,Round of 32,Bonus,36,The flag shown here belongs to which nation that is the only landlocked country in Southeast Asia?,Laos,Alcoa High School vs Halls High School,,Unknown,Correct,,,,Correct,20,Unknown,"team first said Cambodia, then Laos; host accepted Laos for 20 points; team not identified in captions (captions lines 8601-8608)","The flag shown here belongs. / To which nation? / That is the only landlocked country in Southeast Asia. / Cambodia. / Southeast. / Laos is right for 20 points. / Toss up for all players. / In astronomy, what type of reaction generates energy in stars, causing them to shine brightly?"
4741,S41 E42,Round of 32,Bonus,40,"In 2024, scientists published the results of a five year project to map all 54 million connections in the brain of a Drosophila melanogaster, [unclear]?",Fruit fly,Alcoa High School vs Halls High School,,Alcoa High School,Correct,,,,Correct,20,Alcoa High School,"end of the question lost in captions; answer ""fruit fly"" accepted for 20 points (captions lines 8642-8644)","Yes, and a biology bonus. / In 2024, scientists published the results of a five year project map all 54 point million connections in the brain of a Drosophila melanogaster, fruit fly is right for 20 tons up in U.S. history. / Who was the first unelected vice president to assume the presidency?"
4742,S41 E42,Round of 32,Tossup,41,Who was the first unelected vice president to assume the presidency?,Gerald Ford,Alcoa High School vs Halls High School,,,No Buzz,,,,Missed,0,None given,time ran out; the host never gave the answer (Gerald Ford inferred); game ended (captions lines 8644-8662),"Who was the first unelected vice president to assume the presidency? / And time has just run out of time. / So, that's a ten point game. / Is that correct? / Wow. / Well, that was an exciting and exciting game. / And, you guys are fantastic players. / And halls has just barely held on to beat an excellent squad from Alcoa at the buzzer. / Well, first of all, Alcoa, thank you so much for being here. / We appreciate you guys and we wish you all the best. / And congratulations to the seniors who have been on scholarship for multiple years now. / We know that you're going to do great. / Meanwhile halls, congratulations you now advance to the round of the smart 16. / We get to see you again on Scholar's Bowl coming up real soon as, you'll play again. / Of course, you can keep track of all of our players, all of our episodes. / Never miss a one. / You can even binge watch past seasons online using the PBS app. / My name is Frank Murphy. / Thank you for watching Tennessee Scholar's Bowl 2025."
4747,S41 E43,Round of 32,Tossup,3,What five letter word beginning with I describes phrases such as [unclear]?,Idiom,Dobyns-Bennett High School (Aisha's team) vs Cedar Springs Homeschool Group (Kathryn's team),,Unknown,Correct,,,,Correct,10,Unknown,"question text garbled in captions (""phrases such as memory, idiom. Make the batter change your mind""); player and team not identified (captions lines 7718-7721)","What five letter word beginning with I describes phrases such as memory, idiom. / Make the batter change your mind. / English bonus. / What is the nine letter psychology term beginning with the letter I for quick impulsive thought that does not make use of formal logic or clear reasoning."
4748,S41 E43,Round of 32,Bonus,3,What is the nine letter psychology term beginning with the letter I for quick impulsive thought that does not make use of formal logic or clear reasoning?,Intuition,Dobyns-Bennett High School (Aisha's team) vs Cedar Springs Homeschool Group (Kathryn's team),,Unknown,Incorrect,,,,Missed,0,None given,team said impulsive; team not identified in captions (captions lines 7720-7725),"English bonus. / What is the nine letter psychology term beginning with the letter I for quick impulsive thought that does not make use of formal logic or clear reasoning. / Both of you. / Impulsive, that is intuition. / No points on the bonus toss in arts. / What 2005 movie was directed by Tim Burton and starred Johnny Depp."
4752,S41 E43,Round of 32,Bonus,5,Name the only two types of eagles that breed in the United States.,Bald eagle and golden eagle,Dobyns-Bennett High School (Aisha's team) vs Cedar Springs Homeschool Group (Kathryn's team),,Cedar Springs Homeschool Group (Kathryn's team),Unclear,,,,Unclear,,Cedar Springs Homeschool Group (Kathryn's team),"points unclear: team said ""bald and gold eagle""; host said ""at least ten, maybe 20"" (captions lines 7737-7742)","And a biology bonus named the only two types of eagles that breed in the United States bald and gold. / The bald and the gold eagle. / Well, definitely bald, but gold in is the other one. / So at least ten, maybe 20. / Toss up in U.S. history. / Which U.S. Army general accepted the Japanese surrender in 1945?"
4753,S41 E43,Round of 32,Tossup,6,Which U.S. Army general accepted the Japanese surrender in 1945?,Douglas MacArthur,Dobyns-Bennett High School (Aisha's team) vs Cedar Springs Homeschool Group (Kathryn's team),,Unknown,Correct,,,,Correct,10,Unknown,player and team not identified in captions; team not identified in captions (captions lines 7741-7746),"Toss up in U.S. history. / Which U.S. Army general accepted the Japanese surrender in 1945? / MacArthur. / Yeah, it's aboard the Missouri. / And a history bonus. / what was Woodrow Wilson's first name?"
4754,S41 E43,Round of 32,Bonus,6,Part 1: What was Woodrow Wilson's first name? | Part 2: What was Richard M. Nixon's middle name?,Part 1: Thomas | Part 2: Milhous,Dobyns-Bennett High School (Aisha's team) vs Cedar Springs Homeschool Group (Kathryn's team),,Unknown,Correct,,,,Correct,20,Unknown,"host said ""Milhous is right""; team not identified in captions (captions lines 7745-7756)","And a history bonus. / what was Woodrow Wilson's first name? / Thomas. / Yes. / Answer. / Thomas. / Correct for ten. / What was Richard M Nixon's middle name? / Milhouse. / Milhouse is right. / 20 on the bonus tossup. / Now, in math, what is the square root of 256?"
4757,S41 E43,Round of 32,Tossup,8,Who is actually the central character in Shakespeare's Julius Caesar?,Brutus,Dobyns-Bennett High School (Aisha's team) vs Cedar Springs Homeschool Group (Kathryn's team),,Unknown,Correct,,,,Correct,10,Unknown,player and team not identified in captions; team not identified in captions (captions lines 7766-7771),"Tossup in literature. / Who is actually the central character in Shakespeare's Nation? / Brutus, Julius Caesar. / You've heard that question before, I guess. / Literature bonus. / Which Shakespearean play contains the line all the world's a stage."
4758,S41 E43,Round of 32,Bonus,8,"Part 1: Which Shakespearean play contains the line ""All the world's a stage""? | Part 2: Which Shakespearean play contains the line ""Now is the winter of our discontent""?",Part 1: As You Like It | Part 2: Richard the Third,Dobyns-Bennett High School (Aisha's team) vs Cedar Springs Homeschool Group (Kathryn's team),,Unknown,Incorrect,,,,Missed,0,None given,team said Romeo and Juliet and The Winter's Tale; team not identified in captions (captions lines 7770-7779),"Literature bonus. / Which Shakespearean play contains the line all the world's a stage. / The world's most answer Romeo and Juliet as you like it. / Which Shakespearean play contains the line, now is the winter of our discontent. / And despair. / Answer. / Oh, winter's tale. / That one is Richard the Third. / No points on the bonus tossup in foreign language. / What is the three word Latin phrase used in commencement programs?"
4761,S41 E43,Round of 32,Tossup,10,Which form of energy is possessed by an object that is currently at rest?,Potential energy,Dobyns-Bennett High School (Aisha's team) vs Cedar Springs Homeschool Group (Kathryn's team),,Unknown,Correct,,,,Correct,10,Unknown,player and team not identified in captions; team not identified in captions (captions lines 7790-7796),"Tossup. / In physics, which force of energy is possessed by an object that is currently at rest? / Potential. / Right. / And a physics bonus. / What? / 21 year old inventor patented his dissector tube in 1927 and then designed and built the world's first working all electronic television system television."
4762,S41 E43,Round of 32,Bonus,10,What 21 year old inventor patented his image dissector tube in 1927 and then designed and built the world's first working all electronic television system?,Philo Farnsworth,Dobyns-Bennett High School (Aisha's team) vs Cedar Springs Homeschool Group (Kathryn's team),,Unknown,Incorrect,,,,Missed,0,None given,team said Tesla; team not identified in captions (captions lines 7796-7801),"21 year old inventor patented his dissector tube in 1927 and then designed and built the world's first working all electronic television system television. / Best equipment wasn't it? / My answer. / Tesla, that is Farnsworth pilot Farnsworth. / No points on the bonus toss up in geography. / In which city is the Wailing Wall?"
4774,S41 E43,Round of 32,Bonus,17,"Part 1: Based on angles, what type of triangle do the sides 6, 8 and 11 represent? | Part 2: Based on angles, what type of triangle do the sides 5, 7 and 9 represent?",Part 1: Obtuse | Part 2: Acute,Dobyns-Bennett High School (Aisha's team) vs Cedar Springs Homeschool Group (Kathryn's team),,Dobyns-Bennett High School (Aisha's team),Partial,,,,Partial,10,Dobyns-Bennett High School (Aisha's team),"side lengths in Part 2 look misheard (5, 7, 9 is obtuse but the host said acute); team said scalene for Part 1 (captions lines 7837-7844)","Bonus. / Now in geometry based on angles, what type of triangle do the sides six, eight and 11 represent? / Obtuse sides answer scalene. / That's obtuse based on angles. / What type of triangle do the signs five, seven, and nine represent? / A cube on six based on signs equals b some angles. / Acute answer acute is right ten points on the bonus tossup. / In spelling, spell the word fluorescent as in a fluorescent memory f l u o r e s c e n t as a lamp, right?"
4786,S41 E43,Round of 32,Tossup,25,Which structure in the eyeball contains the photoreceptors?,Retina,Dobyns-Bennett High School (Aisha's team) vs Cedar Springs Homeschool Group (Kathryn's team),,Dobyns-Bennett High School (Aisha's team),Correct,,,,Correct,10,Dobyns-Bennett High School (Aisha's team),question and answer garbled in captions; buzzer not named; team from the bonus deferral to Emery (captions lines 7923-7926),Which structure in the eyeball contains the photo receptors in the retina? / Yes. / Health bonus. / Name the four bones in a human leg.
4803,S41 E43,Round of 32,Tossup,34,"Which Spanish surrealist painted The Persistence of Memory, with its melting watches?",Salvador Dalí,Dobyns-Bennett High School (Aisha's team) vs Cedar Springs Homeschool Group (Kathryn's team),,Unknown,Correct,,,,Correct,10,Unknown,player and team not identified; cut off by buzz; team not identified in captions (captions lines 8030-8031),"Noun she was right preposition, but didn't get to it right away, so no points on that up in art which Spanish surrealist painted the persistence, ambition, Salvador Dali persistence of memory and watches melting, and so on. / What type of art is a sculptural method in which these sculpted pieces are bonded to a solid background of the same material, to give the impression that the sculpted material has been raised above the background plane relief is right for 20 plus up in biology."
4804,S41 E43,Round of 32,Bonus,34,"What type of art is a sculptural method in which sculpted pieces are bonded to a solid background of the same material, to give the impression that the sculpted material has been raised above the background plane?",Relief,Dobyns-Bennett High School (Aisha's team) vs Cedar Springs Homeschool Group (Kathryn's team),,Unknown,Correct,,,,Correct,20,Unknown,team not identified in captions (captions lines 8031-8032),"What type of art is a sculptural method in which these sculpted pieces are bonded to a solid background of the same material, to give the impression that the sculpted material has been raised above the background plane relief is right for 20 plus up in biology. / Chinook, coho, chum, sockeye, and pink are five species of what raith and fish found."
4807,S41 E43,Round of 32,Bonus,36,Part 1: The city of Oak Ridge was created to house what aspect of the Manhattan Project? | Part 2: What nickname did Oak Ridge earn?,Part 1: Uranium enrichment for the atomic bomb | Part 2: The Secret City,Dobyns-Bennett High School (Aisha's team) vs Cedar Springs Homeschool Group (Kathryn's team),Maggie,Cedar Springs Homeschool Group (Kathryn's team),Partial,,,,Partial,10,Cedar Springs Homeschool Group (Kathryn's team),"which part was missed is unclear in captions (host said ""its role in World War II"" after Part 1); 10 points (captions lines 8041-8048)","History bonus. / The City of Oak Ridge was created to house what aspect of the Manhattan Project nuclear weapons defer to Maggie, the atomic bomb, specifically uranium enrichment. / Its role in World War II. / Who earned Oak Ridge what nickname? / Secret City. / The secret city? / Ten points on the bonus tossup in pre-calculus. / What is the tangent of 90 degrees?"
4811,S41 E43,Round of 32,Bonus,38,"Using either past, passed or pass, spell the word that correctly fills the blank in this sentence shown here: I sent them a sympathy card when their grandmother, [blank] Pierce, died last [unclear].",P-A-S-S-E-D,Dobyns-Bennett High School (Aisha's team) vs Cedar Springs Homeschool Group (Kathryn's team),,Dobyns-Bennett High School (Aisha's team),Correct,,,,Correct,20,Dobyns-Bennett High School (Aisha's team),"question and answer garbled in captions (""Pierce City"", ""Perseid"") (captions lines 8063-8067)","Using either the past, past or past said, spell the word that correctly fills the blank in this sentence shown here. / I sent them a sympathy card when their grandmother, blank Pierce, died last. / Pierce City. / Yeah, Perseid is the right answer for 20 plus up in technology. / Who is credited with inventing the Kinetoscope, a forerunner of the motion picture film projector?"
4819,S41 E43,Round of 32,Tossup,43,What is the 14 letter word for a person who is 70 to 79 years old?,Septuagenarian,Dobyns-Bennett High School (Aisha's team) vs Cedar Springs Homeschool Group (Kathryn's team),,Unknown,Correct,,,,Correct,10,Unknown,player and team not identified in captions; team not identified in captions,
4820,S41 E43,Round of 32,Bonus,43,Part 1: What is the word for a female fox? | Part 2: What is the term for a male duck?,Part 1: Vixen | Part 2: Drake,Dobyns-Bennett High School (Aisha's team) vs Cedar Springs Homeschool Group (Kathryn's team),,Unknown,Correct,,,,Correct,20,Unknown,team not identified in captions (captions lines 8100-8110),"Vocabulary bonus. / What's the word for a female fox? / Oh it's okay. / Yeah, it's fiction Vixen. / And what is the term for a male duck? / All right. / Yes, it's a drinks. / Oh, wait. / No answer. / Drake is right. / 20 in the bonus tossup in music, what is the fewest number of notes required to form a chord?"
4828,S41 E44,Round of 32,Tossup,4,What carnivorous black and white mammal is in the genus Orcinus?,Orca,Dobyns-Bennett High School (Claire's team) vs Scott County High School,,Unknown,Correct,,,,Correct,10,Unknown,"buzzer name garbled in captions (""Bartlett""); player and team not identified; team not identified in captions (captions lines 7174-7178)",Toss up in biology what carnivorous black and white mammal is in the genus or orcas? / Bartlett orca. / Yeah. / And a biology bonus. / What is the common name of the amber?
4829,S41 E44,Round of 32,Bonus,4,"Part 1: What is the common name of Ambystoma mexicanum, a salamander named after the Aztec god of fire and lightning that is a popular exotic pet? | Part 2: Spell the name.",Part 1: Axolotl | Part 2: A-X-O-L-O-T-L,Dobyns-Bennett High School (Claire's team) vs Scott County High School,,Unknown,Partial,,,,Partial,10,Unknown,team said Gila monster and gecko for Part 1; spelling earned 10 points; team not identified in captions (captions lines 7177-7186),"And a biology bonus. / What is the common name of the amber? / Mexican? / A salamander named after the Aztec god of fire and lightning that is a popular exotic pet salamander. / Heel monster. / I don't know, a gecko that's called an excellent old. / You can get ten points for spelling axolotl, I think, A x o OTL is right for ten points. / I do enjoy asking axolotl questions. / Geography is the tossup. / Which African country is closest to Antarctica?"
4851,S41 E44,Round of 32,Tossup,17,What was the primary language of ancient Indian literature?,Sanskrit,Dobyns-Bennett High School (Claire's team) vs Scott County High School,,Unknown,Correct,,,,Correct,10,Unknown,player and team not identified in captions; team not identified in captions (captions lines 7278-7281),"Ten points on the bonus tossup in literature. / What was the primary language of ancient Indian literature and Sanskrit? / Yes, literature. / Bonus what novel by Ray Bradbury takes place in a dystopian future where books have been outlawed and any that are found or burned by firemen high for 51, Bradbury meant for the title to refer to what is the temperature at which book books burn."
4852,S41 E44,Round of 32,Bonus,17,Part 1: What novel by Ray Bradbury takes place in a dystopian future where books have been outlawed and any that are found are burned by firemen? | Part 2: Bradbury meant for the title to refer to what?,Part 1: Fahrenheit 451 | Part 2: The temperature at which book paper burns,Dobyns-Bennett High School (Claire's team) vs Scott County High School,,Unknown,Correct,,,,Correct,20,Unknown,"question structure unclear in captions (""high for 51 ... which paper burns""); host: ""I will take it, 20 points"" (captions lines 7281-7287)","Bonus what novel by Ray Bradbury takes place in a dystopian future where books have been outlawed and any that are found or burned by firemen high for 51, Bradbury meant for the title to refer to what is the temperature at which book books burn. / Yeah. / Which paper burns? / Yeah, I will take it. / 20 points. / Tossup in biology. / What is the only bird that swims?"
4856,S41 E44,Round of 32,Bonus,19,Part 1: In which constellation is the Lagoon Nebula? | Part 2: In which constellation is the Ring Nebula?,Part 1: Sagittarius | Part 2: Lyra,Dobyns-Bennett High School (Claire's team) vs Scott County High School,,Scott County High School,Incorrect,,,,Missed,0,None given,"result unclear: captions show ""Yes. Try queries that Sagittarius"" for Part 1 but the host said ""no points there"" (captions lines 7294-7302)",And an astronomy bonus in which constellation is the Lagoon Nebula? / Yes. / Try queries that Sagittarius. / In which constellation is the Ring Nebula? / Orion. / That one is Lyra. / There's no points there. / Toss up in geography. / What is the name of the chain of barrier islands that make up most of the North Carolina coastline?
4857,S41 E44,Round of 32,Tossup,20,What is the name of the chain of barrier islands that make up most of the North Carolina coastline?,The Outer Banks,Dobyns-Bennett High School (Claire's team) vs Scott County High School,,Unknown,Correct,,,,Correct,10,Unknown,"player and team not identified in captions; answer garbled (""for island ranks""); team not identified in captions (captions lines 7301-7305)","Toss up in geography. / What is the name of the chain of barrier islands that make up most of the North Carolina coastline? / For island ranks, right. / Geography. / Bonus name four of the six states that comprise the region of New England New Hampshire, new Jersey, Massachusetts, Massachusetts, Connecticut, Massachusetts, Connecticut, Vermont, New Hampshire, Maine, Delaware."
4858,S41 E44,Round of 32,Bonus,20,Name four of the six states that comprise the region of New England.,"Any four of: Connecticut, Maine, Massachusetts, New Hampshire, Rhode Island, Vermont",Dobyns-Bennett High School (Claire's team) vs Scott County High School,,Unknown,Correct,,,,Correct,20,Unknown,host counted the first four answers given; team not identified in captions (captions lines 7305-7309),"Bonus name four of the six states that comprise the region of New England New Hampshire, new Jersey, Massachusetts, Massachusetts, Connecticut, Massachusetts, Connecticut, Vermont, New Hampshire, Maine, Delaware. / Well, I only need it. / You can only take your first four answers, all of which were correct Connecticut, Maine, Massachusetts, New Hampshire, Rhode Island, Vermont 20 points. / Tossup in music. / What kind of musical note is made up of a blackened circle attached to a vertical stem?"
4870,S41 E44,Round of 32,Bonus,27,Part 1: Sesquipedalophobia is the fear of what? | Part 2: What is the literal translation of the Latin word sesquipedalian?,Part 1: Long words | Part 2: A foot and a half,Dobyns-Bennett High School (Claire's team) vs Scott County High School,,Scott County High School,Unclear,,,,Unclear,,Scott County High School,result not stated: team said bicycle for Part 1 and Part 2 is not clear in captions (captions lines 7386-7394),"Rylan CAGR right vocabulary bonus Cisco a a phobia is the fear of what? / Bicycle. / Bicycle. / It's the fear of long words. / What is the literal translation of the Latin word Cisco? / Dallas go for long, but means a foot and a half. / Oh, so that's why they use it for long words. / Tossup in literature. / Who wrote Charlie and the Chocolate Factory?"
4873,S41 E44,Round of 32,Tossup,29,What is the term for the number that compares the anti-knock properties of a gasoline with that of a standard?,Octane rating,Dobyns-Bennett High School (Claire's team) vs Scott County High School,,Unknown,Correct,,,,Correct,10,Unknown,player and team not identified in captions; team not identified in captions (captions lines 7397-7399),"Yeah, Shakespeare is right for 20 plus up in physics, what is the term for the number that compares the anti knock properties of a gasoline with that of a standard? / Just fuel octane and in physics bonus. / Now what simple machine is represented by a doorknob?"
4874,S41 E44,Round of 32,Bonus,29,What simple machine is represented by a doorknob?,Wheel and axle,Dobyns-Bennett High School (Claire's team) vs Scott County High School,,Unknown,Incorrect,,,,Missed,0,None given,team said pivot and ball and socket; team not identified in captions (captions lines 7398-7406),"Just fuel octane and in physics bonus. / Now what simple machine is represented by a doorknob? / Pivot. / Oh no. / Oh time ball and no no no no no no no answer. / Ball and socket. / That's wheel and axle. / No points. / Toss up in geography, which state's nickname is the Old Dominion State?"
4889,S41 E44,Round of 32,Tossup,37,"What is the English translation of the German word ""wunderbar""?",Wonderful,Dobyns-Bennett High School (Claire's team) vs Scott County High School,,Unknown,Correct,,,,Correct,10,Unknown,player and team not identified in captions; team not identified in captions (captions lines 7493-7494),Toss up for all players in foreign language. / What is the English translation of the German word wunderbar?
4890,S41 E44,Round of 32,Bonus,37,"The German word for tomorrow is ""morgen."" What is the German word for the day after tomorrow?",Übermorgen,Dobyns-Bennett High School (Claire's team) vs Scott County High School,,Unknown,Incorrect,,,,Missed,0,None given,"team said ""tag""; team not identified in captions (captions lines 7493-7505)","Toss up for all players in foreign language. / What is the English translation of the German word wunderbar? / They're wonderful and a foreign language. / Bonus. / Now, the German word for tomorrow is Morgan. / What is the German word for the day after tomorrow? / It's so complicated. / There. / I forgot how to say day. / Honestly. / We talk there tog answer there tog, not Morgan. / Actually, it's Uber Morgan on a toss up in geology. / What type of rocks formed from molten magma from a sharp igneous and geology bonus the sea bed of the Cook Islands could become a source of critical strategic metals."
4891,S41 E44,Round of 32,Tossup,38,What type of rocks formed from molten magma?,Igneous,Dobyns-Bennett High School (Claire's team) vs Scott County High School,,Unknown,Correct,,,,Correct,10,Unknown,player and team not identified; cut off by buzz; team not identified in captions (captions lines 7504-7505),"Actually, it's Uber Morgan on a toss up in geology. / What type of rocks formed from molten magma from a sharp igneous and geology bonus the sea bed of the Cook Islands could become a source of critical strategic metals."
4892,S41 E44,Round of 32,Bonus,38,"The seabed of the Cook Islands could become a source of critical strategic metals, although ocean experts warn of enormous damage to the marine ecosystem from deep sea mining of copper, nickel, manganese and which chemical element with the symbol Co?",Cobalt,Dobyns-Bennett High School (Claire's team) vs Scott County High School,,Unknown,Correct,,,,Correct,20,Unknown,team not identified in captions (captions lines 7504-7508),"Actually, it's Uber Morgan on a toss up in geology. / What type of rocks formed from molten magma from a sharp igneous and geology bonus the sea bed of the Cook Islands could become a source of critical strategic metals. / Although ocean experts warn of enormous damage to the marine ecosystem from deep sea mining of copper, nickel, manganese and which chemical element with the symbol C0 cobalt. / Cobalt is right for 20 knots up. / In chemistry, when amino acids are joined together to make proteins, what type of polypeptides are polypeptides or peptide bonds?"
4895,S41 E44,Round of 32,Tossup,40,"What is the subject of the silent eight millimeter Zapruder film, considered one of the most viewed films in history?",The assassination of John F. Kennedy,Dobyns-Bennett High School (Claire's team) vs Scott County High School,,Unknown,Correct,,,,Correct,10,Unknown,player and team not identified in captions; team not identified in captions (captions lines 7517-7520),"What is the subject of the silent eight millimeter Zapruder film? / It's a film of the assassination of John F Kennedy is correct. / U.S. history is the bonus. / Which U.S. president was sworn into office by his father by the light of a kerosene lamp at 2:47 a.m. on August 3rd, 1923, in Plymouth Notch."
4896,S41 E44,Round of 32,Bonus,40,"Which U.S. president was sworn into office by his father by the light of a kerosene lamp at 2:47 a.m. on August 3rd, 1923, in Plymouth Notch, Vermont?",Calvin Coolidge,Dobyns-Bennett High School (Claire's team) vs Scott County High School,,Unknown,Correct,,,,Correct,20,Unknown,team not identified in captions (captions lines 7519-7525),"U.S. history is the bonus. / Which U.S. president was sworn into office by his father by the light of a kerosene lamp at 2:47 a.m. on August 3rd, 1923, in Plymouth Notch. / Vermont College may be Nora, but I wasn't 1923, so 1823 Coolidge. / Coolidge. / Coolidge is correct for 20 points. / Tossup. / In religion, the Seder plate is the centerpiece of what?"
4909,S41 E45,Round of 16,Tossup,2,Which country is the world's largest producer of corn?,United States,Corbin High School (KY) vs Farragut High School,,Unknown,Correct,,,,Correct,10,Unknown,player and team not identified in captions; team not identified in captions (captions lines 6594-6597),"toss up for all players in economics. / Which country is the world's largest producer of corn? / Eight United States, correct. / And an economist bonus who is pictured on the front of a $2 U.S. bill."
4910,S41 E45,Round of 16,Bonus,2,Part 1: Who is pictured on the front of a $2 U.S. bill? | Part 2: What event is depicted on the back of the $2 bill?,Part 1: Thomas Jefferson | Part 2: The signing of the Declaration of Independence,Corbin High School (KY) vs Farragut High School,,Unknown,Correct,,,,Correct,20,Unknown,team not identified in captions (captions lines 6597-6605),"And an economist bonus who is pictured on the front of a $2 U.S. bill. / Is it Jefferson? / Maybe. / Jefferson? / Jackson? / Yeah. / Thomas Jefferson for ten. / What event is depicted on the back of the $2 bill signing of the Declaration of Independence, the signing of the Declaration of Independence? / Also right 20 points on the bonus tossup for all players in biology, what is the genus and species for a human being?"
4920,S41 E45,Round of 16,Tossup,9,What video conferencing app that allows users on any major desktop or mobile operating system to participate in virtual meetings became a household name during the Covid lockdown?,Zoom,Corbin High School (KY) vs Farragut High School,,Unknown,Correct,,,,Correct,10,Unknown,player and team not identified in captions; team not identified in captions (captions lines 6661-6666),"No chance to steal Corbin puts in two and it's won a toss up for all players in technology. / What video conferencing app that allows users on any major desktop or mobile operating system to participate in virtual meetings. / SIM zoom yeah. / Became a household name during the Covid lockdown. / Technology is your bonus. / What is the term for a form of cyberbullying in which someone's personal information, such as their real name, home address or physical location is revealed online?"
4921,S41 E45,Round of 16,Bonus,9,"What is the term for a form of cyberbullying in which someone's personal information, such as their real name, home address or physical location, is revealed online?",Doxing,Corbin High School (KY) vs Farragut High School,,Unknown,Correct,,,,Correct,20,Unknown,team not identified in captions (captions lines 6665-6668),"Technology is your bonus. / What is the term for a form of cyberbullying in which someone's personal information, such as their real name, home address or physical location is revealed online? / Doxing is right for 20 thumbs up in foreign language. / What Latin phrase is shortened to mo when analyzing a criminals pattern of behavior?"
4925,S41 E45,Round of 16,Bonus,11,Part 1: What is the past simple for the verb drive? | Part 2: What is the past participle for the verb drive?,Part 1: Drove | Part 2: Driven,Corbin High School (KY) vs Farragut High School,,Corbin High School (KY),Partial,,,,Partial,10,Corbin High School (KY),"which part was missed is unclear (host: ""just drove on that""; ""driven is right""; ten points) (captions lines 6680-6686)","And an English bonus two parts. / What is the past simple for the verb drive. / Drove, drove and drove. / No, no, just drove on that just past. / Simple. / What is the past participle for the verb drive driven is right ten points on the bonus tossup in U.S. history. / What is the name of the plane that dropped the first atomic bomb?"
4939,S41 E45,Round of 16,Bonus,19,"Part 1: Although steps taken since 1986 have reduced exposures, certain pipes that carry drinking water from the main water source to homes may contain which element with the symbol Pb? | Part 2: The symbol for lead comes from what Latin word?",Part 1: Lead | Part 2: Plumbum,Corbin High School (KY) vs Farragut High School,,Farragut High School,Unclear,,,,Unclear,,Farragut High School,"points not stated: captions show ""No, no answers"" before the host gave plumbum (captions lines 6765-6768)","Chemistry bonus. / Although steps taken since 1986 have reduced exposures, certain pipes that carry drinking water from the main water source to homes may contain which element with the symbol PB lead, and the symbol for lead comes from what Latin word god? / No, no answers. / For us, it's a plum toss up in religion, which religion is represented by a star and crescent?"
4952,S41 E45,Round of 16,Tossup,26,"Who wrote ""The Cask of Amontillado""?",Edgar Allan Poe,Corbin High School (KY) vs Farragut High School,,Unknown,Correct,,,,Correct,10,Unknown,player and team not identified in captions; team not identified in captions (captions lines 6853-6854),"That's right, with Canada being the third ten points on the bonus toss up in literature, who wrote The Cask of the Amontillado? / Edgar Allan Poe and Literature Bonus, who created the character referred to in the title of Bruce Springsteen's 1995 album The Ghost of Tom Joad."
4953,S41 E45,Round of 16,Bonus,26,Part 1: Who created the character referred to in the title of Bruce Springsteen's 1995 album The Ghost of Tom Joad? | Part 2: What was the book?,Part 1: John Steinbeck | Part 2: The Grapes of Wrath,Corbin High School (KY) vs Farragut High School,,Unknown,Partial,,,,Partial,10,Unknown,team said Mark Twain for Part 1; team not identified in captions (captions lines 6853-6860),"That's right, with Canada being the third ten points on the bonus toss up in literature, who wrote The Cask of the Amontillado? / Edgar Allan Poe and Literature Bonus, who created the character referred to in the title of Bruce Springsteen's 1995 album The Ghost of Tom Joad. / What it is they're not, Mark Twain and Sir Mark Twain, that's John Steinbeck. / What was the book? / Grapes of Wrath? / Grapes. / Okay, Grapes of Wrath is right for ten points tossup. / Now, in geography, what is the world's largest river?"
4958,S41 E45,Round of 16,Tossup,29,What is the simple machine consisting of a rod free at both ends and a steady object on which the rod rests?,Lever,Corbin High School (KY) vs Farragut High School,,Unknown,Correct,,,,Correct,10,Unknown,player and team not identified in captions; team not identified in captions (captions lines 6872-6873),"Raw materials, including which one that is the lightest solid and what they'll do with lithium is right for 20 plus up in science, what is the simple machine consisting of a rod free at both ends and a steady object on which the rod like a lever which the rod rests? / Science bonus according to a 2022 study, almost half of the bald eagles and golden eagles in the U.S. showed signs of chronic lead poisoning from eating carcasses of animals killed by hunters."
4959,S41 E45,Round of 16,Bonus,29,"According to a 2022 study, almost half of the bald eagles and golden eagles in the U.S. showed signs of chronic lead poisoning from eating carcasses of animals killed by hunters. What manmade items were the birds ingesting?",Bullets,Corbin High School (KY) vs Farragut High School,,Unknown,Correct,,,,Correct,20,Unknown,team not identified in captions (captions lines 6873-6875),"Science bonus according to a 2022 study, almost half of the bald eagles and golden eagles in the U.S. showed signs of chronic lead poisoning from eating carcasses of animals killed by hunters. / What manmade items were the birds ingesting? / Bullets, right, for 20 points plus up in foreign language, what is the French word for yellow?"
4996,S41 E46,Round of 16,Tossup,3,"What order of mammals includes gophers, mice, rats, squirrels, porcupines, beavers and chipmunks?",Rodents,Happy Valley High School vs Roane County High School,,Unknown,Correct,,,,Correct,10,Unknown,"player and team not identified; the host's halftime remark that only 70 points separate the teams only works if the unattributed first-half tossups (T3, T10, T19, T24) all went to Happy Valley; team not identified in captions (captions lines 6054-6057)","Alicia 106 95 counties in Tennessee toss up in biology what order of mammals includes gophers, mice, rats, squirrels, porcupine, sonic rodents? / Yeah, beavers and chipmunks. / And a biology bonus. / What is the term for the offspring of a beaver?"
4997,S41 E46,Round of 16,Bonus,3,"Part 1: What is the term for the offspring of a beaver, which is the same as the term for a baby fox? | Part 2: What is the term for the offspring of a seal, which is the same as the term for a baby sloth?",Part 1: Kit | Part 2: Pup,Happy Valley High School vs Roane County High School,,Unknown,Partial,,,,Partial,10,Unknown,team said pup for Part 1; team not identified in captions (captions lines 6056-6065),"And a biology bonus. / What is the term for the offspring of a beaver? / Which is the same as the term for a baby fox? / Pups. / That one is kit. / What is the term for the offspring of a seal? / Which is the same as the term for a baby sloth? / Pup. / That's right. / For ten points, toss up in geometry, an angle inscribed in a semicircle is."
5005,S41 E46,Round of 16,Bonus,7,"Part 1: In 2024 the U.S. Board on Geographic Names approved the request of the Eastern Band of the Cherokee Indians to rename the highest point in Tennessee, shown here, to what Cherokee name that translates as ""the Mulberry Place""? | Part 2: What was its former name?",Part 1: Kuwohi | Part 2: Clingmans Dome,Happy Valley High School vs Roane County High School,,Happy Valley High School,Incorrect,,,,Missed,0,None given,"Part 1 answer not stated in captions (Kuwohi inferred) and the year read as ""2020"" in captions (captions lines 6113-6122)","LED to her becoming the first lady of civil rights and a visual bonus for Happy Valley. / Take a look at the screens in 2020 for the US Board of Geographic Names. / Approved the request of the Eastern Band of the Cherokee Indians to rename the highest point in Tennessee shown here to what Cherokee name that trans And, sir, the Mulberry Place. / That's cozy. / What was its former name? / Answer. / The highest point in Tennessee. / That's called Clemens Dome. / No points on the bonus tossup in chemistry. / What is the atomic number of the element?"
5008,S41 E46,Round of 16,Tossup,10,What is the annual Islamic pilgrimage to Mecca?,The Hajj,Happy Valley High School vs Roane County High School,,Unknown,Correct,,,,Correct,10,Unknown,player and team not identified in captions; team not identified in captions (captions lines 6134-6139),"No, it's 60 Toss up in religion. / What is the annual Islamic pilgrimage to Mecca? / So, the Hajj? / Yeah, that is a mandatory religious duty. / Religion bonus. / Now, which Shinto deity?"
5009,S41 E46,Round of 16,Bonus,10,"Which Shinto deity, the celestial sun goddess from whom the Japanese imperial family claims descent, was tricked by use of a mirror to come out of a cave in which she had hidden herself?",Amaterasu,Happy Valley High School vs Roane County High School,,Unknown,Incorrect,,,,Missed,0,None given,team had no answer; team not identified in captions (captions lines 6138-6142),"Religion bonus. / Now, which Shinto deity? / Who is the celestial sun goddess from whom the Japanese imperial family claims descent, was tricked by use of a mirror to come out of a cave in which she had hidden herself. / No answer, that is Amaterasu Tosa for all players in literature. / Which of the Bronte sisters wrote Jane Eyre?"
5023,S41 E46,Round of 16,Tossup,19,The name of which Swedish pop supergroup is an acronym of the first letters of each member's name?,ABBA,Happy Valley High School vs Roane County High School,,Unknown,Correct,,,,Correct,10,Unknown,player and team not identified in captions; team not identified in captions (captions lines 6208-6208),"The name of which Swedish pop supergroup is an acronym of the first letters ABBA, each member's name and a music bonus."
5024,S41 E46,Round of 16,Bonus,19,"What was the name of the record producer, musician and songwriter who produced Michael Jackson's Thriller album and the charity single We Are the World, who died at age 91 in November 2024?",Quincy Jones,Happy Valley High School vs Roane County High School,,Unknown,Incorrect,,,,Missed,0,None given,team said Michael Jackson; team not identified in captions (captions lines 6208-6211),"The name of which Swedish pop supergroup is an acronym of the first letters ABBA, each member's name and a music bonus. / Now, what was the name of the record producer, musician and songwriter who produced Michael Jackson's Thriller album and the charity single We Are the World, who died at age 91, in November 2024. / Michael Jackson well, it was Quincy Jones, so no points there. / Plus several players in algebra name the vertex coordinates of the parabola."
5032,S41 E46,Round of 16,Tossup,24,What meteorological phenomenon formed by electrostatic discharges strikes eight million times a day worldwide?,Lightning,Happy Valley High School vs Roane County High School,,Unknown,Correct,,,,Correct,10,Unknown,player and team not identified in captions; team not identified in captions (captions lines 6238-6238),"The Andes mountains toss up in science what meteorological phenomenon formed by electrostatic discharges strikes 8 million times lightning a day worldwide science bonus what type of scientist study stars, planets, moons and galaxies?"
5033,S41 E46,Round of 16,Bonus,24,"What type of scientist studies stars, planets, moons and galaxies?",Astronomer,Happy Valley High School vs Roane County High School,,Unknown,Correct,,,,Correct,20,Unknown,team not identified in captions (captions lines 6238-6239),"The Andes mountains toss up in science what meteorological phenomenon formed by electrostatic discharges strikes 8 million times lightning a day worldwide science bonus what type of scientist study stars, planets, moons and galaxies? / As Total astronomer write for 20 tossup now in literature, which Shakespearean play is the shortest as well as bloodiest?"
5037,S41 E46,Round of 16,Tossup,27,What documents served as the United States' first constitution?,Articles of Confederation,Happy Valley High School vs Roane County High School,,Unknown,Correct,,,,Correct,10,Unknown,player and team not identified in captions; team not identified in captions (captions lines 6259-6261),"Toss up in U.S. history what documents served as the United States first constitution? / medics, the Articles of Confederation from March 1781 until 1789, and a U.S. history bonus. / What retired Army general served as National Security Advisor, chairman of the Joint Chiefs of Staff, and became the first African American Secretary of State in 2001."
5038,S41 E46,Round of 16,Bonus,27,"What retired Army general served as National Security Advisor, chairman of the Joint Chiefs of Staff, and became the first African American Secretary of State in 2001?",Colin Powell,Happy Valley High School vs Roane County High School,,Unknown,Correct,,,,Correct,20,Unknown,"points not stated; host: ""Colin Powell is right""; team not identified in captions (captions lines 6260-6267)","medics, the Articles of Confederation from March 1781 until 1789, and a U.S. history bonus. / What retired Army general served as National Security Advisor, chairman of the Joint Chiefs of Staff, and became the first African American Secretary of State in 2001. / It was, I don't know, I guess, Colin in more, Fell of what sounds like you said it right there as they called time on. / Yeah. / Colin. / Colin Powell is right. / Toss up in biology. / What is the term for the area of the body supported by the ribs and the spine and contains the vital organs, including the heart and lungs."
5042,S41 E46,Round of 16,Tossup,30,What is the three letter literary term for a play on words?,Pun,Happy Valley High School vs Roane County High School,,Unknown,Correct,,,,Correct,10,Unknown,player and team not identified in captions; team not identified in captions (captions lines 6283-6285),"Ten points on the bonus toss up in miscellaneous. / What is the three letter literary term for a play on words, a pun, right, and a miscellaneous bonus? / What is the geometric shape of the traffic signs for yield?"
5043,S41 E46,Round of 16,Bonus,30,Part 1: What is the geometric shape of the traffic sign for yield? | Part 2: What is the geometric shape of the traffic sign for stop?,Part 1: Triangle | Part 2: Octagon,Happy Valley High School vs Roane County High School,,Unknown,Partial,,,,Partial,10,Unknown,team said octagon for Part 1; team not identified in captions (captions lines 6284-6290),"What is the three letter literary term for a play on words, a pun, right, and a miscellaneous bonus? / What is the geometric shape of the traffic signs for yield? / Octagon. / That's a triangle. / What is the geometric shape of the traffic signs for stop Octagon? / That one's right for ten tossup. / Now in spelling genealogy is an account of the descent l, g, e and e a l o g is the right spelling and a bonus now in spelling for Happy Valley."
5072,S41 E46,Round of 16,Tossup,47,What seven letter word beginning with A is the term for a surgical examination of a human corpse to determine the cause and manner of death?,Autopsy,Happy Valley High School vs Roane County High School,,Unknown,Correct,,,,Correct,10,Unknown,player and team not identified in captions; team not identified in captions (captions lines 6381-6384),What seven letter word beginning with a is the term for a surgical examination of a human corpse to determine autopsy. / The cause a manner of death. / Science is your bonus. / What is the representation of the maximum quantity of water held in the soil against the force of gravity?
5073,S41 E46,Round of 16,Bonus,47,What is the representation of the maximum quantity of water held in the soil against the force of gravity?,Field capacity,Happy Valley High School vs Roane County High School,,Unknown,Incorrect,,,,Missed,0,None given,team said retention; team not identified in captions (captions lines 6383-6388),"Science is your bonus. / What is the representation of the maximum quantity of water held in the soil against the force of gravity? / Retention. / It's called field capacity. / Toss up in geography. / What river flows southwest for 337 miles in Virginia and Tennessee, and is dammed by both Norris Dam, the clinch River and Melton Hill Dam."
5089,S41 E47,Round of 16,Tossup,7,What is an early release of a prisoner before the completion of a sentence on the promise of good behavior?,Parole,L&N STEM Academy (Cameron's team) vs L&N STEM Academy (Jordan's team),,Unknown,Correct,,,,Correct,10,Unknown,player and team not identified in captions; team not identified in captions (captions lines 5513-5518),"So ten points tossup in government. / What is an early release of a prisoner before the completion of a sentence on the promise? / General. / Right. / And make sure calling all the way promise of good behavior, government bonus. / What are the four officer ranks between first lieutenant and brigadier general in the US Army?"
5090,S41 E47,Round of 16,Bonus,7,What are the four officer ranks between first lieutenant and brigadier general in the U.S. Army?,"Captain, major, lieutenant colonel, colonel",L&N STEM Academy (Cameron's team) vs L&N STEM Academy (Jordan's team),,Unknown,Partial,,,,Partial,10,Unknown,team named captain and colonel (10 points); team not identified in captions (captions lines 5517-5525),"And make sure calling all the way promise of good behavior, government bonus. / What are the four officer ranks between first lieutenant and brigadier general in the US Army? / A colonel is the last one a British answer? / Captain? / Colonel. / Then on any others, those are both right. / It is captain, then major, then lieutenant colonel, then colonel. / So ten points. / Toss up in biology, where in a tree does photosynthesis occur?"
5093,S41 E47,Round of 16,Tossup,9,What is a facade in architecture?,The front of a building,L&N STEM Academy (Cameron's team) vs L&N STEM Academy (Jordan's team),,Unknown,Correct,,,,Correct,10,Unknown,player and team not identified in captions; team not identified in captions (captions lines 5534-5538),"They recommend dogwood or service berry, redbud, American plum or cherry, plus a for all players in architecture, what is a facade in architecture? / In front of a building? / Yes. / The outside walls are front and the architectural bonus. / Now, in 2024, tension arose between France and Italy about who owns and should maintain a staircase located in Rome, but built with French funds in 1726."
5094,S41 E47,Round of 16,Bonus,9,"In 2024, tension arose between France and Italy about who owns and should maintain a staircase located in Rome but built with French funds in 1726. That is the longest and widest staircase in Europe and is known by what name?",The Spanish Steps,L&N STEM Academy (Cameron's team) vs L&N STEM Academy (Jordan's team),,Unknown,Incorrect,,,,Missed,0,None given,team said the grand staircase; team not identified in captions (captions lines 5537-5543),"The outside walls are front and the architectural bonus. / Now, in 2024, tension arose between France and Italy about who owns and should maintain a staircase located in Rome, but built with French funds in 1726. / That is the longest and widest staircase in Europe and is known by what name? / The grand staircase. / It's called the Spanish Steps, which is strange because France and Italy are fighting over it. / Toss up foreign players in foreign language. / What is the French word for April?"
5095,S41 E47,Round of 16,Tossup,10,What is the French word for April?,Avril,L&N STEM Academy (Cameron's team) vs L&N STEM Academy (Jordan's team),,Unknown,Correct,,,,Correct,10,Unknown,player and team not identified in captions; team not identified in captions (captions lines 5542-5547),"Toss up foreign players in foreign language. / What is the French word for April? / Anything of real? / Yes, and a foreign language. / Bonus. / What is the English translation of the Spanish phrase?"
5096,S41 E47,Round of 16,Bonus,10,"What is the English translation of the Spanish phrase ""cinturón de seguridad""?",Seatbelt,L&N STEM Academy (Cameron's team) vs L&N STEM Academy (Jordan's team),,Unknown,Incorrect,,,,Missed,0,None given,"Spanish phrase reconstructed from captions (""seem to run de seguridad""); team said ""see you tomorrow""; team not identified in captions (captions lines 5546-5552)",Bonus. / What is the English translation of the Spanish phrase? / Seem to run de seguridad? / See you tomorrow. / It's actually just your seatbelt. / No points on the bonus tossup in English. / Correct the following sentence if necessary.
5110,S41 E47,Round of 16,Tossup,18,What chemical element has the symbol Hg?,Mercury,L&N STEM Academy (Cameron's team) vs L&N STEM Academy (Jordan's team),,Unknown,Correct,,,,Correct,10,Unknown,player and team not identified in captions; team not identified in captions (captions lines 5718-5724),"All right, let's get our fingers back on the buzzer for Tennessee scholar's Bowl 2025 toss up for all players in chemistry. / What chemical element has the symbol HG? / Atomic. / Mercury. / Yes. / And a chemistry bonus. / Recent studies show that Americans are exposed to toxic BPA levels 5000 times higher than what the European Union considers safe."
5111,S41 E47,Round of 16,Bonus,18,Recent studies show that Americans are exposed to toxic BPA levels 5000 times higher than what the European Union considers safe. BPA is produced by the condensation of phenol and what organic compound with the formula C3H6O?,Acetone,L&N STEM Academy (Cameron's team) vs L&N STEM Academy (Jordan's team),,Unknown,Correct,,,,Correct,20,Unknown,team not identified in captions (captions lines 5723-5730),"And a chemistry bonus. / Recent studies show that Americans are exposed to toxic BPA levels 5000 times higher than what the European Union considers safe. / BPA is produced by the condensation of phenol, and what organic compound with the formula C3, H6. / Oh, I think that's done. / I think so ecosystem. / Acetone is right for 20 points. / Toss up in religion. / What eight letter term beginning with O is used to describe a person who accepts and closely follows the traditional beliefs and customs of a religion."
5114,S41 E47,Round of 16,Tossup,21,"Which Mexican general and his army were defeated at San Jacinto on April 21st, 1836?",Santa Anna,L&N STEM Academy (Cameron's team) vs L&N STEM Academy (Jordan's team),,Unknown,Correct,,,,Correct,10,Unknown,player and team not identified in captions; team not identified in captions (captions lines 5735-5740),"Toss up in history which Mexican general and his army were defeated at San Jacinto. / Santa Ana. / Yeah. / On April 21st, 1836. / World history bonus. / Who was the Russian mystic who was killed in 1916 by Russian nobles eager to end his influence over the royal family."
5115,S41 E47,Round of 16,Bonus,21,Who was the Russian mystic who was killed in 1916 by Russian nobles eager to end his influence over the royal family?,Rasputin,L&N STEM Academy (Cameron's team) vs L&N STEM Academy (Jordan's team),,Unknown,Correct,,,,Correct,20,Unknown,"answer garbled in captions (""ESPN""); team not identified in captions (captions lines 5739-5748)","World history bonus. / Who was the Russian mystic who was killed in 1916 by Russian nobles eager to end his influence over the royal family. / ESPN is right for 20 plus up in chemistry. / What is the odorless gas? / C two, H six. / Stuart. / Fine. / Yeah. / And a chemistry bonus. / Now what is calcium electron configuration in exponential form."
5138,S41 E47,Round of 16,Bonus,34,"According to French law, a store like the one shown here must make what on the premises in order to carry the title of [unclear]?",Bread,L&N STEM Academy (Cameron's team) vs L&N STEM Academy (Jordan's team),,L&N STEM Academy (Jordan's team),Incorrect,,,,Missed,0,None given,"title garbled in captions (""woolen jelly""; probably boulangerie); team said champagne (captions lines 5870-5872)","According to French law, a store like the one shown here must make what on premises in order to carry the title of woolen jelly and paint it probably, Max to just touch champagne. / Now they have to make bread. / It's a type of bakery that makes bread toss up in geography, Halifax is the capital of which Canadian province?"
5163,S41 E48,Round of 16,Tossup,10,Complete the proverb: People in glass houses shouldn't throw what?,Stones,Morristown-Hamblen East High School vs Jefferson County High School,,Unknown,Correct,,,,Correct,10,Unknown,player and team not identified in captions; team not identified in captions (captions lines 4893-4897),"For 20 plus up in vocabulary, complete the proverb. / People in glass houses shouldn't throw snacks, stones. / Correct. / And a vocabulary bonus. / What vital organ of the body can be spelled by rearranging the letters a, r, e, t, h, heart."
5164,S41 E48,Round of 16,Bonus,10,"Part 1: What vital organ of the body can be spelled by rearranging the letters A, R, E, T, H? | Part 2: Which planet in our solar system can be arranged by spelling the same letters?",Part 1: Heart | Part 2: Earth,Morristown-Hamblen East High School vs Jefferson County High School,,Unknown,Correct,,,,Correct,20,Unknown,team not identified in captions (captions lines 4896-4900),"And a vocabulary bonus. / What vital organ of the body can be spelled by rearranging the letters a, r, e, t, h, heart. / And which planet in our solar system can be arranged by spelling the same letters on Earth or Earth? / Also right 20 points toss up in government. / What is the standard six letter term for a tax on imports?"
5167,S41 E48,Round of 16,Tossup,12,The statue of Christ the Redeemer stands on Corcovado mountain overlooking Rio de Janeiro. In what country?,Brazil,Morristown-Hamblen East High School vs Jefferson County High School,,Jefferson County High School,Correct,,,,Correct,10,Jefferson County High School,"end of the question and the answer are not captured (Brazil inferred); buzzer not named and answered before being recognized; team from ""visual bonus now for Jefferson County"" (captions lines 4905-4910)","Finland is right for 20 Tossup. / In geography, the statue of Christ the Redeemer stands on Corcovado mountain, overlooking Rio de Janeiro. / Yeah, and make sure calling you all the way a visual bonus. / Now for Jefferson County. / Look at the screens. / El Castillo, also known as the Temple of Hueco Kon, shown here, is a meso American step pyramid that dominates the center of what?"
5174,S41 E48,Round of 16,Bonus,15,What is the area of a right triangle with a hypotenuse of five feet and a leg of three feet?,6 square feet,Morristown-Hamblen East High School vs Jefferson County High School,,Morristown-Hamblen East High School,Unclear,,,,Unclear,,Morristown-Hamblen East High School,"result not stated: captions only show ""Yes or no? It's six square feet"" (captions lines 4942-4947)","And the geometry bonus. / What is the area of a right triangle with a hypotenuse of five feet and leg of three feet? / Yes or no? / It's six square feet. / Tossup. / Now in science, what law states that pressure increases as the volume of gas?"
5186,S41 E48,Round of 16,Bonus,22,"Part 1: Maya Angelou, Dr. Sally Ride, Wilma Mankiller, Nina Otero-Warren and Anna May Wong were honored in 2022 when the U.S. Mint placed their pictures where? | Part 2: A union shield is on the reverse of which U.S. coin?",Part 1: On quarters | Part 2: The penny,Morristown-Hamblen East High School vs Jefferson County High School,,Morristown-Hamblen East High School,Unclear,,,,Unclear,,Morristown-Hamblen East High School,"result unclear: team guessed dollar bill, $20 bill and quarters for Part 1 and ran out of time on Part 2; points not stated (captions lines 5074-5082)","Yes, and an economics bonus. / Maya Angelou, doctor Sally ride, Wilma mankiller, Nina Otero Warren and Anna may Wong were honored in 2022 when the US mint placed their pictures where? / Up to a dollar bill or something. / On the $20 bill there on quarters. / A union shield is on the reverse of which U.S coin. / Time, time, time. / It's on the back of a penny. / Toss up. / Now in art, what is the name of the divine proportion often represented by the Greek letter phi point oh?"
5187,S41 E48,Round of 16,Tossup,23,What is the name of the divine proportion often represented by the Greek letter phi?,The golden ratio,Morristown-Hamblen East High School vs Jefferson County High School,,Unknown,Correct,,,,Correct,10,Unknown,player and team not identified in captions; team not identified in captions (captions lines 5081-5087),"Toss up. / Now in art, what is the name of the divine proportion often represented by the Greek letter phi point oh? / The golden ratio? / Yeah. / That has been used by artists for centuries to create beautiful and balanced works. / Art is your bonus. / Who was the American painter from Rhode Island colony whose best known works are unfinished portraits of George and Martha Washington that he began in 1796."
5188,S41 E48,Round of 16,Bonus,23,Who was the American painter from the Rhode Island colony whose best known works are unfinished portraits of George and Martha Washington that he began in 1796?,Gilbert Stuart,Morristown-Hamblen East High School vs Jefferson County High School,,Unknown,Incorrect,,,,Missed,0,None given,team said Frida Kahlo; team not identified in captions (captions lines 5086-5090),"Art is your bonus. / Who was the American painter from Rhode Island colony whose best known works are unfinished portraits of George and Martha Washington that he began in 1796. / I'm sorry, I don't know Frida Kahlo. / That's Gilbert Stuart toss up in foreign language. / What is the national language of Pakistan?"
5192,S41 E48,Round of 16,Bonus,25,"Given the geometric series [unclear], 50, 25, name the next three members of the sequence.","12.5, 6.25, 3.125",Morristown-Hamblen East High School vs Jefferson County High School,,Morristown-Hamblen East High School,Correct,,,,Correct,20,Morristown-Hamblen East High School,"start of the series garbled in captions (""150 25"") (captions lines 5102-5107)","Given the geometric series 150 25, name the next three members of the sequence so far five. / 1.56.253.1. / Two. / Five and 12.5, 6.25, and 3.125. / Those are all correct as we just keep having your right 20 points. / Toss up now in biology what 11 letter term beginning with E is used to describe an animal with a constant, endothermic constant body temperature."
5203,S41 E48,Round of 16,Tossup,31,What isotope of hydrogen has one proton and one neutron and appears in heavy water?,Deuterium,Morristown-Hamblen East High School vs Jefferson County High School,,Unknown,Correct,,,,Correct,10,Unknown,player and team not identified in captions; team not identified in captions (captions lines 5169-5176),"Toss up in chemistry. / What isotope of hydrogen has one proton in one? / Metallic deuterium. / Yeah, and one neutron. / And appears in heavy water. / It's deuterium. / Chemistry is your bonus. / Give the electron configuration in exponential form or sodium."
5204,S41 E48,Round of 16,Bonus,31,Give the electron configuration in exponential form for sodium.,1s² 2s² 2p⁶ 3s¹,Morristown-Hamblen East High School vs Jefferson County High School,,Unknown,Correct,,,,Correct,20,Unknown,team not identified in captions (captions lines 5175-5185),Chemistry is your bonus. / Give the electron configuration in exponential form or sodium. / Want us to. / Two and three us one. / Right. / Yeah. / So one is two to us 2262363. / Yes. / One. / Yeah. / One S2 22263 S1 is correct for 20 points plus in government which amendment to the US Constitution voided a previous amendment.
5206,S41 E48,Round of 16,Tossup,33,What is the device included in some board games that looks like a miniature hourglass timer?,Sand timer,Morristown-Hamblen East High School vs Jefferson County High School,,Jefferson County High School,Correct,,,,Correct,10,Jefferson County High School,"answer not captured (sand timer inferred); buzzer not named; team from ""visual bonus for Jefferson County"" (captions lines 5189-5194)","What is the device included in some board games? / It looks like a miniature hourglass timer. / Yeah. / And, visual bonus for Jefferson County. / Look at the screens, please. / What game?"
5211,S41 E48,Round of 16,Bonus,35,In which geologic era did mammals first appear?,Cenozoic (Tertiary period),Morristown-Hamblen East High School vs Jefferson County High School,,Morristown-Hamblen East High School,Incorrect,,,,Missed,0,None given,"question wording unclear (the host asked about a period, then an era); team said Mesozoic (captions lines 5227-5238)","Geology bonus. / In which geological period did mammals first appear? / Mesozoic. / Let's try Mesozoic. / That's tertiary. / In which geologic era did mammals first appear? / No. / And dry. / Mesozoic. / As a zone that is Cenozoic. / No points on the bonus tossup in history. / In 1867, Russia sold what parcel of land to the U.S.. Hayden, Alaska, for 7.2 million and a history bonus, as told in her autobiography, which First Lady functionally ran the executive branch after her husband's debilitating, near-fatal stroke in October 1919 until the end of his term in March 1921."
5266,S41 E49,Round of 16,Bonus,24,"Solve the combined inequality 12 is less than 6x plus 3 is less than 30, and describe the graph of the solution on a number line.","1.5 < x < 4.5, graphed with open circles and the region between shaded",Webb School of Knoxville (Penny's team) vs Webb School of Knoxville (Daisy's team),,Webb School of Knoxville (Penny's team),Unclear,,,,Unclear,,Webb School of Knoxville (Penny's team),result unclear: time ran out in the first half; captions garble the inequality and the team's answer (2 < x < 4?); answer calculated from the inequality as heard (captions lines 4402-4439),"Solve the combined inequality 12 is less than six plus three is less than 30. / Describe the graph of the solution on a number line. / got it. / Defer to Sam two is less than x is less than four. / Oh two is less than x is less than eight. / And then we also needed the U to describe how it had open circles and shading and all that. / So we didn't get to that. / Unfortunately, as time ran out in the first half, web versus web, we know that web is going to win, but we don't know which side is going to win. / We'll find out after the break. / On Tennessee's Scholar's Bowl 2025. / You're watching Tennessee Scholars poll I'm Frank Murphy back from halftime in this third round game. / This smart 16 round game between the two squads from Webb School of Knoxville. / It's Penny's team versus Daisy's team. / And Penny has basically a one question edge right now at one toss up and one bonus lead over Daisy's squad. / Both of them have brought an alternate into the game. / We'll see which of them will advance to our round of the educated eight, but let's say hi first to senior James Overall on Penny's team. / Hey James, welcome back to the show. / Tell us about yourself. / Hey I'm James. / Overall I'd like to say, Kaiser on the other side is one of the best coders I've ever met. / Best coders. / Okay, nice. / Well, speaking of Kizer, let's that's a great way to introduce him on Daisy's team. / The alternate day brought into the game is sophomore Kaiser Ramsey. / He's Kaiser. / What about"
5275,S41 E49,Round of 16,Tossup,29,What is the title of the spiritual leader of a Jewish synagogue or temple?,Rabbi,Webb School of Knoxville (Penny's team) vs Webb School of Knoxville (Daisy's team),,Unknown,Correct,,,,Correct,10,Unknown,player and team not identified in captions; team not identified in captions (captions lines 4465-4468),Toss up in religion. / What is the title of the spiritual leader of a Jewish synagogue or temple? / Rabbi and a religious bonus in 2022. / Mummies with gold chips for tongues were discovered in Egypt.
5276,S41 E49,Round of 16,Bonus,29,"In 2022, mummies with gold chips for tongues were discovered in Egypt. Experts believe the chips were placed so the deceased could speak to which ancient Egyptian god of the underworld?",Osiris,Webb School of Knoxville (Penny's team) vs Webb School of Knoxville (Daisy's team),,Unknown,Incorrect,,,,Missed,0,None given,team said Anubis; team not identified in captions (captions lines 4467-4473),"Rabbi and a religious bonus in 2022. / Mummies with gold chips for tongues were discovered in Egypt. / Experts believe the chips were placed so the deceased could speak, to which ancient Egyptian god of the underworld abominable, Anubis. / When it was it on the road? / Anubis. / That was Osiris? / Toss up in architecture, what is the name of the crowning feature of a column?"
5294,S41 E49,Round of 16,Tossup,40,"What international sport, especially popular in India and other former British colonies, features wickets?",Cricket,Webb School of Knoxville (Penny's team) vs Webb School of Knoxville (Daisy's team),,Unknown,Correct,,,,Correct,10,Unknown,cut off by buzz; player and team not identified; team not identified in captions (captions lines 4560-4564),Tossup in sports. / What international sport? / Especially popular in India and other former cricket. / British colonies as wickets and so on. / Sports bonus in football.
5295,S41 E49,Round of 16,Bonus,40,"Part 1: In football, what virtual marker separates the two teams at the beginning of each play? | Part 2: What term is used to describe a defensive player catching a pass intended for an offensive player?",Part 1: Line of scrimmage | Part 2: Interception,Webb School of Knoxville (Penny's team) vs Webb School of Knoxville (Daisy's team),,Unknown,Correct,,,,Correct,20,Unknown,team not identified in captions (captions lines 4564-4571),"Sports bonus in football. / What virtual marker separates the two teams at the beginning of each play? / Line of scrimmage. / Line of scrimmage. / And what term is used to describe a defensive player catching a pass intended for an interception? / Player reception. / Interception. / Both rank for 20 plus up in music, which style of music was composed mostly between 1600 and 1750?"
5311,S41 E49,Round of 16,Tossup,50,Who composed a collection of preludes and fugues known as The Well-Tempered Clavier?,Johann Sebastian Bach,Webb School of Knoxville (Penny's team) vs Webb School of Knoxville (Daisy's team),James,Webb School of Knoxville (Penny's team),Unclear,,,,Unclear,0,None given,result not captured: game ended; the host joked that the points no longer mattered (captions lines 4638-4656),"Wait, just Dali is right for 20 points tossup for all players in music who composed a collection of preludes and fugues known as the Well-Tempered Clavier. / James. / That's hard. / Not to, but that's the end of the game and the points wouldn't matter at that point. / Just like Whose Line Is it anyway? / But, Penny's team has run up the score a bit and gone on to win against a very good squad of Daisy and her classmates. / So congratulations, you guys. / We appreciate you being here. / I know you probably will come back when, your teammates are on so you can cheer them on. / We appreciate the support that Webb School gives us every year on Scholar's Bowl. / Meanwhile, Sam Jackson, Penny James, and, who's who's not here? / Stephen and Rich. / Congratulations. / You guys will advance to the round of the Educated Eights. / You live again to play another day, and we'll look forward to having you back on Scholar's Bowl. / You can keep track of all of our players, all of our games by never missing an episode. / Set your DVRs and binge watch past seasons online using the PBS app. / My name is Frank Murphy. / Thank you for watching Tennessee's Scholar's Bowl 2025."
5331,S41 E50,Round of 16,Tossup,11,"What is the English translation of the Spanish phrase ""[unclear: chaos]""?",[unclear],Hardin Valley Academy vs South Greene High School,,Hardin Valley Academy,Correct,,,,Correct,10,Hardin Valley Academy,"Spanish phrase and the answer are both garbled in captions (""chaos"", ""Sociedade sprog""); the recorded response was ""What is the city?"" (possibly ""the city"") and the host said correct; team from the bonus deferral to Brock (captions lines 3804-3811)","Yeah, maybe defer to Zoe a chip a copra is right for 20 tossup now in foreign language. / What is the English translation of the Spanish phrase chaos? / Sociedade sprog. / What is the city? / Correct. / In a foreign language? / Bonus. / What is the Spanish phrase for credit card rhetoric?"
5340,S41 E50,Round of 16,Tossup,16,"To accentuate means to stress or emphasize. Spell ""accentuate.""",A-C-C-E-N-T-U-A-T-E,Hardin Valley Academy vs South Greene High School,,Unknown,Correct,,,,Correct,10,Unknown,buzzer and team not identified in captions; team not identified in captions (captions lines 3849-3853),"It's called the elevation tossup in spelling to accentuate means to stress or emphasize spell Saint of Assisi e and t u a t is correct. / Now a spelling bonus two parts spelled Taurus as in the constellation and zodiac sign. / It's this s. Yeah, yeah. / What's your answer to? / You are U.S. correct now spell Taurus as in a donut shaped object, but t o r I."
5341,S41 E50,Round of 16,Bonus,16,"Part 1: Spell ""Taurus,"" as in the constellation and zodiac sign. | Part 2: Spell ""torus,"" as in a donut shaped object.",Part 1: T-A-U-R-U-S | Part 2: T-O-R-U-S,Hardin Valley Academy vs South Greene High School,,Unknown,Partial,,,,Partial,10,Unknown,Part 2 missed; team not identified in captions (captions lines 3853-3857),"You are U.S. correct now spell Taurus as in a donut shaped object, but t o r I. / Yes, that's that's right. / Answer to rock t stories. / Oh, it's just torus. / Ten points on the bonus plus up now in history, what was the first capital of the unified kingdom of Upper and Lower Egypt?"
5346,S41 E50,Round of 16,Tossup,19,[unclear],[unclear],Hardin Valley Academy vs South Greene High School,,Unknown,Correct,,,,Correct,10,Unknown,question text and answer not captured (the host's joke about spinach sales replaced them); player and team not identified,
5347,S41 E50,Round of 16,Bonus,19,"If $500 is deposited into a savings account that pays a fixed interest rate of 2% compounded annually, how long would it take for the money to double in value?",About 36 years,Hardin Valley Academy vs South Greene High School,,Unknown,Incorrect,,,,Missed,0,None given,team said 50 years; team not identified in captions (captions lines 3874-3948),"Economics bonus. / If $500 is deposited into a savings account that pays a fixed interest rate of 2% compounded annually, how long would it take for the money to double in value? / 50 years. / How much? / 50 years. / Now it's only 36 years. / That's a lot of math to have to do in one second. / So that is the end of our first half of play. / One of these two teams will advance to the round of the educated eight. / Right now Hardin Valley's got a lead, but Seth Green has a chance to catch up. / More action coming up after the break on Tennessee Scholar's Bowl 2025. / You're watching Tennessee Scholar's Bowl I'm Frank Murphy back from halftime in this third round game this March 16th round game between Hardin Valley Academy of West Knox County and South Green High School of Greenville, Tennessee. / Hardin Valley is running up a bit of a lead, but anything can happen in our second half of play. / South green has brought multiple alternates into the game as they try to catch up, but so has Hardin Valley. / They've got wow, they're one alternate with us and say hi once again to Samir, not the one. / Samir, welcome back to the show. / Good to see you again. / Going up to hey, Frank. / So I, I wanted to let you know that my Hogwarts house is also Ravenclaw. / Okay. / And so what does that mean? / Luna Lovegood is the only one that we were able to come up with during the first half. / Who's the Ravenclaw that I might remember? / I was thinking about it. / Cho Chang was also, All right"
5365,S41 E50,Round of 16,Tossup,29,What religious movement of the 1500s led to Protestantism?,The Protestant Reformation,Hardin Valley Academy vs South Greene High School,,Unknown,Correct,,,,Correct,10,Unknown,player and team not identified in captions; team not identified in captions (captions lines 4040-4043),"But you do get 15 points there for Arkansas, Iowa, Kentucky, Oklahoma, Illinois, Kansas, Nebraska and Tennessee are the eight tossup for all players in religion. / What religious movement of the 1500s led to Protestantism? / Protestant Reformation, yes, and a religion bonus. / Upon Japan's surrender at the end of World War two, Allied powers believed a constitutional form of government could not be put into place as long as the Japanese people considered the emperor to be the ultimate authority in what national religion."
5366,S41 E50,Round of 16,Bonus,29,"Part 1: Upon Japan's surrender at the end of World War II, Allied powers believed a constitutional form of government could not be put into place as long as the Japanese people considered the emperor to be the ultimate authority in what national religion? | Part 2: Which emperor was forced to renounce his divine status?",Part 1: Shintoism | Part 2: Hirohito,Hardin Valley Academy vs South Greene High School,,Unknown,Incorrect,,,,Missed,0,None given,team said Zen Buddhism and feudalism; team not identified in captions (captions lines 4042-4049),"Protestant Reformation, yes, and a religion bonus. / Upon Japan's surrender at the end of World War two, Allied powers believed a constitutional form of government could not be put into place as long as the Japanese people considered the emperor to be the ultimate authority in what national religion. / Zen Buddhism, that is, Shintoism, which emperor was forced to renounce his divine status? / Answer. / Feudalism. / That was Hirohito. / No points on the bonus tossup in vocabulary. / What nine letter word beginning with T is a synonym for garrulous."
5395,S41 E51,Round of 16,Tossup,9,What is the brightest star seen in the night sky in the northern hemisphere?,Sirius,Temple Baptist Academy vs Halls High School,Micah,Temple Baptist Academy,Incorrect,Joe,Halls High School,Incorrect,Missed,0,None given,"captions show the host calling ""Micah"" mid-question and then Joe answering Polaris; Micah's answer and the steal call are missing (it may instead be only Joe's wrong answer, with no steal attempt) (captions lines 3248-3255)",Toss up in astronomy. / What is the brightest star seen in the night sky? / In the northern mica? / What is Joe Polaris now? / Sirius is where we're going with that. / The brightest star in the night sky in the northern hemisphere. / No points there. / Toss up in religion by number of chapters and total number of verses.
5400,S41 E51,Round of 16,Tossup,12,What is the term for a tax on imported goods?,Tariff,Temple Baptist Academy vs Halls High School,,Unknown,Correct,,,,Correct,10,Unknown,"buzzer and team not identified in captions; the question and answer run together (""a tax on imported goods like a tariff""); team not identified in captions (captions lines 3265-3269)","So no points on the bonus toss up. / In economics, what is the term for a tax on imported goods like a tariff? / Correct economics. / Bonus. / What country's currency is the ruble?"
5401,S41 E51,Round of 16,Bonus,12,Part 1: What country's currency is the ruble? | Part 2: What country's currency is the rupiah?,Part 1: Russia | Part 2: Indonesia,Temple Baptist Academy vs Halls High School,,Unknown,Partial,,,,Partial,10,Unknown,team said India for Part 2; team not identified in captions (captions lines 3268-3279),Bonus. / What country's currency is the ruble? / Russia. / Correct for ten. / What country's currency is the rupiah? / India. / That one is actually Indonesia. / Rupee. / This is rupiah. / Indonesia. / Toss up in geology. / What classification of rock is limestone like sedimentary and correct geology.
5402,S41 E51,Round of 16,Tossup,13,What classification of rock is limestone?,Sedimentary,Temple Baptist Academy vs Halls High School,,Unknown,Correct,,,,Correct,10,Unknown,buzzer and team not identified in captions; team not identified in captions (captions lines 3278-3281),Toss up in geology. / What classification of rock is limestone like sedimentary and correct geology. / Bonus. / The peak of Mount Chimborazo is the farthest point from Earth's center due to its location along the planet's equatorial bulge.
5403,S41 E51,Round of 16,Bonus,13,The peak of Mount Chimborazo is the farthest point from Earth's center due to its location along the planet's equatorial bulge. In what country is it located?,Ecuador,Temple Baptist Academy vs Halls High School,,Unknown,Incorrect,,,,Missed,0,None given,team said Africa; team not identified in captions (captions lines 3280-3288),"Bonus. / The peak of Mount Chimborazo is the farthest point from Earth's center due to its location along the planet's equatorial bulge. / In what country? / I'm not sure. / Africa. / That one is Ecuador. / No points there. / Toss up in math. / Add the numbers three and nine square the result, and then divide by six."
5414,S41 E51,Round of 16,Tossup,20,What is the Roman numeral for 224?,CCXXIV,Temple Baptist Academy vs Halls High School,,Unknown,Incorrect,,,,Missed,0,None given,"buzzer and team not identified in captions; the answer started ""CCXX"" and the host said it was almost right; no steal captured; team not identified in captions (captions lines 3328-3333)",Toss up in foreign language. / What is the Roman numeral for 224? / A cc x x It's almost got it. / It's cc x IV. / Can't give it to you. / Toss up in sports what is considered the greatest cycling event in the world.
5415,S41 E51,Round of 16,Tossup,21,What is considered the greatest cycling event in the world?,Tour de France,Temple Baptist Academy vs Halls High School,,Unknown,Correct,,,,Correct,10,Unknown,buzzer and team not identified in captions; team not identified in captions (captions lines 3333-3336),"Toss up in sports what is considered the greatest cycling event in the world. / So tour de France, right. / And the sports bonus. / What is the team name for the athletic program at the University of Pennsylvania?"
5416,S41 E51,Round of 16,Bonus,21,What is the team name for the athletic program at the University of Pennsylvania?,The Quakers,Temple Baptist Academy vs Halls High School,,Unknown,Incorrect,,,,Missed,0,None given,"team said ""the coal miners""; time ran out before the rest of the bonus; team not identified in captions (captions lines 3335-3374)","And the sports bonus. / What is the team name for the athletic program at the University of Pennsylvania? / Do the coal miners. / Those are the Quakers. / And you don't have time for the rest of the question. / So, no points on the bonus. / Halls is trying to beat Temple Baptist. / One of these two teams will advance to the round of the Educated eight, and we'll find out who is going to be coming up after the break. / Tennessee's Scholar's Bowl 2025. / You're watching Tennessee Scholar's Bowl. / I'm Frank Murphy back from halftime in this third round game, this smart 16 round game between Temple Baptist Academy of Powell and Hall's high school. / Right now, halls has a lead, but anything can happen in our second half of play. / It's not an insurmountable lead, and we'll see what happens when Temple Baptist brings their alternate into the game. / The other Micah, let's say hi to freshman Micah Moreland. / So we got two. / Micah's over there. / Well, what about you, Micah? / Tell us about yourself. / I'm on the soccer team. / Any good? / I don't really know. / You enjoy it, though. / I do. / And what else do you do? / I play violin. / Really? / or do you play classical or do you play jazz? / I mean, you can play anything on violin. / Really? / Anything? / Yeah, yeah. / All right. / Well, good. / I don't you pursue that. / That's the only a freshman. / So you got a lot of time ahead of you yet. / All right, let's get back to it. / Everybody. / Fingers on the buzzer for Tennessee"
5423,S41 E51,Round of 16,Tossup,26,"Who is mourned as the lost love in Edgar Allan Poe's poem ""The Raven""?",Lenore,Temple Baptist Academy vs Halls High School,,Unknown,Correct,,,,Correct,10,Unknown,buzzer and team not identified in captions; team not identified in captions (captions lines 3405-3408),"Ten points tossup in literature who is mourned as the lost love. / And Edgar Allan Poe's poem The Raven. / Lenore, right, and a literature bonus. / What novel includes the characters King Louis, Bagheera and Mowgli?"
5424,S41 E51,Round of 16,Bonus,26,"Part 1: What novel includes the characters King Louie, Bagheera and Mowgli? | Part 2: Who wrote it?",Part 1: The Jungle Book | Part 2: Rudyard Kipling,Temple Baptist Academy vs Halls High School,,Unknown,Correct,,,,Correct,20,Unknown,"bonus team and the deferral are garbled in captions; the answer to Part 2 was ""Kipling"" and the host added ""Rudyard""; team not identified in captions (captions lines 3407-3414)","Lenore, right, and a literature bonus. / What novel includes the characters King Louis, Bagheera and Mowgli? / The Jungle Book is right for ten. / Who wrote it? / Kipling deferred it like a Richard Kipling. / Yeah, Rudyard is right. / I will take that 20 points tossup in U.S. history. / What practice did 19th century abolitionists seek to abolish?"
5450,S41 E51,Round of 16,Tossup,41,What is the title of the Arthur Miller play that takes place during the Salem witch trials?,The Crucible,Temple Baptist Academy vs Halls High School,,Unknown,Correct,,,,Correct,10,Unknown,buzzer and team not identified in captions; team not identified in captions (captions lines 3521-3525),"Golgotha is right for 20 tossup in literature. / What is the title of the Arthur Miller play that takes place during the Salem The Crucible? / Salem witch trials. / Literature bonus which animals were more equal than others? / According to George Orwell's literary work Animal Farm, Pigs and Animal Farm, what was the name of the pig who led the rebellion?"
5451,S41 E51,Round of 16,Bonus,41,"Part 1: In George Orwell's Animal Farm, which animals were ""more equal than others""? | Part 2: In Animal Farm, what was the name of the pig who led the rebellion?",Part 1: Pigs | Part 2: Napoleon,Temple Baptist Academy vs Halls High School,,Unknown,Correct,,,,Correct,20,Unknown,the exchange on Part 2 is garbled in captions; the host ruled Napoleon correct for 20 points; team not identified in captions (captions lines 3524-3530),"Literature bonus which animals were more equal than others? / According to George Orwell's literary work Animal Farm, Pigs and Animal Farm, what was the name of the pig who led the rebellion? / Napoleon. / It's Napoleon. / No, it's not, it's Napoleon. / Napoleon is right. / For 20 tossup in government, many scientists say the best site for the permanent burial of high level nuclear waste is Yucca mountain."
5452,S41 E51,Round of 16,Tossup,42,Many scientists say the best site for the permanent burial of high level nuclear waste is Yucca Mountain. It is located in what state?,Nevada,Temple Baptist Academy vs Halls High School,,Unknown,Correct,,,,Correct,10,Unknown,"buzzer and team not identified in captions (garbled as ""Latrobe""); team not identified in captions (captions lines 3530-3531)","For 20 tossup in government, many scientists say the best site for the permanent burial of high level nuclear waste is Yucca mountain. / Located in what state?"
5453,S41 E51,Round of 16,Bonus,42,Which four states allowed women to vote before 1900?,"Wyoming, Colorado, Utah, Idaho",Temple Baptist Academy vs Halls High School,,Unknown,Incorrect,,,,Missed,0,None given,"team said Kansas, Oregon, California and New Jersey; team not identified in captions (captions lines 3530-3544)","For 20 tossup in government, many scientists say the best site for the permanent burial of high level nuclear waste is Yucca mountain. / Located in what state? / Latrobe, Nevada. / Right. / And a government bonus, which for states allowed women to vote before 1900. / Oh, Kansas. / Teachers in Oregon. / Answer. / Kansas, Oregon. / California and, new Jersey. / Well, none of those are it. / But it's Wyoming, Colorado, Utah and Idaho. / No points. / Tossup. / In astronomy, the Big Dipper is part of what constellation?"
5468,S41 E53,Round of 8,Tossup,6,"In economics, what currency is used in Mexico?",The peso,Farragut High School vs Roane County High School,,Unknown,Correct,,,,Correct,10,Unknown,buzzer and team not identified in captions; team not identified in captions (captions lines 2632-2636),"No points on the bonus toss up. / In economics, what currency is used in Mexico? / Pesos, yes. / And an economics bonus. / What country's official currency is the renminbi?"
5469,S41 E53,Round of 8,Bonus,6,What country's official currency is the renminbi?,China,Farragut High School vs Roane County High School,,Unknown,Incorrect,,,,Missed,0,None given,team conferred and said Pakistan; team not identified in captions (captions lines 2635-2644),"And an economics bonus. / What country's official currency is the renminbi? / Is it mom? / Not and not India. / Pakistan, I don't think. / I think so you said Zimbabwe. / I don't know, just Pakistan. / Pakistan. / It's actually China. / The renminbi toss up in algebra in the equation three x plus six equals three x."
5478,S41 E53,Round of 8,Tossup,11,"What is the term for trying to get someone to do wrong by offering him or her special favors, bribery or money?",[unclear],Farragut High School vs Roane County High School,,Unknown,Correct,,,,Correct,10,Unknown,"the buzzer and the answer are not in the captions (they jump from the question to the visual bonus); the answer is probably ""corruption"" (captions lines 2678-2680)","toss up in government. / What is the term for trying to get someone to do wrong by offering him or her special favors or bribery, or money and a visual bonus and government look at the screens, please. / On its 1976 bicentennial series of state flags, the US Postal Service made what error on the Tennessee stamp seen here?"
5479,S41 E53,Round of 8,Bonus,11,"On its 1976 bicentennial series of state flags, the U.S. Postal Service made what error on the Tennessee stamp seen here?",The flag is upside down,Farragut High School vs Roane County High School,,Unknown,Incorrect,,,,Missed,0,None given,team said the banner or bar was on the wrong side; team not identified in captions (captions lines 2679-2687),"What is the term for trying to get someone to do wrong by offering him or her special favors or bribery, or money and a visual bonus and government look at the screens, please. / On its 1976 bicentennial series of state flags, the US Postal Service made what error on the Tennessee stamp seen here? / The banner. / I think that's supposed to be the bar. / Is it on the other side of the thing? / I think some of the bar the bar should be on the other side. / the stamp actually is the flag is actually upside down. / So the whole thing is upside down. / You can't give that to a toss up in geography, the sources of the Tigris and Euphrates rivers are in what country?"
5496,S41 E53,Round of 8,Tossup,21,"In 30 BC, Cleopatra killed herself following the defeat of her forces by what future first emperor of Rome?",Octavian (Augustus Caesar),Farragut High School vs Roane County High School,,Unknown,Correct,,,,Correct,10,Unknown,buzzer and team not identified in captions; team not identified in captions (captions lines 2769-2772),"In 30 BC, Cleopatra killed herself following the defeat of her forces by what future first Emperor Augustus Caesar? / Yeah, of Rome. / Octavian, later known as Augustus Caesar, and history. / Bonus, which Native American leader known as the last Apache War Chief, fought against both Mexican and American forces in the second half of the 19th century?"
5497,S41 E53,Round of 8,Bonus,21,"Which Native American leader, known as the last Apache war chief, fought against both Mexican and American forces in the second half of the 19th century?",Geronimo,Farragut High School vs Roane County High School,,Unknown,Incorrect,,,,Missed,0,None given,team said Sitting Bull; team not identified in captions (captions lines 2772-2777),"Bonus, which Native American leader known as the last Apache War Chief, fought against both Mexican and American forces in the second half of the 19th century? / Sitting bull, sitting bull. / Yeah. / Sitting bull and that was Geronimo I described. / Toss up in art. / What is the term for the style of art that uses shapes, designs, textures and colors in a way Lucas Abstract have to emphasize moods or feelings."
5517,S41 E53,Round of 8,Tossup,34,"What rock band, popular in the 70s and 80s, shares its name with a river that forms the boundary between Earth and the underworld in Greek mythology?",Styx,Farragut High School vs Roane County High School,,Unknown,Correct,,,,Correct,10,Unknown,buzzer and team not identified in captions; team not identified in captions (captions lines 2909-2909),"What rock band popular in the 70s and 80s shares its name with a river that forms the boundary between Earth and the underworld in Greek mythology, Styx and Music Bonus now identify the other half of the famous duo Brooks and Dun Dun."
5518,S41 E53,Round of 8,Bonus,34,Part 1: Identify the other half of the famous duo Brooks and ___. | Part 2: Identify the other half of the famous singing duo Sonny and ___.,Part 1: Dunn | Part 2: Cher,Farragut High School vs Roane County High School,,Unknown,Partial,,,,Partial,10,Unknown,"team said ""the Sunshine Band"" for Part 2; team not identified in captions (captions lines 2909-2915)","What rock band popular in the 70s and 80s shares its name with a river that forms the boundary between Earth and the underworld in Greek mythology, Styx and Music Bonus now identify the other half of the famous duo Brooks and Dun Dun. / Wreck for ten. / Identify the other half of the famous singing duo Sonny and the Sunshine Band. / And the Sunshine Band. / It's Sonny and Cher. / Toss. / Tossup in physics for everyone in radio broadcasting."
5519,S41 E53,Round of 8,Tossup,35,"In radio broadcasting, what words do the letters AM represent?",Amplitude modulation,Farragut High School vs Roane County High School,,Unknown,Correct,,,,Correct,10,Unknown,buzzer and team not identified in captions; team not identified in captions (captions lines 2914-2919),Toss. / Tossup in physics for everyone in radio broadcasting. / What words do the letters Am represent? / Amplitude modulation is right. / Physics bonus. / What is the instrument that has a u shaped tube and measures pressure in a closed system barometer?
5520,S41 E53,Round of 8,Bonus,35,"Part 1: What is the instrument that has a U-shaped tube and measures pressure in a closed system? | Part 2: Who invented the manometer in 1661, in addition to inventing a vacuum pump and an electrostatic generator?",Part 1: Manometer | Part 2: Otto von Guericke,Farragut High School vs Roane County High School,,Unknown,Incorrect,,,,Missed,0,None given,"team said barometer and Maxwell; the answer to Part 2 is garbled in captions (""Otto van Gelder key""); team not identified in captions (captions lines 2918-2924)","Physics bonus. / What is the instrument that has a u shaped tube and measures pressure in a closed system barometer? / That's a manometer. / Who invented the manometer in 1661? / In addition to inventing a vacuum pump and an electrostatic generator. / And Maxwell Maxwell. / That's Otto van Gelder key toss up in geography, in which state is Cape Hatteras National Seashore?"
5542,S41 E53,Round of 8,Tossup,48,"Who composed the opera Lohengrin, which includes the bridal chorus generally known as ""Here Comes the Bride""?",Richard Wagner,Farragut High School vs Roane County High School,,Farragut High School,Correct,,,,Correct,10,Farragut High School,"the buzzer is unclear: the captions show ""Lucas"" and a host quip before the answer ""Wagner""; Farragut is inferred from the host's closing remark that even the 20 bonus points would not have been enough for the team still behind (captions lines 3027-3051)","Is that a tossup in music? / Who composed the opera Lohengrin which includes a bridal chorus? / Lucas I would have no idea the answer to that question. / But of course, generally known as Here Comes the Bride. / Bognor. / Yes. / And a music bonus. / What Italian words meaning for two. / That was so close. / And even if he got the 20 points on the bonus, it was not enough, to get us all the way to the top. / And by the way, I do a is for two in Italian. / What a great game that was and how close that was. / Both teams did really, really well and worked hard to get to this point. / But only one of you can advance to the philosophical four, and it's going to be Rome County. / First of all, we're Farragut. / You guys are fantastic, and I hope to have you for many more years on Scholar's Bowl. / We enjoy having it all. / Pretty much all underclassmen on this team, right? / Yeah, absolutely. / You guys are going to do really well in future years. / Meanwhile, Roane County, congratulations with your stylish Frank Murphy pins, you'll have to take take those on now, I guess, to the next round of the philosophical for and we appreciate you guys being here. / We'll see you real soon actually for that game you can keep track of all of our games, all of our players. / Never miss an episode, set your DVR or binge watch past seasons online using the PBS app. / My name is Frank Murphy. / Thank you for watching Tennessee's Scholar's Bowl 2025."
5552,S41 E55,Round of 8,Tossup,5,What circle of stones in England is 97 feet in diameter?,Stonehenge,L&N STEM Academy (Jordan's team) vs Jefferson County High School,,Unknown,Correct,,,,Correct,10,Unknown,buzzer and team not identified in captions; team not identified in captions (captions lines 1938-1948),"Is it for the two word phrase tossup in geography? / What circle of stones in England is 97ft second? / Stonehenge in diameter. / Right. / And a geography bonus. / What is the capital of Kansas? / Kansas. / Oklahoma. / Oh, no. / Oh, I'm not sure. / Yes, I am Kansas City."
5553,S41 E55,Round of 8,Bonus,5,Part 1: What is the capital of Kansas? | Part 2: What is the capital of Massachusetts?,Part 1: Topeka | Part 2: Boston,L&N STEM Academy (Jordan's team) vs Jefferson County High School,,Unknown,Partial,,,,Partial,10,Unknown,team said Kansas City for Part 1; team not identified in captions (captions lines 1948-1958),"Yes, I am Kansas City. / That's Topeka. / What is the capital of Massachusetts? / Augustus, Massachusetts? / No, Boston. / Boston. / Yeah. / Boston is right for ten points. / Tossup. / Now in art. / What is the most distinctive characteristic of the statue of Venus de Milo?"
5565,S41 E55,Round of 8,Bonus,11,"What is the name of the prehistoric Native American statue, made of sandstone and depicting a kneeling male figure, that was designated the official state artifact of Tennessee in 2014?",Sandy,L&N STEM Academy (Jordan's team) vs Jefferson County High School,,L&N STEM Academy (Jordan's team),Incorrect,,,,Missed,0,None given,"the team said ""the kneeling Indian"" and the host replied ""They call him Sandy"" and moved on without saying points (probably not accepted) (captions lines 2033-2037)","You can consist of a plastic ring that is twirled around the waist, limbs or Jordan hula hoop or neck and miscellaneous bonus. / Now what is the name of the prehistoric native American statue, made of sandstone and depicting a kneeling male figure that was designated the official state artifact of Tennessee in 2014? / The kneeling Indian. / Kneeling Indian. / They call him Sandy and that's up in spelling spell."
5572,S41 E55,Round of 8,Tossup,15,Which British commander surrendered to General George Washington at Yorktown?,Cornwallis,L&N STEM Academy (Jordan's team) vs Jefferson County High School,,Unknown,Correct,,,,Correct,10,Unknown,"buzzer and team not identified in captions, which also swap the question ending and the answer; team not identified in captions (captions lines 2073-2076)","Dmitri Mendeleev, 20 points tossup in U.S. history. / Which British commander surrendered to General Cornwallis? / George Washington at Yorktown, U.S. history. / Bonus, who was the author of the pamphlet that opens with the sentence."
5573,S41 E55,Round of 8,Bonus,15,"Part 1: Who was the author of the pamphlet that opens with the sentence ""These are the times that try men's souls""? | Part 2: The pamphlet is the first of 13 in a series. With what title?",Part 1: Thomas Paine | Part 2: The American Crisis,L&N STEM Academy (Jordan's team) vs Jefferson County High School,,Unknown,Partial,,,,Partial,10,Unknown,team said Common Sense for Part 2; team not identified in captions (captions lines 2076-2094),"Bonus, who was the author of the pamphlet that opens with the sentence. / These are the times that try men's souls. / I've spent, Thomas. / We're fine with that. / Maybe it could be Benjamin Franklin. / I'm pretty sure these could be. / Yeah. / Thomas with Thomas Paine. / Right. / For ten. / The pamphlet is the first of 13 in a series. / With what title? / Common sense. / Common sense. / Or is it the crisis? / It might be the crisis, I'm pretty sure. / I don't know, I'm going to go to common sense. / It's the crisis or the American crisis. / Plus, up now in music, what is the major key for an instrument like a piano?"
5603,S41 E55,Round of 8,Bonus,32,"Part 1: What play, subtitled ""A Trivial Comedy for Serious People,"" revolves around the characters Algernon Moncrieff, Gwendolen Fairfax, Lady Bracknell, Miss Prism and Canon Chasuble? | Part 2: Who wrote it?",Part 1: The Importance of Being Earnest | Part 2: Oscar Wilde,L&N STEM Academy (Jordan's team) vs Jefferson County High School,,L&N STEM Academy (Jordan's team),Incorrect,,,,Missed,0,None given,"the captions suggest Part 1 may have been answered correctly (the host says ""Yes, yes ... The Importance of Being Earnest"") but he then says no points on the bonus; Part 2 was answered ""Noel Coward"" after deferring to Dominic (captions lines 2318-2325)","Bonus. / What place, subtitled A Trivial Comedy for Serious People, revolves around the characters Algernon Moncrieff, Gwendolyn Fairfax, Lady Bracknell, Miss Prism and Canon Chasuble. / Yes, yes, Hairspray has held The Importance of Being Earnest, but you can tell me who wrote it. / Noel Coward no. / Defer to Dominic. / Noel Coward, it was Oscar Wilde. / So no points on the bonus tossup in technology. / What are the two numbers used in a binary system?"
5604,S41 E55,Round of 8,Tossup,33,What are the two numbers used in a binary system?,Zero and one,L&N STEM Academy (Jordan's team) vs Jefferson County High School,,Unknown,Correct,,,,Correct,10,Unknown,buzzer and team not identified in captions; team not identified in captions (captions lines 2324-2329),"So no points on the bonus tossup in technology. / What are the two numbers used in a binary system? / Exactly zero. / One and a technology bonus. / Now what? / Former NASA engineer who is known for his YouTube videos and Crunch Lab subscription boxes, offered a $10,000 prize in 2024 to anyone who could defeat his rock, paper, scissors robot."
5605,S41 E55,Round of 8,Bonus,33,"Which former NASA engineer, known for his YouTube videos and CrunchLabs subscription boxes, offered a $10,000 prize in 2024 to anyone who could defeat his rock, paper, scissors robot?",Mark Rober,L&N STEM Academy (Jordan's team) vs Jefferson County High School,,Unknown,Correct,,,,Correct,20,Unknown,"bonus team not identified; it discussed whether to speed up or slow down and chose to slow down (probably the leading team, Jefferson County); team not identified in captions (captions lines 2329-2333)","Former NASA engineer who is known for his YouTube videos and Crunch Lab subscription boxes, offered a $10,000 prize in 2024 to anyone who could defeat his rock, paper, scissors robot. / Do we want to speed up or slow down? / I think slow down. / Yeah, I think that's fair. / Mark Roper is right for 20 points plus up in biology which blood type is the universal donor Zach."
5618,S41 E59,Championship,Bonus,1,Part 1: Which author created the literary character [unclear]? | Part 2: Which author created the literary character Silas Marner?,Part 1: Washington Irving | Part 2: George Eliot,Webb School of Knoxville (Penny's team) vs Jefferson County High School,,Jefferson County High School,Incorrect,,,,Missed,0,None given,Part 1 character name lost in captions (team said Victor Hugo; host said Washington Irving) (captions lines 105-117),"And Missouri and literature bonus for Jeff Cohen. / Which author created the literar Oh, what's the guy who wrote that? / Victor Hugo? / It might be Victor Hugo. / That's Washington Irving. / Which author created the literary character Silas Marner? / Oh, Lewis Carroll, I don't know. / Sure. / Yeah, because I'm not sure. / Yeah. / Lewis Carroll that one is George Eliot. / No points on the bonus tossup in geography. / Which of the Great Lakes provides shoreline to the state of Ohio?"
5625,S41 E59,Championship,Tossup,5,What is the name of the approximately 555-foot-high marble obelisk in our nation's capital?,Washington Monument,Webb School of Knoxville (Penny's team) vs Jefferson County High School,Zach,Jefferson County High School,Incorrect,Sam,Webb School of Knoxville (Penny's team),Correct,Correct,10,Webb School of Knoxville (Penny's team),"captions ambiguous (""Zach Washington Memorial, right, no chance to steal Sam""); read as Zach (JC) wrong, Sam (Webb) steals; bonus went to Webb (captions lines 149-153)","Now, in architecture, what is the name of the approximately 555ft high marble obelisk in our nation's capital? / Zach Washington Memorial, right, no chance to steal Sam. / The Washington Monument is the exact title and a visual bonus now in architecture for web. / Take a look at the screens. / With a total height just over half a mile high."
5635,S41 E59,Championship,Bonus,10,"Part 1: What nine letter word beginning with S means to supplant or take the place of a person or thing previously in [unclear]? | Part 2: Now spell ""supersede.""",Part 1: Supersede | Part 2: S-U-P-E-R-S-E-D-E,Webb School of Knoxville (Penny's team) vs Jefferson County High School,Sam,Webb School of Knoxville (Penny's team),Correct,,,,Correct,20,Webb School of Knoxville (Penny's team),"end of Part 1 garbled in captions (""previously in a foreign"") (captions lines 200-202)",For tabular bonus. / What nine letter word beginning with S means to supplant or take the place of a person or thing previously in a foreign that is supersede supersede is right now spell supersede I defer to Sam. / Supersede right 20 points on the bonus tossup in economics.
5636,S41 E59,Championship,Tossup,11,What economic term refers to the amount of goods that consumers want…?,Demand,Webb School of Knoxville (Penny's team) vs Jefferson County High School,,Unknown,Correct,,,,Correct,10,Unknown,player and team not identified in captions; question cut off by buzz; team not identified in captions (captions lines 202-204),"Supersede right 20 points on the bonus tossup in economics. / What economic term refers to the amount of goods that consumers want for demand? / Correct economics bonus in January 2024, what socialist government put an end to the Petro cryptocurrency that was launched seven years ago to sidestep U.S. sanctions, but which never took off and became embroiled in a graft scandal?"
5637,S41 E59,Championship,Bonus,11,"In January 2024, what socialist government put an end to the Petro cryptocurrency that was launched seven years ago to sidestep U.S. sanctions, but which never took off and became embroiled in a graft scandal?",Venezuela,Webb School of Knoxville (Penny's team) vs Jefferson County High School,,Unknown,Incorrect,,,,Missed,0,None given,team not identified in captions (captions lines 204-211),"Correct economics bonus in January 2024, what socialist government put an end to the Petro cryptocurrency that was launched seven years ago to sidestep U.S. sanctions, but which never took off and became embroiled in a graft scandal? / Maybe Norway? / Norway? / Socialist. / That's never me. / I'm fine with Norway. / Norway now, Petro implies Petroleum Exporting Countries is Venezuela toss up in health? / What is the term for a blood filled sac formed by a ballooning sac aneurysm in an arterial or venous wall?"
5642,S41 E59,Championship,Tossup,14,How many encores did Elvis Presley usually give?,Zero,Webb School of Knoxville (Penny's team) vs Jefferson County High School,,Unknown,Correct,,,,Correct,10,Unknown,player and team not identified in captions; team not identified in captions (captions lines 230-232),"Now in music, how many encores did Elvis Presley usually give? / Zero correct music bonus. / In which state is Elvis Presley's birthplace?"
5643,S41 E59,Championship,Bonus,14,Part 1: In which state is Elvis Presley's birthplace? | Part 2: In which state is Elvis's mansion called Graceland?,Part 1: Mississippi | Part 2: Tennessee,Webb School of Knoxville (Penny's team) vs Jefferson County High School,,Unknown,Partial,,,,Partial,10,Unknown,team not identified in captions (captions lines 231-244),"Zero correct music bonus. / In which state is Elvis Presley's birthplace? / Memphis. / I think it's Memphis, Tennessee. / Tennessee. / He was born in Tupelo, Mississippi. / In which state is Elvis's mansion called Graceland in Tennessee. / Okay, Tennessee? / Yeah. / In Memphis. / That's right. / Ten points. / Toss up in foreign language. / What is the English translation of the French word école Jacques school."
5645,S41 E59,Championship,Bonus,15,"What is the English translation of the German question ""[unclear: The field costs lettuce]""?",How much does it cost?,Webb School of Knoxville (Penny's team) vs Jefferson County High School,Zach,Jefferson County High School,Correct,,,,Correct,20,Jefferson County High School,"German phrase garbled in captions (""The field costs lettuce"") (captions lines 246-252)","And a foreign language bonus. / What is the English translation of the German question? / The field costs lettuce. / How much exactly? / How much does it cost the farmer to Zach? / How much does it cost? / Is right for 20 plus up now in geography, what state not known for cheese heads is America's salmon."
5658,S41 E59,Championship,Tossup,22,How much work is done in a system if a 20 Newton force is applied to move an object four meters?,80 joules,Webb School of Knoxville (Penny's team) vs Jefferson County High School,,Unknown,Correct,,,,Correct,10,Unknown,"text garbled and cut off by buzz (""20 Newton stack""); player and team not identified; no bonus because time ran out (captions lines 308-361)","How much work is done in a system? / If a 20 Newton stack, 8080 joules is where I was going with that. / Yeah. / To move an object four meters. / And a physics bonus, which is we don't get to that, because the cash has run out. / This is going to be an exciting game to watch all the way through the end. / In fact, we probably should go over the tiebreaker rules with these two. / Absolutely excellent teams. / Webb School of Knoxville Jefferson High School, the winner receives the Frank Miller Trophy and goes on to well, doesn't go on there. / They just win. / That's the end of it. / It's our last episode of the season on Tennessee Scholar's Bowl 2025. / You're watching Tennessee Scholar's Bowl. / I'm Frank Murphy back from halftime in the championship game for the 2025 season. / Our 41st season on the air. / A very close and exciting game between Webb School of Knoxville and Jefferson County High School of Dandridge. / One of these two teams will win the Frank Miller Memorial Trophy and the cash prize. / The other will be our runner up for the year. / Who's it going to be? / We have no idea. / And in fact, we went over the tiebreaker rules at halftime just in case this game ends in a tie. / That's how close it is. / All right. / We've got some alternates on both sides of the dance. / Let's say hi first to on the website to James Overall who is a senior. / So this is a James. / We'll never see you again after today. / Tell us about yourself. / Hey, I'd like to shout out my Engl"
5665,S41 E59,Championship,Tossup,26,Which country's capital stands on the site of the ancient Roman capital of Britannia?,England,Webb School of Knoxville (Penny's team) vs Jefferson County High School,,Jefferson County High School,Incorrect,James,Webb School of Knoxville (Penny's team),Correct,Correct,10,Webb School of Knoxville (Penny's team),"who buzzed first and who stole is unclear in captions (""Pini. Turkey. No chance to steal web games. Britain""); read as JC wrong, Webb alternate James steals (captions lines 387-396)","For 20 on the bonus toss up in history. / Which country's capital stands on the site of the ancient Roman capital of Britannia? / Pini. / Turkey. / No chance to steal web games. / Britain. / Yeah, it's in London, England. / All right. / And history bonus. / Now, which event led to the US and the USSR setting up a hotline in 1963 to facilitate communication between the US president and the Soviet prime."
5667,S41 E59,Championship,Tossup,27,"What is the term for a sudden increase in the birth rate, as happened in the US and Britain after World War Two?",Baby boom,Webb School of Knoxville (Penny's team) vs Jefferson County High School,,Unknown,Correct,,,,Correct,10,Unknown,player and team not identified in captions; team not identified in captions (captions lines 399-406),"Toss up in health. / What is the term for a sudden increase in the birth rate, as happened in the US and Britain? / Baby boom. / Yeah. / After World War two. / Health visual. / Take a look at the screens. / What are the common names for the ossicles, which are the tiny bones, malleus, incus and stapes?"
5668,S41 E59,Championship,Bonus,27,"Part 1: What are the common names for the ossicles, which are the tiny bones malleus, incus and stapes? | Part 2: In what part of the body are they located?","Part 1: Hammer, anvil and stirrup | Part 2: The ear",Webb School of Knoxville (Penny's team) vs Jefferson County High School,,Unknown,Incorrect,,,,Missed,0,None given,team not identified in captions (captions lines 406-422),"What are the common names for the ossicles, which are the tiny bones, malleus, incus and stapes? / Pelvis. / Oh, yeah. / Pelvis. / Right. / Okay. / You I found with that. / I think so, pelvis bones. / No. / Those common names are hammer, anvil and stirrup. / And what part of the body of they located? / Oh, it's probably the pelvis, right. / Yeah. / Because there's the look at that pelvis. / Now they're in your, in your ear. / They're tiny little bones in your ear. / Toss up in history which American founding document includes the right to life."
5681,S41 E59,Championship,Bonus,34,Part 1: What writer shown here became the first poet to speak at a presidential inauguration? | Part 2: Which vice president is trying to use his top hat to block the sun on the paper?,Part 1: Robert Frost | Part 2: Lyndon B. Johnson,Webb School of Knoxville (Penny's team) vs Jefferson County High School,,Webb School of Knoxville (Penny's team),Partial,,,,Partial,10,Webb School of Knoxville (Penny's team),which part was missed is unclear (team said Whitman / Keats / Robert Frost for Part 1; host confirmed Lyndon Johnson; 10 points) (captions lines 468-481),What writer shown here became the first poet to speak at a presidential inauguration? / Whitman. / Maybe Keats. / Would you believe Robert Frost? / Which vice president is trying to use his top hat to block the sun on the paper? / That was too bright for frost to read? / Write? / I don't know. / Lyndon Johnson. / Who's winning? / B Johnson is. / Lyndon Johnson is right. / Ten points on the bonus pass up in U.S. history. / What is the first and last name of the person after whom America was named?
5682,S41 E59,Championship,Tossup,35,What is the first and last name of the person after whom America was named?,Amerigo Vespucci,Webb School of Knoxville (Penny's team) vs Jefferson County High School,,Unknown,Correct,,,,Correct,10,Unknown,player and team not identified; host verdict not captured; team not identified in captions (captions lines 480-485),"Ten points on the bonus pass up in U.S. history. / What is the first and last name of the person after whom America was named? / America. / Vespucci. / And a history bonus. / Now, which Medal of Honor recipient and famous pilot was the first to fly across the North American continent in less than 24 hours in 1922 and led the bombing of Tokyo in 1942."
5683,S41 E59,Championship,Bonus,35,Which Medal of Honor recipient and famous pilot was the first to fly across the North American continent in less than 24 hours in 1922 and led the bombing of Tokyo in 1942?,Jimmy Doolittle,Webb School of Knoxville (Penny's team) vs Jefferson County High School,,Unknown,Incorrect,,,,Missed,0,None given,team not identified in captions (captions lines 484-489),"And a history bonus. / Now, which Medal of Honor recipient and famous pilot was the first to fly across the North American continent in less than 24 hours in 1922 and led the bombing of Tokyo in 1942. / James Goodyear It's a good James Goodson. / It's maybe James Goodson, it's James Doolittle, no points. / Toss up now in biology. / What 13 letter word beginning with t is the term sac transpiration for the process of plants taking up liquid water and a biology bonus."
5684,S41 E59,Championship,Tossup,36,What 13 letter word beginning with T is the term for the process of plants taking up liquid water?,Transpiration,Webb School of Knoxville (Penny's team) vs Jefferson County High School,,Unknown,Correct,,,,Correct,10,Unknown,"player and team not identified (caption token ""sac""); team not identified in captions (captions lines 488-490)","Toss up now in biology. / What 13 letter word beginning with t is the term sac transpiration for the process of plants taking up liquid water and a biology bonus. / Now, which scientist is credited with discovering human Abo blood groups?"
5685,S41 E59,Championship,Bonus,36,Part 1: Which scientist is credited with discovering the human ABO blood groups? | Part 2: Which scientist is credited with discovering penicillin?,Part 1: Karl Landsteiner | Part 2: Alexander Fleming,Webb School of Knoxville (Penny's team) vs Jefferson County High School,,Unknown,Partial,,,,Partial,10,Unknown,team not identified in captions (captions lines 489-497),"What 13 letter word beginning with t is the term sac transpiration for the process of plants taking up liquid water and a biology bonus. / Now, which scientist is credited with discovering human Abo blood groups? / Fleming is the antibody. / I don't know Fleming. / That's Carl Lance Steiner, which scientist is credited with discovering penicillin? / Oh, no they don't. / Don't worry. / Edward Lewis Fleming is right. / Ten points on the bonus Alexander Fleming toss up in geography, in which country are the Apennine Mountains located?"
5688,S41 E59,Championship,Tossup,38,"What is the English translation of the Spanish word ""[unclear: Hefei]""?",Bus,Webb School of Knoxville (Penny's team) vs Jefferson County High School,,Jefferson County High School,Correct,,,,Correct,10,Jefferson County High School,"Spanish word garbled in captions (""Hefei""); team inferred from Zach answering the bonus (captions lines 507-508)","Toss up. / Now in foreign language, what is the English translation of the Spanish word Hefei?"
5693,S41 E59,Championship,Bonus,40,"Who considered a career as a concert pianist before eventually becoming a professor of political science at Stanford, the National Security Advisor in 2001 and Secretary of State in 2005?",Condoleezza Rice,Webb School of Knoxville (Penny's team) vs Jefferson County High School,,Jefferson County High School,Unclear,,,,Unclear,,Jefferson County High School,"host verdict not captured (""Roy Roy welcoming Roy, that's Condoleezza Rice""); team's answer garbled (captions lines 534-538)","Omnibus subjects into a single bill is an omnibus and a government bonus. / Who considered a career as a concert pianist before eventually becoming a professor of political science at Stanford. / The National Security Adviser in 2001 and Secretary of State in 2005. / Roy Roy welcoming Roy, that's Condoleezza Rice toss up in chemistry. / What sweet smelling organic compound."
5694,S41 E59,Championship,Tossup,41,What sweet-smelling organic compound with the chemical formula C4[unclear]?,Diethyl ether,Webb School of Knoxville (Penny's team) vs Jefferson County High School,Zach,Jefferson County High School,Correct,,,,Correct,10,Jefferson County High School,"question text incomplete: captions cut off at ""C4"" (captions lines 537-540)","Roy Roy welcoming Roy, that's Condoleezza Rice toss up in chemistry. / What sweet smelling organic compound. / Zach diethyl ether with the chemical formula C4. / Oh, is it chemistry bonus commonly called buckyballs."
